source,url_annonce,type_bien,prix,date_insertion,gouvernorat,delegation,localite,code_postal,superficie,titre_foncier,vue_mer,terrain_viabilise,constructible,dimensions_terrain,facade,acces_route,acces_electricite,acces_eau,vocation
diarkoum,https://diarkoum.tn/details.php?id_annonce=15201,Terrain,1538000,2026-01-14,Ariana,La Soukra,La Soukra,2036,1538,Non,Non,Non,Oui,,,Non,Non,Oui,Résidentielle
diarkoum,https://diarkoum.tn/details.php?id_annonce=14198,Terrain,335000,2025-09-23,Monastir,Monastir,Monastir,5000,266,Titre Bleu,Non,Oui,Oui,17.25x18.55,,Oui,Non,Oui,Résidentielle
diarkoum,https://diarkoum.tn/details.php?id_annonce=15171,Terrain,170,2025-07-01,Manouba,Mornaguia,Mornaguia,2010,300,Non,Non,Non,Oui,,,Non,Oui,Oui,Résidentielle
diarkoum,https://diarkoum.tn/details.php?id_annonce=14653,Terrain,160000,2024-10-30,Ben Arous,Rades,Rades,2040,197,Non,Non,Non,Oui,,,Non,Non,Oui,Résidentielle
diarkoum,https://diarkoum.tn/details.php?id_annonce=14590,Terrain,2400000,2024-10-05,Sfax,Sfax Sud,Sfax Sud,3000,3600,Non,Non,Non,Oui,,,Oui,Non,Oui,Résidentielle
diarkoum,https://diarkoum.tn/details.php?id_annonce=14556,Terrain,540000,2024-09-30,Ariana,La Soukra,La Soukra,2036,636,Non,Non,Non,Oui,,,Non,Non,Oui,Résidentielle
diarkoum,https://diarkoum.tn/details.php?id_annonce=14383,Terrain,60000,2024-08-31,Nabeul,Kélibia,Kélibia,8000,250,Non,Non,Non,Oui,,,Non,Non,Oui,Résidentielle
diarkoum,https://diarkoum.tn/details.php?id_annonce=14296,Terrain,60000,2024-08-29,Nabeul,Kélibia,Kélibia,8000,250,Non,Non,Non,Oui,,,Non,Non,Oui,Résidentielle
diarkoum,https://diarkoum.tn/details.php?id_annonce=14364,Terrain,60000,2024-08-29,Nabeul,Kélibia,Kélibia,8000,250,Non,Non,Non,Oui,,,Non,Non,Oui,Résidentielle
diarkoum,https://diarkoum.tn/details.php?id_annonce=11723,Terrain,207350,2024-08-26,Tunis,La Marsa,La Marsa,2070,319,Titre Bleu,Non,Non,Oui,,,Non,Non,Oui,Résidentielle
diarkoum,https://diarkoum.tn/details.php?id_annonce=14294,Terrain,60000,2024-08-18,Nabeul,Kélibia,Kélibia,8000,250,Non,Non,Non,Oui,,,Non,Non,Oui,Résidentielle
diarkoum,https://diarkoum.tn/details.php?id_annonce=14292,Terrain,1000000,2024-08-11,Manouba,Borj El Amri,Borj El Amri,2010,10000,Titre Individuel,Non,Non,Oui,,,Oui,Oui,Oui,Résidentielle
diarkoum,https://diarkoum.tn/details.php?id_annonce=14283,Terrain,60000,2024-08-09,Nabeul,Kélibia,Kélibia,8000,250,Non,Non,Non,Oui,,,Non,Non,Oui,Résidentielle
diarkoum,https://diarkoum.tn/details.php?id_annonce=14282,Terrain,60000,2024-08-09,Nabeul,Kélibia,Kélibia,8000,250,Non,Non,Non,Oui,,,Non,Non,Oui,Résidentielle
diarkoum,https://diarkoum.tn/details.php?id_annonce=14278,Terrain,60000,2024-08-09,Nabeul,Kélibia,Kélibia,8000,250,Non,Non,Non,Oui,,,Non,Non,Oui,Résidentielle
diarkoum,https://diarkoum.tn/details.php?id_annonce=14276,Terrain,60000,2024-08-09,Nabeul,Kélibia,Kélibia,8000,250,Non,Non,Non,Oui,,,Non,Non,Oui,Résidentielle
diarkoum,https://diarkoum.tn/details.php?id_annonce=14275,Terrain,60000,2024-08-09,Nabeul,Kélibia,Kélibia,8000,250,Non,Non,Non,Oui,,,Non,Non,Oui,Résidentielle
diarkoum,https://diarkoum.tn/details.php?id_annonce=14274,Terrain,60000,2024-08-09,Nabeul,Kélibia,Kélibia,8000,250,Non,Non,Non,Oui,,,Non,Non,Oui,Résidentielle
diarkoum,https://diarkoum.tn/details.php?id_annonce=14270,Terrain,60000,2024-08-08,Nabeul,Kélibia,Kélibia,8000,250,Non,Non,Non,Oui,,,Non,Non,Oui,Résidentielle
diarkoum,https://diarkoum.tn/details.php?id_annonce=14269,Terrain,60000,2024-08-08,Nabeul,Kélibia,Kélibia,8000,250,Non,Non,Non,Oui,,,Non,Non,Oui,Résidentielle
diarkoum,https://diarkoum.tn/details.php?id_annonce=14266,Terrain,60000,2024-08-08,Nabeul,Kélibia,Kélibia,8000,250,Non,Non,Non,Oui,,,Non,Non,Oui,Résidentielle
diarkoum,https://diarkoum.tn/details.php?id_annonce=14263,Terrain,60000,2024-08-08,Nabeul,Kélibia,Kélibia,8000,250,Non,Non,Non,Oui,,,Non,Non,Oui,Résidentielle
diarkoum,https://diarkoum.tn/details.php?id_annonce=14262,Terrain,60000,2024-08-08,Nabeul,Kélibia,Kélibia,8000,250,Non,Non,Non,Oui,,,Non,Non,Oui,Résidentielle
diarkoum,https://diarkoum.tn/details.php?id_annonce=14261,Terrain,60000,2024-08-08,Nabeul,Kélibia,Kélibia,8000,250,Non,Non,Non,Oui,,,Non,Non,Oui,Résidentielle
diarkoum,https://diarkoum.tn/details.php?id_annonce=14260,Terrain,60000,2024-08-08,Nabeul,Kélibia,Kélibia,8000,250,Non,Non,Non,Oui,,,Non,Non,Oui,Résidentielle
diarkoum,https://diarkoum.tn/details.php?id_annonce=14258,Terrain,60000,2024-08-07,Nabeul,Kélibia,Kélibia,8000,250,Non,Non,Non,Oui,,,Non,Non,Oui,Résidentielle
diarkoum,https://diarkoum.tn/details.php?id_annonce=14254,Terrain,60000,2024-08-07,Nabeul,Kélibia,Kélibia,8000,250,Non,Non,Non,Oui,,,Non,Non,Oui,Résidentielle
diarkoum,https://diarkoum.tn/details.php?id_annonce=14253,Terrain,60000,2024-08-07,Nabeul,Kélibia,Kélibia,8000,250,Non,Non,Non,Oui,,,Non,Non,Oui,Résidentielle
diarkoum,https://diarkoum.tn/details.php?id_annonce=14250,Terrain,60000,2024-08-07,Nabeul,Kélibia,Kélibia,8000,250,Non,Non,Non,Oui,,,Non,Non,Oui,Résidentielle
diarkoum,https://diarkoum.tn/details.php?id_annonce=14249,Terrain,60000,2024-08-07,Nabeul,Kélibia,Kélibia,8000,250,Non,Non,Non,Oui,,,Non,Non,Oui,Résidentielle
diarkoum,https://diarkoum.tn/details.php?id_annonce=14248,Terrain,60000,2024-08-07,Nabeul,Kélibia,Kélibia,8000,250,Non,Non,Non,Oui,,,Non,Non,Oui,Résidentielle
diarkoum,https://diarkoum.tn/details.php?id_annonce=14247,Terrain,60000,2024-08-07,Nabeul,Kélibia,Kélibia,8000,250,Non,Non,Non,Oui,,,Non,Non,Oui,Résidentielle
diarkoum,https://diarkoum.tn/details.php?id_annonce=14242,Terrain,60000,2024-08-05,Nabeul,Kélibia,Kélibia,8000,250,Non,Non,Non,Oui,,,Non,Non,Oui,Résidentielle
diarkoum,https://diarkoum.tn/details.php?id_annonce=14240,Terrain,60000,2024-08-05,Nabeul,Kélibia,Kélibia,8000,250,Non,Non,Non,Oui,,,Non,Non,Oui,Résidentielle
diarkoum,https://diarkoum.tn/details.php?id_annonce=14238,Terrain,60000,2024-08-05,Nabeul,Kélibia,Kélibia,8000,250,Non,Non,Non,Oui,,,Non,Non,Oui,Résidentielle
diarkoum,https://diarkoum.tn/details.php?id_annonce=14235,Terrain,60000,2024-08-05,Nabeul,Kélibia,Kélibia,8000,250,Non,Non,Non,Oui,,,Non,Non,Oui,Résidentielle
diarkoum,https://diarkoum.tn/details.php?id_annonce=14232,Terrain,60000,2024-08-05,Nabeul,Kélibia,Kélibia,8000,250,Non,Non,Non,Oui,,,Non,Non,Oui,Résidentielle
diarkoum,https://diarkoum.tn/details.php?id_annonce=14231,Terrain,60000,2024-08-05,Nabeul,Kélibia,Kélibia,8000,250,Non,Non,Non,Oui,,,Non,Non,Oui,Résidentielle
diarkoum,https://diarkoum.tn/details.php?id_annonce=14230,Terrain,60000,2024-08-05,Nabeul,Kélibia,Kélibia,8000,250,Non,Non,Non,Oui,,,Non,Non,Oui,Résidentielle
diarkoum,https://diarkoum.tn/details.php?id_annonce=14229,Terrain,60000,2024-08-04,Nabeul,Kélibia,Kélibia,8000,250,Non,Non,Non,Oui,,,Non,Non,Oui,Résidentielle
diarkoum,https://diarkoum.tn/details.php?id_annonce=14228,Terrain,60000,2024-08-04,Nabeul,Kélibia,Kélibia,8000,250,Non,Non,Non,Oui,,,Non,Non,Oui,Résidentielle
diarkoum,https://diarkoum.tn/details.php?id_annonce=14226,Terrain,60000,2024-08-04,Nabeul,Kélibia,Kélibia,8000,250,Non,Non,Non,Oui,,,Non,Non,Oui,Résidentielle
diarkoum,https://diarkoum.tn/details.php?id_annonce=14225,Terrain,60000,2024-08-04,Nabeul,Kélibia,Kélibia,8000,250,Non,Non,Non,Oui,,,Non,Non,Oui,Résidentielle
diarkoum,https://diarkoum.tn/details.php?id_annonce=14224,Terrain,60000,2024-08-04,Nabeul,Kélibia,Kélibia,8000,250,Non,Non,Non,Oui,,,Non,Non,Oui,Résidentielle
diarkoum,https://diarkoum.tn/details.php?id_annonce=14223,Terrain,60000,2024-08-04,Nabeul,Kélibia,Kélibia,8000,250,Non,Non,Non,Oui,,,Non,Non,Oui,Résidentielle
diarkoum,https://diarkoum.tn/details.php?id_annonce=14222,Terrain,60000,2024-08-04,Nabeul,Kélibia,Kélibia,8000,250,Non,Non,Non,Oui,,,Non,Non,Oui,Résidentielle
diarkoum,https://diarkoum.tn/details.php?id_annonce=14221,Terrain,60000,2024-08-03,Nabeul,Kélibia,Kélibia,8000,250,Non,Non,Non,Oui,,,Non,Non,Oui,Résidentielle
diarkoum,https://diarkoum.tn/details.php?id_annonce=14220,Terrain,60000,2024-08-03,Nabeul,Kélibia,Kélibia,8000,250,Non,Non,Non,Oui,,,Non,Non,Oui,Résidentielle
diarkoum,https://diarkoum.tn/details.php?id_annonce=14218,Terrain,60000,2024-08-03,Nabeul,Kélibia,Kélibia,8000,250,Non,Non,Non,Oui,,,Non,Non,Oui,Résidentielle
diarkoum,https://diarkoum.tn/details.php?id_annonce=14216,Terrain,60000,2024-08-03,Nabeul,Kélibia,Kélibia,8000,250,Non,Non,Non,Oui,,,Non,Non,Oui,Résidentielle
diarkoum,https://diarkoum.tn/details.php?id_annonce=14214,Terrain,60000,2024-08-03,Nabeul,Kélibia,Kélibia,8000,250,Non,Non,Non,Oui,,,Non,Non,Oui,Résidentielle
diarkoum,https://diarkoum.tn/details.php?id_annonce=14212,Terrain,60000,2024-08-03,Nabeul,Kélibia,Kélibia,8000,250,Non,Non,Non,Oui,,,Non,Non,Oui,Résidentielle
diarkoum,https://diarkoum.tn/details.php?id_annonce=14209,Terrain,60000,2024-08-02,Nabeul,Kélibia,Kélibia,8000,250,Non,Non,Non,Oui,,,Non,Non,Oui,Résidentielle
diarkoum,https://diarkoum.tn/details.php?id_annonce=14207,Terrain,60000,2024-08-02,Nabeul,Kélibia,Kélibia,8000,250,Non,Non,Non,Oui,,,Non,Non,Oui,Résidentielle
diarkoum,https://diarkoum.tn/details.php?id_annonce=14205,Terrain,60000,2024-08-02,Nabeul,Kélibia,Kélibia,8000,250,Non,Non,Non,Oui,,,Non,Non,Oui,Résidentielle
diarkoum,https://diarkoum.tn/details.php?id_annonce=14202,Terrain,60000,2024-08-02,Nabeul,Kélibia,Kélibia,8000,250,Non,Non,Non,Oui,,,Non,Non,Oui,Résidentielle
diarkoum,https://diarkoum.tn/details.php?id_annonce=14201,Terrain,60000,2024-08-02,Nabeul,Kélibia,Kélibia,8000,250,Non,Non,Non,Oui,,,Non,Non,Oui,Résidentielle
diarkoum,https://diarkoum.tn/details.php?id_annonce=14200,Terrain,60000,2024-08-02,Nabeul,Kélibia,Kélibia,8000,250,Non,Non,Non,Oui,,,Non,Non,Oui,Résidentielle
diarkoum,https://diarkoum.tn/details.php?id_annonce=14194,Terrain,60000,2024-08-02,Nabeul,Kélibia,Kélibia,8000,250,Non,Non,Non,Oui,,,Non,Non,Oui,Résidentielle
diarkoum,https://diarkoum.tn/details.php?id_annonce=14199,Terrain,60000,2024-08-02,Nabeul,Kélibia,Kélibia,8000,250,Non,Non,Non,Oui,,,Non,Non,Oui,Résidentielle
diarkoum,https://diarkoum.tn/details.php?id_annonce=14191,Terrain,60000,2024-08-01,Nabeul,Kélibia,Kélibia,8000,250,Non,Non,Non,Oui,,,Non,Non,Oui,Résidentielle
diarkoum,https://diarkoum.tn/details.php?id_annonce=14188,Terrain,60000,2024-08-01,Nabeul,Kélibia,Kélibia,8000,250,Non,Non,Non,Oui,,,Non,Non,Oui,Résidentielle
diarkoum,https://diarkoum.tn/details.php?id_annonce=14185,Terrain,60000,2024-08-01,Nabeul,Kélibia,Kélibia,8000,250,Non,Non,Non,Oui,,,Non,Non,Oui,Résidentielle
diarkoum,https://diarkoum.tn/details.php?id_annonce=14184,Terrain,60000,2024-08-01,Nabeul,Kélibia,Kélibia,8000,250,Non,Non,Non,Oui,,,Non,Non,Oui,Résidentielle
diarkoum,https://diarkoum.tn/details.php?id_annonce=14183,Terrain,60000,2024-08-01,Nabeul,Kélibia,Kélibia,8000,250,Non,Non,Non,Oui,,,Non,Non,Oui,Résidentielle
diarkoum,https://diarkoum.tn/details.php?id_annonce=14182,Terrain,60000,2024-08-01,Nabeul,Kélibia,Kélibia,8000,250,Non,Non,Non,Oui,,,Non,Non,Oui,Résidentielle
diarkoum,https://diarkoum.tn/details.php?id_annonce=14177,Terrain,60000,2024-07-31,Nabeul,Kélibia,Kélibia,8000,250,Non,Non,Non,Oui,,,Non,Non,Oui,Résidentielle
diarkoum,https://diarkoum.tn/details.php?id_annonce=8953,Terrain,111600,2024-07-30,Tunis,La Marsa,La Marsa,2070,180,Titre Bleu,Non,Non,Oui,,,Non,Non,Oui,Résidentielle
diarkoum,https://diarkoum.tn/details.php?id_annonce=14164,Terrain,60000,2024-07-30,Nabeul,Kélibia,Kélibia,8000,250,Non,Non,Non,Oui,,,Non,Non,Oui,Résidentielle
diarkoum,https://diarkoum.tn/details.php?id_annonce=14163,Terrain,60000,2024-07-30,Nabeul,Kélibia,Kélibia,8000,250,Non,Non,Non,Oui,,,Non,Non,Oui,Résidentielle
diarkoum,https://diarkoum.tn/details.php?id_annonce=14162,Terrain,60000,2024-07-30,Nabeul,Kélibia,Kélibia,8000,250,Non,Non,Non,Oui,,,Non,Non,Oui,Résidentielle
diarkoum,https://diarkoum.tn/details.php?id_annonce=14154,Terrain,60000,2024-07-28,Nabeul,Kélibia,Kélibia,8000,250,Non,Non,Non,Oui,,,Non,Non,Oui,Résidentielle
diarkoum,https://diarkoum.tn/details.php?id_annonce=14153,Terrain,60000,2024-07-28,Nabeul,Kélibia,Kélibia,8000,250,Non,Non,Non,Oui,,,Non,Non,Oui,Résidentielle
diarkoum,https://diarkoum.tn/details.php?id_annonce=14152,Terrain,60000,2024-07-28,Nabeul,Kélibia,Kélibia,8000,250,Non,Non,Non,Oui,,,Non,Non,Oui,Résidentielle
diarkoum,https://diarkoum.tn/details.php?id_annonce=14151,Terrain,60000,2024-07-28,Nabeul,Kélibia,Kélibia,8000,250,Non,Non,Non,Oui,,,Non,Non,Oui,Résidentielle
diarkoum,https://diarkoum.tn/details.php?id_annonce=14150,Terrain,60000,2024-07-28,Nabeul,Kélibia,Kélibia,8000,250,Non,Non,Non,Oui,,,Non,Non,Oui,Résidentielle
diarkoum,https://diarkoum.tn/details.php?id_annonce=14149,Terrain,60000,2024-07-28,Nabeul,Kélibia,Kélibia,8000,250,Non,Non,Non,Oui,,,Non,Non,Oui,Résidentielle
diarkoum,https://diarkoum.tn/details.php?id_annonce=14148,Terrain,60000,2024-07-28,Nabeul,Kélibia,Kélibia,8000,250,Non,Non,Non,Oui,,,Non,Non,Oui,Résidentielle
diarkoum,https://diarkoum.tn/details.php?id_annonce=14137,Terrain,60000,2024-07-26,Nabeul,Kélibia,Kélibia,8000,250,Non,Non,Non,Oui,,,Non,Non,Oui,Résidentielle
diarkoum,https://diarkoum.tn/details.php?id_annonce=14134,Terrain,60000,2024-07-25,Nabeul,Kélibia,Kélibia,8000,250,Non,Non,Non,Oui,,,Non,Non,Oui,Résidentielle
diarkoum,https://diarkoum.tn/details.php?id_annonce=14130,Terrain,60000,2024-07-25,Nabeul,Kélibia,Kélibia,8000,250,Non,Non,Non,Oui,,,Non,Non,Oui,Résidentielle
diarkoum,https://diarkoum.tn/details.php?id_annonce=14129,Terrain,60000,2024-07-25,Nabeul,Kélibia,Kélibia,8000,250,Non,Non,Non,Oui,,,Non,Non,Oui,Résidentielle
diarkoum,https://diarkoum.tn/details.php?id_annonce=14124,Terrain,60000,2024-07-25,Nabeul,Kélibia,Kélibia,8000,250,Non,Non,Non,Oui,,,Non,Non,Oui,Résidentielle
diarkoum,https://diarkoum.tn/details.php?id_annonce=14120,Terrain,60000,2024-07-25,Nabeul,Kélibia,Kélibia,8000,250,Non,Non,Non,Oui,,,Non,Non,Oui,Résidentielle
diarkoum,https://diarkoum.tn/details.php?id_annonce=14117,Terrain,60000,2024-07-25,Nabeul,Kélibia,Kélibia,8000,250,Non,Non,Non,Oui,,,Non,Non,Oui,Résidentielle
diarkoum,https://diarkoum.tn/details.php?id_annonce=14116,Terrain,60000,2024-07-25,Nabeul,Kélibia,Kélibia,8000,250,Non,Non,Non,Oui,,,Non,Non,Oui,Résidentielle
diarkoum,https://diarkoum.tn/details.php?id_annonce=14113,Terrain,60000,2024-07-24,Nabeul,Kélibia,Kélibia,8000,250,Non,Non,Non,Oui,,,Non,Non,Oui,Résidentielle
diarkoum,https://diarkoum.tn/details.php?id_annonce=14111,Terrain,60000,2024-07-24,Nabeul,Kélibia,Kélibia,8000,250,Non,Non,Non,Oui,,,Non,Non,Oui,Résidentielle
diarkoum,https://diarkoum.tn/details.php?id_annonce=14107,Terrain,60000,2024-07-24,Nabeul,Kélibia,Kélibia,8000,250,Non,Non,Non,Oui,,,Non,Non,Oui,Résidentielle
diarkoum,https://diarkoum.tn/details.php?id_annonce=14103,Terrain,60000,2024-07-24,Nabeul,Kélibia,Kélibia,8000,250,Non,Non,Non,Oui,,,Non,Non,Oui,Résidentielle
diarkoum,https://diarkoum.tn/details.php?id_annonce=14099,Terrain,60000,2024-07-24,Nabeul,Kélibia,Kélibia,8000,250,Non,Non,Non,Oui,,,Non,Non,Oui,Résidentielle
diarkoum,https://diarkoum.tn/details.php?id_annonce=14098,Terrain,60000,2024-07-24,Nabeul,Kélibia,Kélibia,8000,250,Non,Non,Non,Oui,,,Non,Non,Oui,Résidentielle
diarkoum,https://diarkoum.tn/details.php?id_annonce=14097,Terrain,60000,2024-07-24,Nabeul,Kélibia,Kélibia,8000,250,Non,Non,Non,Oui,,,Non,Non,Oui,Résidentielle
diarkoum,https://diarkoum.tn/details.php?id_annonce=14095,Terrain,60000,2024-07-22,Nabeul,Kélibia,Kélibia,8000,250,Non,Non,Non,Oui,,,Non,Non,Oui,Résidentielle
diarkoum,https://diarkoum.tn/details.php?id_annonce=14093,Terrain,60000,2024-07-22,Nabeul,Kélibia,Kélibia,8000,250,Non,Non,Non,Oui,,,Non,Non,Oui,Résidentielle
diarkoum,https://diarkoum.tn/details.php?id_annonce=14091,Terrain,60000,2024-07-22,Nabeul,Kélibia,Kélibia,8000,250,Non,Non,Non,Oui,,,Non,Non,Oui,Résidentielle
diarkoum,https://diarkoum.tn/details.php?id_annonce=14089,Terrain,60000,2024-07-22,Nabeul,Kélibia,Kélibia,8000,250,Non,Non,Non,Oui,,,Non,Non,Oui,Résidentielle
diarkoum,https://diarkoum.tn/details.php?id_annonce=14086,Terrain,60000,2024-07-22,Nabeul,Kélibia,Kélibia,8000,250,Non,Non,Non,Oui,,,Non,Non,Oui,Résidentielle
diarkoum,https://diarkoum.tn/details.php?id_annonce=14083,Terrain,60000,2024-07-22,Nabeul,Kélibia,Kélibia,8000,250,Non,Non,Non,Oui,,,Non,Non,Oui,Résidentielle
diarkoum,https://diarkoum.tn/details.php?id_annonce=14082,Terrain,60000,2024-07-22,Nabeul,Kélibia,Kélibia,8000,250,Non,Non,Non,Oui,,,Non,Non,Oui,Résidentielle
diarkoum,https://diarkoum.tn/details.php?id_annonce=14081,Terrain,60000,2024-07-21,Nabeul,Kélibia,Kélibia,8000,250,Non,Non,Non,Oui,,,Non,Non,Oui,Résidentielle
diarkoum,https://diarkoum.tn/details.php?id_annonce=14080,Terrain,60000,2024-07-21,Nabeul,Kélibia,Kélibia,8000,250,Non,Non,Non,Oui,,,Non,Non,Oui,Résidentielle
diarkoum,https://diarkoum.tn/details.php?id_annonce=14079,Terrain,60000,2024-07-21,Nabeul,Kélibia,Kélibia,8000,250,Non,Non,Non,Oui,,,Non,Non,Oui,Résidentielle
diarkoum,https://diarkoum.tn/details.php?id_annonce=14078,Terrain,60000,2024-07-21,Nabeul,Kélibia,Kélibia,8000,250,Non,Non,Non,Oui,,,Non,Non,Oui,Résidentielle
diarkoum,https://diarkoum.tn/details.php?id_annonce=14077,Terrain,60000,2024-07-21,Nabeul,Kélibia,Kélibia,8000,250,Non,Non,Non,Oui,,,Non,Non,Oui,Résidentielle
diarkoum,https://diarkoum.tn/details.php?id_annonce=14076,Terrain,60000,2024-07-21,Nabeul,Kélibia,Kélibia,8000,250,Non,Non,Non,Oui,,,Non,Non,Oui,Résidentielle
diarkoum,https://diarkoum.tn/details.php?id_annonce=14075,Terrain,60000,2024-07-21,Nabeul,Kélibia,Kélibia,8000,250,Non,Non,Non,Oui,,,Non,Non,Oui,Résidentielle
diarkoum,https://diarkoum.tn/details.php?id_annonce=14072,Terrain,60000,2024-07-20,Nabeul,Kélibia,Kélibia,8000,250,Non,Non,Non,Oui,,,Non,Non,Oui,Résidentielle
diarkoum,https://diarkoum.tn/details.php?id_annonce=14070,Terrain,60000,2024-07-20,Nabeul,Kélibia,Kélibia,8000,250,Non,Non,Non,Oui,,,Non,Non,Oui,Résidentielle
diarkoum,https://diarkoum.tn/details.php?id_annonce=14067,Terrain,60000,2024-07-20,Nabeul,Kélibia,Kélibia,8000,250,Non,Non,Non,Oui,,,Non,Non,Oui,Résidentielle
diarkoum,https://diarkoum.tn/details.php?id_annonce=14064,Terrain,60000,2024-07-20,Nabeul,Kélibia,Kélibia,8000,250,Non,Non,Non,Oui,,,Non,Non,Oui,Résidentielle
diarkoum,https://diarkoum.tn/details.php?id_annonce=14063,Terrain,60000,2024-07-20,Nabeul,Kélibia,Kélibia,8000,250,Non,Non,Non,Oui,,,Non,Non,Oui,Résidentielle
diarkoum,https://diarkoum.tn/details.php?id_annonce=14062,Terrain,60000,2024-07-20,Nabeul,Kélibia,Kélibia,8000,250,Non,Non,Non,Oui,,,Non,Non,Oui,Résidentielle
diarkoum,https://diarkoum.tn/details.php?id_annonce=14057,Terrain,60000,2024-07-19,Nabeul,Kélibia,Kélibia,8000,250,Non,Non,Non,Oui,,,Non,Non,Oui,Résidentielle
diarkoum,https://diarkoum.tn/details.php?id_annonce=14054,Terrain,60000,2024-07-19,Nabeul,Kélibia,Kélibia,8000,250,Non,Non,Non,Oui,,,Non,Non,Oui,Résidentielle
diarkoum,https://diarkoum.tn/details.php?id_annonce=14053,Terrain,60000,2024-07-19,Nabeul,Kélibia,Kélibia,8000,250,Non,Non,Non,Oui,,,Non,Non,Oui,Résidentielle
diarkoum,https://diarkoum.tn/details.php?id_annonce=14049,Terrain,60000,2024-07-19,Nabeul,Kélibia,Kélibia,8000,250,Non,Non,Non,Oui,,,Non,Non,Oui,Résidentielle
diarkoum,https://diarkoum.tn/details.php?id_annonce=14048,Terrain,60000,2024-07-19,Nabeul,Kélibia,Kélibia,8000,250,Non,Non,Non,Oui,,,Non,Non,Oui,Résidentielle
diarkoum,https://diarkoum.tn/details.php?id_annonce=14047,Terrain,60000,2024-07-19,Nabeul,Kélibia,Kélibia,8000,250,Non,Non,Non,Oui,,,Non,Non,Oui,Résidentielle
diarkoum,https://diarkoum.tn/details.php?id_annonce=14042,Terrain,60000,2024-07-18,Nabeul,Kélibia,Kélibia,8000,250,Non,Non,Non,Oui,,,Non,Non,Oui,Résidentielle
diarkoum,https://diarkoum.tn/details.php?id_annonce=14040,Terrain,60000,2024-07-18,Nabeul,Kélibia,Kélibia,8000,250,Non,Non,Non,Oui,,,Non,Non,Oui,Résidentielle
diarkoum,https://diarkoum.tn/details.php?id_annonce=14037,Terrain,60000,2024-07-18,Nabeul,Kélibia,Kélibia,8000,250,Non,Non,Non,Oui,,,Non,Non,Oui,Résidentielle
diarkoum,https://diarkoum.tn/details.php?id_annonce=14034,Terrain,60000,2024-07-18,Nabeul,Kélibia,Kélibia,8000,250,Non,Non,Non,Oui,,,Non,Non,Oui,Résidentielle
diarkoum,https://diarkoum.tn/details.php?id_annonce=14033,Terrain,60000,2024-07-18,Nabeul,Kélibia,Kélibia,8000,250,Non,Non,Non,Oui,,,Non,Non,Oui,Résidentielle
diarkoum,https://diarkoum.tn/details.php?id_annonce=14032,Terrain,60000,2024-07-18,Nabeul,Kélibia,Kélibia,8000,250,Non,Non,Non,Oui,,,Non,Non,Oui,Résidentielle
diarkoum,https://diarkoum.tn/details.php?id_annonce=14027,Terrain,60000,2024-07-17,Nabeul,Kélibia,Kélibia,8000,250,Non,Non,Non,Oui,,,Non,Non,Oui,Résidentielle
diarkoum,https://diarkoum.tn/details.php?id_annonce=14024,Terrain,60000,2024-07-17,Nabeul,Kélibia,Kélibia,8000,250,Non,Non,Non,Oui,,,Non,Non,Oui,Résidentielle
diarkoum,https://diarkoum.tn/details.php?id_annonce=14020,Terrain,60000,2024-07-17,Nabeul,Kélibia,Kélibia,8000,250,Non,Non,Non,Oui,,,Non,Non,Oui,Résidentielle
diarkoum,https://diarkoum.tn/details.php?id_annonce=14018,Terrain,60000,2024-07-17,Nabeul,Kélibia,Kélibia,8000,250,Non,Non,Non,Oui,,,Non,Non,Oui,Résidentielle
diarkoum,https://diarkoum.tn/details.php?id_annonce=14014,Terrain,60000,2024-07-17,Nabeul,Kélibia,Kélibia,8000,250,Non,Non,Non,Oui,,,Non,Non,Oui,Résidentielle
diarkoum,https://diarkoum.tn/details.php?id_annonce=14012,Terrain,60000,2024-07-17,Nabeul,Kélibia,Kélibia,8000,250,Non,Non,Non,Oui,,,Non,Non,Oui,Résidentielle
diarkoum,https://diarkoum.tn/details.php?id_annonce=14011,Terrain,60000,2024-07-17,Nabeul,Kélibia,Kélibia,8000,250,Non,Non,Non,Oui,,,Non,Non,Oui,Résidentielle
diarkoum,https://diarkoum.tn/details.php?id_annonce=13997,Terrain,60000,2024-07-15,Nabeul,Kélibia,Kélibia,8000,250,Non,Non,Non,Oui,,,Non,Non,Oui,Résidentielle
diarkoum,https://diarkoum.tn/details.php?id_annonce=13996,Terrain,60000,2024-07-15,Nabeul,Kélibia,Kélibia,8000,250,Non,Non,Non,Oui,,,Non,Non,Oui,Résidentielle
diarkoum,https://diarkoum.tn/details.php?id_annonce=13992,Terrain,1,2024-07-15,Médenine,Djerba - Houmt Souk,Djerba - Houmt Souk,4180,162,Titre Bleu,Non,Oui,Oui,7x3,,Non,Non,Oui,Résidentielle
diarkoum,https://diarkoum.tn/details.php?id_annonce=13994,Terrain,60000,2024-07-15,Nabeul,Kélibia,Kélibia,8000,250,Non,Non,Non,Oui,,,Non,Non,Oui,Résidentielle
diarkoum,https://diarkoum.tn/details.php?id_annonce=13989,Terrain,60000,2024-07-15,Nabeul,Kélibia,Kélibia,8000,250,Non,Non,Non,Oui,,,Non,Non,Oui,Résidentielle
diarkoum,https://diarkoum.tn/details.php?id_annonce=13986,Terrain,60000,2024-07-15,Nabeul,Kélibia,Kélibia,8000,250,Non,Non,Non,Oui,,,Non,Non,Oui,Résidentielle
diarkoum,https://diarkoum.tn/details.php?id_annonce=13985,Terrain,60000,2024-07-15,Nabeul,Kélibia,Kélibia,8000,250,Non,Non,Non,Oui,,,Non,Non,Oui,Résidentielle
diarkoum,https://diarkoum.tn/details.php?id_annonce=13984,Terrain,60000,2024-07-15,Nabeul,Kélibia,Kélibia,8000,250,Non,Non,Non,Oui,,,Non,Non,Oui,Résidentielle
diarkoum,https://diarkoum.tn/details.php?id_annonce=13983,Terrain,60000,2024-07-14,Nabeul,Kélibia,Kélibia,8000,250,Non,Non,Non,Oui,,,Non,Non,Oui,Résidentielle
diarkoum,https://diarkoum.tn/details.php?id_annonce=13982,Terrain,60000,2024-07-14,Nabeul,Kélibia,Kélibia,8000,250,Non,Non,Non,Oui,,,Non,Non,Oui,Résidentielle
diarkoum,https://diarkoum.tn/details.php?id_annonce=13981,Terrain,60000,2024-07-14,Nabeul,Kélibia,Kélibia,8000,250,Non,Non,Non,Oui,,,Non,Non,Oui,Résidentielle
diarkoum,https://diarkoum.tn/details.php?id_annonce=13980,Terrain,60000,2024-07-14,Nabeul,Kélibia,Kélibia,8000,250,Non,Non,Non,Oui,,,Non,Non,Oui,Résidentielle
diarkoum,https://diarkoum.tn/details.php?id_annonce=13979,Terrain,60000,2024-07-14,Nabeul,Kélibia,Kélibia,8000,250,Non,Non,Non,Oui,,,Non,Non,Oui,Résidentielle
diarkoum,https://diarkoum.tn/details.php?id_annonce=13976,Terrain,60000,2024-07-14,Nabeul,Kélibia,Kélibia,8000,250,Non,Non,Non,Oui,,,Non,Non,Oui,Résidentielle
diarkoum,https://diarkoum.tn/details.php?id_annonce=13975,Terrain,60000,2024-07-14,Nabeul,Kélibia,Kélibia,8000,250,Non,Non,Non,Oui,,,Non,Non,Oui,Résidentielle
diarkoum,https://diarkoum.tn/details.php?id_annonce=13970,Terrain,60000,2024-07-13,Nabeul,Kélibia,Kélibia,8000,250,Non,Non,Non,Oui,,,Non,Non,Oui,Résidentielle
diarkoum,https://diarkoum.tn/details.php?id_annonce=13969,Terrain,60000,2024-07-13,Nabeul,Kélibia,Kélibia,8000,250,Non,Non,Non,Oui,,,Non,Non,Oui,Résidentielle
diarkoum,https://diarkoum.tn/details.php?id_annonce=13960,Terrain,60000,2024-07-12,Nabeul,Kélibia,Kélibia,8000,250,Non,Non,Non,Oui,,,Non,Non,Oui,Résidentielle
diarkoum,https://diarkoum.tn/details.php?id_annonce=13958,Terrain,60000,2024-07-12,Nabeul,Kélibia,Kélibia,8000,250,Non,Non,Non,Oui,,,Non,Non,Oui,Résidentielle
diarkoum,https://diarkoum.tn/details.php?id_annonce=13956,Terrain,60000,2024-07-12,Nabeul,Kélibia,Kélibia,8000,250,Non,Non,Non,Oui,,,Non,Non,Oui,Résidentielle
diarkoum,https://diarkoum.tn/details.php?id_annonce=13955,Terrain,60000,2024-07-12,Nabeul,Kélibia,Kélibia,8000,250,Non,Non,Non,Oui,,,Non,Non,Oui,Résidentielle
diarkoum,https://diarkoum.tn/details.php?id_annonce=13954,Terrain,60000,2024-07-12,Nabeul,Kélibia,Kélibia,8000,250,Non,Non,Non,Oui,,,Non,Non,Oui,Résidentielle
diarkoum,https://diarkoum.tn/details.php?id_annonce=13950,Terrain,60000,2024-07-11,Nabeul,Kélibia,Kélibia,8000,250,Non,Non,Non,Oui,,,Non,Non,Oui,Résidentielle
diarkoum,https://diarkoum.tn/details.php?id_annonce=13948,Terrain,60000,2024-07-11,Nabeul,Kélibia,Kélibia,8000,250,Non,Non,Non,Oui,,,Non,Non,Oui,Résidentielle
diarkoum,https://diarkoum.tn/details.php?id_annonce=13945,Terrain,60000,2024-07-11,Nabeul,Kélibia,Kélibia,8000,250,Non,Non,Non,Oui,,,Non,Non,Oui,Résidentielle
diarkoum,https://diarkoum.tn/details.php?id_annonce=13944,Terrain,60000,2024-07-11,Nabeul,Kélibia,Kélibia,8000,250,Non,Non,Non,Oui,,,Non,Non,Oui,Résidentielle
diarkoum,https://diarkoum.tn/details.php?id_annonce=13943,Terrain,60000,2024-07-11,Nabeul,Kélibia,Kélibia,8000,250,Non,Non,Non,Oui,,,Non,Non,Oui,Résidentielle
diarkoum,https://diarkoum.tn/details.php?id_annonce=13934,Terrain,60000,2024-07-09,Nabeul,Kélibia,Kélibia,8000,250,Non,Non,Non,Oui,,,Non,Non,Oui,Résidentielle
diarkoum,https://diarkoum.tn/details.php?id_annonce=13932,Terrain,60000,2024-07-09,Nabeul,Kélibia,Kélibia,8000,250,Non,Non,Non,Oui,,,Non,Non,Oui,Résidentielle
diarkoum,https://diarkoum.tn/details.php?id_annonce=13930,Terrain,60000,2024-07-09,Nabeul,Kélibia,Kélibia,8000,250,Non,Non,Non,Oui,,,Non,Non,Oui,Résidentielle
diarkoum,https://diarkoum.tn/details.php?id_annonce=13926,Terrain,60000,2024-07-09,Nabeul,Kélibia,Kélibia,8000,250,Non,Non,Non,Oui,,,Non,Non,Oui,Résidentielle
diarkoum,https://diarkoum.tn/details.php?id_annonce=13923,Terrain,60000,2024-07-09,Nabeul,Kélibia,Kélibia,8000,250,Non,Non,Non,Oui,,,Non,Non,Oui,Résidentielle
diarkoum,https://diarkoum.tn/details.php?id_annonce=13921,Terrain,60000,2024-07-09,Nabeul,Kélibia,Kélibia,8000,250,Non,Non,Non,Oui,,,Non,Non,Oui,Résidentielle
diarkoum,https://diarkoum.tn/details.php?id_annonce=13920,Terrain,60000,2024-07-09,Nabeul,Nabeul,Nabeul,8000,250,Non,Non,Non,Oui,,,Non,Non,Oui,Résidentielle
diarkoum,https://diarkoum.tn/details.php?id_annonce=13918,Terrain,60000,2024-07-08,Nabeul,Kélibia,Kélibia,8000,250,Non,Non,Non,Oui,,,Non,Non,Oui,Résidentielle
diarkoum,https://diarkoum.tn/details.php?id_annonce=13916,Terrain,60000,2024-07-08,Nabeul,Kélibia,Kélibia,8000,250,Non,Non,Non,Oui,,,Non,Non,Oui,Résidentielle
diarkoum,https://diarkoum.tn/details.php?id_annonce=13913,Terrain,60000,2024-07-08,Nabeul,Kélibia,Kélibia,8000,250,Non,Non,Non,Oui,,,Non,Non,Oui,Résidentielle
diarkoum,https://diarkoum.tn/details.php?id_annonce=13911,Terrain,60000,2024-07-08,Nabeul,Kélibia,Kélibia,8000,250,Non,Non,Non,Oui,,,Non,Non,Oui,Résidentielle
diarkoum,https://diarkoum.tn/details.php?id_annonce=13908,Terrain,60000,2024-07-08,Nabeul,Kélibia,Kélibia,8000,250,Non,Non,Non,Oui,,,Non,Non,Oui,Résidentielle
diarkoum,https://diarkoum.tn/details.php?id_annonce=13907,Terrain,60000,2024-07-08,Nabeul,Kélibia,Kélibia,8000,250,Non,Non,Non,Oui,,,Non,Non,Oui,Résidentielle
diarkoum,https://diarkoum.tn/details.php?id_annonce=13906,Terrain,60000,2024-07-08,Nabeul,Kélibia,Kélibia,8000,250,Non,Non,Non,Oui,,,Non,Non,Oui,Résidentielle
diarkoum,https://diarkoum.tn/details.php?id_annonce=13905,Terrain,60000,2024-07-07,Nabeul,Kélibia,Kélibia,8000,250,Non,Non,Non,Oui,,,Non,Non,Oui,Résidentielle
diarkoum,https://diarkoum.tn/details.php?id_annonce=13904,Terrain,60000,2024-07-07,Nabeul,Kélibia,Kélibia,8000,250,Non,Non,Non,Oui,,,Non,Non,Oui,Résidentielle
diarkoum,https://diarkoum.tn/details.php?id_annonce=13903,Terrain,60000,2024-07-07,Nabeul,Kélibia,Kélibia,8000,250,Non,Non,Non,Oui,,,Non,Non,Oui,Résidentielle
diarkoum,https://diarkoum.tn/details.php?id_annonce=13902,Terrain,60000,2024-07-07,Nabeul,Kélibia,Kélibia,8000,250,Non,Non,Non,Oui,,,Non,Non,Oui,Résidentielle
diarkoum,https://diarkoum.tn/details.php?id_annonce=13901,Terrain,60000,2024-07-07,Nabeul,Kélibia,Kélibia,8000,250,Non,Non,Non,Oui,,,Non,Non,Oui,Résidentielle
diarkoum,https://diarkoum.tn/details.php?id_annonce=13900,Terrain,60000,2024-07-07,Nabeul,Kélibia,Kélibia,8000,250,Non,Non,Non,Oui,,,Non,Non,Oui,Résidentielle
diarkoum,https://diarkoum.tn/details.php?id_annonce=13899,Terrain,60000,2024-07-07,Nabeul,Kélibia,Kélibia,8000,250,Non,Non,Non,Oui,,,Non,Non,Oui,Résidentielle
diarkoum,https://diarkoum.tn/details.php?id_annonce=13898,Terrain,60000,2024-07-06,Nabeul,Kélibia,Kélibia,8000,250,Non,Non,Non,Oui,,,Non,Non,Oui,Résidentielle
diarkoum,https://diarkoum.tn/details.php?id_annonce=13897,Terrain,60000,2024-07-06,Nabeul,Kélibia,Kélibia,8000,250,Non,Non,Non,Oui,,,Non,Non,Oui,Résidentielle
diarkoum,https://diarkoum.tn/details.php?id_annonce=13894,Terrain,60000,2024-07-06,Nabeul,Kélibia,Kélibia,8000,250,Non,Non,Non,Oui,,,Non,Non,Oui,Résidentielle
diarkoum,https://diarkoum.tn/details.php?id_annonce=13891,Terrain,60000,2024-07-06,Nabeul,Kélibia,Kélibia,8000,250,Non,Non,Non,Oui,,,Non,Non,Oui,Résidentielle
diarkoum,https://diarkoum.tn/details.php?id_annonce=13888,Terrain,60000,2024-07-06,Nabeul,Kélibia,Kélibia,8000,250,Non,Non,Non,Oui,,,Non,Non,Oui,Résidentielle
diarkoum,https://diarkoum.tn/details.php?id_annonce=13887,Terrain,60000,2024-07-06,Nabeul,Kélibia,Kélibia,8000,250,Non,Non,Non,Oui,,,Non,Non,Oui,Résidentielle
diarkoum,https://diarkoum.tn/details.php?id_annonce=13886,Terrain,60000,2024-07-06,Nabeul,Kélibia,Kélibia,8000,250,Non,Non,Non,Oui,,,Non,Non,Oui,Résidentielle
diarkoum,https://diarkoum.tn/details.php?id_annonce=13881,Terrain,60000,2024-07-05,Nabeul,Kélibia,Kélibia,8000,250,Non,Non,Non,Oui,,,Non,Non,Oui,Résidentielle
diarkoum,https://diarkoum.tn/details.php?id_annonce=13877,Terrain,60000,2024-07-05,Nabeul,Kélibia,Kélibia,8000,250,Non,Non,Non,Oui,,,Non,Non,Oui,Résidentielle
diarkoum,https://diarkoum.tn/details.php?id_annonce=13875,Terrain,60000,2024-07-05,Nabeul,Kélibia,Kélibia,8000,250,Non,Non,Non,Oui,,,Non,Non,Oui,Résidentielle
diarkoum,https://diarkoum.tn/details.php?id_annonce=13870,Terrain,60000,2024-07-05,Nabeul,Kélibia,Kélibia,8000,250,Non,Non,Non,Oui,,,Non,Non,Oui,Résidentielle
diarkoum,https://diarkoum.tn/details.php?id_annonce=13869,Terrain,60000,2024-07-05,Nabeul,Kélibia,Kélibia,8000,250,Non,Non,Non,Oui,,,Non,Non,Oui,Résidentielle
diarkoum,https://diarkoum.tn/details.php?id_annonce=13866,Terrain,60000,2024-07-04,Nabeul,Kélibia,Kélibia,8000,250,Non,Non,Non,Oui,,,Non,Non,Oui,Résidentielle
diarkoum,https://diarkoum.tn/details.php?id_annonce=13865,Terrain,60000,2024-07-04,Nabeul,Kélibia,Kélibia,8000,250,Non,Non,Non,Oui,,,Non,Non,Oui,Résidentielle
diarkoum,https://diarkoum.tn/details.php?id_annonce=13863,Terrain,60000,2024-07-04,Nabeul,Kélibia,Kélibia,8000,250,Non,Non,Non,Oui,,,Non,Non,Oui,Résidentielle
diarkoum,https://diarkoum.tn/details.php?id_annonce=13860,Terrain,60000,2024-07-04,Nabeul,Kélibia,Kélibia,8000,250,Non,Non,Non,Oui,,,Non,Non,Oui,Résidentielle
diarkoum,https://diarkoum.tn/details.php?id_annonce=13859,Terrain,60000,2024-07-04,Nabeul,Kélibia,Kélibia,8000,250,Non,Non,Non,Oui,,,Non,Non,Oui,Résidentielle
diarkoum,https://diarkoum.tn/details.php?id_annonce=13858,Terrain,60000,2024-07-04,Nabeul,Kélibia,Kélibia,8000,250,Non,Non,Non,Oui,,,Non,Non,Oui,Résidentielle
diarkoum,https://diarkoum.tn/details.php?id_annonce=13857,Terrain,60000,2024-07-04,Nabeul,Kélibia,Kélibia,8000,250,Non,Non,Non,Oui,,,Non,Non,Oui,Résidentielle
diarkoum,https://diarkoum.tn/details.php?id_annonce=13854,Terrain,60000,2024-07-03,Nabeul,Kélibia,Kélibia,8000,250,Non,Non,Non,Oui,,,Non,Non,Oui,Résidentielle
diarkoum,https://diarkoum.tn/details.php?id_annonce=13853,Terrain,60000,2024-07-03,Nabeul,Kélibia,Kélibia,8000,250,Non,Non,Non,Oui,,,Non,Non,Oui,Résidentielle
diarkoum,https://diarkoum.tn/details.php?id_annonce=13849,Terrain,60000,2024-07-03,Nabeul,Kélibia,Kélibia,8000,250,Non,Non,Non,Oui,,,Non,Non,Oui,Résidentielle
diarkoum,https://diarkoum.tn/details.php?id_annonce=13846,Terrain,60000,2024-07-03,Nabeul,Kélibia,Kélibia,8000,250,Non,Non,Non,Oui,,,Non,Non,Oui,Résidentielle
diarkoum,https://diarkoum.tn/details.php?id_annonce=13845,Terrain,60000,2024-07-03,Nabeul,Kélibia,Kélibia,8000,250,Non,Non,Non,Oui,,,Non,Non,Oui,Résidentielle
diarkoum,https://diarkoum.tn/details.php?id_annonce=13844,Terrain,60000,2024-07-03,Nabeul,Kélibia,Kélibia,8000,250,Non,Non,Non,Oui,,,Non,Non,Oui,Résidentielle
diarkoum,https://diarkoum.tn/details.php?id_annonce=13831,Terrain,60000,2024-07-01,Nabeul,Kélibia,Kélibia,8000,250,Non,Non,Non,Oui,,,Non,Non,Oui,Résidentielle
diarkoum,https://diarkoum.tn/details.php?id_annonce=13829,Terrain,60000,2024-07-01,Nabeul,Kélibia,Kélibia,8000,250,Non,Non,Non,Oui,,,Non,Non,Oui,Résidentielle
diarkoum,https://diarkoum.tn/details.php?id_annonce=13828,Terrain,60000,2024-07-01,Nabeul,Kélibia,Kélibia,8000,250,Non,Non,Non,Oui,,,Non,Non,Oui,Résidentielle
diarkoum,https://diarkoum.tn/details.php?id_annonce=13827,Terrain,60000,2024-07-01,Nabeul,Kélibia,Kélibia,8000,250,Non,Non,Non,Oui,,,Non,Non,Oui,Résidentielle
diarkoum,https://diarkoum.tn/details.php?id_annonce=13826,Terrain,60000,2024-07-01,Nabeul,Kélibia,Kélibia,8000,250,Non,Non,Non,Oui,,,Non,Non,Oui,Résidentielle
diarkoum,https://diarkoum.tn/details.php?id_annonce=13825,Terrain,60000,2024-07-01,Nabeul,Kélibia,Kélibia,8000,250,Non,Non,Non,Oui,,,Non,Non,Oui,Résidentielle
diarkoum,https://diarkoum.tn/details.php?id_annonce=13824,Terrain,60000,2024-07-01,Nabeul,Kélibia,Kélibia,8000,250,Non,Non,Non,Oui,,,Non,Non,Oui,Résidentielle
diarkoum,https://diarkoum.tn/details.php?id_annonce=13823,Terrain,60000,2024-06-30,Nabeul,Kélibia,Kélibia,8000,250,Non,Non,Non,Oui,,,Non,Non,Oui,Résidentielle
diarkoum,https://diarkoum.tn/details.php?id_annonce=13822,Terrain,60000,2024-06-30,Nabeul,Kélibia,Kélibia,8000,250,Non,Non,Non,Oui,,,Non,Non,Oui,Résidentielle
diarkoum,https://diarkoum.tn/details.php?id_annonce=13821,Terrain,60000,2024-06-30,Nabeul,Kélibia,Kélibia,8000,250,Non,Non,Non,Oui,,,Non,Non,Oui,Résidentielle
diarkoum,https://diarkoum.tn/details.php?id_annonce=13820,Terrain,60000,2024-06-30,Nabeul,Kélibia,Kélibia,8000,250,Non,Non,Non,Oui,,,Non,Non,Oui,Résidentielle
diarkoum,https://diarkoum.tn/details.php?id_annonce=13819,Terrain,60000,2024-06-30,Nabeul,Kélibia,Kélibia,8000,250,Non,Non,Non,Oui,,,Non,Non,Oui,Résidentielle
diarkoum,https://diarkoum.tn/details.php?id_annonce=13818,Terrain,60000,2024-06-30,Nabeul,Kélibia,Kélibia,8000,250,Non,Non,Non,Oui,,,Non,Non,Oui,Résidentielle
diarkoum,https://diarkoum.tn/details.php?id_annonce=13817,Terrain,60000,2024-06-30,Nabeul,Kélibia,Kélibia,8000,250,Non,Non,Non,Oui,,,Non,Non,Oui,Résidentielle
diarkoum,https://diarkoum.tn/details.php?id_annonce=13816,Terrain,60000,2024-06-29,Nabeul,Kélibia,Kélibia,8000,250,Non,Non,Non,Oui,,,Non,Non,Oui,Résidentielle
diarkoum,https://diarkoum.tn/details.php?id_annonce=13815,Terrain,60000,2024-06-29,Nabeul,Kélibia,Kélibia,8000,250,Non,Non,Non,Oui,,,Non,Non,Oui,Résidentielle
diarkoum,https://diarkoum.tn/details.php?id_annonce=13814,Terrain,60000,2024-06-29,Nabeul,Kélibia,Kélibia,8000,250,Non,Non,Non,Oui,,,Non,Non,Oui,Résidentielle
diarkoum,https://diarkoum.tn/details.php?id_annonce=13810,Terrain,60000,2024-06-29,Nabeul,Kélibia,Kélibia,8000,250,Non,Non,Non,Oui,,,Non,Non,Oui,Résidentielle
diarkoum,https://diarkoum.tn/details.php?id_annonce=13808,Terrain,60000,2024-06-29,Nabeul,Kélibia,Kélibia,8000,250,Non,Non,Non,Oui,,,Non,Non,Oui,Résidentielle
diarkoum,https://diarkoum.tn/details.php?id_annonce=13807,Terrain,60000,2024-06-29,Nabeul,Kélibia,Kélibia,8000,250,Non,Non,Non,Oui,,,Non,Non,Oui,Résidentielle
diarkoum,https://diarkoum.tn/details.php?id_annonce=13801,Terrain,60000,2024-06-28,Nabeul,Kélibia,Kélibia,8000,250,Non,Non,Non,Oui,,,Non,Non,Oui,Résidentielle
diarkoum,https://diarkoum.tn/details.php?id_annonce=13800,Terrain,60000,2024-06-28,Nabeul,Kélibia,Kélibia,8000,250,Non,Non,Non,Oui,,,Non,Non,Oui,Résidentielle
diarkoum,https://diarkoum.tn/details.php?id_annonce=13799,Terrain,60000,2024-06-28,Nabeul,Kélibia,Kélibia,8000,250,Non,Non,Non,Oui,,,Non,Non,Oui,Résidentielle
diarkoum,https://diarkoum.tn/details.php?id_annonce=13797,Terrain,60000,2024-06-28,Nabeul,Kélibia,Kélibia,8000,250,Non,Non,Non,Oui,,,Non,Non,Oui,Résidentielle
diarkoum,https://diarkoum.tn/details.php?id_annonce=13796,Terrain,60000,2024-06-28,Nabeul,Kélibia,Kélibia,8000,250,Non,Non,Non,Oui,,,Non,Non,Oui,Résidentielle
diarkoum,https://diarkoum.tn/details.php?id_annonce=13795,Terrain,60000,2024-06-28,Nabeul,Kélibia,Kélibia,8000,250,Non,Non,Non,Oui,,,Non,Non,Oui,Résidentielle
diarkoum,https://diarkoum.tn/details.php?id_annonce=13794,Terrain,60000,2024-06-28,Nabeul,Kélibia,Kélibia,8000,250,Non,Non,Non,Oui,,,Non,Non,Oui,Résidentielle
diarkoum,https://diarkoum.tn/details.php?id_annonce=13791,Terrain,60000,2024-06-27,Nabeul,Kélibia,Kélibia,8000,250,Non,Non,Non,Oui,,,Non,Non,Oui,Résidentielle
diarkoum,https://diarkoum.tn/details.php?id_annonce=13789,Terrain,60000,2024-06-27,Nabeul,Kélibia,Kélibia,8000,250,Non,Non,Non,Oui,,,Non,Non,Oui,Résidentielle
diarkoum,https://diarkoum.tn/details.php?id_annonce=13788,Terrain,60000,2024-06-27,Nabeul,Kélibia,Kélibia,8000,250,Non,Non,Non,Oui,,,Non,Non,Oui,Résidentielle
diarkoum,https://diarkoum.tn/details.php?id_annonce=13785,Terrain,60000,2024-06-27,Nabeul,Kélibia,Kélibia,8000,250,Non,Non,Non,Oui,,,Non,Non,Oui,Résidentielle
diarkoum,https://diarkoum.tn/details.php?id_annonce=13782,Terrain,60000,2024-06-27,Nabeul,Kélibia,Kélibia,8000,250,Non,Non,Non,Oui,,,Non,Non,Oui,Résidentielle
diarkoum,https://diarkoum.tn/details.php?id_annonce=13781,Terrain,60000,2024-06-27,Nabeul,Kélibia,Kélibia,8000,250,Non,Non,Non,Oui,,,Non,Non,Oui,Résidentielle
diarkoum,https://diarkoum.tn/details.php?id_annonce=13780,Terrain,60000,2024-06-27,Nabeul,Kélibia,Kélibia,8000,250,Non,Non,Non,Oui,,,Non,Non,Oui,Résidentielle
diarkoum,https://diarkoum.tn/details.php?id_annonce=13778,Terrain,60000,2024-06-26,Nabeul,Kélibia,Kélibia,8000,250,Non,Non,Non,Oui,,,Non,Non,Oui,Résidentielle
diarkoum,https://diarkoum.tn/details.php?id_annonce=13777,Terrain,60000,2024-06-26,Nabeul,Kélibia,Kélibia,8000,250,Non,Non,Non,Oui,,,Non,Non,Oui,Résidentielle
diarkoum,https://diarkoum.tn/details.php?id_annonce=13775,Terrain,60000,2024-06-26,Nabeul,Kélibia,Kélibia,8000,250,Non,Non,Non,Oui,,,Non,Non,Oui,Résidentielle
diarkoum,https://diarkoum.tn/details.php?id_annonce=13773,Terrain,60000,2024-06-26,Nabeul,Kélibia,Kélibia,8000,250,Non,Non,Non,Oui,,,Non,Non,Oui,Résidentielle
diarkoum,https://diarkoum.tn/details.php?id_annonce=13770,Terrain,60000,2024-06-26,Nabeul,Kélibia,Kélibia,8000,250,Non,Non,Non,Oui,,,Non,Non,Oui,Résidentielle
diarkoum,https://diarkoum.tn/details.php?id_annonce=13768,Terrain,60000,2024-06-26,Nabeul,Kélibia,Kélibia,8000,200,Non,Non,Non,Oui,,,Non,Non,Oui,Résidentielle
diarkoum,https://diarkoum.tn/details.php?id_annonce=13767,Terrain,60000,2024-06-26,Nabeul,Kélibia,Kélibia,8000,250,Non,Non,Non,Oui,,,Non,Non,Oui,Résidentielle
diarkoum,https://diarkoum.tn/details.php?id_annonce=13750,Terrain,60000,2024-06-24,Nabeul,Kélibia,Kélibia,8000,250,Non,Non,Non,Oui,,,Non,Non,Oui,Résidentielle
diarkoum,https://diarkoum.tn/details.php?id_annonce=13749,Terrain,60000,2024-06-24,Nabeul,Kélibia,Kélibia,8000,250,Non,Non,Non,Oui,,,Non,Non,Oui,Résidentielle
diarkoum,https://diarkoum.tn/details.php?id_annonce=13748,Terrain,60000,2024-06-24,Nabeul,Kélibia,Kélibia,8000,250,Non,Non,Non,Oui,,,Non,Non,Oui,Résidentielle
diarkoum,https://diarkoum.tn/details.php?id_annonce=13747,Terrain,60000,2024-06-24,Nabeul,Kélibia,Kélibia,8000,250,Non,Non,Non,Oui,,,Non,Non,Oui,Résidentielle
diarkoum,https://diarkoum.tn/details.php?id_annonce=13745,Terrain,60000,2024-06-24,Nabeul,Kélibia,Kélibia,8000,250,Non,Non,Non,Oui,,,Non,Non,Oui,Résidentielle
diarkoum,https://diarkoum.tn/details.php?id_annonce=13744,Terrain,60000,2024-06-24,Nabeul,Kélibia,Kélibia,8000,250,Non,Non,Non,Oui,,,Non,Non,Oui,Résidentielle
diarkoum,https://diarkoum.tn/details.php?id_annonce=13743,Terrain,60000,2024-06-23,Nabeul,Kélibia,Kélibia,8000,250,Non,Non,Non,Oui,,,Non,Non,Oui,Résidentielle
diarkoum,https://diarkoum.tn/details.php?id_annonce=13742,Terrain,60000,2024-06-23,Nabeul,Kélibia,Kélibia,8000,250,Non,Non,Non,Oui,,,Non,Non,Oui,Résidentielle
diarkoum,https://diarkoum.tn/details.php?id_annonce=13741,Terrain,60000,2024-06-22,Nabeul,Kélibia,Kélibia,8000,250,Non,Non,Non,Oui,,,Non,Non,Oui,Résidentielle
diarkoum,https://diarkoum.tn/details.php?id_annonce=13740,Terrain,60000,2024-06-22,Nabeul,Kélibia,Kélibia,8000,250,Non,Non,Non,Oui,,,Non,Non,Oui,Résidentielle
diarkoum,https://diarkoum.tn/details.php?id_annonce=13739,Terrain,60000,2024-06-22,Nabeul,Kélibia,Kélibia,8000,250,Non,Non,Non,Oui,,,Non,Non,Oui,Résidentielle
diarkoum,https://diarkoum.tn/details.php?id_annonce=13736,Terrain,60000,2024-06-22,Nabeul,Kélibia,Kélibia,8000,250,Non,Non,Non,Oui,,,Non,Non,Oui,Résidentielle
diarkoum,https://diarkoum.tn/details.php?id_annonce=13735,Terrain,60000,2024-06-22,Nabeul,Kélibia,Kélibia,8000,250,Non,Non,Non,Oui,,,Non,Non,Oui,Résidentielle
diarkoum,https://diarkoum.tn/details.php?id_annonce=13734,Terrain,60000,2024-06-22,Nabeul,Kélibia,Kélibia,8000,250,Non,Non,Non,Oui,,,Non,Non,Oui,Résidentielle
diarkoum,https://diarkoum.tn/details.php?id_annonce=13721,Terrain,60000,2024-06-19,Nabeul,Kélibia,Kélibia,8000,200,Non,Non,Non,Oui,,,Non,Non,Oui,Résidentielle
diarkoum,https://diarkoum.tn/details.php?id_annonce=13720,Terrain,60000,2024-06-19,Nabeul,Kélibia,Kélibia,8000,200,Non,Non,Non,Oui,,,Non,Non,Oui,Résidentielle
diarkoum,https://diarkoum.tn/details.php?id_annonce=13719,Terrain,60000,2024-06-19,Nabeul,Kélibia,Kélibia,8000,200,Non,Non,Non,Oui,,,Non,Non,Oui,Résidentielle
diarkoum,https://diarkoum.tn/details.php?id_annonce=13716,Terrain,60000,2024-06-19,Nabeul,Kélibia,Kélibia,8000,200,Non,Non,Non,Oui,,,Non,Non,Oui,Résidentielle
diarkoum,https://diarkoum.tn/details.php?id_annonce=13713,Terrain,60000,2024-06-19,Nabeul,Kélibia,Kélibia,8000,200,Non,Non,Non,Oui,,,Non,Non,Oui,Résidentielle
diarkoum,https://diarkoum.tn/details.php?id_annonce=13712,Terrain,60000,2024-06-19,Nabeul,Kélibia,Kélibia,8000,200,Non,Non,Non,Oui,,,Non,Non,Oui,Résidentielle
diarkoum,https://diarkoum.tn/details.php?id_annonce=13704,Terrain,60000,2024-06-15,Nabeul,Kélibia,Kélibia,8000,200,Non,Non,Non,Oui,,,Non,Non,Oui,Résidentielle
diarkoum,https://diarkoum.tn/details.php?id_annonce=13703,Terrain,60000,2024-06-15,Nabeul,Kélibia,Kélibia,8000,200,Non,Non,Non,Oui,,,Non,Non,Oui,Résidentielle
diarkoum,https://diarkoum.tn/details.php?id_annonce=13702,Terrain,60000,2024-06-15,Nabeul,Kélibia,Kélibia,8000,200,Non,Non,Non,Oui,,,Non,Non,Oui,Résidentielle
diarkoum,https://diarkoum.tn/details.php?id_annonce=13698,Terrain,60000,2024-06-15,Nabeul,Kélibia,Kélibia,8000,200,Non,Non,Non,Oui,,,Non,Non,Oui,Résidentielle
diarkoum,https://diarkoum.tn/details.php?id_annonce=13696,Terrain,60000,2024-06-15,Nabeul,Kélibia,Kélibia,8000,200,Non,Non,Non,Oui,,,Non,Non,Oui,Résidentielle
diarkoum,https://diarkoum.tn/details.php?id_annonce=13693,Terrain,60000,2024-06-15,Nabeul,Kélibia,Kélibia,8000,200,Non,Non,Non,Oui,,,Non,Non,Oui,Résidentielle
diarkoum,https://diarkoum.tn/details.php?id_annonce=13692,Terrain,60000,2024-06-15,Nabeul,Kélibia,Kélibia,8000,200,Non,Non,Non,Oui,,,Non,Non,Oui,Résidentielle
diarkoum,https://diarkoum.tn/details.php?id_annonce=13687,Terrain,60000,2024-06-14,Nabeul,Kélibia,Kélibia,8000,200,Non,Non,Non,Oui,,,Non,Non,Oui,Résidentielle
diarkoum,https://diarkoum.tn/details.php?id_annonce=13686,Terrain,60000,2024-06-14,Nabeul,Kélibia,Kélibia,8000,200,Non,Non,Non,Oui,,,Non,Non,Oui,Résidentielle
diarkoum,https://diarkoum.tn/details.php?id_annonce=13685,Terrain,60000,2024-06-14,Nabeul,Kélibia,Kélibia,8000,200,Non,Non,Non,Oui,,,Non,Non,Oui,Résidentielle
diarkoum,https://diarkoum.tn/details.php?id_annonce=13683,Terrain,60000,2024-06-14,Nabeul,Kélibia,Kélibia,8000,200,Non,Non,Non,Oui,,,Non,Non,Oui,Résidentielle
diarkoum,https://diarkoum.tn/details.php?id_annonce=13679,Terrain,60000,2024-06-14,Nabeul,Kélibia,Kélibia,8000,200,Non,Non,Non,Oui,,,Non,Non,Oui,Résidentielle
diarkoum,https://diarkoum.tn/details.php?id_annonce=13678,Terrain,20000,2024-06-14,Nabeul,Kélibia,Kélibia,8000,200,Non,Non,Non,Oui,,,Non,Non,Oui,Résidentielle
diarkoum,https://diarkoum.tn/details.php?id_annonce=13677,Terrain,60000,2024-06-14,Nabeul,Kélibia,Kélibia,8000,200,Non,Non,Non,Oui,,,Non,Non,Oui,Résidentielle
diarkoum,https://diarkoum.tn/details.php?id_annonce=13672,Terrain,60000,2024-06-13,Nabeul,Kélibia,Kélibia,8000,200,Non,Non,Non,Oui,,,Non,Non,Oui,Résidentielle
diarkoum,https://diarkoum.tn/details.php?id_annonce=13671,Terrain,60000,2024-06-13,Nabeul,Kélibia,Kélibia,8000,200,Non,Non,Non,Oui,,,Non,Non,Oui,Résidentielle
diarkoum,https://diarkoum.tn/details.php?id_annonce=13670,Terrain,60000,2024-06-13,Nabeul,Kélibia,Kélibia,8000,200,Non,Non,Non,Oui,,,Non,Non,Oui,Résidentielle
diarkoum,https://diarkoum.tn/details.php?id_annonce=13669,Terrain,60000,2024-06-13,Nabeul,Kélibia,Kélibia,8000,200,Non,Non,Non,Oui,,,Non,Non,Oui,Résidentielle
diarkoum,https://diarkoum.tn/details.php?id_annonce=13664,Terrain,60000,2024-06-13,Nabeul,Kélibia,Kélibia,8000,200,Non,Non,Non,Oui,,,Non,Non,Oui,Résidentielle
diarkoum,https://diarkoum.tn/details.php?id_annonce=13663,Terrain,60000,2024-06-13,Nabeul,Kélibia,Kélibia,8000,200,Non,Non,Non,Oui,,,Non,Non,Oui,Résidentielle
diarkoum,https://diarkoum.tn/details.php?id_annonce=13662,Terrain,60000,2024-06-13,Nabeul,Kélibia,Kélibia,8000,200,Non,Non,Non,Oui,,,Non,Non,Oui,Résidentielle
diarkoum,https://diarkoum.tn/details.php?id_annonce=13660,Terrain,60000,2024-06-12,Nabeul,Kélibia,Kélibia,8000,200,Non,Non,Non,Oui,,,Non,Non,Oui,Résidentielle
diarkoum,https://diarkoum.tn/details.php?id_annonce=13659,Terrain,60000,2024-06-12,Nabeul,Kélibia,Kélibia,8000,200,Non,Non,Non,Oui,,,Non,Non,Oui,Résidentielle
diarkoum,https://diarkoum.tn/details.php?id_annonce=13657,Terrain,60000,2024-06-12,Nabeul,Kélibia,Kélibia,8000,200,Non,Non,Non,Oui,,,Non,Non,Oui,Résidentielle
diarkoum,https://diarkoum.tn/details.php?id_annonce=13656,Terrain,60000,2024-06-12,Nabeul,Kélibia,Kélibia,8000,200,Non,Non,Non,Oui,,,Non,Non,Oui,Résidentielle
diarkoum,https://diarkoum.tn/details.php?id_annonce=13653,Terrain,60000,2024-06-12,Nabeul,Kélibia,Kélibia,8000,200,Non,Non,Non,Oui,,,Non,Non,Oui,Résidentielle
diarkoum,https://diarkoum.tn/details.php?id_annonce=13652,Terrain,60000,2024-06-12,Nabeul,Kélibia,Kélibia,8000,200,Non,Non,Non,Oui,,,Non,Non,Oui,Résidentielle
diarkoum,https://diarkoum.tn/details.php?id_annonce=13651,Terrain,60000,2024-06-12,Nabeul,Kélibia,Kélibia,8000,200,Non,Non,Non,Oui,,,Non,Non,Oui,Résidentielle
diarkoum,https://diarkoum.tn/details.php?id_annonce=13649,Terrain,60000,2024-06-11,Nabeul,Kélibia,Kélibia,8000,200,Non,Non,Non,Oui,,,Non,Non,Oui,Résidentielle
diarkoum,https://diarkoum.tn/details.php?id_annonce=13648,Terrain,60000,2024-06-11,Nabeul,Kélibia,Kélibia,8000,200,Non,Non,Non,Oui,,,Non,Non,Oui,Résidentielle
diarkoum,https://diarkoum.tn/details.php?id_annonce=13647,Terrain,60000,2024-06-11,Nabeul,Kélibia,Kélibia,8000,200,Non,Non,Non,Oui,,,Non,Non,Oui,Résidentielle
diarkoum,https://diarkoum.tn/details.php?id_annonce=13646,Terrain,60000,2024-06-11,Nabeul,Kélibia,Kélibia,8000,200,Non,Non,Non,Oui,,,Non,Non,Oui,Résidentielle
diarkoum,https://diarkoum.tn/details.php?id_annonce=13643,Terrain,60000,2024-06-11,Nabeul,Kélibia,Kélibia,8000,200,Non,Non,Non,Oui,,,Non,Non,Oui,Résidentielle
diarkoum,https://diarkoum.tn/details.php?id_annonce=13641,Terrain,60000,2024-06-11,Nabeul,Kélibia,Kélibia,8000,200,Non,Non,Non,Oui,,,Non,Non,Oui,Résidentielle
diarkoum,https://diarkoum.tn/details.php?id_annonce=13640,Terrain,60000,2024-06-11,Nabeul,Kélibia,Kélibia,8000,200,Non,Non,Non,Oui,,,Non,Non,Oui,Résidentielle
diarkoum,https://diarkoum.tn/details.php?id_annonce=13634,Terrain,60000,2024-06-09,Nabeul,Kélibia,Kélibia,8000,200,Non,Non,Non,Oui,,,Non,Non,Oui,Résidentielle
diarkoum,https://diarkoum.tn/details.php?id_annonce=13633,Terrain,60000,2024-06-09,Nabeul,Kélibia,Kélibia,8000,200,Non,Non,Non,Oui,,,Non,Non,Oui,Résidentielle
diarkoum,https://diarkoum.tn/details.php?id_annonce=13632,Terrain,60000,2024-06-09,Nabeul,Kélibia,Kélibia,8000,200,Non,Non,Non,Oui,,,Non,Non,Oui,Résidentielle
diarkoum,https://diarkoum.tn/details.php?id_annonce=13631,Terrain,60000,2024-06-09,Nabeul,Kélibia,Kélibia,8000,200,Non,Non,Non,Oui,,,Non,Non,Oui,Résidentielle
diarkoum,https://diarkoum.tn/details.php?id_annonce=13630,Terrain,60000,2024-06-09,Nabeul,Kélibia,Kélibia,8000,200,Non,Non,Non,Oui,,,Non,Non,Oui,Résidentielle
diarkoum,https://diarkoum.tn/details.php?id_annonce=13629,Terrain,60000,2024-06-09,Nabeul,Kélibia,Kélibia,8000,200,Non,Non,Non,Oui,,,Non,Non,Oui,Résidentielle
diarkoum,https://diarkoum.tn/details.php?id_annonce=13628,Terrain,60000,2024-06-09,Nabeul,Kélibia,Kélibia,8000,200,Non,Non,Non,Oui,,,Non,Non,Oui,Résidentielle
diarkoum,https://diarkoum.tn/details.php?id_annonce=13627,Terrain,60000,2024-06-08,Nabeul,Kélibia,Kélibia,8000,200,Non,Non,Non,Oui,,,Non,Non,Oui,Résidentielle
diarkoum,https://diarkoum.tn/details.php?id_annonce=13626,Terrain,60000,2024-06-08,Nabeul,Kélibia,Kélibia,8000,200,Non,Non,Non,Oui,,,Non,Non,Oui,Résidentielle
diarkoum,https://diarkoum.tn/details.php?id_annonce=13625,Terrain,60000,2024-06-08,Nabeul,Kélibia,Kélibia,8000,200,Non,Non,Non,Oui,,,Non,Non,Oui,Résidentielle
diarkoum,https://diarkoum.tn/details.php?id_annonce=13621,Terrain,60000,2024-06-08,Nabeul,Kélibia,Kélibia,8000,200,Non,Non,Non,Oui,,,Non,Non,Oui,Résidentielle
diarkoum,https://diarkoum.tn/details.php?id_annonce=13618,Terrain,60000,2024-06-08,Nabeul,Kélibia,Kélibia,8000,200,Non,Non,Non,Oui,,,Non,Non,Oui,Résidentielle
diarkoum,https://diarkoum.tn/details.php?id_annonce=13617,Terrain,60000,2024-06-08,Nabeul,Kélibia,Kélibia,8000,200,Non,Non,Non,Oui,,,Non,Non,Oui,Résidentielle
diarkoum,https://diarkoum.tn/details.php?id_annonce=13616,Terrain,60000,2024-06-08,Nabeul,Kélibia,Kélibia,8000,200,Non,Non,Non,Oui,,,Non,Non,Oui,Résidentielle
diarkoum,https://diarkoum.tn/details.php?id_annonce=13605,Terrain,60000,2024-06-07,Nabeul,Kélibia,Kélibia,8000,200,Non,Non,Non,Oui,,,Non,Non,Oui,Résidentielle
diarkoum,https://diarkoum.tn/details.php?id_annonce=13604,Terrain,60000,2024-06-07,Nabeul,Kélibia,Kélibia,8000,200,Non,Non,Non,Oui,,,Non,Non,Oui,Résidentielle
diarkoum,https://diarkoum.tn/details.php?id_annonce=13602,Terrain,60000,2024-06-06,Nabeul,Kélibia,Kélibia,8000,200,Non,Non,Non,Oui,,,Non,Non,Oui,Résidentielle
diarkoum,https://diarkoum.tn/details.php?id_annonce=13601,Terrain,60000,2024-06-06,Nabeul,Kélibia,Kélibia,8000,200,Non,Non,Non,Oui,,,Non,Non,Oui,Résidentielle
diarkoum,https://diarkoum.tn/details.php?id_annonce=13600,Terrain,60000,2024-06-06,Nabeul,Kélibia,Kélibia,8000,200,Non,Non,Non,Oui,,,Non,Non,Oui,Résidentielle
diarkoum,https://diarkoum.tn/details.php?id_annonce=13599,Terrain,60000,2024-06-06,Nabeul,Kélibia,Kélibia,8000,200,Non,Non,Non,Oui,,,Non,Non,Oui,Résidentielle
diarkoum,https://diarkoum.tn/details.php?id_annonce=13596,Terrain,910000,2024-06-06,Tunis,Le Bardo,Le Bardo,2000,647,Non,Non,Non,Oui,,,Non,Non,Oui,Résidentielle
diarkoum,https://diarkoum.tn/details.php?id_annonce=13589,Terrain,60000,2024-06-06,Nabeul,Kélibia,Kélibia,8000,200,Non,Non,Non,Oui,,,Non,Non,Oui,Résidentielle
diarkoum,https://diarkoum.tn/details.php?id_annonce=13577,Terrain,60000,2024-06-06,Nabeul,Kélibia,Kélibia,8000,200,Non,Non,Non,Oui,,,Non,Non,Oui,Résidentielle
diarkoum,https://diarkoum.tn/details.php?id_annonce=13572,Terrain,60000,2024-06-05,Nabeul,Kélibia,Kélibia,8000,200,Non,Non,Non,Oui,,,Non,Non,Oui,Résidentielle
diarkoum,https://diarkoum.tn/details.php?id_annonce=13571,Terrain,60000,2024-06-05,Nabeul,Kélibia,Kélibia,8000,200,Non,Non,Non,Oui,,,Non,Non,Oui,Résidentielle
diarkoum,https://diarkoum.tn/details.php?id_annonce=13568,Terrain,60000,2024-06-05,Nabeul,Kélibia,Kélibia,8000,200,Non,Non,Non,Oui,,,Non,Non,Oui,Résidentielle
diarkoum,https://diarkoum.tn/details.php?id_annonce=13565,Terrain,60000,2024-06-05,Nabeul,Kélibia,Kélibia,8000,200,Non,Non,Non,Oui,,,Non,Non,Oui,Résidentielle
diarkoum,https://diarkoum.tn/details.php?id_annonce=13563,Terrain,60000,2024-06-05,Nabeul,Kélibia,Kélibia,8000,200,Non,Non,Non,Oui,,,Non,Non,Oui,Résidentielle
diarkoum,https://diarkoum.tn/details.php?id_annonce=13561,Terrain,60000,2024-06-05,Nabeul,Kélibia,Kélibia,8000,200,Non,Non,Non,Oui,,,Non,Non,Oui,Résidentielle
diarkoum,https://diarkoum.tn/details.php?id_annonce=13560,Terrain,60000,2024-06-05,Nabeul,Kélibia,Kélibia,8000,200,Non,Non,Non,Oui,,,Non,Non,Oui,Résidentielle
diarkoum,https://diarkoum.tn/details.php?id_annonce=13556,Terrain,110000,2024-06-04,Nabeul,Kélibia,Kélibia,8000,198,Non,Non,Non,Oui,,,Non,Non,Oui,Résidentielle
diarkoum,https://diarkoum.tn/details.php?id_annonce=13552,Terrain,145000,2024-06-04,Nabeul,Kélibia,Kélibia,8000,264,Non,Non,Non,Oui,,,Non,Non,Oui,Résidentielle
diarkoum,https://diarkoum.tn/details.php?id_annonce=13551,Terrain,60000,2024-06-04,Nabeul,Kélibia,Kélibia,8000,200,Non,Non,Non,Oui,,,Non,Non,Oui,Résidentielle
diarkoum,https://diarkoum.tn/details.php?id_annonce=13550,Terrain,60000,2024-06-04,Nabeul,Kélibia,Kélibia,8000,200,Non,Non,Non,Oui,,,Non,Non,Oui,Résidentielle
diarkoum,https://diarkoum.tn/details.php?id_annonce=13548,Terrain,60000,2024-06-04,Nabeul,Kélibia,Kélibia,8000,200,Non,Non,Non,Oui,,,Non,Non,Oui,Résidentielle
diarkoum,https://diarkoum.tn/details.php?id_annonce=13546,Terrain,60000,2024-06-04,Nabeul,Kélibia,Kélibia,8000,200,Non,Non,Non,Oui,,,Non,Non,Oui,Résidentielle
diarkoum,https://diarkoum.tn/details.php?id_annonce=13545,Terrain,60000,2024-06-04,Nabeul,Kélibia,Kélibia,8000,200,Non,Non,Non,Oui,,,Non,Non,Oui,Résidentielle
diarkoum,https://diarkoum.tn/details.php?id_annonce=13544,Terrain,60000,2024-06-04,Nabeul,Kélibia,Kélibia,8000,200,Non,Non,Non,Oui,,,Non,Non,Oui,Résidentielle
diarkoum,https://diarkoum.tn/details.php?id_annonce=13543,Terrain,60000,2024-06-04,Nabeul,Kélibia,Kélibia,8000,200,Non,Non,Non,Oui,,,Non,Non,Oui,Résidentielle
diarkoum,https://diarkoum.tn/details.php?id_annonce=13538,Terrain,60000,2024-06-03,Nabeul,Kélibia,Kélibia,8000,200,Non,Non,Non,Oui,,,Non,Non,Oui,Résidentielle
diarkoum,https://diarkoum.tn/details.php?id_annonce=13537,Terrain,60000,2024-06-03,Nabeul,Kélibia,Kélibia,8000,200,Non,Non,Non,Oui,,,Non,Non,Oui,Résidentielle
diarkoum,https://diarkoum.tn/details.php?id_annonce=13535,Terrain,60000,2024-06-03,Nabeul,Kélibia,Kélibia,8000,200,Non,Non,Non,Oui,,,Non,Non,Oui,Résidentielle
diarkoum,https://diarkoum.tn/details.php?id_annonce=13531,Terrain,60000,2024-06-03,Nabeul,Kélibia,Kélibia,8000,200,Non,Non,Non,Oui,,,Non,Non,Oui,Résidentielle
diarkoum,https://diarkoum.tn/details.php?id_annonce=13527,Terrain,60000,2024-06-03,Nabeul,Kélibia,Kélibia,8000,200,Non,Non,Non,Oui,,,Non,Non,Oui,Résidentielle
diarkoum,https://diarkoum.tn/details.php?id_annonce=13526,Terrain,60000,2024-06-03,Nabeul,Kélibia,Kélibia,8000,200,Non,Non,Non,Oui,,,Non,Non,Oui,Résidentielle
diarkoum,https://diarkoum.tn/details.php?id_annonce=13525,Terrain,60000,2024-06-03,Nabeul,Kélibia,Kélibia,8000,200,Non,Non,Non,Oui,,,Non,Non,Oui,Résidentielle
diarkoum,https://diarkoum.tn/details.php?id_annonce=13524,Terrain,60000,2024-06-02,Nabeul,Kélibia,Kélibia,8000,200,Non,Non,Non,Oui,,,Non,Non,Oui,Résidentielle
diarkoum,https://diarkoum.tn/details.php?id_annonce=13523,Terrain,60000,2024-06-02,Nabeul,Kélibia,Kélibia,8000,200,Non,Non,Non,Oui,,,Non,Non,Oui,Résidentielle
diarkoum,https://diarkoum.tn/details.php?id_annonce=13522,Terrain,60000,2024-06-02,Nabeul,Kélibia,Kélibia,8000,200,Non,Non,Non,Oui,,,Non,Non,Oui,Résidentielle
diarkoum,https://diarkoum.tn/details.php?id_annonce=13521,Terrain,60000,2024-06-02,Nabeul,Kélibia,Kélibia,8000,200,Non,Non,Non,Oui,,,Non,Non,Oui,Résidentielle
diarkoum,https://diarkoum.tn/details.php?id_annonce=13520,Terrain,60000,2024-06-02,Nabeul,Kélibia,Kélibia,8000,200,Non,Non,Non,Oui,,,Non,Non,Oui,Résidentielle
diarkoum,https://diarkoum.tn/details.php?id_annonce=13512,Terrain,60000,2024-05-31,Nabeul,Kélibia,Kélibia,8000,200,Non,Non,Non,Oui,,,Non,Non,Oui,Résidentielle
diarkoum,https://diarkoum.tn/details.php?id_annonce=13511,Terrain,60000,2024-05-31,Nabeul,Kélibia,Kélibia,8000,200,Non,Non,Non,Oui,,,Non,Non,Oui,Résidentielle
diarkoum,https://diarkoum.tn/details.php?id_annonce=13508,Terrain,60000,2024-05-31,Nabeul,Kélibia,Kélibia,8000,200,Non,Non,Non,Oui,,,Non,Non,Oui,Résidentielle
diarkoum,https://diarkoum.tn/details.php?id_annonce=13505,Terrain,60000,2024-05-31,Nabeul,Kélibia,Kélibia,8000,200,Non,Non,Non,Oui,,,Non,Non,Oui,Résidentielle
diarkoum,https://diarkoum.tn/details.php?id_annonce=13503,Terrain,60000,2024-05-31,Nabeul,Kélibia,Kélibia,8000,200,Non,Non,Non,Oui,,,Non,Non,Oui,Résidentielle
diarkoum,https://diarkoum.tn/details.php?id_annonce=13502,Terrain,60000,2024-05-31,Nabeul,Kélibia,Kélibia,8000,200,Non,Non,Non,Oui,,,Non,Non,Oui,Résidentielle
diarkoum,https://diarkoum.tn/details.php?id_annonce=13498,Terrain,60000,2024-05-30,Nabeul,Kélibia,Kélibia,8000,200,Non,Non,Non,Oui,,,Non,Non,Oui,Résidentielle
diarkoum,https://diarkoum.tn/details.php?id_annonce=13497,Terrain,60000,2024-05-30,Nabeul,Kélibia,Kélibia,8000,200,Non,Non,Non,Oui,,,Non,Non,Oui,Résidentielle
diarkoum,https://diarkoum.tn/details.php?id_annonce=13496,Terrain,60000,2024-05-30,Nabeul,Kélibia,Kélibia,8000,200,Non,Non,Non,Oui,,,Non,Non,Oui,Résidentielle
diarkoum,https://diarkoum.tn/details.php?id_annonce=13494,Terrain,60000,2024-05-30,Nabeul,Kélibia,Kélibia,8000,200,Non,Non,Non,Oui,,,Non,Non,Oui,Résidentielle
diarkoum,https://diarkoum.tn/details.php?id_annonce=13489,Terrain,60000,2024-05-30,Nabeul,Kélibia,Kélibia,8000,200,Non,Non,Non,Oui,,,Non,Non,Oui,Résidentielle
diarkoum,https://diarkoum.tn/details.php?id_annonce=13487,Terrain,60000,2024-05-30,Nabeul,Kélibia,Kélibia,8000,200,Non,Non,Non,Oui,,,Non,Non,Oui,Résidentielle
diarkoum,https://diarkoum.tn/details.php?id_annonce=13486,Terrain,60000,2024-05-30,Nabeul,Kélibia,Kélibia,8000,200,Non,Non,Non,Oui,,,Non,Non,Oui,Résidentielle
diarkoum,https://diarkoum.tn/details.php?id_annonce=13480,Terrain,60000,2024-05-29,Nabeul,Kélibia,Kélibia,8000,200,Non,Non,Non,Oui,,,Non,Non,Oui,Résidentielle
diarkoum,https://diarkoum.tn/details.php?id_annonce=13479,Terrain,60000,2024-05-29,Nabeul,Kélibia,Kélibia,8000,200,Non,Non,Non,Oui,,,Non,Non,Oui,Résidentielle
diarkoum,https://diarkoum.tn/details.php?id_annonce=13478,Terrain,60000,2024-05-29,Nabeul,Kélibia,Kélibia,8000,200,Non,Non,Non,Oui,,,Non,Non,Oui,Résidentielle
diarkoum,https://diarkoum.tn/details.php?id_annonce=13477,Terrain,60000,2024-05-29,Nabeul,Kélibia,Kélibia,8000,200,Non,Non,Non,Oui,,,Non,Non,Oui,Résidentielle
diarkoum,https://diarkoum.tn/details.php?id_annonce=13476,Terrain,20000,2024-05-29,Nabeul,Kélibia,Kélibia,8000,200,Non,Non,Non,Oui,,,Non,Non,Oui,Résidentielle
diarkoum,https://diarkoum.tn/details.php?id_annonce=13475,Terrain,60000,2024-05-29,Nabeul,Kélibia,Kélibia,8000,200,Non,Non,Non,Oui,,,Non,Non,Oui,Résidentielle
diarkoum,https://diarkoum.tn/details.php?id_annonce=13462,Terrain,20000,2024-05-27,Nabeul,Kélibia,Kélibia,8000,200,Non,Non,Non,Oui,,,Non,Non,Oui,Résidentielle
diarkoum,https://diarkoum.tn/details.php?id_annonce=13461,Terrain,60000,2024-05-27,Nabeul,Kélibia,Kélibia,8000,200,Non,Non,Non,Oui,,,Non,Non,Oui,Résidentielle
diarkoum,https://diarkoum.tn/details.php?id_annonce=13459,Terrain,60000,2024-05-27,Nabeul,Kélibia,Kélibia,8000,200,Non,Non,Non,Oui,,,Non,Non,Oui,Résidentielle
diarkoum,https://diarkoum.tn/details.php?id_annonce=13456,Terrain,60000,2024-05-27,Nabeul,Kélibia,Kélibia,8000,200,Non,Non,Non,Oui,,,Non,Non,Oui,Résidentielle
diarkoum,https://diarkoum.tn/details.php?id_annonce=13453,Terrain,60000,2024-05-27,Nabeul,Kélibia,Kélibia,8000,200,Non,Non,Non,Oui,,,Non,Non,Oui,Résidentielle
diarkoum,https://diarkoum.tn/details.php?id_annonce=13452,Terrain,60000,2024-05-27,Nabeul,Kélibia,Kélibia,8000,200,Non,Non,Non,Oui,,,Non,Non,Oui,Résidentielle
diarkoum,https://diarkoum.tn/details.php?id_annonce=13451,Terrain,60000,2024-05-27,Nabeul,Kélibia,Kélibia,8000,200,Non,Non,Non,Oui,,,Non,Non,Oui,Résidentielle
diarkoum,https://diarkoum.tn/details.php?id_annonce=13449,Terrain,60000,2024-05-25,Nabeul,Kélibia,Kélibia,8000,200,Non,Non,Non,Oui,,,Non,Non,Oui,Résidentielle
diarkoum,https://diarkoum.tn/details.php?id_annonce=13448,Terrain,60000,2024-05-25,Nabeul,Kélibia,Kélibia,8000,200,Non,Non,Non,Oui,,,Non,Non,Oui,Résidentielle
diarkoum,https://diarkoum.tn/details.php?id_annonce=13447,Terrain,60000,2024-05-25,Nabeul,Kélibia,Kélibia,8000,200,Non,Non,Non,Oui,,,Non,Non,Oui,Résidentielle
diarkoum,https://diarkoum.tn/details.php?id_annonce=13444,Terrain,60000,2024-05-25,Nabeul,Kélibia,Kélibia,8000,200,Non,Non,Non,Oui,,,Non,Non,Oui,Résidentielle
diarkoum,https://diarkoum.tn/details.php?id_annonce=13441,Terrain,60000,2024-05-25,Nabeul,Kélibia,Kélibia,8000,200,Non,Non,Non,Oui,,,Non,Non,Oui,Résidentielle
diarkoum,https://diarkoum.tn/details.php?id_annonce=13439,Terrain,60000,2024-05-25,Nabeul,Kélibia,Kélibia,8000,200,Non,Non,Non,Oui,,,Non,Non,Oui,Résidentielle
diarkoum,https://diarkoum.tn/details.php?id_annonce=13438,Terrain,60000,2024-05-25,Nabeul,Kélibia,Kélibia,8000,200,Non,Non,Non,Oui,,,Non,Non,Oui,Résidentielle
diarkoum,https://diarkoum.tn/details.php?id_annonce=13435,Terrain,60000,2024-05-24,Nabeul,Kélibia,Kélibia,8000,200,Non,Non,Non,Oui,,,Non,Non,Oui,Résidentielle
diarkoum,https://diarkoum.tn/details.php?id_annonce=13430,Terrain,60000,2024-05-24,Nabeul,Kélibia,Kélibia,8000,200,Non,Non,Non,Oui,,,Non,Non,Oui,Résidentielle
diarkoum,https://diarkoum.tn/details.php?id_annonce=13427,Terrain,60000,2024-05-24,Nabeul,Kélibia,Kélibia,8000,200,Non,Non,Non,Oui,,,Non,Non,Oui,Résidentielle
diarkoum,https://diarkoum.tn/details.php?id_annonce=13426,Terrain,20000,2024-05-24,Nabeul,Kélibia,Kélibia,8000,200,Non,Non,Non,Oui,,,Non,Non,Oui,Résidentielle
diarkoum,https://diarkoum.tn/details.php?id_annonce=13425,Terrain,60000,2024-05-24,Nabeul,Kélibia,Kélibia,8000,200,Non,Non,Non,Oui,,,Non,Non,Oui,Résidentielle
diarkoum,https://diarkoum.tn/details.php?id_annonce=13420,Terrain,60000,2024-05-23,Nabeul,Kélibia,Kélibia,8000,200,Non,Non,Non,Oui,,,Non,Non,Oui,Résidentielle
diarkoum,https://diarkoum.tn/details.php?id_annonce=13419,Terrain,60000,2024-05-23,Nabeul,Kélibia,Kélibia,8000,200,Non,Non,Non,Oui,,,Non,Non,Oui,Résidentielle
diarkoum,https://diarkoum.tn/details.php?id_annonce=13416,Terrain,60000,2024-05-23,Nabeul,Kélibia,Kélibia,8000,200,Non,Non,Non,Oui,,,Non,Non,Oui,Résidentielle
diarkoum,https://diarkoum.tn/details.php?id_annonce=13415,Terrain,60000,2024-05-23,Nabeul,Kélibia,Kélibia,8000,200,Non,Non,Non,Oui,,,Non,Non,Oui,Résidentielle
diarkoum,https://diarkoum.tn/details.php?id_annonce=13411,Terrain,60000,2024-05-23,Nabeul,Kélibia,Kélibia,8000,200,Non,Non,Non,Oui,,,Non,Non,Oui,Résidentielle
diarkoum,https://diarkoum.tn/details.php?id_annonce=13410,Terrain,60000,2024-05-23,Nabeul,Kélibia,Kélibia,8000,200,Non,Non,Non,Oui,,,Non,Non,Oui,Résidentielle
diarkoum,https://diarkoum.tn/details.php?id_annonce=13409,Terrain,60000,2024-05-23,Nabeul,Kélibia,Kélibia,8000,200,Non,Non,Non,Oui,,,Non,Non,Oui,Résidentielle
diarkoum,https://diarkoum.tn/details.php?id_annonce=13406,Terrain,60000,2024-05-22,Nabeul,Kélibia,Kélibia,8000,200,Non,Non,Non,Oui,,,Non,Non,Oui,Résidentielle
diarkoum,https://diarkoum.tn/details.php?id_annonce=13405,Terrain,60000,2024-05-22,Nabeul,Kélibia,Kélibia,8000,200,Non,Non,Non,Oui,,,Non,Non,Oui,Résidentielle
diarkoum,https://diarkoum.tn/details.php?id_annonce=13404,Terrain,60000,2024-05-22,Nabeul,Kélibia,Kélibia,8000,200,Non,Non,Non,Oui,,,Non,Non,Oui,Résidentielle
diarkoum,https://diarkoum.tn/details.php?id_annonce=13401,Terrain,60000,2024-05-22,Nabeul,Kélibia,Kélibia,8000,200,Non,Non,Non,Oui,,,Non,Non,Oui,Résidentielle
diarkoum,https://diarkoum.tn/details.php?id_annonce=13398,Terrain,60000,2024-05-22,Nabeul,Kélibia,Kélibia,8000,200,Non,Non,Non,Oui,,,Non,Non,Oui,Résidentielle
diarkoum,https://diarkoum.tn/details.php?id_annonce=13397,Terrain,60000,2024-05-22,Nabeul,Kélibia,Kélibia,8000,200,Non,Non,Non,Oui,,,Non,Non,Oui,Résidentielle
diarkoum,https://diarkoum.tn/details.php?id_annonce=13396,Terrain,60000,2024-05-22,Nabeul,Kélibia,Kélibia,8000,200,Non,Non,Non,Oui,,,Non,Non,Oui,Résidentielle
diarkoum,https://diarkoum.tn/details.php?id_annonce=13388,Terrain,20000,2024-05-20,Nabeul,Kélibia,Kélibia,8000,200,Non,Non,Non,Oui,,,Non,Non,Oui,Résidentielle
diarkoum,https://diarkoum.tn/details.php?id_annonce=13385,Terrain,20000,2024-05-20,Nabeul,Kélibia,Kélibia,8000,200,Non,Non,Non,Oui,,,Non,Non,Oui,Résidentielle
diarkoum,https://diarkoum.tn/details.php?id_annonce=13381,Terrain,20000,2024-05-20,Nabeul,Kélibia,Kélibia,8000,200,Non,Non,Non,Oui,,,Non,Non,Oui,Résidentielle
diarkoum,https://diarkoum.tn/details.php?id_annonce=13380,Terrain,20000,2024-05-20,Nabeul,Kélibia,Kélibia,8000,200,Non,Non,Non,Oui,,,Non,Non,Oui,Résidentielle
diarkoum,https://diarkoum.tn/details.php?id_annonce=13379,Terrain,20000,2024-05-20,Nabeul,Kélibia,Kélibia,8000,200,Non,Non,Non,Oui,,,Non,Non,Oui,Résidentielle
diarkoum,https://diarkoum.tn/details.php?id_annonce=13378,Terrain,20000,2024-05-19,Nabeul,Kélibia,Kélibia,8000,200,Non,Non,Non,Oui,,,Non,Non,Oui,Résidentielle
diarkoum,https://diarkoum.tn/details.php?id_annonce=13377,Terrain,20000,2024-05-19,Nabeul,Kélibia,Kélibia,8000,200,Non,Non,Non,Oui,,,Non,Non,Oui,Résidentielle
diarkoum,https://diarkoum.tn/details.php?id_annonce=13376,Terrain,20000,2024-05-19,Nabeul,Kélibia,Kélibia,8000,200,Non,Non,Non,Oui,,,Non,Non,Oui,Résidentielle
diarkoum,https://diarkoum.tn/details.php?id_annonce=13373,Terrain,20000,2024-05-19,Nabeul,Kélibia,Kélibia,8000,200,Non,Non,Non,Oui,,,Non,Non,Oui,Résidentielle
diarkoum,https://diarkoum.tn/details.php?id_annonce=13372,Terrain,20000,2024-05-18,Nabeul,Kélibia,Kélibia,8000,200,Non,Non,Non,Oui,,,Non,Non,Oui,Résidentielle
diarkoum,https://diarkoum.tn/details.php?id_annonce=13371,Terrain,20000,2024-05-18,Nabeul,Kélibia,Kélibia,8000,200,Non,Non,Non,Oui,,,Non,Non,Oui,Résidentielle
diarkoum,https://diarkoum.tn/details.php?id_annonce=13370,Terrain,20000,2024-05-18,Nabeul,Kélibia,Kélibia,8000,200,Non,Non,Non,Oui,,,Non,Non,Oui,Résidentielle
diarkoum,https://diarkoum.tn/details.php?id_annonce=13367,Terrain,20000,2024-05-18,Nabeul,Kélibia,Kélibia,8000,200,Non,Non,Non,Oui,,,Non,Non,Oui,Résidentielle
diarkoum,https://diarkoum.tn/details.php?id_annonce=13365,Terrain,20000,2024-05-18,Nabeul,Kélibia,Kélibia,8000,200,Non,Non,Non,Oui,,,Non,Non,Oui,Résidentielle
diarkoum,https://diarkoum.tn/details.php?id_annonce=13364,Terrain,20000,2024-05-18,Nabeul,Kélibia,Kélibia,8000,200,Non,Non,Non,Oui,,,Non,Non,Oui,Résidentielle
diarkoum,https://diarkoum.tn/details.php?id_annonce=13362,Terrain,20000,2024-05-17,Nabeul,Kélibia,Kélibia,8000,200,Non,Non,Non,Oui,,,Non,Non,Oui,Résidentielle
diarkoum,https://diarkoum.tn/details.php?id_annonce=13360,Terrain,20000,2024-05-17,Nabeul,Kélibia,Kélibia,8000,200,Non,Non,Non,Oui,,,Non,Non,Oui,Résidentielle
diarkoum,https://diarkoum.tn/details.php?id_annonce=13356,Terrain,20000,2024-05-17,Nabeul,Kélibia,Kélibia,8000,200,Non,Non,Non,Oui,,,Non,Non,Oui,Résidentielle
diarkoum,https://diarkoum.tn/details.php?id_annonce=13353,Terrain,20000,2024-05-17,Nabeul,Kélibia,Kélibia,8000,200,Non,Non,Non,Oui,,,Non,Non,Oui,Résidentielle
diarkoum,https://diarkoum.tn/details.php?id_annonce=13352,Terrain,20000,2024-05-17,Nabeul,Kélibia,Kélibia,8000,200,Non,Non,Non,Oui,,,Non,Non,Oui,Résidentielle
diarkoum,https://diarkoum.tn/details.php?id_annonce=13351,Terrain,20000,2024-05-17,Nabeul,Kélibia,Kélibia,8000,200,Non,Non,Non,Oui,,,Non,Non,Oui,Résidentielle
diarkoum,https://diarkoum.tn/details.php?id_annonce=13350,Terrain,20000,2024-05-17,Nabeul,Kélibia,Kélibia,8000,200,Non,Non,Non,Oui,,,Non,Non,Oui,Résidentielle
diarkoum,https://diarkoum.tn/details.php?id_annonce=13345,Terrain,20000,2024-05-16,Nabeul,Kélibia,Kélibia,8000,200,Non,Non,Non,Oui,,,Non,Non,Oui,Résidentielle
diarkoum,https://diarkoum.tn/details.php?id_annonce=13344,Terrain,20000,2024-05-16,Nabeul,Kélibia,Kélibia,8000,200,Non,Non,Non,Oui,,,Non,Non,Oui,Résidentielle
diarkoum,https://diarkoum.tn/details.php?id_annonce=13340,Terrain,20000,2024-05-16,Nabeul,Kélibia,Kélibia,8000,200,Non,Non,Non,Oui,,,Non,Non,Oui,Résidentielle
diarkoum,https://diarkoum.tn/details.php?id_annonce=13337,Terrain,20000,2024-05-16,Nabeul,Kélibia,Kélibia,8000,200,Non,Non,Non,Oui,,,Non,Non,Oui,Résidentielle
diarkoum,https://diarkoum.tn/details.php?id_annonce=13336,Terrain,20000,2024-05-16,Nabeul,Kélibia,Kélibia,8000,200,Non,Non,Non,Oui,,,Non,Non,Oui,Résidentielle
diarkoum,https://diarkoum.tn/details.php?id_annonce=13335,Terrain,20000,2024-05-16,Nabeul,Kélibia,Kélibia,8000,200,Non,Non,Non,Oui,,,Non,Non,Oui,Résidentielle
diarkoum,https://diarkoum.tn/details.php?id_annonce=13332,Terrain,20000,2024-05-15,Nabeul,Kélibia,Kélibia,8000,200,Non,Non,Non,Oui,,,Non,Non,Oui,Résidentielle
diarkoum,https://diarkoum.tn/details.php?id_annonce=13331,Terrain,20000,2024-05-15,Nabeul,Kélibia,Kélibia,8000,200,Non,Non,Non,Oui,,,Non,Non,Oui,Résidentielle
diarkoum,https://diarkoum.tn/details.php?id_annonce=13328,Terrain,20000,2024-05-15,Nabeul,Kélibia,Kélibia,8000,200,Non,Non,Non,Oui,,,Non,Non,Oui,Résidentielle
diarkoum,https://diarkoum.tn/details.php?id_annonce=13325,Terrain,20000,2024-05-15,Nabeul,Kélibia,Kélibia,8000,200,Non,Non,Non,Oui,,,Non,Non,Oui,Résidentielle
diarkoum,https://diarkoum.tn/details.php?id_annonce=13324,Terrain,20000,2024-05-15,Nabeul,Kélibia,Kélibia,8000,200,Non,Non,Non,Oui,,,Non,Non,Oui,Résidentielle
diarkoum,https://diarkoum.tn/details.php?id_annonce=13323,Terrain,20000,2024-05-15,Nabeul,Kélibia,Kélibia,8000,200,Non,Non,Non,Oui,,,Non,Non,Oui,Résidentielle
diarkoum,https://diarkoum.tn/details.php?id_annonce=13321,Terrain,20000,2024-05-15,Nabeul,Kélibia,Kélibia,8000,200,Non,Non,Non,Oui,,,Non,Non,Oui,Résidentielle
diarkoum,https://diarkoum.tn/details.php?id_annonce=9980,Terrain,63000,2024-05-14,Nabeul,Hammam Ghezeze,Hammam Ghezeze,8000,1000,Oui,Non,Non,Oui,,,Non,Non,Oui,Résidentielle
diarkoum,https://diarkoum.tn/details.php?id_annonce=13307,Terrain,20000,2024-05-13,Nabeul,Kélibia,Kélibia,8000,197,Non,Non,Non,Oui,,,Non,Non,Oui,Résidentielle
diarkoum,https://diarkoum.tn/details.php?id_annonce=13306,Terrain,20000,2024-05-13,Nabeul,Kélibia,Kélibia,8000,200,Non,Non,Non,Oui,,,Non,Non,Oui,Résidentielle
diarkoum,https://diarkoum.tn/details.php?id_annonce=13305,Terrain,20000,2024-05-13,Nabeul,Kélibia,Kélibia,8000,200,Non,Non,Non,Oui,,,Non,Non,Oui,Résidentielle
diarkoum,https://diarkoum.tn/details.php?id_annonce=13300,Terrain,20000,2024-05-13,Nabeul,Kélibia,Kélibia,8000,200,Non,Non,Non,Oui,,,Non,Non,Oui,Résidentielle
diarkoum,https://diarkoum.tn/details.php?id_annonce=13297,Terrain,20000,2024-05-13,Nabeul,Kélibia,Kélibia,8000,200,Non,Non,Non,Oui,,,Non,Non,Oui,Résidentielle
diarkoum,https://diarkoum.tn/details.php?id_annonce=13296,Terrain,20000,2024-05-13,Nabeul,Kélibia,Kélibia,8000,200,Non,Non,Non,Oui,,,Non,Non,Oui,Résidentielle
diarkoum,https://diarkoum.tn/details.php?id_annonce=13295,Terrain,20000,2024-05-12,Nabeul,Kélibia,Kélibia,8000,200,Non,Non,Non,Oui,,,Non,Non,Oui,Résidentielle
diarkoum,https://diarkoum.tn/details.php?id_annonce=13294,Terrain,20000,2024-05-12,Nabeul,Kélibia,Kélibia,8000,200,Non,Non,Non,Oui,,,Non,Non,Oui,Résidentielle
diarkoum,https://diarkoum.tn/details.php?id_annonce=13293,Terrain,20000,2024-05-12,Nabeul,Kélibia,Kélibia,8000,200,Non,Non,Non,Oui,,,Non,Non,Oui,Résidentielle
diarkoum,https://diarkoum.tn/details.php?id_annonce=13292,Terrain,20000,2024-05-12,Nabeul,Kélibia,Kélibia,8000,200,Non,Non,Non,Oui,,,Non,Non,Oui,Résidentielle
diarkoum,https://diarkoum.tn/details.php?id_annonce=13291,Terrain,20000,2024-05-12,Nabeul,Kélibia,Kélibia,8000,200,Non,Non,Non,Oui,,,Non,Non,Oui,Résidentielle
diarkoum,https://diarkoum.tn/details.php?id_annonce=13290,Terrain,20000,2024-05-11,Nabeul,Kélibia,Kélibia,8000,200,Non,Non,Non,Oui,,,Non,Non,Oui,Résidentielle
diarkoum,https://diarkoum.tn/details.php?id_annonce=13288,Terrain,20000,2024-05-11,Nabeul,Kélibia,Kélibia,8000,200,Non,Non,Non,Oui,,,Non,Non,Oui,Résidentielle
diarkoum,https://diarkoum.tn/details.php?id_annonce=13287,Terrain,20000,2024-05-11,Nabeul,Kélibia,Kélibia,8000,200,Non,Non,Non,Oui,,,Non,Non,Oui,Résidentielle
diarkoum,https://diarkoum.tn/details.php?id_annonce=13286,Terrain,20000,2024-05-11,Nabeul,Kélibia,Kélibia,8000,200,Non,Non,Non,Oui,,,Non,Non,Oui,Résidentielle
diarkoum,https://diarkoum.tn/details.php?id_annonce=13275,Terrain,20000,2024-05-09,Nabeul,Kélibia,Kélibia,8000,200,Non,Non,Non,Oui,,,Non,Non,Oui,Résidentielle
diarkoum,https://diarkoum.tn/details.php?id_annonce=13274,Terrain,20000,2024-05-09,Nabeul,Kélibia,Kélibia,8000,200,Non,Non,Non,Oui,,,Non,Non,Oui,Résidentielle
diarkoum,https://diarkoum.tn/details.php?id_annonce=13271,Terrain,20000,2024-05-09,Nabeul,Kélibia,Kélibia,8000,200,Non,Non,Non,Oui,,,Non,Non,Oui,Résidentielle
diarkoum,https://diarkoum.tn/details.php?id_annonce=13267,Terrain,20000,2024-05-09,Nabeul,Kélibia,Kélibia,8000,200,Non,Non,Non,Oui,,,Non,Non,Oui,Résidentielle
diarkoum,https://diarkoum.tn/details.php?id_annonce=13266,Terrain,20000,2024-05-09,Nabeul,Kélibia,Kélibia,8000,200,Non,Non,Non,Oui,,,Non,Non,Oui,Résidentielle
diarkoum,https://diarkoum.tn/details.php?id_annonce=13265,Terrain,20000,2024-05-09,Nabeul,Kélibia,Kélibia,8000,200,Non,Non,Non,Oui,,,Non,Non,Oui,Résidentielle
diarkoum,https://diarkoum.tn/details.php?id_annonce=13264,Terrain,20000,2024-05-09,Nabeul,Kélibia,Kélibia,8000,200,Non,Non,Non,Oui,,,Non,Non,Oui,Résidentielle
diarkoum,https://diarkoum.tn/details.php?id_annonce=13258,Terrain,20000,2024-05-08,Nabeul,Kélibia,Kélibia,8000,200,Non,Non,Non,Oui,,,Non,Non,Oui,Résidentielle
diarkoum,https://diarkoum.tn/details.php?id_annonce=13257,Terrain,20000,2024-05-08,Nabeul,Kélibia,Kélibia,8000,200,Non,Non,Non,Oui,,,Non,Non,Oui,Résidentielle
diarkoum,https://diarkoum.tn/details.php?id_annonce=13256,Terrain,20000,2024-05-08,Nabeul,Kélibia,Kélibia,8000,200,Non,Non,Non,Oui,,,Non,Non,Oui,Résidentielle
diarkoum,https://diarkoum.tn/details.php?id_annonce=13255,Terrain,20000,2024-05-08,Nabeul,Kélibia,Kélibia,8000,200,Non,Non,Non,Oui,,,Non,Non,Oui,Résidentielle
diarkoum,https://diarkoum.tn/details.php?id_annonce=13254,Terrain,20000,2024-05-08,Nabeul,Kélibia,Kélibia,8000,200,Non,Non,Non,Oui,,,Non,Non,Oui,Résidentielle
diarkoum,https://diarkoum.tn/details.php?id_annonce=13253,Terrain,20000,2024-05-08,Nabeul,Kélibia,Kélibia,8000,200,Non,Non,Non,Oui,,,Non,Non,Oui,Résidentielle
diarkoum,https://diarkoum.tn/details.php?id_annonce=13252,Terrain,20000,2024-05-08,Nabeul,Kélibia,Kélibia,8000,200,Non,Non,Non,Oui,,,Non,Non,Oui,Résidentielle
diarkoum,https://diarkoum.tn/details.php?id_annonce=13247,Terrain,20000,2024-05-07,Nabeul,Kélibia,Kélibia,8000,200,Non,Non,Non,Oui,,,Non,Non,Oui,Résidentielle
diarkoum,https://diarkoum.tn/details.php?id_annonce=13246,Terrain,20000,2024-05-07,Nabeul,Kélibia,Kélibia,8000,200,Non,Non,Non,Oui,,,Non,Non,Oui,Résidentielle
diarkoum,https://diarkoum.tn/details.php?id_annonce=13242,Terrain,20000,2024-05-07,Nabeul,Kélibia,Kélibia,8000,200,Non,Non,Non,Oui,,,Non,Non,Oui,Résidentielle
diarkoum,https://diarkoum.tn/details.php?id_annonce=13241,Terrain,20000,2024-05-07,Nabeul,Kélibia,Kélibia,8000,200,Non,Non,Non,Oui,,,Non,Non,Oui,Résidentielle
diarkoum,https://diarkoum.tn/details.php?id_annonce=13240,Terrain,20000,2024-05-07,Nabeul,Kélibia,Kélibia,8000,200,Non,Non,Non,Oui,,,Non,Non,Oui,Résidentielle
diarkoum,https://diarkoum.tn/details.php?id_annonce=13239,Terrain,20000,2024-05-07,Nabeul,Kélibia,Kélibia,8000,200,Non,Non,Non,Oui,,,Non,Non,Oui,Résidentielle
diarkoum,https://diarkoum.tn/details.php?id_annonce=13237,Terrain,20000,2024-05-06,Nabeul,Kélibia,Kélibia,8000,200,Non,Non,Non,Oui,,,Non,Non,Oui,Résidentielle
diarkoum,https://diarkoum.tn/details.php?id_annonce=12297,Terrain,180000,2024-05-06,Nabeul,Hammam Ghezeze,Hammam Ghezeze,8000,10000,Oui,Non,Non,Oui,,,Non,Non,Oui,Résidentielle
diarkoum,https://diarkoum.tn/details.php?id_annonce=12320,Terrain,180000,2024-05-06,Nabeul,Hammam Ghezeze,Hammam Ghezeze,8000,10000,Non,Non,Non,Oui,,,Non,Non,Oui,Résidentielle
diarkoum,https://diarkoum.tn/details.php?id_annonce=13233,Terrain,20000,2024-05-06,Nabeul,Kélibia,Kélibia,8000,200,Non,Non,Non,Oui,,,Non,Non,Oui,Résidentielle
diarkoum,https://diarkoum.tn/details.php?id_annonce=13232,Terrain,20000,2024-05-06,Nabeul,Kélibia,Kélibia,8000,200,Non,Non,Non,Oui,,,Non,Non,Oui,Résidentielle
diarkoum,https://diarkoum.tn/details.php?id_annonce=13231,Terrain,20000,2024-05-05,Nabeul,Kélibia,Kélibia,8000,200,Non,Non,Non,Oui,,,Non,Non,Oui,Résidentielle
diarkoum,https://diarkoum.tn/details.php?id_annonce=13038,Terrain,108000,2024-05-05,Nabeul,Kélibia,Kélibia,8000,178,Non,Non,Non,Oui,,,Non,Non,Oui,Résidentielle
diarkoum,https://diarkoum.tn/details.php?id_annonce=13055,Terrain,10000,2024-05-05,Nabeul,Kélibia,Kélibia,8000,2000,Titre Bleu,Non,Non,Oui,,,Non,Non,Oui,Résidentielle
diarkoum,https://diarkoum.tn/details.php?id_annonce=13229,Terrain,20000,2024-05-05,Nabeul,Kélibia,Kélibia,8000,200,Non,Non,Non,Oui,,,Non,Non,Oui,Résidentielle
diarkoum,https://diarkoum.tn/details.php?id_annonce=13228,Terrain,20000,2024-05-05,Nabeul,Kélibia,Kélibia,8000,200,Non,Non,Non,Oui,,,Non,Non,Oui,Résidentielle
diarkoum,https://diarkoum.tn/details.php?id_annonce=13227,Terrain,20000,2024-05-05,Nabeul,Kélibia,Kélibia,8000,200,Non,Non,Non,Oui,,,Non,Non,Oui,Résidentielle
diarkoum,https://diarkoum.tn/details.php?id_annonce=13226,Terrain,20000,2024-05-05,Nabeul,Kélibia,Kélibia,8000,200,Non,Non,Non,Oui,,,Non,Non,Oui,Résidentielle
diarkoum,https://diarkoum.tn/details.php?id_annonce=13225,Terrain,20000,2024-05-04,Nabeul,Kélibia,Kélibia,8000,200,Non,Non,Non,Oui,,,Non,Non,Oui,Résidentielle
diarkoum,https://diarkoum.tn/details.php?id_annonce=13224,Terrain,20000,2024-05-04,Nabeul,Kélibia,Kélibia,8000,200,Non,Non,Non,Oui,,,Non,Non,Oui,Résidentielle
diarkoum,https://diarkoum.tn/details.php?id_annonce=13221,Terrain,20000,2024-05-04,Nabeul,Kélibia,Kélibia,8000,200,Non,Non,Non,Oui,,,Non,Non,Oui,Résidentielle
diarkoum,https://diarkoum.tn/details.php?id_annonce=13220,Terrain,20000,2024-05-04,Nabeul,Kélibia,Kélibia,8000,200,Non,Non,Non,Oui,,,Non,Non,Oui,Résidentielle
diarkoum,https://diarkoum.tn/details.php?id_annonce=13214,Terrain,20000,2024-05-03,Nabeul,Nabeul,Nabeul,8000,200,Non,Non,Non,Oui,,,Non,Non,Oui,Résidentielle
diarkoum,https://diarkoum.tn/details.php?id_annonce=13212,Terrain,20000,2024-05-03,Nabeul,Kélibia,Kélibia,8000,200,Non,Non,Non,Oui,,,Non,Non,Oui,Résidentielle
diarkoum,https://diarkoum.tn/details.php?id_annonce=13208,Terrain,20000,2024-05-03,Nabeul,Kélibia,Kélibia,8000,200,Non,Non,Non,Oui,,,Non,Non,Oui,Résidentielle
diarkoum,https://diarkoum.tn/details.php?id_annonce=13206,Terrain,20000,2024-05-03,Nabeul,Kélibia,Kélibia,8000,200,Non,Non,Non,Oui,,,Non,Non,Oui,Résidentielle
diarkoum,https://diarkoum.tn/details.php?id_annonce=13205,Terrain,20000,2024-05-03,Nabeul,Kélibia,Kélibia,8000,200,Non,Non,Non,Oui,,,Non,Non,Oui,Résidentielle
diarkoum,https://diarkoum.tn/details.php?id_annonce=13201,Terrain,20000,2024-05-02,Nabeul,Kélibia,Kélibia,8000,200,Non,Non,Non,Oui,,,Non,Non,Oui,Résidentielle
diarkoum,https://diarkoum.tn/details.php?id_annonce=13198,Terrain,20000,2024-05-02,Nabeul,Kélibia,Kélibia,8000,200,Non,Non,Non,Oui,,,Non,Non,Oui,Résidentielle
diarkoum,https://diarkoum.tn/details.php?id_annonce=13193,Terrain,20000,2024-05-02,Nabeul,Kélibia,Kélibia,8000,200,Non,Non,Non,Oui,,,Non,Non,Oui,Résidentielle
diarkoum,https://diarkoum.tn/details.php?id_annonce=13184,Terrain,20000,2024-05-02,Nabeul,Kélibia,Kélibia,8000,200,Non,Non,Non,Oui,,,Non,Non,Oui,Résidentielle
diarkoum,https://diarkoum.tn/details.php?id_annonce=13155,Terrain,20000,2024-04-29,Nabeul,Kélibia,Kélibia,8000,200,Non,Non,Non,Oui,,,Non,Non,Oui,Résidentielle
diarkoum,https://diarkoum.tn/details.php?id_annonce=13154,Terrain,20000,2024-04-29,Nabeul,Kélibia,Kélibia,8000,200,Non,Non,Non,Oui,,,Non,Non,Oui,Résidentielle
diarkoum,https://diarkoum.tn/details.php?id_annonce=13147,Terrain,20000,2024-04-29,Nabeul,Kélibia,Kélibia,8000,200,Non,Non,Non,Oui,,,Non,Non,Oui,Résidentielle
diarkoum,https://diarkoum.tn/details.php?id_annonce=13151,Terrain,20000,2024-04-29,Nabeul,Kélibia,Kélibia,8000,200,Non,Non,Non,Oui,,,Non,Non,Oui,Résidentielle
diarkoum,https://diarkoum.tn/details.php?id_annonce=13145,Terrain,20000,2024-04-29,Nabeul,Kélibia,Kélibia,8000,200,Non,Non,Non,Oui,,,Non,Non,Oui,Résidentielle
diarkoum,https://diarkoum.tn/details.php?id_annonce=13144,Terrain,20000,2024-04-29,Nabeul,Kélibia,Kélibia,8000,200,Non,Non,Non,Oui,,,Non,Non,Oui,Résidentielle
diarkoum,https://diarkoum.tn/details.php?id_annonce=13142,Terrain,20000,2024-04-28,Nabeul,Kélibia,Kélibia,8000,200,Non,Non,Non,Oui,,,Non,Non,Oui,Résidentielle
diarkoum,https://diarkoum.tn/details.php?id_annonce=13141,Terrain,20000,2024-04-28,Nabeul,Kélibia,Kélibia,8000,200,Non,Non,Non,Oui,,,Non,Non,Oui,Résidentielle
diarkoum,https://diarkoum.tn/details.php?id_annonce=13140,Terrain,20000,2024-04-28,Nabeul,Kélibia,Kélibia,8000,200,Non,Non,Non,Oui,,,Non,Non,Oui,Résidentielle
diarkoum,https://diarkoum.tn/details.php?id_annonce=13139,Terrain,20000,2024-04-28,Nabeul,Kélibia,Kélibia,8000,200,Non,Non,Non,Oui,,,Non,Non,Oui,Résidentielle
diarkoum,https://diarkoum.tn/details.php?id_annonce=13138,Terrain,20000,2024-04-28,Nabeul,Kélibia,Kélibia,8000,200,Non,Non,Non,Oui,,,Non,Non,Oui,Résidentielle
diarkoum,https://diarkoum.tn/details.php?id_annonce=13137,Terrain,20000,2024-04-28,Nabeul,Kélibia,Kélibia,8000,200,Non,Non,Non,Oui,,,Non,Non,Oui,Résidentielle
diarkoum,https://diarkoum.tn/details.php?id_annonce=13136,Terrain,20000,2024-04-27,Nabeul,Kélibia,Kélibia,8000,200,Non,Non,Non,Oui,,,Non,Non,Oui,Résidentielle
diarkoum,https://diarkoum.tn/details.php?id_annonce=13134,Terrain,20000,2024-04-27,Nabeul,Kélibia,Kélibia,8000,200,Non,Non,Non,Oui,,,Non,Non,Oui,Résidentielle
diarkoum,https://diarkoum.tn/details.php?id_annonce=13129,Terrain,20000,2024-04-27,Nabeul,Kélibia,Kélibia,8000,200,Non,Non,Non,Oui,,,Non,Non,Oui,Résidentielle
diarkoum,https://diarkoum.tn/details.php?id_annonce=13128,Terrain,20000,2024-04-27,Nabeul,Kélibia,Kélibia,8000,200,Non,Non,Non,Oui,,,Non,Non,Oui,Résidentielle
diarkoum,https://diarkoum.tn/details.php?id_annonce=13121,Terrain,20000,2024-04-26,Nabeul,Kélibia,Kélibia,8000,120000,Non,Non,Non,Oui,,,Oui,Non,Oui,Résidentielle
diarkoum,https://diarkoum.tn/details.php?id_annonce=13118,Terrain,20000,2024-04-26,Nabeul,Kélibia,Kélibia,8000,200,Non,Non,Non,Oui,,,Non,Non,Oui,Résidentielle
diarkoum,https://diarkoum.tn/details.php?id_annonce=13117,Terrain,20000,2024-04-26,Nabeul,Kélibia,Kélibia,8000,200,Non,Non,Non,Oui,,,Non,Non,Oui,Résidentielle
diarkoum,https://diarkoum.tn/details.php?id_annonce=13115,Terrain,20000,2024-04-26,Nabeul,Kélibia,Kélibia,8000,200,Non,Non,Non,Oui,,,Non,Non,Oui,Résidentielle
diarkoum,https://diarkoum.tn/details.php?id_annonce=13112,Terrain,20000,2024-04-26,Nabeul,Kélibia,Kélibia,8000,200,Non,Non,Non,Oui,,,Non,Non,Oui,Résidentielle
diarkoum,https://diarkoum.tn/details.php?id_annonce=13110,Terrain,20000,2024-04-26,Nabeul,Kélibia,Kélibia,8000,200,Non,Non,Non,Oui,,,Non,Non,Oui,Résidentielle
diarkoum,https://diarkoum.tn/details.php?id_annonce=13109,Terrain,20000,2024-04-26,Nabeul,Kélibia,Kélibia,8000,200,Non,Non,Non,Oui,,,Non,Non,Oui,Résidentielle
diarkoum,https://diarkoum.tn/details.php?id_annonce=13108,Terrain,20000,2024-04-26,Nabeul,Kélibia,Kélibia,8000,200,Non,Non,Non,Oui,,,Non,Non,Oui,Résidentielle
diarkoum,https://diarkoum.tn/details.php?id_annonce=13101,Terrain,20000,2024-04-25,Nabeul,Kélibia,Kélibia,8000,200,Non,Non,Non,Oui,,,Non,Non,Oui,Résidentielle
diarkoum,https://diarkoum.tn/details.php?id_annonce=13100,Terrain,20000,2024-04-25,Nabeul,Kélibia,Kélibia,8000,200,Non,Non,Non,Oui,,,Non,Non,Oui,Résidentielle
diarkoum,https://diarkoum.tn/details.php?id_annonce=13095,Terrain,20000,2024-04-25,Nabeul,Kélibia,Kélibia,8000,200,Non,Non,Non,Oui,,,Non,Non,Oui,Résidentielle
diarkoum,https://diarkoum.tn/details.php?id_annonce=13093,Terrain,20000,2024-04-25,Nabeul,Kélibia,Kélibia,8000,200,Non,Non,Non,Oui,,,Non,Non,Oui,Résidentielle
diarkoum,https://diarkoum.tn/details.php?id_annonce=13092,Terrain,20000,2024-04-25,Nabeul,Kélibia,Kélibia,8000,200,Non,Non,Non,Oui,,,Non,Non,Oui,Résidentielle
diarkoum,https://diarkoum.tn/details.php?id_annonce=13091,Terrain,20000,2024-04-25,Nabeul,Kélibia,Kélibia,8000,200,Non,Non,Non,Oui,,,Non,Non,Oui,Résidentielle
diarkoum,https://diarkoum.tn/details.php?id_annonce=13084,Terrain,20000,2024-04-24,Nabeul,Kélibia,Kélibia,8000,200,Non,Non,Non,Oui,,,Non,Non,Oui,Résidentielle
diarkoum,https://diarkoum.tn/details.php?id_annonce=13083,Terrain,20000,2024-04-24,Nabeul,Kélibia,Kélibia,8000,200,Non,Non,Non,Oui,,,Non,Non,Oui,Résidentielle
diarkoum,https://diarkoum.tn/details.php?id_annonce=13079,Terrain,20000,2024-04-24,Nabeul,Kélibia,Kélibia,8000,200,Non,Non,Non,Oui,,,Non,Non,Oui,Résidentielle
diarkoum,https://diarkoum.tn/details.php?id_annonce=13078,Terrain,20000,2024-04-24,Nabeul,Kélibia,Kélibia,8000,200,Non,Non,Non,Oui,,,Non,Non,Oui,Résidentielle
diarkoum,https://diarkoum.tn/details.php?id_annonce=13077,Terrain,20000,2024-04-24,Nabeul,Kélibia,Kélibia,8000,200,Non,Non,Non,Oui,,,Non,Non,Oui,Résidentielle
diarkoum,https://diarkoum.tn/details.php?id_annonce=13076,Terrain,20000,2024-04-24,Nabeul,Kélibia,Kélibia,8000,200,Non,Non,Non,Oui,,,Non,Non,Oui,Résidentielle
diarkoum,https://diarkoum.tn/details.php?id_annonce=13075,Terrain,20000,2024-04-24,Nabeul,Kélibia,Kélibia,8000,200,Non,Non,Non,Oui,,,Non,Non,Oui,Résidentielle
diarkoum,https://diarkoum.tn/details.php?id_annonce=13050,Terrain,20000,2024-04-22,Nabeul,Kélibia,Kélibia,8000,200,Non,Non,Non,Oui,,,Non,Non,Oui,Résidentielle
diarkoum,https://diarkoum.tn/details.php?id_annonce=13048,Terrain,138000,2024-04-22,Nabeul,Kélibia,Kélibia,8000,303,Non,Non,Non,Oui,,,Non,Non,Oui,Résidentielle
diarkoum,https://diarkoum.tn/details.php?id_annonce=13045,Terrain,20000,2024-04-22,Nabeul,Kélibia,Kélibia,8000,200,Non,Non,Non,Oui,,,Non,Non,Oui,Résidentielle
diarkoum,https://diarkoum.tn/details.php?id_annonce=13039,Terrain,20000,2024-04-22,Nabeul,Kélibia,Kélibia,8000,200,Non,Non,Non,Oui,,,Non,Non,Oui,Résidentielle
diarkoum,https://diarkoum.tn/details.php?id_annonce=13035,Terrain,20000,2024-04-22,Nabeul,Kélibia,Kélibia,8000,200,Non,Non,Non,Oui,,,Non,Non,Oui,Résidentielle
diarkoum,https://diarkoum.tn/details.php?id_annonce=13034,Terrain,20000,2024-04-22,Nabeul,Kélibia,Kélibia,8000,200,Non,Non,Non,Oui,,,Non,Non,Oui,Résidentielle
diarkoum,https://diarkoum.tn/details.php?id_annonce=13032,Terrain,20000,2024-04-21,Nabeul,Kélibia,Kélibia,8000,200,Non,Non,Non,Oui,,,Non,Non,Oui,Résidentielle
diarkoum,https://diarkoum.tn/details.php?id_annonce=13031,Terrain,20000,2024-04-21,Nabeul,Kélibia,Kélibia,8000,200,Non,Non,Non,Oui,,,Non,Non,Oui,Résidentielle
diarkoum,https://diarkoum.tn/details.php?id_annonce=13030,Terrain,20000,2024-04-21,Nabeul,Kélibia,Kélibia,8000,200,Non,Non,Non,Oui,,,Non,Non,Oui,Résidentielle
diarkoum,https://diarkoum.tn/details.php?id_annonce=13029,Terrain,20000,2024-04-21,Nabeul,Kélibia,Kélibia,8000,200,Non,Non,Non,Oui,,,Non,Non,Oui,Résidentielle
diarkoum,https://diarkoum.tn/details.php?id_annonce=13028,Terrain,20000,2024-04-21,Nabeul,Kélibia,Kélibia,8000,200,Non,Non,Non,Oui,,,Non,Non,Oui,Résidentielle
diarkoum,https://diarkoum.tn/details.php?id_annonce=13027,Terrain,20000,2024-04-21,Nabeul,Kélibia,Kélibia,8000,200,Non,Non,Non,Oui,,,Non,Non,Oui,Résidentielle
diarkoum,https://diarkoum.tn/details.php?id_annonce=13026,Terrain,20000,2024-04-20,Nabeul,Kélibia,Kélibia,8000,200,Non,Non,Non,Oui,,,Non,Non,Oui,Résidentielle
diarkoum,https://diarkoum.tn/details.php?id_annonce=13025,Terrain,20000,2024-04-20,Nabeul,Kélibia,Kélibia,8000,200,Non,Non,Non,Oui,,,Non,Non,Oui,Résidentielle
diarkoum,https://diarkoum.tn/details.php?id_annonce=13023,Terrain,20000,2024-04-20,Nabeul,Kélibia,Kélibia,8000,200,Non,Non,Non,Oui,,,Non,Non,Oui,Résidentielle
diarkoum,https://diarkoum.tn/details.php?id_annonce=13022,Terrain,20000,2024-04-20,Nabeul,Kélibia,Kélibia,8000,200,Non,Non,Non,Oui,,,Non,Non,Oui,Résidentielle
diarkoum,https://diarkoum.tn/details.php?id_annonce=13017,Terrain,20000,2024-04-20,Nabeul,Kélibia,Kélibia,8000,200,Non,Non,Non,Oui,,,Non,Non,Oui,Résidentielle
diarkoum,https://diarkoum.tn/details.php?id_annonce=13015,Terrain,20000,2024-04-20,Nabeul,Kélibia,Kélibia,8000,200,Non,Non,Non,Oui,,,Non,Non,Oui,Résidentielle
diarkoum,https://diarkoum.tn/details.php?id_annonce=13014,Terrain,20000,2024-04-20,Nabeul,Kélibia,Kélibia,8000,200,Non,Non,Non,Oui,,,Non,Non,Oui,Résidentielle
diarkoum,https://diarkoum.tn/details.php?id_annonce=13004,Terrain,20000,2024-04-19,Nabeul,Kélibia,Kélibia,8000,200,Non,Non,Non,Oui,,,Non,Non,Oui,Résidentielle
diarkoum,https://diarkoum.tn/details.php?id_annonce=13002,Terrain,20000,2024-04-19,Nabeul,Kélibia,Kélibia,8000,200,Non,Non,Non,Oui,,,Non,Non,Oui,Résidentielle
diarkoum,https://diarkoum.tn/details.php?id_annonce=13000,Terrain,20000,2024-04-19,Nabeul,Kélibia,Kélibia,8000,200,Non,Non,Non,Oui,,,Non,Non,Oui,Résidentielle
diarkoum,https://diarkoum.tn/details.php?id_annonce=12994,Terrain,20000,2024-04-19,Nabeul,Kélibia,Kélibia,8000,200,Non,Non,Non,Oui,,,Non,Non,Oui,Résidentielle
diarkoum,https://diarkoum.tn/details.php?id_annonce=12993,Terrain,20000,2024-04-19,Nabeul,Kélibia,Kélibia,8000,200,Non,Non,Non,Oui,,,Non,Non,Oui,Résidentielle
diarkoum,https://diarkoum.tn/details.php?id_annonce=12987,Terrain,20000,2024-04-18,Nabeul,Kélibia,Kélibia,8000,200,Non,Non,Non,Oui,,,Non,Non,Oui,Résidentielle
diarkoum,https://diarkoum.tn/details.php?id_annonce=12983,Terrain,20000,2024-04-18,Nabeul,Kélibia,Kélibia,8000,200,Non,Non,Non,Oui,,,Non,Non,Oui,Résidentielle
diarkoum,https://diarkoum.tn/details.php?id_annonce=12980,Terrain,20000,2024-04-18,Nabeul,Kélibia,Kélibia,8000,200,Non,Non,Non,Oui,,,Non,Non,Oui,Résidentielle
diarkoum,https://diarkoum.tn/details.php?id_annonce=12976,Terrain,20000,2024-04-18,Nabeul,Kélibia,Kélibia,8000,200,Non,Non,Non,Oui,,,Non,Non,Oui,Résidentielle
diarkoum,https://diarkoum.tn/details.php?id_annonce=12973,Terrain,20000,2024-04-18,Nabeul,Kélibia,Kélibia,8000,200,Non,Non,Non,Oui,,,Non,Non,Oui,Résidentielle
diarkoum,https://diarkoum.tn/details.php?id_annonce=12971,Terrain,20000,2024-04-18,Nabeul,Kélibia,Kélibia,8000,200,Non,Non,Non,Oui,,,Non,Non,Oui,Résidentielle
diarkoum,https://diarkoum.tn/details.php?id_annonce=12970,Terrain,20000,2024-04-18,Nabeul,Kélibia,Kélibia,8000,200,Non,Non,Non,Oui,,,Non,Non,Oui,Résidentielle
diarkoum,https://diarkoum.tn/details.php?id_annonce=12963,Terrain,20000,2024-04-17,Nabeul,Kélibia,Kélibia,8000,200,Non,Non,Non,Oui,,,Non,Non,Oui,Résidentielle
diarkoum,https://diarkoum.tn/details.php?id_annonce=12960,Terrain,20000,2024-04-17,Nabeul,Kélibia,Kélibia,8000,200,Non,Non,Non,Oui,,,Non,Non,Oui,Résidentielle
diarkoum,https://diarkoum.tn/details.php?id_annonce=12957,Terrain,20000,2024-04-17,Nabeul,Kélibia,Kélibia,8000,200,Non,Non,Non,Oui,,,Non,Non,Oui,Résidentielle
diarkoum,https://diarkoum.tn/details.php?id_annonce=12955,Terrain,20000,2024-04-17,Nabeul,Kélibia,Kélibia,8000,200,Non,Non,Non,Oui,,,Non,Non,Oui,Résidentielle
diarkoum,https://diarkoum.tn/details.php?id_annonce=12953,Terrain,20000,2024-04-17,Nabeul,Kélibia,Kélibia,8000,200,Non,Non,Non,Oui,,,Non,Non,Oui,Résidentielle
diarkoum,https://diarkoum.tn/details.php?id_annonce=12952,Terrain,20000,2024-04-17,Nabeul,Kélibia,Kélibia,8000,200,Non,Non,Non,Oui,,,Non,Non,Oui,Résidentielle
diarkoum,https://diarkoum.tn/details.php?id_annonce=12938,Terrain,20000,2024-04-15,Nabeul,Kélibia,Kélibia,8000,200,Non,Non,Non,Oui,,,Non,Non,Oui,Résidentielle
diarkoum,https://diarkoum.tn/details.php?id_annonce=12933,Terrain,20000,2024-04-15,Nabeul,Kélibia,Kélibia,8000,200,Non,Non,Non,Oui,,,Non,Non,Oui,Résidentielle
diarkoum,https://diarkoum.tn/details.php?id_annonce=12732,Terrain,1,2024-04-15,Médenine,Djerba - Houmt Souk,Djerba - Houmt Souk,4180,170,Titre Bleu,Non,Oui,Oui,7x3,,Non,Non,Oui,Résidentielle
diarkoum,https://diarkoum.tn/details.php?id_annonce=12931,Terrain,1,2024-04-15,Médenine,Djerba - Houmt Souk,Djerba - Houmt Souk,4180,170,Titre Bleu,Non,Oui,Oui,7x3,,Non,Non,Oui,Résidentielle
diarkoum,https://diarkoum.tn/details.php?id_annonce=12927,Terrain,20000,2024-04-15,Nabeul,Kélibia,Kélibia,8000,200,Non,Non,Non,Oui,,,Non,Non,Oui,Résidentielle
diarkoum,https://diarkoum.tn/details.php?id_annonce=12925,Terrain,20000,2024-04-15,Nabeul,Kélibia,Kélibia,8000,200,Non,Non,Non,Oui,,,Non,Non,Oui,Résidentielle
diarkoum,https://diarkoum.tn/details.php?id_annonce=12924,Terrain,20000,2024-04-15,Nabeul,Kélibia,Kélibia,8000,200,Non,Non,Non,Oui,,,Non,Non,Oui,Résidentielle
diarkoum,https://diarkoum.tn/details.php?id_annonce=12923,Terrain,20000,2024-04-14,Nabeul,Kélibia,Kélibia,8000,200,Non,Non,Non,Oui,,,Non,Non,Oui,Résidentielle
diarkoum,https://diarkoum.tn/details.php?id_annonce=12922,Terrain,20000,2024-04-14,Nabeul,Kélibia,Kélibia,8000,200,Non,Non,Non,Oui,,,Non,Non,Oui,Résidentielle
diarkoum,https://diarkoum.tn/details.php?id_annonce=12921,Terrain,20000,2024-04-14,Nabeul,Kélibia,Kélibia,8000,200,Non,Non,Non,Oui,,,Non,Non,Oui,Résidentielle
diarkoum,https://diarkoum.tn/details.php?id_annonce=12920,Terrain,20000,2024-04-14,Nabeul,Kélibia,Kélibia,8000,200,Non,Non,Non,Oui,,,Non,Non,Oui,Résidentielle
diarkoum,https://diarkoum.tn/details.php?id_annonce=12919,Terrain,20000,2024-04-14,Nabeul,Kélibia,Kélibia,8000,200,Non,Non,Non,Oui,,,Non,Non,Oui,Résidentielle
diarkoum,https://diarkoum.tn/details.php?id_annonce=12918,Terrain,20000,2024-04-14,Nabeul,Kélibia,Kélibia,8000,200,Non,Non,Non,Oui,,,Non,Non,Oui,Résidentielle
diarkoum,https://diarkoum.tn/details.php?id_annonce=12917,Terrain,20000,2024-04-14,Nabeul,Kélibia,Kélibia,8000,200,Non,Non,Non,Oui,,,Non,Non,Oui,Résidentielle
diarkoum,https://diarkoum.tn/details.php?id_annonce=12916,Terrain,20000,2024-04-13,Nabeul,Kélibia,Kélibia,8000,200,Non,Non,Non,Oui,,,Non,Non,Oui,Résidentielle
diarkoum,https://diarkoum.tn/details.php?id_annonce=12915,Terrain,20000,2024-04-13,Nabeul,Kélibia,Kélibia,8000,200,Non,Non,Non,Oui,,,Non,Non,Oui,Résidentielle
diarkoum,https://diarkoum.tn/details.php?id_annonce=12914,Terrain,20000,2024-04-13,Nabeul,Kélibia,Kélibia,8000,200,Non,Non,Non,Oui,,,Non,Non,Oui,Résidentielle
diarkoum,https://diarkoum.tn/details.php?id_annonce=12911,Terrain,20000,2024-04-13,Nabeul,Kélibia,Kélibia,8000,200,Non,Non,Non,Oui,,,Non,Non,Oui,Résidentielle
diarkoum,https://diarkoum.tn/details.php?id_annonce=12908,Terrain,20000,2024-04-13,Nabeul,Kélibia,Kélibia,8000,200,Non,Non,Non,Oui,,,Non,Non,Oui,Résidentielle
diarkoum,https://diarkoum.tn/details.php?id_annonce=12906,Terrain,20000,2024-04-13,Nabeul,Kélibia,Kélibia,8000,200,Non,Non,Non,Oui,,,Non,Non,Oui,Résidentielle
diarkoum,https://diarkoum.tn/details.php?id_annonce=12905,Terrain,20000,2024-04-13,Nabeul,Kélibia,Kélibia,8000,200,Non,Non,Non,Oui,,,Non,Non,Oui,Résidentielle
diarkoum,https://diarkoum.tn/details.php?id_annonce=12898,Terrain,20000,2024-04-12,Nabeul,Kélibia,Kélibia,8000,200,Non,Non,Non,Oui,,,Non,Non,Oui,Résidentielle
diarkoum,https://diarkoum.tn/details.php?id_annonce=12893,Terrain,20000,2024-04-12,Nabeul,Kélibia,Kélibia,8000,200,Non,Non,Non,Oui,,,Non,Non,Oui,Résidentielle
diarkoum,https://diarkoum.tn/details.php?id_annonce=12890,Terrain,20000,2024-04-12,Nabeul,Kélibia,Kélibia,8000,200,Non,Non,Non,Oui,,,Non,Non,Oui,Résidentielle
diarkoum,https://diarkoum.tn/details.php?id_annonce=12888,Terrain,20000,2024-04-12,Nabeul,Kélibia,Kélibia,8000,200,Non,Non,Non,Oui,,,Non,Non,Oui,Résidentielle
diarkoum,https://diarkoum.tn/details.php?id_annonce=12887,Terrain,20000,2024-04-12,Nabeul,Kélibia,Kélibia,8000,200,Non,Non,Non,Oui,,,Non,Non,Oui,Résidentielle
diarkoum,https://diarkoum.tn/details.php?id_annonce=12886,Terrain,20000,2024-04-12,Nabeul,Kélibia,Kélibia,8000,200,Non,Non,Non,Oui,,,Non,Non,Oui,Résidentielle
diarkoum,https://diarkoum.tn/details.php?id_annonce=12876,Terrain,20000,2024-04-08,Nabeul,Kélibia,Kélibia,8000,200,Non,Non,Non,Oui,,,Non,Non,Oui,Résidentielle
diarkoum,https://diarkoum.tn/details.php?id_annonce=12875,Terrain,20000,2024-04-08,Nabeul,Kélibia,Kélibia,8000,200,Non,Non,Non,Oui,,,Non,Non,Oui,Résidentielle
diarkoum,https://diarkoum.tn/details.php?id_annonce=12874,Terrain,20000,2024-04-08,Nabeul,Kélibia,Kélibia,8000,200,Non,Non,Non,Oui,,,Non,Non,Oui,Résidentielle
diarkoum,https://diarkoum.tn/details.php?id_annonce=12873,Terrain,20000,2024-04-07,Nabeul,Kélibia,Kélibia,8000,200,Non,Non,Non,Oui,,,Non,Non,Oui,Résidentielle
diarkoum,https://diarkoum.tn/details.php?id_annonce=12872,Terrain,20000,2024-04-07,Nabeul,Kélibia,Kélibia,8000,200,Non,Non,Non,Oui,,,Non,Non,Oui,Résidentielle
diarkoum,https://diarkoum.tn/details.php?id_annonce=12871,Terrain,20000,2024-04-07,Nabeul,Kélibia,Kélibia,8000,200,Non,Non,Non,Oui,,,Non,Non,Oui,Résidentielle
diarkoum,https://diarkoum.tn/details.php?id_annonce=12870,Terrain,20000,2024-04-07,Nabeul,Kélibia,Kélibia,8000,200,Non,Non,Non,Oui,,,Non,Non,Oui,Résidentielle
diarkoum,https://diarkoum.tn/details.php?id_annonce=12869,Terrain,20000,2024-04-07,Nabeul,Kélibia,Kélibia,8000,200,Non,Non,Non,Oui,,,Non,Non,Oui,Résidentielle
diarkoum,https://diarkoum.tn/details.php?id_annonce=12868,Terrain,20000,2024-04-06,Nabeul,Kélibia,Kélibia,8000,200,Non,Non,Non,Oui,,,Non,Non,Oui,Résidentielle
diarkoum,https://diarkoum.tn/details.php?id_annonce=12865,Terrain,20000,2024-04-06,Nabeul,Kélibia,Kélibia,8000,200,Non,Non,Non,Oui,,,Non,Non,Oui,Résidentielle
diarkoum,https://diarkoum.tn/details.php?id_annonce=12862,Terrain,20000,2024-04-06,Nabeul,Kélibia,Kélibia,8000,200,Non,Non,Non,Oui,,,Non,Non,Oui,Résidentielle
diarkoum,https://diarkoum.tn/details.php?id_annonce=12859,Terrain,470000,2024-04-06,Nabeul,Kélibia,Kélibia,8000,5844,Non,Non,Non,Oui,,,Non,Non,Oui,Résidentielle
diarkoum,https://diarkoum.tn/details.php?id_annonce=12856,Terrain,20000,2024-04-06,Nabeul,Kélibia,Kélibia,8000,200,Non,Non,Non,Oui,,,Non,Non,Oui,Résidentielle
diarkoum,https://diarkoum.tn/details.php?id_annonce=12854,Terrain,20000,2024-04-06,Nabeul,Kélibia,Kélibia,8000,200,Non,Non,Non,Oui,,,Non,Non,Oui,Résidentielle
diarkoum,https://diarkoum.tn/details.php?id_annonce=12853,Terrain,20000,2024-04-06,Nabeul,Kélibia,Kélibia,8000,200,Non,Non,Non,Oui,,,Non,Non,Oui,Résidentielle
diarkoum,https://diarkoum.tn/details.php?id_annonce=12852,Terrain,20000,2024-04-06,Nabeul,Kélibia,Kélibia,8000,200,Non,Non,Non,Oui,,,Non,Non,Oui,Résidentielle
diarkoum,https://diarkoum.tn/details.php?id_annonce=12851,Terrain,20000,2024-04-05,Nabeul,Kélibia,Kélibia,8000,200,Non,Non,Non,Oui,,,Non,Non,Oui,Résidentielle
diarkoum,https://diarkoum.tn/details.php?id_annonce=12846,Terrain,20000,2024-04-05,Nabeul,Kélibia,Kélibia,8000,200,Non,Non,Non,Oui,,,Non,Non,Oui,Résidentielle
diarkoum,https://diarkoum.tn/details.php?id_annonce=12843,Terrain,20000,2024-04-05,Nabeul,Kélibia,Kélibia,8000,200,Non,Non,Non,Oui,,,Non,Non,Oui,Résidentielle
diarkoum,https://diarkoum.tn/details.php?id_annonce=12839,Terrain,20000,2024-04-05,Nabeul,Kélibia,Kélibia,8000,200,Non,Non,Non,Oui,,,Non,Non,Oui,Résidentielle
diarkoum,https://diarkoum.tn/details.php?id_annonce=12836,Terrain,20000,2024-04-05,Nabeul,Kélibia,Kélibia,8000,200,Non,Non,Non,Oui,,,Non,Non,Oui,Résidentielle
diarkoum,https://diarkoum.tn/details.php?id_annonce=12835,Terrain,20000,2024-04-05,Nabeul,Kélibia,Kélibia,8000,200,Non,Non,Non,Oui,,,Non,Non,Oui,Résidentielle
diarkoum,https://diarkoum.tn/details.php?id_annonce=12834,Terrain,20000,2024-04-05,Nabeul,Kélibia,Kélibia,8000,200,Non,Non,Non,Oui,,,Non,Non,Oui,Résidentielle
diarkoum,https://diarkoum.tn/details.php?id_annonce=12833,Terrain,20000,2024-04-04,Nabeul,Kélibia,Kélibia,8000,200,Non,Non,Non,Oui,,,Non,Non,Oui,Résidentielle
diarkoum,https://diarkoum.tn/details.php?id_annonce=12831,Terrain,20000,2024-04-04,Nabeul,Kélibia,Kélibia,8000,200,Non,Non,Non,Oui,,,Non,Non,Oui,Résidentielle
diarkoum,https://diarkoum.tn/details.php?id_annonce=12825,Terrain,20000,2024-04-04,Nabeul,Kélibia,Kélibia,8000,200,Non,Non,Non,Oui,,,Non,Non,Oui,Résidentielle
diarkoum,https://diarkoum.tn/details.php?id_annonce=12823,Terrain,20000,2024-04-04,Nabeul,Kélibia,Kélibia,8000,200,Non,Non,Non,Oui,,,Non,Non,Oui,Résidentielle
diarkoum,https://diarkoum.tn/details.php?id_annonce=12821,Terrain,20000,2024-04-04,Nabeul,Kélibia,Kélibia,8000,200,Non,Non,Non,Oui,,,Non,Non,Oui,Résidentielle
diarkoum,https://diarkoum.tn/details.php?id_annonce=12820,Terrain,20000,2024-04-04,Nabeul,Kélibia,Kélibia,8000,200,Non,Non,Non,Oui,,,Non,Non,Oui,Résidentielle
diarkoum,https://diarkoum.tn/details.php?id_annonce=12819,Terrain,20000,2024-04-04,Nabeul,Kélibia,Kélibia,8000,200,Non,Non,Non,Oui,,,Non,Non,Oui,Résidentielle
diarkoum,https://diarkoum.tn/details.php?id_annonce=12818,Terrain,20000,2024-04-03,Nabeul,Kélibia,Kélibia,8000,200,Non,Non,Non,Oui,,,Non,Non,Oui,Résidentielle
diarkoum,https://diarkoum.tn/details.php?id_annonce=12814,Terrain,20000,2024-04-03,Nabeul,Kélibia,Kélibia,8000,200,Non,Non,Non,Oui,,,Non,Non,Oui,Résidentielle
diarkoum,https://diarkoum.tn/details.php?id_annonce=12813,Terrain,20000,2024-04-03,Nabeul,Kélibia,Kélibia,8000,200,Non,Non,Non,Oui,,,Non,Non,Oui,Résidentielle
diarkoum,https://diarkoum.tn/details.php?id_annonce=12811,Terrain,20000,2024-04-03,Nabeul,Kélibia,Kélibia,8000,200,Non,Non,Non,Oui,,,Non,Non,Oui,Résidentielle
diarkoum,https://diarkoum.tn/details.php?id_annonce=12810,Terrain,20000,2024-04-03,Nabeul,Kélibia,Kélibia,8000,200,Non,Non,Non,Oui,,,Non,Non,Oui,Résidentielle
diarkoum,https://diarkoum.tn/details.php?id_annonce=12809,Terrain,20000,2024-04-03,Nabeul,Kélibia,Kélibia,8000,200,Non,Non,Non,Oui,,,Non,Non,Oui,Résidentielle
diarkoum,https://diarkoum.tn/details.php?id_annonce=12803,Terrain,20000,2024-04-01,Nabeul,Kélibia,Kélibia,8000,200,Non,Non,Non,Oui,,,Non,Non,Oui,Résidentielle
diarkoum,https://diarkoum.tn/details.php?id_annonce=12800,Terrain,20000,2024-04-01,Nabeul,Kélibia,Kélibia,8000,200,Non,Non,Non,Oui,,,Non,Non,Oui,Résidentielle
diarkoum,https://diarkoum.tn/details.php?id_annonce=12797,Terrain,20000,2024-04-01,Nabeul,Kélibia,Kélibia,8000,200,Non,Non,Non,Oui,,,Non,Non,Oui,Résidentielle
diarkoum,https://diarkoum.tn/details.php?id_annonce=12793,Terrain,20000,2024-04-01,Nabeul,Kélibia,Kélibia,8000,200,Non,Non,Non,Oui,,,Non,Non,Oui,Résidentielle
diarkoum,https://diarkoum.tn/details.php?id_annonce=12792,Terrain,20000,2024-04-01,Nabeul,Kélibia,Kélibia,8000,200,Non,Non,Non,Oui,,,Non,Non,Oui,Résidentielle
diarkoum,https://diarkoum.tn/details.php?id_annonce=12791,Terrain,20000,2024-04-01,Nabeul,Kélibia,Kélibia,8000,200,Non,Non,Non,Oui,,,Non,Non,Oui,Résidentielle
diarkoum,https://diarkoum.tn/details.php?id_annonce=12790,Terrain,20000,2024-03-31,Nabeul,Kélibia,Kélibia,8000,200,Non,Non,Non,Oui,,,Non,Non,Oui,Résidentielle
diarkoum,https://diarkoum.tn/details.php?id_annonce=12789,Terrain,20000,2024-03-31,Nabeul,Kélibia,Kélibia,8000,200,Non,Non,Non,Oui,,,Non,Non,Oui,Résidentielle
diarkoum,https://diarkoum.tn/details.php?id_annonce=12788,Terrain,20000,2024-03-31,Nabeul,Kélibia,Kélibia,8000,200,Non,Non,Non,Oui,,,Non,Non,Oui,Résidentielle
diarkoum,https://diarkoum.tn/details.php?id_annonce=12787,Terrain,20000,2024-03-31,Nabeul,Kélibia,Kélibia,8000,200,Non,Non,Non,Oui,,,Non,Non,Oui,Résidentielle
diarkoum,https://diarkoum.tn/details.php?id_annonce=12786,Terrain,20000,2024-03-31,Nabeul,Kélibia,Kélibia,8000,200,Non,Non,Non,Oui,,,Non,Non,Oui,Résidentielle
diarkoum,https://diarkoum.tn/details.php?id_annonce=12785,Terrain,20000,2024-03-30,Nabeul,Kélibia,Kélibia,8000,200,Non,Non,Non,Oui,,,Non,Non,Oui,Résidentielle
diarkoum,https://diarkoum.tn/details.php?id_annonce=12783,Terrain,20000,2024-03-30,Nabeul,Kélibia,Kélibia,8000,200,Non,Non,Non,Oui,,,Non,Non,Oui,Résidentielle
diarkoum,https://diarkoum.tn/details.php?id_annonce=12782,Terrain,20000,2024-03-30,Nabeul,Kélibia,Kélibia,8000,200,Non,Non,Non,Oui,,,Non,Non,Oui,Résidentielle
diarkoum,https://diarkoum.tn/details.php?id_annonce=12781,Terrain,20000,2024-03-30,Nabeul,Kélibia,Kélibia,8000,200,Non,Non,Non,Oui,,,Non,Non,Oui,Résidentielle
diarkoum,https://diarkoum.tn/details.php?id_annonce=12778,Terrain,20000,2024-03-30,Nabeul,Kélibia,Kélibia,8000,200,Non,Non,Non,Oui,,,Non,Non,Oui,Résidentielle
diarkoum,https://diarkoum.tn/details.php?id_annonce=12777,Terrain,20000,2024-03-30,Nabeul,Kélibia,Kélibia,8000,200,Non,Non,Non,Oui,,,Non,Non,Oui,Résidentielle
diarkoum,https://diarkoum.tn/details.php?id_annonce=12776,Terrain,20000,2024-03-30,Nabeul,Kélibia,Kélibia,8000,200,Non,Non,Non,Oui,,,Non,Non,Oui,Résidentielle
diarkoum,https://diarkoum.tn/details.php?id_annonce=12774,Terrain,20000,2024-03-29,Nabeul,Kélibia,Kélibia,8000,200,Non,Non,Non,Oui,,,Non,Non,Oui,Résidentielle
diarkoum,https://diarkoum.tn/details.php?id_annonce=12771,Terrain,20000,2024-03-29,Nabeul,Kélibia,Kélibia,8000,200,Non,Non,Non,Oui,,,Non,Non,Oui,Résidentielle
diarkoum,https://diarkoum.tn/details.php?id_annonce=12769,Terrain,20000,2024-03-29,Nabeul,Kélibia,Kélibia,8000,200,Non,Non,Non,Oui,,,Non,Non,Oui,Résidentielle
diarkoum,https://diarkoum.tn/details.php?id_annonce=12767,Terrain,20000,2024-03-29,Nabeul,Kélibia,Kélibia,8000,200,Non,Non,Non,Oui,,,Non,Non,Oui,Résidentielle
diarkoum,https://diarkoum.tn/details.php?id_annonce=12766,Terrain,20000,2024-03-29,Nabeul,Kélibia,Kélibia,8000,200,Non,Non,Non,Oui,,,Non,Non,Oui,Résidentielle
diarkoum,https://diarkoum.tn/details.php?id_annonce=12764,Terrain,20000,2024-03-29,Nabeul,Kélibia,Kélibia,8000,200,Non,Non,Non,Oui,,,Non,Non,Oui,Résidentielle
diarkoum,https://diarkoum.tn/details.php?id_annonce=12763,Terrain,20000,2024-03-29,Nabeul,Kélibia,Kélibia,8000,200,Non,Non,Non,Oui,,,Non,Non,Oui,Résidentielle
diarkoum,https://diarkoum.tn/details.php?id_annonce=12734,Terrain,20000,2024-03-25,Nabeul,Kélibia,Kélibia,8000,200,Non,Non,Non,Oui,,,Non,Non,Oui,Résidentielle
diarkoum,https://diarkoum.tn/details.php?id_annonce=12731,Terrain,20000,2024-03-25,Nabeul,Kélibia,Kélibia,8000,200,Non,Non,Non,Oui,,,Non,Non,Oui,Résidentielle
diarkoum,https://diarkoum.tn/details.php?id_annonce=12729,Terrain,20000,2024-03-25,Nabeul,Kélibia,Kélibia,8000,200,Non,Non,Non,Oui,,,Non,Non,Oui,Résidentielle
diarkoum,https://diarkoum.tn/details.php?id_annonce=12727,Terrain,20000,2024-03-25,Nabeul,Kélibia,Kélibia,8000,200,Non,Non,Non,Oui,,,Non,Non,Oui,Résidentielle
diarkoum,https://diarkoum.tn/details.php?id_annonce=12726,Terrain,20000,2024-03-25,Nabeul,Kélibia,Kélibia,8000,200,Non,Non,Non,Oui,,,Non,Non,Oui,Résidentielle
diarkoum,https://diarkoum.tn/details.php?id_annonce=12725,Terrain,20000,2024-03-25,Nabeul,Kélibia,Kélibia,8000,200,Non,Non,Non,Oui,,,Non,Non,Oui,Résidentielle
diarkoum,https://diarkoum.tn/details.php?id_annonce=12724,Terrain,20000,2024-03-25,Nabeul,Kélibia,Kélibia,8000,200,Non,Non,Non,Oui,,,Non,Non,Oui,Résidentielle
diarkoum,https://diarkoum.tn/details.php?id_annonce=12723,Terrain,20000,2024-03-24,Nabeul,Kélibia,Kélibia,8000,200,Non,Non,Non,Oui,,,Non,Non,Oui,Résidentielle
diarkoum,https://diarkoum.tn/details.php?id_annonce=12722,Terrain,20000,2024-03-24,Nabeul,Kélibia,Kélibia,8000,200,Non,Non,Non,Oui,,,Non,Non,Oui,Résidentielle
diarkoum,https://diarkoum.tn/details.php?id_annonce=12721,Terrain,20000,2024-03-24,Nabeul,Kélibia,Kélibia,8000,200,Non,Non,Non,Oui,,,Non,Non,Oui,Résidentielle
diarkoum,https://diarkoum.tn/details.php?id_annonce=12720,Terrain,20000,2024-03-24,Nabeul,Kélibia,Kélibia,8000,200,Non,Non,Non,Oui,,,Non,Non,Oui,Résidentielle
diarkoum,https://diarkoum.tn/details.php?id_annonce=12719,Terrain,20000,2024-03-24,Nabeul,Kélibia,Kélibia,8000,200,Non,Non,Non,Oui,,,Non,Non,Oui,Résidentielle
diarkoum,https://diarkoum.tn/details.php?id_annonce=12718,Terrain,20000,2024-03-24,Nabeul,Kélibia,Kélibia,8000,200,Non,Non,Non,Oui,,,Non,Non,Oui,Résidentielle
diarkoum,https://diarkoum.tn/details.php?id_annonce=12717,Terrain,20000,2024-03-24,Nabeul,Kélibia,Kélibia,8000,200,Non,Non,Non,Oui,,,Non,Non,Oui,Résidentielle
diarkoum,https://diarkoum.tn/details.php?id_annonce=12716,Terrain,20000,2024-03-23,Nabeul,Kélibia,Kélibia,8000,200,Non,Non,Non,Oui,,,Non,Non,Oui,Résidentielle
diarkoum,https://diarkoum.tn/details.php?id_annonce=12715,Terrain,20000,2024-03-23,Nabeul,Kélibia,Kélibia,8000,200,Non,Non,Non,Oui,,,Non,Non,Oui,Résidentielle
diarkoum,https://diarkoum.tn/details.php?id_annonce=12713,Terrain,20000,2024-03-23,Nabeul,Kélibia,Kélibia,8000,200,Non,Non,Non,Oui,,,Non,Non,Oui,Résidentielle
diarkoum,https://diarkoum.tn/details.php?id_annonce=12709,Terrain,20000,2024-03-23,Nabeul,Kélibia,Kélibia,8000,200,Non,Non,Non,Oui,,,Non,Non,Oui,Résidentielle
diarkoum,https://diarkoum.tn/details.php?id_annonce=12707,Terrain,20000,2024-03-23,Nabeul,Kélibia,Kélibia,8000,200,Non,Non,Non,Oui,,,Non,Non,Oui,Résidentielle
diarkoum,https://diarkoum.tn/details.php?id_annonce=12706,Terrain,20000,2024-03-23,Nabeul,Kélibia,Kélibia,8000,200,Non,Non,Non,Oui,,,Non,Non,Oui,Résidentielle
diarkoum,https://diarkoum.tn/details.php?id_annonce=12705,Terrain,20000,2024-03-23,Nabeul,Kélibia,Kélibia,8000,200,Non,Non,Non,Oui,,,Non,Non,Oui,Résidentielle
diarkoum,https://diarkoum.tn/details.php?id_annonce=12703,Terrain,20000,2024-03-22,Nabeul,Kélibia,Kélibia,8000,200,Non,Non,Non,Oui,,,Non,Non,Oui,Résidentielle
diarkoum,https://diarkoum.tn/details.php?id_annonce=12702,Terrain,20000,2024-03-22,Nabeul,Kélibia,Kélibia,8000,200,Non,Non,Non,Oui,,,Non,Non,Oui,Résidentielle
diarkoum,https://diarkoum.tn/details.php?id_annonce=12700,Terrain,20000,2024-03-22,Nabeul,Kélibia,Kélibia,8000,200,Non,Non,Non,Oui,,,Non,Non,Oui,Résidentielle
diarkoum,https://diarkoum.tn/details.php?id_annonce=12697,Terrain,20000,2024-03-22,Nabeul,Kélibia,Kélibia,8000,200,Non,Non,Non,Oui,,,Non,Non,Oui,Résidentielle
diarkoum,https://diarkoum.tn/details.php?id_annonce=12694,Terrain,20000,2024-03-22,Nabeul,Kélibia,Kélibia,8000,200,Non,Non,Non,Oui,,,Non,Non,Oui,Résidentielle
diarkoum,https://diarkoum.tn/details.php?id_annonce=12693,Terrain,20000,2024-03-22,Nabeul,Kélibia,Kélibia,8000,200,Non,Non,Non,Oui,,,Non,Non,Oui,Résidentielle
diarkoum,https://diarkoum.tn/details.php?id_annonce=12691,Terrain,20000,2024-03-21,Nabeul,Kélibia,Kélibia,8000,200,Non,Non,Non,Oui,,,Non,Non,Oui,Résidentielle
diarkoum,https://diarkoum.tn/details.php?id_annonce=12688,Terrain,20000,2024-03-21,Nabeul,Kélibia,Kélibia,8000,200,Non,Non,Non,Oui,,,Non,Non,Oui,Résidentielle
diarkoum,https://diarkoum.tn/details.php?id_annonce=12684,Terrain,20000,2024-03-21,Nabeul,Kélibia,Kélibia,8000,200,Non,Non,Non,Oui,,,Non,Non,Oui,Résidentielle
diarkoum,https://diarkoum.tn/details.php?id_annonce=12681,Terrain,20000,2024-03-21,Nabeul,Kélibia,Kélibia,8000,200,Non,Non,Non,Oui,,,Non,Non,Oui,Résidentielle
diarkoum,https://diarkoum.tn/details.php?id_annonce=12679,Terrain,20000,2024-03-21,Nabeul,Kélibia,Kélibia,8000,200,Non,Non,Non,Oui,,,Non,Non,Oui,Résidentielle
diarkoum,https://diarkoum.tn/details.php?id_annonce=12678,Terrain,20000,2024-03-21,Nabeul,Kélibia,Kélibia,8000,200,Non,Non,Non,Oui,,,Non,Non,Oui,Résidentielle
diarkoum,https://diarkoum.tn/details.php?id_annonce=12677,Terrain,20000,2024-03-21,Nabeul,Kélibia,Kélibia,8000,200,Non,Non,Non,Oui,,,Non,Non,Oui,Résidentielle
diarkoum,https://diarkoum.tn/details.php?id_annonce=12675,Terrain,20000,2024-03-20,Nabeul,Kélibia,Kélibia,8000,200,Non,Non,Non,Oui,,,Non,Non,Oui,Résidentielle
diarkoum,https://diarkoum.tn/details.php?id_annonce=12676,Terrain,20000,2024-03-20,Nabeul,Kélibia,Kélibia,8000,200,Non,Non,Non,Oui,,,Non,Non,Oui,Résidentielle
diarkoum,https://diarkoum.tn/details.php?id_annonce=12671,Terrain,20000,2024-03-20,Nabeul,Kélibia,Kélibia,8000,200,Non,Non,Non,Oui,,,Non,Non,Oui,Résidentielle
diarkoum,https://diarkoum.tn/details.php?id_annonce=12670,Terrain,20000,2024-03-20,Nabeul,Kélibia,Kélibia,8000,200,Non,Non,Non,Oui,,,Non,Non,Oui,Résidentielle
diarkoum,https://diarkoum.tn/details.php?id_annonce=12668,Terrain,20000,2024-03-20,Nabeul,Kélibia,Kélibia,8000,200,Non,Non,Non,Oui,,,Non,Non,Oui,Résidentielle
diarkoum,https://diarkoum.tn/details.php?id_annonce=12667,Terrain,20000,2024-03-20,Nabeul,Kélibia,Kélibia,8000,200,Non,Non,Non,Oui,,,Non,Non,Oui,Résidentielle
diarkoum,https://diarkoum.tn/details.php?id_annonce=12666,Terrain,20000,2024-03-20,Nabeul,Kélibia,Kélibia,8000,200,Non,Non,Non,Oui,,,Non,Non,Oui,Résidentielle
diarkoum,https://diarkoum.tn/details.php?id_annonce=12665,Terrain,20000,2024-03-20,Nabeul,Kélibia,Kélibia,8000,200,Non,Non,Non,Oui,,,Non,Non,Oui,Résidentielle
diarkoum,https://diarkoum.tn/details.php?id_annonce=12663,Terrain,20000,2024-03-18,Nabeul,Kélibia,Kélibia,8000,200,Non,Non,Non,Oui,,,Non,Non,Oui,Résidentielle
diarkoum,https://diarkoum.tn/details.php?id_annonce=12662,Terrain,20000,2024-03-18,Nabeul,Kélibia,Kélibia,8000,200,Non,Non,Non,Oui,,,Non,Non,Oui,Résidentielle
diarkoum,https://diarkoum.tn/details.php?id_annonce=12661,Terrain,20000,2024-03-18,Nabeul,Korba,Korba,8070,200,Non,Non,Non,Oui,,,Non,Non,Oui,Résidentielle
diarkoum,https://diarkoum.tn/details.php?id_annonce=12659,Terrain,20000,2024-03-18,Nabeul,Kélibia,Kélibia,8000,200,Non,Non,Non,Oui,,,Non,Non,Oui,Résidentielle
diarkoum,https://diarkoum.tn/details.php?id_annonce=12658,Terrain,20000,2024-03-18,Nabeul,Kélibia,Kélibia,8000,200,Non,Non,Non,Oui,,,Non,Non,Oui,Résidentielle
diarkoum,https://diarkoum.tn/details.php?id_annonce=12657,Terrain,20000,2024-03-18,Nabeul,Kélibia,Kélibia,8000,200,Non,Non,Non,Oui,,,Non,Non,Oui,Résidentielle
diarkoum,https://diarkoum.tn/details.php?id_annonce=12656,Terrain,20000,2024-03-18,Nabeul,Kélibia,Kélibia,8000,200,Non,Non,Non,Oui,,,Non,Non,Oui,Résidentielle
diarkoum,https://diarkoum.tn/details.php?id_annonce=12655,Terrain,20000,2024-03-17,Nabeul,Kélibia,Kélibia,8000,200,Non,Non,Non,Oui,,,Non,Non,Oui,Résidentielle
diarkoum,https://diarkoum.tn/details.php?id_annonce=12654,Terrain,20000,2024-03-17,Nabeul,Kélibia,Kélibia,8000,200,Non,Non,Non,Oui,,,Non,Non,Oui,Résidentielle
diarkoum,https://diarkoum.tn/details.php?id_annonce=12653,Terrain,20000,2024-03-17,Nabeul,Kélibia,Kélibia,8000,200,Non,Non,Non,Oui,,,Non,Non,Oui,Résidentielle
diarkoum,https://diarkoum.tn/details.php?id_annonce=12651,Terrain,20000,2024-03-17,Nabeul,Kélibia,Kélibia,8000,200,Non,Non,Non,Oui,,,Non,Non,Oui,Résidentielle
diarkoum,https://diarkoum.tn/details.php?id_annonce=12650,Terrain,20000,2024-03-17,Nabeul,Kélibia,Kélibia,8000,200,Non,Non,Non,Oui,,,Non,Non,Oui,Résidentielle
diarkoum,https://diarkoum.tn/details.php?id_annonce=12649,Terrain,20000,2024-03-17,Nabeul,Kélibia,Kélibia,8000,200,Non,Non,Non,Oui,,,Non,Non,Oui,Résidentielle
diarkoum,https://diarkoum.tn/details.php?id_annonce=12648,Terrain,20000,2024-03-17,Nabeul,Kélibia,Kélibia,8000,200,Non,Non,Non,Oui,,,Non,Non,Oui,Résidentielle
diarkoum,https://diarkoum.tn/details.php?id_annonce=12647,Terrain,20000,2024-03-16,Nabeul,Kélibia,Kélibia,8000,200,Non,Non,Non,Oui,,,Non,Non,Oui,Résidentielle
diarkoum,https://diarkoum.tn/details.php?id_annonce=12646,Terrain,20000,2024-03-16,Nabeul,Kélibia,Kélibia,8000,200,Non,Non,Non,Oui,,,Non,Non,Oui,Résidentielle
diarkoum,https://diarkoum.tn/details.php?id_annonce=12645,Terrain,20000,2024-03-16,Nabeul,Kélibia,Kélibia,8000,200,Non,Non,Non,Oui,,,Non,Non,Oui,Résidentielle
diarkoum,https://diarkoum.tn/details.php?id_annonce=12644,Terrain,20000,2024-03-16,Nabeul,Kélibia,Kélibia,8000,200,Non,Non,Non,Oui,,,Non,Non,Oui,Résidentielle
diarkoum,https://diarkoum.tn/details.php?id_annonce=12640,Terrain,20000,2024-03-16,Nabeul,Kélibia,Kélibia,8000,200,Non,Non,Non,Oui,,,Non,Non,Oui,Résidentielle
diarkoum,https://diarkoum.tn/details.php?id_annonce=12639,Terrain,20000,2024-03-16,Nabeul,Kélibia,Kélibia,8000,200,Non,Non,Non,Oui,,,Non,Non,Oui,Résidentielle
diarkoum,https://diarkoum.tn/details.php?id_annonce=12638,Terrain,20000,2024-03-16,Nabeul,Kélibia,Kélibia,8000,200,Non,Non,Non,Oui,,,Non,Non,Oui,Résidentielle
diarkoum,https://diarkoum.tn/details.php?id_annonce=12630,Terrain,20000,2024-03-15,Nabeul,Kélibia,Kélibia,8000,200,Non,Non,Non,Oui,,,Non,Non,Oui,Résidentielle
diarkoum,https://diarkoum.tn/details.php?id_annonce=12629,Terrain,20000,2024-03-15,Nabeul,Kélibia,Kélibia,8000,200,Non,Non,Non,Oui,,,Non,Non,Oui,Résidentielle
diarkoum,https://diarkoum.tn/details.php?id_annonce=12628,Terrain,20000,2024-03-15,Nabeul,Kélibia,Kélibia,8000,200,Non,Non,Non,Oui,,,Non,Non,Oui,Résidentielle
diarkoum,https://diarkoum.tn/details.php?id_annonce=12627,Terrain,20000,2024-03-15,Nabeul,Kélibia,Kélibia,8000,200,Non,Non,Non,Oui,,,Non,Non,Oui,Résidentielle
diarkoum,https://diarkoum.tn/details.php?id_annonce=12626,Terrain,20000,2024-03-15,Nabeul,Kélibia,Kélibia,8000,200,Non,Non,Non,Oui,,,Non,Non,Oui,Résidentielle
diarkoum,https://diarkoum.tn/details.php?id_annonce=12623,Terrain,20000,2024-03-15,Nabeul,Kélibia,Kélibia,8000,200,Non,Non,Non,Oui,,,Non,Non,Oui,Résidentielle
diarkoum,https://diarkoum.tn/details.php?id_annonce=12622,Terrain,20000,2024-03-15,Nabeul,Kélibia,Kélibia,8000,200,Non,Non,Non,Oui,,,Non,Non,Oui,Résidentielle
diarkoum,https://diarkoum.tn/details.php?id_annonce=12621,Terrain,20000,2024-03-14,Nabeul,Kélibia,Kélibia,8000,200,Non,Non,Non,Oui,,,Non,Non,Oui,Résidentielle
diarkoum,https://diarkoum.tn/details.php?id_annonce=12620,Terrain,20000,2024-03-14,Nabeul,Kélibia,Kélibia,8000,200,Non,Non,Non,Oui,,,Non,Non,Oui,Résidentielle
diarkoum,https://diarkoum.tn/details.php?id_annonce=12619,Terrain,20000,2024-03-14,Nabeul,Kélibia,Kélibia,8000,200,Non,Non,Non,Oui,,,Non,Non,Oui,Résidentielle
diarkoum,https://diarkoum.tn/details.php?id_annonce=12618,Terrain,20000,2024-03-14,Nabeul,Kélibia,Kélibia,8000,200,Non,Non,Non,Oui,,,Non,Non,Oui,Résidentielle
diarkoum,https://diarkoum.tn/details.php?id_annonce=12617,Terrain,20000,2024-03-14,Nabeul,Kélibia,Kélibia,8000,200,Non,Non,Non,Oui,,,Non,Non,Oui,Résidentielle
diarkoum,https://diarkoum.tn/details.php?id_annonce=12616,Terrain,20000,2024-03-14,Nabeul,Kélibia,Kélibia,8000,200,Non,Non,Non,Oui,,,Non,Non,Oui,Résidentielle
diarkoum,https://diarkoum.tn/details.php?id_annonce=12615,Terrain,20000,2024-03-14,Nabeul,Kélibia,Kélibia,8000,200,Non,Non,Non,Oui,,,Non,Non,Oui,Résidentielle
diarkoum,https://diarkoum.tn/details.php?id_annonce=12614,Terrain,20000,2024-03-14,Nabeul,Kélibia,Kélibia,8000,200,Non,Non,Non,Oui,,,Non,Non,Oui,Résidentielle
diarkoum,https://diarkoum.tn/details.php?id_annonce=12613,Terrain,20000,2024-03-13,Nabeul,Kélibia,Kélibia,8000,200,Non,Non,Non,Oui,,,Non,Non,Oui,Résidentielle
diarkoum,https://diarkoum.tn/details.php?id_annonce=12611,Terrain,20000,2024-03-13,Nabeul,Kélibia,Kélibia,8000,200,Non,Non,Non,Oui,,,Non,Non,Oui,Résidentielle
diarkoum,https://diarkoum.tn/details.php?id_annonce=12610,Terrain,20000,2024-03-13,Nabeul,Kélibia,Kélibia,8000,200,Non,Non,Non,Oui,,,Non,Non,Oui,Résidentielle
diarkoum,https://diarkoum.tn/details.php?id_annonce=12609,Terrain,20000,2024-03-13,Nabeul,Kélibia,Kélibia,8000,200,Non,Non,Non,Oui,,,Non,Non,Oui,Résidentielle
diarkoum,https://diarkoum.tn/details.php?id_annonce=12608,Terrain,20000,2024-03-13,Nabeul,Kélibia,Kélibia,8000,200,Non,Non,Non,Oui,,,Non,Non,Oui,Résidentielle
diarkoum,https://diarkoum.tn/details.php?id_annonce=12607,Terrain,20000,2024-03-13,Nabeul,Kélibia,Kélibia,8000,200,Non,Non,Non,Oui,,,Non,Non,Oui,Résidentielle
diarkoum,https://diarkoum.tn/details.php?id_annonce=12606,Terrain,20000,2024-03-13,Nabeul,Kélibia,Kélibia,8000,200,Non,Non,Non,Oui,,,Non,Non,Oui,Résidentielle
diarkoum,https://diarkoum.tn/details.php?id_annonce=12602,Terrain,20000,2024-03-11,Nabeul,Kélibia,Kélibia,8000,200,Non,Non,Non,Oui,,,Non,Non,Oui,Résidentielle
diarkoum,https://diarkoum.tn/details.php?id_annonce=12601,Terrain,20000,2024-03-11,Nabeul,Kélibia,Kélibia,8000,200,Non,Non,Non,Oui,,,Non,Non,Oui,Résidentielle
diarkoum,https://diarkoum.tn/details.php?id_annonce=12600,Terrain,20000,2024-03-11,Nabeul,Kélibia,Kélibia,8000,200,Non,Non,Non,Oui,,,Non,Non,Oui,Résidentielle
diarkoum,https://diarkoum.tn/details.php?id_annonce=12599,Terrain,20000,2024-03-11,Nabeul,Kélibia,Kélibia,8000,200,Non,Non,Non,Oui,,,Non,Non,Oui,Résidentielle
diarkoum,https://diarkoum.tn/details.php?id_annonce=12598,Terrain,20000,2024-03-11,Nabeul,Kélibia,Kélibia,8000,200,Non,Non,Non,Oui,,,Non,Non,Oui,Résidentielle
diarkoum,https://diarkoum.tn/details.php?id_annonce=12597,Terrain,20000,2024-03-11,Nabeul,Kélibia,Kélibia,8000,200,Non,Non,Non,Oui,,,Non,Non,Oui,Résidentielle
diarkoum,https://diarkoum.tn/details.php?id_annonce=12596,Terrain,20000,2024-03-11,Nabeul,Kélibia,Kélibia,8000,200,Non,Non,Non,Oui,,,Non,Non,Oui,Résidentielle
diarkoum,https://diarkoum.tn/details.php?id_annonce=12595,Terrain,20000,2024-03-10,Nabeul,Kélibia,Kélibia,8000,200,Non,Non,Non,Oui,,,Non,Non,Oui,Résidentielle
diarkoum,https://diarkoum.tn/details.php?id_annonce=12594,Terrain,20000,2024-03-10,Nabeul,Kélibia,Kélibia,8000,200,Non,Non,Non,Oui,,,Non,Non,Oui,Résidentielle
diarkoum,https://diarkoum.tn/details.php?id_annonce=12593,Terrain,20000,2024-03-10,Nabeul,Kélibia,Kélibia,8000,200,Non,Non,Non,Oui,,,Non,Non,Oui,Résidentielle
diarkoum,https://diarkoum.tn/details.php?id_annonce=12592,Terrain,20000,2024-03-10,Nabeul,Kélibia,Kélibia,8000,200,Non,Non,Non,Oui,,,Non,Non,Oui,Résidentielle
diarkoum,https://diarkoum.tn/details.php?id_annonce=12591,Terrain,20000,2024-03-10,Nabeul,Kélibia,Kélibia,8000,200,Non,Non,Non,Oui,,,Non,Non,Oui,Résidentielle
diarkoum,https://diarkoum.tn/details.php?id_annonce=12590,Terrain,20000,2024-03-10,Nabeul,Kélibia,Kélibia,8000,200,Non,Non,Non,Oui,,,Non,Non,Oui,Résidentielle
diarkoum,https://diarkoum.tn/details.php?id_annonce=12589,Terrain,20000,2024-03-10,Nabeul,Kélibia,Kélibia,8000,200,Non,Non,Non,Oui,,,Non,Non,Oui,Résidentielle
diarkoum,https://diarkoum.tn/details.php?id_annonce=12588,Terrain,20000,2024-03-09,Nabeul,Kélibia,Kélibia,8000,200,Non,Non,Non,Oui,,,Non,Non,Oui,Résidentielle
diarkoum,https://diarkoum.tn/details.php?id_annonce=12587,Terrain,20000,2024-03-09,Nabeul,Kélibia,Kélibia,8000,200,Non,Non,Non,Oui,,,Non,Non,Oui,Résidentielle
diarkoum,https://diarkoum.tn/details.php?id_annonce=12586,Terrain,20000,2024-03-09,Nabeul,Kélibia,Kélibia,8000,200,Non,Non,Non,Oui,,,Non,Non,Oui,Résidentielle
diarkoum,https://diarkoum.tn/details.php?id_annonce=12585,Terrain,20000,2024-03-09,Nabeul,Kélibia,Kélibia,8000,200,Non,Non,Non,Oui,,,Non,Non,Oui,Résidentielle
diarkoum,https://diarkoum.tn/details.php?id_annonce=12584,Terrain,20000,2024-03-09,Nabeul,Kélibia,Kélibia,8000,200,Non,Non,Non,Oui,,,Non,Non,Oui,Résidentielle
diarkoum,https://diarkoum.tn/details.php?id_annonce=12583,Terrain,20000,2024-03-09,Nabeul,Korba,Korba,8070,200,Non,Non,Non,Oui,,,Non,Non,Oui,Résidentielle
diarkoum,https://diarkoum.tn/details.php?id_annonce=12582,Terrain,20000,2024-03-09,Nabeul,Kélibia,Kélibia,8000,200,Non,Non,Non,Oui,,,Non,Non,Oui,Résidentielle
diarkoum,https://diarkoum.tn/details.php?id_annonce=12578,Terrain,20000,2024-03-08,Nabeul,Kélibia,Kélibia,8000,200,Non,Non,Non,Oui,,,Non,Non,Oui,Résidentielle
diarkoum,https://diarkoum.tn/details.php?id_annonce=12577,Terrain,20000,2024-03-08,Nabeul,Nabeul,Nabeul,8000,200,Non,Non,Non,Oui,,,Non,Non,Oui,Résidentielle
diarkoum,https://diarkoum.tn/details.php?id_annonce=12576,Terrain,20000,2024-03-08,Nabeul,Kélibia,Kélibia,8000,200,Non,Non,Non,Oui,,,Non,Non,Oui,Résidentielle
diarkoum,https://diarkoum.tn/details.php?id_annonce=12575,Terrain,20000,2024-03-08,Nabeul,Kélibia,Kélibia,8000,200,Non,Non,Non,Oui,,,Non,Non,Oui,Résidentielle
diarkoum,https://diarkoum.tn/details.php?id_annonce=12574,Terrain,20000,2024-03-08,Nabeul,Kélibia,Kélibia,8000,200,Non,Non,Non,Oui,,,Non,Non,Oui,Résidentielle
diarkoum,https://diarkoum.tn/details.php?id_annonce=12573,Terrain,20000,2024-03-08,Nabeul,Kélibia,Kélibia,8000,200,Non,Non,Non,Oui,,,Non,Non,Oui,Résidentielle
diarkoum,https://diarkoum.tn/details.php?id_annonce=12571,Terrain,20000,2024-03-07,Nabeul,Kélibia,Kélibia,8000,200,Non,Non,Non,Oui,,,Non,Non,Oui,Résidentielle
diarkoum,https://diarkoum.tn/details.php?id_annonce=12570,Terrain,20000,2024-03-07,Nabeul,Kélibia,Kélibia,8000,200,Non,Non,Non,Oui,,,Non,Non,Oui,Résidentielle
diarkoum,https://diarkoum.tn/details.php?id_annonce=12569,Terrain,20000,2024-03-07,Nabeul,Kélibia,Kélibia,8000,200,Non,Non,Non,Oui,,,Non,Non,Oui,Résidentielle
diarkoum,https://diarkoum.tn/details.php?id_annonce=12567,Terrain,20000,2024-03-07,Nabeul,Kélibia,Kélibia,8000,200,Non,Non,Non,Oui,,,Non,Non,Oui,Résidentielle
diarkoum,https://diarkoum.tn/details.php?id_annonce=12566,Terrain,20000,2024-03-07,Nabeul,Kélibia,Kélibia,8000,200,Non,Non,Non,Oui,,,Non,Non,Oui,Résidentielle
diarkoum,https://diarkoum.tn/details.php?id_annonce=12565,Terrain,20000,2024-03-07,Nabeul,Kélibia,Kélibia,8000,200,Non,Non,Non,Oui,,,Non,Non,Oui,Résidentielle
diarkoum,https://diarkoum.tn/details.php?id_annonce=12564,Terrain,20000,2024-03-07,Nabeul,Kélibia,Kélibia,8000,200,Non,Non,Non,Oui,,,Non,Non,Oui,Résidentielle
diarkoum,https://diarkoum.tn/details.php?id_annonce=12563,Terrain,20000,2024-03-06,Nabeul,Kélibia,Kélibia,8000,200,Non,Non,Non,Oui,,,Non,Non,Oui,Résidentielle
diarkoum,https://diarkoum.tn/details.php?id_annonce=12562,Terrain,20000,2024-03-06,Nabeul,Kélibia,Kélibia,8000,200,Non,Non,Non,Oui,,,Non,Non,Oui,Résidentielle
diarkoum,https://diarkoum.tn/details.php?id_annonce=12561,Terrain,20000,2024-03-06,Nabeul,Kélibia,Kélibia,8000,200,Non,Non,Non,Oui,,,Non,Non,Oui,Résidentielle
diarkoum,https://diarkoum.tn/details.php?id_annonce=12560,Terrain,20000,2024-03-06,Nabeul,Kélibia,Kélibia,8000,200,Non,Non,Non,Oui,,,Non,Non,Oui,Résidentielle
diarkoum,https://diarkoum.tn/details.php?id_annonce=12559,Terrain,20000,2024-03-06,Nabeul,Kélibia,Kélibia,8000,200,Non,Non,Non,Oui,,,Non,Non,Oui,Résidentielle
diarkoum,https://diarkoum.tn/details.php?id_annonce=12558,Terrain,20000,2024-03-06,Nabeul,Kélibia,Kélibia,8000,200,Non,Non,Non,Oui,,,Non,Non,Oui,Résidentielle
diarkoum,https://diarkoum.tn/details.php?id_annonce=12557,Terrain,20000,2024-03-06,Nabeul,Kélibia,Kélibia,8000,200,Non,Non,Non,Oui,,,Non,Non,Oui,Résidentielle
diarkoum,https://diarkoum.tn/details.php?id_annonce=12555,Terrain,20000,2024-03-04,Nabeul,Kélibia,Kélibia,8000,200,Non,Non,Non,Oui,,,Non,Non,Oui,Résidentielle
diarkoum,https://diarkoum.tn/details.php?id_annonce=12554,Terrain,20000,2024-03-04,Nabeul,Kélibia,Kélibia,8000,200,Non,Non,Non,Oui,,,Non,Non,Oui,Résidentielle
diarkoum,https://diarkoum.tn/details.php?id_annonce=12553,Terrain,20000,2024-03-04,Nabeul,Kélibia,Kélibia,8000,200,Non,Non,Non,Oui,,,Non,Non,Oui,Résidentielle
diarkoum,https://diarkoum.tn/details.php?id_annonce=12552,Terrain,20000,2024-03-04,Nabeul,Kélibia,Kélibia,8000,200,Non,Non,Non,Oui,,,Non,Non,Oui,Résidentielle
diarkoum,https://diarkoum.tn/details.php?id_annonce=12551,Terrain,20000,2024-03-04,Nabeul,Kélibia,Kélibia,8000,200,Non,Non,Non,Oui,,,Non,Non,Oui,Résidentielle
diarkoum,https://diarkoum.tn/details.php?id_annonce=12550,Terrain,20000,2024-03-04,Nabeul,Kélibia,Kélibia,8000,200,Non,Non,Non,Oui,,,Non,Non,Oui,Résidentielle
diarkoum,https://diarkoum.tn/details.php?id_annonce=12549,Terrain,20000,2024-03-04,Nabeul,Kélibia,Kélibia,8000,200,Non,Non,Non,Oui,,,Non,Non,Oui,Résidentielle
diarkoum,https://diarkoum.tn/details.php?id_annonce=12548,Terrain,20000,2024-03-03,Nabeul,Kélibia,Kélibia,8000,200,Non,Non,Non,Oui,,,Non,Non,Oui,Résidentielle
diarkoum,https://diarkoum.tn/details.php?id_annonce=12547,Terrain,20000,2024-03-03,Nabeul,Kélibia,Kélibia,8000,200,Non,Non,Non,Oui,,,Non,Non,Oui,Résidentielle
diarkoum,https://diarkoum.tn/details.php?id_annonce=12546,Terrain,20000,2024-03-03,Nabeul,Kélibia,Kélibia,8000,200,Non,Non,Non,Oui,,,Non,Non,Oui,Résidentielle
diarkoum,https://diarkoum.tn/details.php?id_annonce=12545,Terrain,20000,2024-03-03,Nabeul,Kélibia,Kélibia,8000,200,Non,Non,Non,Oui,,,Non,Non,Oui,Résidentielle
diarkoum,https://diarkoum.tn/details.php?id_annonce=12544,Terrain,20000,2024-03-03,Nabeul,Kélibia,Kélibia,8000,200,Non,Non,Non,Oui,,,Non,Non,Oui,Résidentielle
diarkoum,https://diarkoum.tn/details.php?id_annonce=12543,Terrain,20000,2024-03-03,Nabeul,Kélibia,Kélibia,8000,200,Non,Non,Non,Oui,,,Non,Non,Oui,Résidentielle
diarkoum,https://diarkoum.tn/details.php?id_annonce=12542,Terrain,20000,2024-03-03,Nabeul,Kélibia,Kélibia,8000,200,Non,Non,Non,Oui,,,Non,Non,Oui,Résidentielle
diarkoum,https://diarkoum.tn/details.php?id_annonce=12541,Terrain,20000,2024-03-02,Nabeul,Kélibia,Kélibia,8000,200,Non,Non,Non,Oui,,,Non,Non,Oui,Résidentielle
diarkoum,https://diarkoum.tn/details.php?id_annonce=12540,Terrain,20000,2024-03-02,Nabeul,Kélibia,Kélibia,8000,200,Non,Non,Non,Oui,,,Non,Non,Oui,Résidentielle
diarkoum,https://diarkoum.tn/details.php?id_annonce=12539,Terrain,20000,2024-03-02,Nabeul,Kélibia,Kélibia,8000,200,Non,Non,Non,Oui,,,Non,Non,Oui,Résidentielle
diarkoum,https://diarkoum.tn/details.php?id_annonce=12538,Terrain,20000,2024-03-02,Nabeul,Kélibia,Kélibia,8000,200,Non,Non,Non,Oui,,,Non,Non,Oui,Résidentielle
diarkoum,https://diarkoum.tn/details.php?id_annonce=12537,Terrain,20000,2024-03-02,Nabeul,Kélibia,Kélibia,8000,200,Non,Non,Non,Oui,,,Non,Non,Oui,Résidentielle
diarkoum,https://diarkoum.tn/details.php?id_annonce=12536,Terrain,20000,2024-03-02,Nabeul,Kélibia,Kélibia,8000,200,Non,Non,Non,Oui,,,Non,Non,Oui,Résidentielle
diarkoum,https://diarkoum.tn/details.php?id_annonce=12535,Terrain,20000,2024-03-02,Nabeul,Kélibia,Kélibia,8000,200,Non,Non,Non,Oui,,,Non,Non,Oui,Résidentielle
diarkoum,https://diarkoum.tn/details.php?id_annonce=12534,Terrain,20000,2024-03-01,Nabeul,Kélibia,Kélibia,8000,200,Non,Non,Non,Oui,,,Non,Non,Oui,Résidentielle
diarkoum,https://diarkoum.tn/details.php?id_annonce=12533,Terrain,20000,2024-03-01,Nabeul,Kélibia,Kélibia,8000,200,Non,Non,Non,Oui,,,Non,Non,Oui,Résidentielle
diarkoum,https://diarkoum.tn/details.php?id_annonce=12532,Terrain,20000,2024-03-01,Nabeul,Kélibia,Kélibia,8000,200,Non,Non,Non,Oui,,,Non,Non,Oui,Résidentielle
diarkoum,https://diarkoum.tn/details.php?id_annonce=12531,Terrain,20000,2024-03-01,Nabeul,Kélibia,Kélibia,8000,200,Non,Non,Non,Oui,,,Non,Non,Oui,Résidentielle
diarkoum,https://diarkoum.tn/details.php?id_annonce=12529,Terrain,20000,2024-03-01,Nabeul,Kélibia,Kélibia,8000,200,Non,Non,Non,Oui,,,Non,Non,Oui,Résidentielle
diarkoum,https://diarkoum.tn/details.php?id_annonce=12528,Terrain,20000,2024-03-01,Nabeul,Kélibia,Kélibia,8000,200,Non,Non,Non,Oui,,,Non,Non,Oui,Résidentielle
diarkoum,https://diarkoum.tn/details.php?id_annonce=12527,Terrain,20000,2024-03-01,Nabeul,Kélibia,Kélibia,8000,200,Non,Non,Non,Oui,,,Non,Non,Oui,Résidentielle
diarkoum,https://diarkoum.tn/details.php?id_annonce=12525,Terrain,20000,2024-02-29,Nabeul,Kélibia,Kélibia,8000,200,Non,Non,Non,Oui,,,Non,Non,Oui,Résidentielle
diarkoum,https://diarkoum.tn/details.php?id_annonce=12524,Terrain,20000,2024-02-29,Nabeul,Kélibia,Kélibia,8000,200,Non,Non,Non,Oui,,,Non,Non,Oui,Résidentielle
diarkoum,https://diarkoum.tn/details.php?id_annonce=12523,Terrain,20000,2024-02-29,Nabeul,Kélibia,Kélibia,8000,200,Non,Non,Non,Oui,,,Non,Non,Oui,Résidentielle
diarkoum,https://diarkoum.tn/details.php?id_annonce=12522,Terrain,20000,2024-02-29,Nabeul,Kélibia,Kélibia,8000,200,Non,Non,Non,Oui,,,Non,Non,Oui,Résidentielle
diarkoum,https://diarkoum.tn/details.php?id_annonce=12520,Terrain,20000,2024-02-29,Nabeul,Kélibia,Kélibia,8000,200,Non,Non,Non,Oui,,,Non,Non,Oui,Résidentielle
diarkoum,https://diarkoum.tn/details.php?id_annonce=12519,Terrain,20000,2024-02-29,Nabeul,Kélibia,Kélibia,8000,200,Non,Non,Non,Oui,,,Non,Non,Oui,Résidentielle
diarkoum,https://diarkoum.tn/details.php?id_annonce=12518,Terrain,20000,2024-02-28,Nabeul,Kélibia,Kélibia,8000,200,Non,Non,Non,Oui,,,Non,Non,Oui,Résidentielle
diarkoum,https://diarkoum.tn/details.php?id_annonce=12515,Terrain,20000,2024-02-28,Nabeul,Kélibia,Kélibia,8000,200,Non,Non,Non,Oui,,,Non,Non,Oui,Résidentielle
diarkoum,https://diarkoum.tn/details.php?id_annonce=12514,Terrain,20000,2024-02-28,Nabeul,Kélibia,Kélibia,8000,200,Non,Non,Non,Oui,,,Non,Non,Oui,Résidentielle
diarkoum,https://diarkoum.tn/details.php?id_annonce=12512,Terrain,20000,2024-02-28,Nabeul,Kélibia,Kélibia,8000,200,Non,Non,Non,Oui,,,Non,Non,Oui,Résidentielle
diarkoum,https://diarkoum.tn/details.php?id_annonce=12511,Terrain,20000,2024-02-28,Nabeul,Kélibia,Kélibia,8000,200,Non,Non,Non,Oui,,,Non,Non,Oui,Résidentielle
diarkoum,https://diarkoum.tn/details.php?id_annonce=12510,Terrain,20000,2024-02-28,Nabeul,Kélibia,Kélibia,8000,200,Non,Non,Non,Oui,,,Non,Non,Oui,Résidentielle
diarkoum,https://diarkoum.tn/details.php?id_annonce=12509,Terrain,20000,2024-02-27,Nabeul,Kélibia,Kélibia,8000,200,Non,Non,Non,Oui,,,Non,Non,Oui,Résidentielle
diarkoum,https://diarkoum.tn/details.php?id_annonce=12508,Terrain,20000,2024-02-27,Nabeul,Kélibia,Kélibia,8000,200,Non,Non,Non,Oui,,,Non,Non,Oui,Résidentielle
diarkoum,https://diarkoum.tn/details.php?id_annonce=12507,Terrain,20000,2024-02-27,Nabeul,Kélibia,Kélibia,8000,200,Non,Non,Non,Oui,,,Non,Non,Oui,Résidentielle
diarkoum,https://diarkoum.tn/details.php?id_annonce=12506,Terrain,20000,2024-02-27,Nabeul,Kélibia,Kélibia,8000,200,Non,Non,Non,Oui,,,Non,Non,Oui,Résidentielle
diarkoum,https://diarkoum.tn/details.php?id_annonce=12505,Terrain,20000,2024-02-27,Nabeul,Kélibia,Kélibia,8000,200,Non,Non,Non,Oui,,,Non,Non,Oui,Résidentielle
diarkoum,https://diarkoum.tn/details.php?id_annonce=12504,Terrain,20000,2024-02-27,Nabeul,Kélibia,Kélibia,8000,200,Non,Non,Non,Oui,,,Non,Non,Oui,Résidentielle
diarkoum,https://diarkoum.tn/details.php?id_annonce=12503,Terrain,20000,2024-02-27,Nabeul,Kélibia,Kélibia,8000,200,Non,Non,Non,Oui,,,Non,Non,Oui,Résidentielle
diarkoum,https://diarkoum.tn/details.php?id_annonce=12501,Terrain,20000,2024-02-24,Nabeul,Kélibia,Kélibia,8000,200,Non,Non,Non,Oui,,,Non,Non,Oui,Résidentielle
diarkoum,https://diarkoum.tn/details.php?id_annonce=12498,Terrain,1,2024-02-24,Médenine,Djerba - Houmt Souk,Djerba - Houmt Souk,4180,170,Titre Bleu,Non,Oui,Oui,7x3,,Non,Non,Oui,Résidentielle
diarkoum,https://diarkoum.tn/details.php?id_annonce=12499,Terrain,20000,2024-02-24,Nabeul,Kélibia,Kélibia,8000,200,Non,Non,Non,Oui,,,Non,Non,Oui,Résidentielle
diarkoum,https://diarkoum.tn/details.php?id_annonce=12496,Terrain,20000,2024-02-24,Nabeul,Kélibia,Kélibia,8000,200,Non,Non,Non,Oui,,,Non,Non,Oui,Résidentielle
diarkoum,https://diarkoum.tn/details.php?id_annonce=12493,Terrain,20000,2024-02-24,Nabeul,Kélibia,Kélibia,8000,200,Non,Non,Non,Oui,,,Non,Non,Oui,Résidentielle
diarkoum,https://diarkoum.tn/details.php?id_annonce=12492,Terrain,20000,2024-02-24,Nabeul,Kélibia,Kélibia,8000,200,Non,Non,Non,Oui,,,Non,Non,Oui,Résidentielle
diarkoum,https://diarkoum.tn/details.php?id_annonce=12491,Terrain,20000,2024-02-24,Nabeul,Kélibia,Kélibia,8000,200,Non,Non,Non,Oui,,,Non,Non,Oui,Résidentielle
diarkoum,https://diarkoum.tn/details.php?id_annonce=12490,Terrain,20000,2024-02-24,Nabeul,Kélibia,Kélibia,8000,200,Non,Non,Non,Oui,,,Non,Non,Oui,Résidentielle
diarkoum,https://diarkoum.tn/details.php?id_annonce=12488,Terrain,20000,2024-02-23,Nabeul,Kélibia,Kélibia,8000,200,Non,Non,Non,Oui,,,Non,Non,Oui,Résidentielle
diarkoum,https://diarkoum.tn/details.php?id_annonce=12487,Terrain,20000,2024-02-23,Nabeul,Kélibia,Kélibia,8000,200,Non,Non,Non,Oui,,,Non,Non,Oui,Résidentielle
diarkoum,https://diarkoum.tn/details.php?id_annonce=12482,Terrain,20000,2024-02-23,Nabeul,Kélibia,Kélibia,8000,200,Non,Non,Non,Oui,,,Non,Non,Oui,Résidentielle
diarkoum,https://diarkoum.tn/details.php?id_annonce=12481,Terrain,20000,2024-02-23,Nabeul,Kélibia,Kélibia,8000,200,Non,Non,Non,Oui,,,Non,Non,Oui,Résidentielle
diarkoum,https://diarkoum.tn/details.php?id_annonce=12480,Terrain,20000,2024-02-23,Nabeul,Kélibia,Kélibia,8000,200,Non,Non,Non,Oui,,,Non,Non,Oui,Résidentielle
diarkoum,https://diarkoum.tn/details.php?id_annonce=12479,Terrain,20000,2024-02-23,Nabeul,Kélibia,Kélibia,8000,200,Non,Non,Non,Oui,,,Non,Non,Oui,Résidentielle
diarkoum,https://diarkoum.tn/details.php?id_annonce=12478,Terrain,20000,2024-02-23,Nabeul,Kélibia,Kélibia,8000,200,Non,Non,Non,Oui,,,Non,Non,Oui,Résidentielle
diarkoum,https://diarkoum.tn/details.php?id_annonce=12475,Terrain,5800000,2024-02-22,Tunis,La Marsa,La Marsa,2070,6400,Non,Non,Non,Oui,,,Non,Non,Oui,Résidentielle
diarkoum,https://diarkoum.tn/details.php?id_annonce=12470,Terrain,20000,2024-02-22,Nabeul,Kélibia,Kélibia,8000,200,Non,Non,Non,Oui,,,Non,Non,Oui,Résidentielle
diarkoum,https://diarkoum.tn/details.php?id_annonce=12468,Terrain,20000,2024-02-22,Nabeul,Kélibia,Kélibia,8000,200,Non,Non,Non,Oui,,,Non,Non,Oui,Résidentielle
diarkoum,https://diarkoum.tn/details.php?id_annonce=12465,Terrain,20000,2024-02-22,Nabeul,Kélibia,Kélibia,8000,200,Non,Non,Non,Oui,,,Non,Non,Oui,Résidentielle
diarkoum,https://diarkoum.tn/details.php?id_annonce=12460,Terrain,20000,2024-02-22,Nabeul,Kélibia,Kélibia,8000,200,Non,Non,Non,Oui,,,Non,Non,Oui,Résidentielle
diarkoum,https://diarkoum.tn/details.php?id_annonce=12458,Terrain,20000,2024-02-22,Nabeul,Kélibia,Kélibia,8000,200,Non,Non,Non,Oui,,,Non,Non,Oui,Résidentielle
diarkoum,https://diarkoum.tn/details.php?id_annonce=12457,Terrain,20000,2024-02-22,Nabeul,Kélibia,Kélibia,8000,200,Non,Non,Non,Oui,,,Non,Non,Oui,Résidentielle
diarkoum,https://diarkoum.tn/details.php?id_annonce=12453,Terrain,20000,2024-02-21,Nabeul,Korba,Korba,8070,200,Non,Non,Non,Oui,,,Non,Non,Oui,Résidentielle
diarkoum,https://diarkoum.tn/details.php?id_annonce=12452,Terrain,20000,2024-02-21,Nabeul,Kélibia,Kélibia,8000,200,Non,Non,Non,Oui,,,Non,Non,Oui,Résidentielle
diarkoum,https://diarkoum.tn/details.php?id_annonce=12448,Terrain,63000,2024-02-21,Nabeul,Hammam Ghezeze,Hammam Ghezeze,8000,1000,Oui,Oui,Non,Oui,,,Non,Non,Oui,Résidentielle
diarkoum,https://diarkoum.tn/details.php?id_annonce=12449,Terrain,63000,2024-02-21,Nabeul,Hammam Ghezeze,Hammam Ghezeze,8000,1000,Oui,Oui,Non,Oui,,,Non,Non,Oui,Résidentielle
diarkoum,https://diarkoum.tn/details.php?id_annonce=12446,Terrain,20000,2024-02-21,Nabeul,Kélibia,Kélibia,8000,200,Non,Non,Non,Oui,,,Non,Non,Oui,Résidentielle
diarkoum,https://diarkoum.tn/details.php?id_annonce=12440,Terrain,20000,2024-02-21,Nabeul,Kélibia,Kélibia,8000,200,Non,Non,Non,Oui,,,Non,Non,Oui,Résidentielle
diarkoum,https://diarkoum.tn/details.php?id_annonce=12438,Terrain,20000,2024-02-21,Nabeul,Kélibia,Kélibia,8000,200,Non,Non,Non,Oui,,,Non,Non,Oui,Résidentielle
diarkoum,https://diarkoum.tn/details.php?id_annonce=12436,Terrain,20000,2024-02-21,Nabeul,Kélibia,Kélibia,8000,200,Non,Non,Non,Oui,,,Non,Non,Oui,Résidentielle
diarkoum,https://diarkoum.tn/details.php?id_annonce=12435,Terrain,20000,2024-02-21,Nabeul,Kélibia,Kélibia,8000,200,Non,Non,Non,Oui,,,Non,Non,Oui,Résidentielle
diarkoum,https://diarkoum.tn/details.php?id_annonce=12434,Terrain,20000,2024-02-20,Nabeul,Kélibia,Kélibia,8000,200,Non,Non,Non,Oui,,,Non,Non,Oui,Résidentielle
diarkoum,https://diarkoum.tn/details.php?id_annonce=12432,Terrain,20000,2024-02-20,Nabeul,Kélibia,Kélibia,8000,200,Non,Non,Non,Oui,,,Non,Non,Oui,Résidentielle
diarkoum,https://diarkoum.tn/details.php?id_annonce=12431,Terrain,20000,2024-02-20,Nabeul,Kélibia,Kélibia,8000,200,Non,Non,Non,Oui,,,Non,Non,Oui,Résidentielle
diarkoum,https://diarkoum.tn/details.php?id_annonce=12430,Terrain,20000,2024-02-20,Nabeul,Kélibia,Kélibia,8000,200,Non,Non,Non,Oui,,,Non,Non,Oui,Résidentielle
diarkoum,https://diarkoum.tn/details.php?id_annonce=12429,Terrain,20000,2024-02-20,Nabeul,Kélibia,Kélibia,8000,200,Non,Non,Non,Oui,,,Non,Non,Oui,Résidentielle
diarkoum,https://diarkoum.tn/details.php?id_annonce=12427,Terrain,20000,2024-02-20,Nabeul,Kélibia,Kélibia,8000,200,Non,Non,Non,Oui,,,Non,Non,Oui,Résidentielle
diarkoum,https://diarkoum.tn/details.php?id_annonce=12422,Terrain,170000,2024-02-19,Nabeul,Hammam Ghezeze,Hammam Ghezeze,8000,5000,Oui,Oui,Non,Oui,,,Non,Non,Oui,Résidentielle
diarkoum,https://diarkoum.tn/details.php?id_annonce=12421,Terrain,20000,2024-02-19,Nabeul,Kélibia,Kélibia,8000,200,Non,Non,Non,Oui,,,Non,Non,Oui,Résidentielle
diarkoum,https://diarkoum.tn/details.php?id_annonce=12420,Terrain,20000,2024-02-19,Nabeul,Kélibia,Kélibia,8000,200,Non,Non,Non,Oui,,,Non,Non,Oui,Résidentielle
diarkoum,https://diarkoum.tn/details.php?id_annonce=12419,Terrain,20000,2024-02-19,Nabeul,Kélibia,Kélibia,8000,200,Non,Non,Non,Oui,,,Non,Non,Oui,Résidentielle
diarkoum,https://diarkoum.tn/details.php?id_annonce=12416,Terrain,20000,2024-02-19,Nabeul,Kélibia,Kélibia,8000,200,Non,Non,Non,Oui,,,Non,Non,Oui,Résidentielle
diarkoum,https://diarkoum.tn/details.php?id_annonce=12414,Terrain,20000,2024-02-19,Nabeul,Kélibia,Kélibia,8000,200,Non,Non,Non,Oui,,,Non,Non,Oui,Résidentielle
diarkoum,https://diarkoum.tn/details.php?id_annonce=12411,Terrain,20000,2024-02-19,Nabeul,Kélibia,Kélibia,8000,200,Non,Non,Non,Oui,,,Non,Non,Oui,Résidentielle
diarkoum,https://diarkoum.tn/details.php?id_annonce=12409,Terrain,20000,2024-02-19,Nabeul,Kélibia,Kélibia,8000,200,Non,Non,Non,Oui,,,Non,Non,Oui,Résidentielle
diarkoum,https://diarkoum.tn/details.php?id_annonce=12408,Terrain,20000,2024-02-19,Nabeul,Kélibia,Kélibia,8000,200,Non,Non,Non,Oui,,,Non,Non,Oui,Résidentielle
diarkoum,https://diarkoum.tn/details.php?id_annonce=12407,Terrain,20000,2024-02-18,Nabeul,Kélibia,Kélibia,8000,200,Non,Non,Non,Oui,,,Non,Non,Oui,Résidentielle
diarkoum,https://diarkoum.tn/details.php?id_annonce=12406,Terrain,20000,2024-02-18,Nabeul,Kélibia,Kélibia,8000,200,Non,Non,Non,Oui,,,Non,Non,Oui,Résidentielle
diarkoum,https://diarkoum.tn/details.php?id_annonce=12405,Terrain,20000,2024-02-18,Nabeul,Kélibia,Kélibia,8000,200,Non,Non,Non,Oui,,,Non,Non,Oui,Résidentielle
diarkoum,https://diarkoum.tn/details.php?id_annonce=12404,Terrain,20000,2024-02-18,Nabeul,Kélibia,Kélibia,8000,200,Non,Non,Non,Oui,,,Non,Non,Oui,Résidentielle
diarkoum,https://diarkoum.tn/details.php?id_annonce=12403,Terrain,20000,2024-02-18,Nabeul,Kélibia,Kélibia,8000,200,Non,Non,Non,Oui,,,Non,Non,Oui,Résidentielle
diarkoum,https://diarkoum.tn/details.php?id_annonce=12402,Terrain,20000,2024-02-18,Nabeul,Kélibia,Kélibia,8000,200,Non,Non,Non,Oui,,,Non,Non,Oui,Résidentielle
diarkoum,https://diarkoum.tn/details.php?id_annonce=12401,Terrain,20000,2024-02-18,Nabeul,Kélibia,Kélibia,8000,200,Non,Non,Non,Oui,,,Non,Non,Oui,Résidentielle
diarkoum,https://diarkoum.tn/details.php?id_annonce=12400,Terrain,20000,2024-02-17,Nabeul,Kélibia,Kélibia,8000,200,Non,Non,Non,Oui,,,Non,Non,Oui,Résidentielle
diarkoum,https://diarkoum.tn/details.php?id_annonce=12399,Terrain,20000,2024-02-17,Nabeul,Kélibia,Kélibia,8000,200,Non,Non,Non,Oui,,,Non,Non,Oui,Résidentielle
diarkoum,https://diarkoum.tn/details.php?id_annonce=12395,Terrain,20000,2024-02-17,Nabeul,Kélibia,Kélibia,8000,200,Non,Non,Non,Oui,,,Non,Non,Oui,Résidentielle
diarkoum,https://diarkoum.tn/details.php?id_annonce=12393,Terrain,63000,2024-02-17,Nabeul,Hammam Ghezeze,Hammam Ghezeze,8000,1000,Oui,Oui,Non,Oui,,,Non,Non,Oui,Résidentielle
diarkoum,https://diarkoum.tn/details.php?id_annonce=12392,Terrain,300000,2024-02-17,Nabeul,Hammam Ghezeze,Hammam Ghezeze,8000,10000,Oui,Oui,Non,Oui,,,Non,Non,Oui,Résidentielle
diarkoum,https://diarkoum.tn/details.php?id_annonce=12391,Terrain,20000,2024-02-17,Nabeul,Kélibia,Kélibia,8000,200,Non,Non,Non,Oui,,,Non,Non,Oui,Résidentielle
diarkoum,https://diarkoum.tn/details.php?id_annonce=12389,Terrain,20000,2024-02-17,Nabeul,Kélibia,Kélibia,8000,200,Non,Non,Non,Oui,,,Non,Non,Oui,Résidentielle
diarkoum,https://diarkoum.tn/details.php?id_annonce=12388,Terrain,20000,2024-02-17,Nabeul,Kélibia,Kélibia,8000,200,Non,Non,Non,Oui,,,Non,Non,Oui,Résidentielle
diarkoum,https://diarkoum.tn/details.php?id_annonce=12387,Terrain,20000,2024-02-17,Nabeul,Kélibia,Kélibia,8000,200,Non,Non,Non,Oui,,,Non,Non,Oui,Résidentielle
diarkoum,https://diarkoum.tn/details.php?id_annonce=12377,Terrain,180000,2024-02-16,Nabeul,Hammam Ghezeze,Hammam Ghezeze,8000,10000,Oui,Oui,Non,Oui,,,Non,Non,Oui,Résidentielle
diarkoum,https://diarkoum.tn/details.php?id_annonce=12376,Terrain,20000,2024-02-16,Nabeul,Kélibia,Kélibia,8000,200,Non,Non,Non,Oui,,,Non,Non,Oui,Résidentielle
diarkoum,https://diarkoum.tn/details.php?id_annonce=12375,Terrain,20000,2024-02-16,Nabeul,Kélibia,Kélibia,8000,200,Non,Non,Non,Oui,,,Non,Non,Oui,Résidentielle
diarkoum,https://diarkoum.tn/details.php?id_annonce=12374,Terrain,20000,2024-02-16,Nabeul,Kélibia,Kélibia,8000,200,Non,Non,Non,Oui,,,Non,Non,Oui,Résidentielle
diarkoum,https://diarkoum.tn/details.php?id_annonce=12372,Terrain,20000,2024-02-16,Nabeul,Kélibia,Kélibia,8000,200,Non,Non,Non,Oui,,,Non,Non,Oui,Résidentielle
diarkoum,https://diarkoum.tn/details.php?id_annonce=12369,Terrain,300000,2024-02-16,Nabeul,Hammam Ghezeze,Hammam Ghezeze,8000,10000,Oui,Oui,Non,Oui,,,Non,Non,Oui,Résidentielle
diarkoum,https://diarkoum.tn/details.php?id_annonce=12368,Terrain,20000,2024-02-16,Nabeul,Kélibia,Kélibia,8000,200,Non,Non,Non,Oui,,,Non,Non,Oui,Résidentielle
diarkoum,https://diarkoum.tn/details.php?id_annonce=12367,Terrain,20000,2024-02-16,Nabeul,Kélibia,Kélibia,8000,200,Non,Non,Non,Oui,,,Non,Non,Oui,Résidentielle
diarkoum,https://diarkoum.tn/details.php?id_annonce=12366,Terrain,20000,2024-02-16,Nabeul,Kélibia,Kélibia,8000,200,Non,Non,Non,Oui,,,Non,Non,Oui,Résidentielle
diarkoum,https://diarkoum.tn/details.php?id_annonce=12363,Terrain,630000,2024-02-15,Nabeul,Hammam Ghezeze,Hammam Ghezeze,8000,1000,Oui,Non,Non,Oui,,,Non,Non,Oui,Résidentielle
diarkoum,https://diarkoum.tn/details.php?id_annonce=12359,Terrain,300000,2024-02-15,Nabeul,Hammam Ghezeze,Hammam Ghezeze,8000,10000,Oui,Oui,Non,Oui,,,Non,Non,Oui,Résidentielle
diarkoum,https://diarkoum.tn/details.php?id_annonce=12358,Terrain,20000,2024-02-15,Nabeul,Kélibia,Kélibia,8000,200,Non,Non,Non,Oui,,,Non,Non,Oui,Résidentielle
diarkoum,https://diarkoum.tn/details.php?id_annonce=12357,Terrain,20000,2024-02-15,Nabeul,Kélibia,Kélibia,8000,200,Non,Non,Non,Oui,,,Non,Non,Oui,Résidentielle
diarkoum,https://diarkoum.tn/details.php?id_annonce=12353,Terrain,20000,2024-02-15,Nabeul,Kélibia,Kélibia,8000,200,Non,Non,Non,Oui,,,Non,Non,Oui,Résidentielle
diarkoum,https://diarkoum.tn/details.php?id_annonce=12352,Terrain,20000,2024-02-15,Nabeul,Kélibia,Kélibia,8000,200,Non,Non,Non,Oui,,,Non,Non,Oui,Résidentielle
diarkoum,https://diarkoum.tn/details.php?id_annonce=12351,Terrain,36000,2024-02-15,Nabeul,Hammam Ghezeze,Hammam Ghezeze,8000,1000,Oui,Oui,Non,Oui,,,Non,Non,Oui,Résidentielle
diarkoum,https://diarkoum.tn/details.php?id_annonce=12347,Terrain,20000,2024-02-15,Nabeul,Kélibia,Kélibia,8000,200,Non,Non,Non,Oui,,,Non,Non,Oui,Résidentielle
diarkoum,https://diarkoum.tn/details.php?id_annonce=12345,Terrain,20000,2024-02-15,Nabeul,Kélibia,Kélibia,8000,200,Non,Non,Non,Oui,,,Non,Non,Oui,Résidentielle
diarkoum,https://diarkoum.tn/details.php?id_annonce=12344,Terrain,20000,2024-02-15,Nabeul,Kélibia,Kélibia,8000,200,Non,Non,Non,Oui,,,Non,Non,Oui,Résidentielle
diarkoum,https://diarkoum.tn/details.php?id_annonce=12343,Terrain,20000,2024-02-15,Nabeul,Kélibia,Kélibia,8000,200,Non,Non,Non,Oui,,,Non,Non,Oui,Résidentielle
diarkoum,https://diarkoum.tn/details.php?id_annonce=12328,Terrain,20000,2024-02-14,Nabeul,Kélibia,Kélibia,8000,200,Non,Non,Non,Oui,,,Non,Non,Oui,Résidentielle
diarkoum,https://diarkoum.tn/details.php?id_annonce=12318,Terrain,20000,2024-02-14,Nabeul,Kélibia,Kélibia,8000,200,Non,Non,Non,Oui,,,Non,Non,Oui,Résidentielle
diarkoum,https://diarkoum.tn/details.php?id_annonce=12317,Terrain,20000,2024-02-14,Nabeul,Kélibia,Kélibia,8000,200,Non,Non,Non,Oui,,,Non,Non,Oui,Résidentielle
diarkoum,https://diarkoum.tn/details.php?id_annonce=12316,Terrain,20000,2024-02-14,Nabeul,Kélibia,Kélibia,8000,200,Non,Non,Non,Oui,,,Non,Non,Oui,Résidentielle
diarkoum,https://diarkoum.tn/details.php?id_annonce=12315,Terrain,1350000,2024-02-13,Ariana,La Soukra,La Soukra,2036,2000,Non,Non,Non,Oui,,,Non,Non,Oui,Résidentielle
diarkoum,https://diarkoum.tn/details.php?id_annonce=12294,Terrain,20000,2024-02-12,Nabeul,Kélibia,Kélibia,8000,200,Non,Non,Non,Oui,,,Non,Non,Oui,Résidentielle
diarkoum,https://diarkoum.tn/details.php?id_annonce=12293,Terrain,20000,2024-02-12,Nabeul,Kélibia,Kélibia,8000,200,Non,Non,Non,Oui,,,Non,Non,Oui,Résidentielle
diarkoum,https://diarkoum.tn/details.php?id_annonce=12288,Terrain,20000,2024-02-12,Nabeul,Kélibia,Kélibia,8000,200,Non,Non,Non,Oui,,,Non,Non,Oui,Résidentielle
diarkoum,https://diarkoum.tn/details.php?id_annonce=12283,Terrain,20000,2024-02-12,Nabeul,Kélibia,Kélibia,8000,200,Non,Non,Non,Oui,,,Non,Non,Oui,Résidentielle
diarkoum,https://diarkoum.tn/details.php?id_annonce=12280,Terrain,20000,2024-02-12,Nabeul,Korba,Korba,8070,200,Non,Non,Non,Oui,,,Non,Non,Oui,Résidentielle
diarkoum,https://diarkoum.tn/details.php?id_annonce=12279,Terrain,20000,2024-02-12,Nabeul,Kélibia,Kélibia,8000,200,Non,Non,Non,Oui,,,Non,Non,Oui,Résidentielle
diarkoum,https://diarkoum.tn/details.php?id_annonce=12278,Terrain,20000,2024-02-11,Nabeul,Kélibia,Kélibia,8000,200,Non,Non,Non,Oui,,,Non,Non,Oui,Résidentielle
diarkoum,https://diarkoum.tn/details.php?id_annonce=12277,Terrain,20000,2024-02-11,Nabeul,Kélibia,Kélibia,8000,200,Non,Non,Non,Oui,,,Non,Non,Oui,Résidentielle
diarkoum,https://diarkoum.tn/details.php?id_annonce=12276,Terrain,20000,2024-02-11,Nabeul,Korba,Korba,8070,200,Non,Non,Non,Oui,,,Non,Non,Oui,Résidentielle
diarkoum,https://diarkoum.tn/details.php?id_annonce=12275,Terrain,20000,2024-02-11,Nabeul,Kélibia,Kélibia,8000,200,Non,Non,Non,Oui,,,Non,Non,Oui,Résidentielle
diarkoum,https://diarkoum.tn/details.php?id_annonce=12274,Terrain,20000,2024-02-11,Nabeul,Kélibia,Kélibia,8000,200,Non,Non,Non,Oui,,,Non,Non,Oui,Résidentielle
diarkoum,https://diarkoum.tn/details.php?id_annonce=12273,Terrain,20000,2024-02-11,Nabeul,Kélibia,Kélibia,8000,200,Non,Non,Non,Oui,,,Non,Non,Oui,Résidentielle
diarkoum,https://diarkoum.tn/details.php?id_annonce=12271,Terrain,20000,2024-02-10,Nabeul,Kélibia,Kélibia,8000,200,Non,Non,Non,Oui,,,Non,Non,Oui,Résidentielle
diarkoum,https://diarkoum.tn/details.php?id_annonce=12266,Terrain,20000,2024-02-10,Nabeul,Kélibia,Kélibia,8000,200,Non,Non,Non,Oui,,,Non,Non,Oui,Résidentielle
diarkoum,https://diarkoum.tn/details.php?id_annonce=12265,Terrain,20000,2024-02-10,Nabeul,Kélibia,Kélibia,8000,200,Non,Non,Non,Oui,,,Non,Non,Oui,Résidentielle
diarkoum,https://diarkoum.tn/details.php?id_annonce=12263,Terrain,20000,2024-02-10,Nabeul,Kélibia,Kélibia,8000,200,Non,Non,Non,Oui,,,Non,Non,Oui,Résidentielle
diarkoum,https://diarkoum.tn/details.php?id_annonce=12262,Terrain,20000,2024-02-10,Nabeul,Kélibia,Kélibia,8000,200,Non,Non,Non,Oui,,,Non,Non,Oui,Résidentielle
diarkoum,https://diarkoum.tn/details.php?id_annonce=12261,Terrain,20000,2024-02-10,Nabeul,Kélibia,Kélibia,8000,200,Non,Non,Non,Oui,,,Non,Non,Oui,Résidentielle
diarkoum,https://diarkoum.tn/details.php?id_annonce=12260,Terrain,20000,2024-02-10,Nabeul,Kélibia,Kélibia,8000,200,Non,Non,Non,Oui,,,Non,Non,Oui,Résidentielle
diarkoum,https://diarkoum.tn/details.php?id_annonce=12256,Terrain,10000000,2024-02-09,Nabeul,Hammam Ghezeze,Hammam Ghezeze,8000,400000,Oui,Non,Non,Oui,,,Non,Non,Oui,Résidentielle
diarkoum,https://diarkoum.tn/details.php?id_annonce=12257,Terrain,20000,2024-02-09,Nabeul,Kélibia,Kélibia,8000,200,Non,Non,Non,Oui,,,Non,Non,Oui,Résidentielle
diarkoum,https://diarkoum.tn/details.php?id_annonce=12255,Terrain,20000,2024-02-09,Nabeul,Kélibia,Kélibia,8000,200,Non,Non,Non,Oui,,,Non,Non,Oui,Résidentielle
diarkoum,https://diarkoum.tn/details.php?id_annonce=12252,Terrain,20000,2024-02-09,Nabeul,Kélibia,Kélibia,8000,200,Non,Non,Non,Oui,,,Non,Non,Oui,Résidentielle
diarkoum,https://diarkoum.tn/details.php?id_annonce=12251,Terrain,36000,2024-02-09,Nabeul,Hammam Ghezeze,Hammam Ghezeze,8000,1000,Oui,Oui,Non,Oui,,,Non,Non,Oui,Résidentielle
diarkoum,https://diarkoum.tn/details.php?id_annonce=12249,Terrain,20000,2024-02-09,Nabeul,Kélibia,Kélibia,8000,200,Non,Non,Non,Oui,,,Non,Non,Oui,Résidentielle
diarkoum,https://diarkoum.tn/details.php?id_annonce=12248,Terrain,20000,2024-02-09,Nabeul,Kélibia,Kélibia,8000,200,Non,Non,Non,Oui,,,Non,Non,Oui,Résidentielle
diarkoum,https://diarkoum.tn/details.php?id_annonce=12247,Terrain,20000,2024-02-09,Nabeul,Kélibia,Kélibia,8000,200,Non,Non,Non,Oui,,,Non,Non,Oui,Résidentielle
diarkoum,https://diarkoum.tn/details.php?id_annonce=12246,Terrain,20000,2024-02-09,Nabeul,Kélibia,Kélibia,8000,200,Non,Non,Non,Oui,,,Non,Non,Oui,Résidentielle
diarkoum,https://diarkoum.tn/details.php?id_annonce=12245,Terrain,20000,2024-02-09,Nabeul,Kélibia,Kélibia,8000,200,Non,Non,Non,Oui,,,Non,Non,Oui,Résidentielle
diarkoum,https://diarkoum.tn/details.php?id_annonce=12244,Terrain,20000,2024-02-08,Nabeul,Kélibia,Kélibia,8000,200,Non,Non,Non,Oui,,,Non,Non,Oui,Résidentielle
diarkoum,https://diarkoum.tn/details.php?id_annonce=12243,Terrain,20000,2024-02-08,Nabeul,Kélibia,Kélibia,8000,200,Non,Non,Non,Oui,,,Non,Non,Oui,Résidentielle
diarkoum,https://diarkoum.tn/details.php?id_annonce=12241,Terrain,20000,2024-02-08,Nabeul,Kélibia,Kélibia,8000,200,Non,Non,Non,Oui,,,Non,Non,Oui,Résidentielle
diarkoum,https://diarkoum.tn/details.php?id_annonce=12240,Terrain,20000,2024-02-08,Nabeul,Kélibia,Kélibia,8000,200,Non,Non,Non,Oui,,,Non,Non,Oui,Résidentielle
diarkoum,https://diarkoum.tn/details.php?id_annonce=12239,Terrain,20000,2024-02-08,Nabeul,Kélibia,Kélibia,8000,200,Non,Non,Non,Oui,,,Non,Non,Oui,Résidentielle
diarkoum,https://diarkoum.tn/details.php?id_annonce=12238,Terrain,20000,2024-02-08,Nabeul,Kélibia,Kélibia,8000,200,Non,Non,Non,Oui,,,Non,Non,Oui,Résidentielle
diarkoum,https://diarkoum.tn/details.php?id_annonce=12237,Terrain,20000,2024-02-08,Nabeul,Kélibia,Kélibia,8000,200,Non,Non,Non,Oui,,,Non,Non,Oui,Résidentielle
diarkoum,https://diarkoum.tn/details.php?id_annonce=12236,Terrain,20000,2024-02-07,Nabeul,Kélibia,Kélibia,8000,200,Non,Non,Non,Oui,,,Non,Non,Oui,Résidentielle
diarkoum,https://diarkoum.tn/details.php?id_annonce=12235,Terrain,20000,2024-02-07,Nabeul,Kélibia,Kélibia,8000,200,Non,Non,Non,Oui,,,Non,Non,Oui,Résidentielle
diarkoum,https://diarkoum.tn/details.php?id_annonce=12234,Terrain,20000,2024-02-07,Nabeul,Kélibia,Kélibia,8000,200,Non,Non,Non,Oui,,,Non,Non,Oui,Résidentielle
diarkoum,https://diarkoum.tn/details.php?id_annonce=12233,Terrain,20000,2024-02-07,Nabeul,Kélibia,Kélibia,8000,200,Non,Non,Non,Oui,,,Non,Non,Oui,Résidentielle
diarkoum,https://diarkoum.tn/details.php?id_annonce=12005,Terrain,36000,2024-02-07,Nabeul,Hammam Ghezeze,Hammam Ghezeze,8000,1000,Oui,Oui,Non,Oui,,,Non,Non,Oui,Résidentielle
diarkoum,https://diarkoum.tn/details.php?id_annonce=12232,Terrain,36000,2024-02-07,Nabeul,Hammam Ghezeze,Hammam Ghezeze,8000,1000,Non,Non,Non,Oui,,,Non,Non,Oui,Résidentielle
diarkoum,https://diarkoum.tn/details.php?id_annonce=12230,Terrain,110000,2024-02-07,Nabeul,Hammam Ghezeze,Hammam Ghezeze,8000,5000,Oui,Non,Non,Oui,,,Non,Non,Oui,Résidentielle
diarkoum,https://diarkoum.tn/details.php?id_annonce=12228,Terrain,650000,2024-02-07,Nabeul,Hammam Ghezeze,Hammam Ghezeze,8000,50000,Oui,Oui,Non,Oui,,,Non,Non,Oui,Résidentielle
diarkoum,https://diarkoum.tn/details.php?id_annonce=12227,Terrain,20000,2024-02-07,Nabeul,Kélibia,Kélibia,8000,200,Non,Non,Non,Oui,,,Non,Non,Oui,Résidentielle
diarkoum,https://diarkoum.tn/details.php?id_annonce=12226,Terrain,20000,2024-02-07,Nabeul,Kélibia,Kélibia,8000,200,Non,Non,Non,Oui,,,Non,Non,Oui,Résidentielle
diarkoum,https://diarkoum.tn/details.php?id_annonce=12225,Terrain,20000,2024-02-07,Nabeul,Kélibia,Kélibia,8000,200,Non,Non,Non,Oui,,,Non,Non,Oui,Résidentielle
diarkoum,https://diarkoum.tn/details.php?id_annonce=12221,Terrain,20000,2024-02-05,Nabeul,Kélibia,Kélibia,8000,200,Non,Non,Non,Oui,,,Non,Non,Oui,Résidentielle
diarkoum,https://diarkoum.tn/details.php?id_annonce=12220,Terrain,20000,2024-02-05,Nabeul,Kélibia,Kélibia,8000,200,Non,Non,Non,Oui,,,Non,Non,Oui,Résidentielle
diarkoum,https://diarkoum.tn/details.php?id_annonce=12217,Terrain,20000,2024-02-05,Nabeul,Kélibia,Kélibia,8000,200,Non,Non,Non,Oui,,,Non,Non,Oui,Résidentielle
diarkoum,https://diarkoum.tn/details.php?id_annonce=12213,Terrain,20000,2024-02-05,Nabeul,Kélibia,Kélibia,8000,200,Non,Non,Non,Oui,,,Non,Non,Oui,Résidentielle
diarkoum,https://diarkoum.tn/details.php?id_annonce=12209,Terrain,20000,2024-02-05,Nabeul,Kélibia,Kélibia,8000,200,Non,Non,Non,Oui,,,Non,Non,Oui,Résidentielle
diarkoum,https://diarkoum.tn/details.php?id_annonce=12208,Terrain,20000,2024-02-05,Nabeul,Kélibia,Kélibia,8000,200,Non,Non,Non,Oui,,,Non,Non,Oui,Résidentielle
diarkoum,https://diarkoum.tn/details.php?id_annonce=12207,Terrain,20000,2024-02-05,Nabeul,Kélibia,Kélibia,8000,200,Non,Non,Non,Oui,,,Non,Non,Oui,Résidentielle
diarkoum,https://diarkoum.tn/details.php?id_annonce=12206,Terrain,20000,2024-02-04,Nabeul,Korba,Korba,8070,200,Non,Non,Non,Oui,,,Non,Non,Oui,Résidentielle
diarkoum,https://diarkoum.tn/details.php?id_annonce=12205,Terrain,20000,2024-02-04,Nabeul,Kélibia,Kélibia,8000,200,Non,Non,Non,Oui,,,Non,Non,Oui,Résidentielle
diarkoum,https://diarkoum.tn/details.php?id_annonce=12204,Terrain,20000,2024-02-04,Nabeul,Kélibia,Kélibia,8000,200,Non,Non,Non,Oui,,,Non,Non,Oui,Résidentielle
diarkoum,https://diarkoum.tn/details.php?id_annonce=12203,Terrain,20000,2024-02-04,Nabeul,Kélibia,Kélibia,8000,200,Non,Non,Non,Oui,,,Non,Non,Oui,Résidentielle
diarkoum,https://diarkoum.tn/details.php?id_annonce=12202,Terrain,20000,2024-02-04,Nabeul,Kélibia,Kélibia,8000,200,Non,Non,Non,Oui,,,Non,Non,Oui,Résidentielle
diarkoum,https://diarkoum.tn/details.php?id_annonce=12201,Terrain,20000,2024-02-04,Nabeul,Kélibia,Kélibia,8000,200,Non,Non,Non,Oui,,,Non,Non,Oui,Résidentielle
diarkoum,https://diarkoum.tn/details.php?id_annonce=12200,Terrain,20000,2024-02-04,Nabeul,Kélibia,Kélibia,8000,200,Non,Non,Non,Oui,,,Non,Non,Oui,Résidentielle
diarkoum,https://diarkoum.tn/details.php?id_annonce=12199,Terrain,20000,2024-02-04,Nabeul,Kélibia,Kélibia,8000,200,Non,Non,Non,Oui,,,Non,Non,Oui,Résidentielle
diarkoum,https://diarkoum.tn/details.php?id_annonce=12198,Terrain,20000,2024-02-03,Nabeul,Kélibia,Kélibia,8000,200,Non,Non,Non,Oui,,,Non,Non,Oui,Résidentielle
diarkoum,https://diarkoum.tn/details.php?id_annonce=12197,Terrain,20000,2024-02-03,Nabeul,Kélibia,Kélibia,8000,200,Non,Non,Non,Oui,,,Non,Non,Oui,Résidentielle
diarkoum,https://diarkoum.tn/details.php?id_annonce=12194,Terrain,20000,2024-02-03,Nabeul,Kélibia,Kélibia,8000,200,Non,Non,Non,Oui,,,Non,Non,Oui,Résidentielle
diarkoum,https://diarkoum.tn/details.php?id_annonce=12193,Terrain,20000,2024-02-03,Nabeul,Kélibia,Kélibia,8000,200,Non,Non,Non,Oui,,,Non,Non,Oui,Résidentielle
diarkoum,https://diarkoum.tn/details.php?id_annonce=12192,Terrain,20000,2024-02-03,Nabeul,Kélibia,Kélibia,8000,200,Non,Non,Non,Oui,,,Non,Non,Oui,Résidentielle
diarkoum,https://diarkoum.tn/details.php?id_annonce=12191,Terrain,20000,2024-02-03,Nabeul,Kélibia,Kélibia,8000,200,Non,Non,Non,Oui,,,Non,Non,Oui,Résidentielle
diarkoum,https://diarkoum.tn/details.php?id_annonce=12190,Terrain,20000,2024-02-03,Nabeul,Kélibia,Kélibia,8000,200,Non,Non,Non,Oui,,,Non,Non,Oui,Résidentielle
diarkoum,https://diarkoum.tn/details.php?id_annonce=12187,Terrain,20000,2024-02-02,Nabeul,Kélibia,Kélibia,8000,200,Non,Non,Non,Oui,,,Non,Non,Oui,Résidentielle
diarkoum,https://diarkoum.tn/details.php?id_annonce=12188,Terrain,20000,2024-02-02,Nabeul,Kélibia,Kélibia,8000,200,Non,Non,Non,Oui,,,Non,Non,Oui,Résidentielle
diarkoum,https://diarkoum.tn/details.php?id_annonce=12186,Terrain,20000,2024-02-02,Nabeul,Kélibia,Kélibia,8000,200,Non,Non,Non,Oui,,,Non,Non,Oui,Résidentielle
diarkoum,https://diarkoum.tn/details.php?id_annonce=12184,Terrain,20000,2024-02-02,Nabeul,Kélibia,Kélibia,8000,200,Non,Non,Non,Oui,,,Non,Non,Oui,Résidentielle
diarkoum,https://diarkoum.tn/details.php?id_annonce=12183,Terrain,20000,2024-02-02,Nabeul,Kélibia,Kélibia,8000,200,Non,Non,Non,Oui,,,Non,Non,Oui,Résidentielle
diarkoum,https://diarkoum.tn/details.php?id_annonce=12182,Terrain,20000,2024-02-02,Nabeul,Kélibia,Kélibia,8000,200,Non,Non,Non,Oui,,,Non,Non,Oui,Résidentielle
diarkoum,https://diarkoum.tn/details.php?id_annonce=12181,Terrain,20000,2024-02-02,Nabeul,Kélibia,Kélibia,8000,200,Non,Non,Non,Oui,,,Non,Non,Oui,Résidentielle
diarkoum,https://diarkoum.tn/details.php?id_annonce=12180,Terrain,20000,2024-02-02,Nabeul,Kélibia,Kélibia,8000,200,Non,Non,Non,Oui,,,Non,Non,Oui,Résidentielle
diarkoum,https://diarkoum.tn/details.php?id_annonce=12175,Terrain,20000,2024-02-01,Nabeul,Kélibia,Kélibia,8000,200,Non,Non,Non,Oui,,,Non,Non,Oui,Résidentielle
diarkoum,https://diarkoum.tn/details.php?id_annonce=12174,Terrain,20000,2024-02-01,Nabeul,Kélibia,Kélibia,8000,200,Non,Non,Non,Oui,,,Non,Non,Oui,Résidentielle
diarkoum,https://diarkoum.tn/details.php?id_annonce=12172,Terrain,20000,2024-02-01,Nabeul,Kélibia,Kélibia,8000,200,Non,Non,Non,Oui,,,Non,Non,Oui,Résidentielle
diarkoum,https://diarkoum.tn/details.php?id_annonce=12171,Terrain,20000,2024-02-01,Nabeul,Kélibia,Kélibia,8000,200,Non,Non,Non,Oui,,,Non,Non,Oui,Résidentielle
diarkoum,https://diarkoum.tn/details.php?id_annonce=12170,Terrain,20000,2024-02-01,Nabeul,Kélibia,Kélibia,8000,200,Non,Non,Non,Oui,,,Non,Non,Oui,Résidentielle
diarkoum,https://diarkoum.tn/details.php?id_annonce=12169,Terrain,20000,2024-02-01,Nabeul,Kélibia,Kélibia,8000,200,Non,Non,Non,Oui,,,Non,Non,Oui,Résidentielle
diarkoum,https://diarkoum.tn/details.php?id_annonce=12168,Terrain,20000,2024-02-01,Nabeul,Kélibia,Kélibia,8000,200,Non,Non,Non,Oui,,,Non,Non,Oui,Résidentielle
diarkoum,https://diarkoum.tn/details.php?id_annonce=12162,Terrain,20000,2024-01-31,Nabeul,Kélibia,Kélibia,8000,200,Non,Non,Non,Oui,,,Non,Non,Oui,Résidentielle
diarkoum,https://diarkoum.tn/details.php?id_annonce=12161,Terrain,20000,2024-01-31,Nabeul,Kélibia,Kélibia,8000,200,Non,Non,Non,Oui,,,Non,Non,Oui,Résidentielle
diarkoum,https://diarkoum.tn/details.php?id_annonce=12160,Terrain,20000,2024-01-31,Nabeul,Kélibia,Kélibia,8000,200,Non,Non,Non,Oui,,,Non,Non,Oui,Résidentielle
diarkoum,https://diarkoum.tn/details.php?id_annonce=12157,Terrain,20000,2024-01-31,Nabeul,Kélibia,Kélibia,8000,200,Non,Non,Non,Oui,,,Non,Non,Oui,Résidentielle
diarkoum,https://diarkoum.tn/details.php?id_annonce=12156,Terrain,20000,2024-01-31,Nabeul,Kélibia,Kélibia,8000,200,Non,Non,Non,Oui,,,Non,Non,Oui,Résidentielle
diarkoum,https://diarkoum.tn/details.php?id_annonce=12155,Terrain,20000,2024-01-31,Nabeul,Kélibia,Kélibia,8000,200,Non,Non,Non,Oui,,,Non,Non,Oui,Résidentielle
diarkoum,https://diarkoum.tn/details.php?id_annonce=12154,Terrain,20000,2024-01-31,Nabeul,Kélibia,Kélibia,8000,200,Non,Non,Non,Oui,,,Non,Non,Oui,Résidentielle
diarkoum,https://diarkoum.tn/details.php?id_annonce=12147,Terrain,63000,2024-01-30,Nabeul,Hammam Ghezeze,Hammam Ghezeze,8000,1000,Oui,Non,Non,Oui,,,Non,Non,Oui,Résidentielle
diarkoum,https://diarkoum.tn/details.php?id_annonce=12136,Terrain,20000,2024-01-29,Nabeul,Kélibia,Kélibia,8000,200,Non,Non,Non,Oui,,,Non,Non,Oui,Résidentielle
diarkoum,https://diarkoum.tn/details.php?id_annonce=12134,Terrain,20000,2024-01-29,Nabeul,Kélibia,Kélibia,8000,200,Non,Non,Non,Oui,,,Non,Non,Oui,Résidentielle
diarkoum,https://diarkoum.tn/details.php?id_annonce=12133,Terrain,20000,2024-01-29,Nabeul,Kélibia,Kélibia,8000,200,Non,Non,Non,Oui,,,Non,Non,Oui,Résidentielle
diarkoum,https://diarkoum.tn/details.php?id_annonce=12131,Terrain,20000,2024-01-29,Nabeul,Kélibia,Kélibia,8000,200,Non,Non,Non,Oui,,,Non,Non,Oui,Résidentielle
diarkoum,https://diarkoum.tn/details.php?id_annonce=12128,Terrain,20000,2024-01-29,Nabeul,Kélibia,Kélibia,8000,200,Non,Non,Non,Oui,,,Non,Non,Oui,Résidentielle
diarkoum,https://diarkoum.tn/details.php?id_annonce=12126,Terrain,20000,2024-01-29,Nabeul,Kélibia,Kélibia,8000,200,Non,Non,Non,Oui,,,Non,Non,Oui,Résidentielle
diarkoum,https://diarkoum.tn/details.php?id_annonce=12124,Terrain,20000,2024-01-29,Nabeul,Kélibia,Kélibia,8000,200,Non,Non,Non,Oui,,,Non,Non,Oui,Résidentielle
diarkoum,https://diarkoum.tn/details.php?id_annonce=12123,Terrain,20000,2024-01-29,Nabeul,Kélibia,Kélibia,8000,200,Non,Non,Non,Oui,,,Non,Non,Oui,Résidentielle
diarkoum,https://diarkoum.tn/details.php?id_annonce=12122,Terrain,20000,2024-01-28,Nabeul,Kélibia,Kélibia,8000,200,Non,Non,Non,Oui,,,Non,Non,Oui,Résidentielle
diarkoum,https://diarkoum.tn/details.php?id_annonce=12121,Terrain,20000,2024-01-28,Nabeul,Kélibia,Kélibia,8000,200,Non,Non,Non,Oui,,,Non,Non,Oui,Résidentielle
diarkoum,https://diarkoum.tn/details.php?id_annonce=12120,Terrain,20000,2024-01-28,Nabeul,Kélibia,Kélibia,8000,200,Non,Non,Non,Oui,,,Non,Non,Oui,Résidentielle
diarkoum,https://diarkoum.tn/details.php?id_annonce=12119,Terrain,20000,2024-01-28,Nabeul,Kélibia,Kélibia,8000,200,Non,Non,Non,Oui,,,Non,Non,Oui,Résidentielle
diarkoum,https://diarkoum.tn/details.php?id_annonce=12118,Terrain,20000,2024-01-28,Nabeul,Kélibia,Kélibia,8000,200,Non,Non,Non,Oui,,,Non,Non,Oui,Résidentielle
diarkoum,https://diarkoum.tn/details.php?id_annonce=12117,Terrain,20000,2024-01-27,Nabeul,Kélibia,Kélibia,8000,200,Non,Non,Non,Oui,,,Non,Non,Oui,Résidentielle
diarkoum,https://diarkoum.tn/details.php?id_annonce=12116,Terrain,20000,2024-01-27,Nabeul,Kélibia,Kélibia,8000,200,Non,Non,Non,Oui,,,Non,Non,Oui,Résidentielle
diarkoum,https://diarkoum.tn/details.php?id_annonce=12114,Terrain,63000,2024-01-27,Nabeul,Hammam Ghezeze,Hammam Ghezeze,8000,1000,Oui,Non,Non,Oui,,,Non,Non,Oui,Résidentielle
diarkoum,https://diarkoum.tn/details.php?id_annonce=12111,Terrain,20000,2024-01-27,Nabeul,Kélibia,Kélibia,8000,200,Non,Non,Non,Oui,,,Non,Non,Oui,Résidentielle
diarkoum,https://diarkoum.tn/details.php?id_annonce=12109,Terrain,20000,2024-01-27,Nabeul,Kélibia,Kélibia,8000,200,Non,Non,Non,Oui,,,Non,Non,Oui,Résidentielle
diarkoum,https://diarkoum.tn/details.php?id_annonce=12107,Terrain,20000,2024-01-27,Nabeul,Kélibia,Kélibia,8000,200,Non,Non,Non,Oui,,,Non,Non,Oui,Résidentielle
diarkoum,https://diarkoum.tn/details.php?id_annonce=12106,Terrain,20000,2024-01-27,Nabeul,Kélibia,Kélibia,8000,200,Non,Non,Non,Oui,,,Non,Non,Oui,Résidentielle
diarkoum,https://diarkoum.tn/details.php?id_annonce=12105,Terrain,20000,2024-01-27,Nabeul,Kélibia,Kélibia,8000,200,Non,Non,Non,Oui,,,Non,Non,Oui,Résidentielle
diarkoum,https://diarkoum.tn/details.php?id_annonce=12103,Terrain,20000,2024-01-26,Nabeul,Kélibia,Kélibia,8000,200,Non,Non,Non,Oui,,,Non,Non,Oui,Résidentielle
diarkoum,https://diarkoum.tn/details.php?id_annonce=12102,Terrain,20000,2024-01-26,Nabeul,Kélibia,Kélibia,8000,200,Non,Non,Non,Oui,,,Non,Non,Oui,Résidentielle
diarkoum,https://diarkoum.tn/details.php?id_annonce=12098,Terrain,20000,2024-01-26,Nabeul,Kélibia,Kélibia,8000,200,Non,Non,Non,Oui,,,Non,Non,Oui,Résidentielle
diarkoum,https://diarkoum.tn/details.php?id_annonce=12096,Terrain,20000,2024-01-26,Nabeul,Kélibia,Kélibia,8000,200,Non,Non,Non,Oui,,,Non,Non,Oui,Résidentielle
diarkoum,https://diarkoum.tn/details.php?id_annonce=12095,Terrain,300000,2024-01-26,Nabeul,Hammam Ghezeze,Hammam Ghezeze,8000,10000,Oui,Non,Non,Oui,,,Non,Non,Oui,Résidentielle
diarkoum,https://diarkoum.tn/details.php?id_annonce=12093,Terrain,20000,2024-01-26,Nabeul,Kélibia,Kélibia,8000,200,Non,Non,Non,Oui,,,Non,Non,Oui,Résidentielle
diarkoum,https://diarkoum.tn/details.php?id_annonce=12092,Terrain,20000,2024-01-26,Nabeul,Kélibia,Kélibia,8000,200,Non,Non,Non,Oui,,,Non,Non,Oui,Résidentielle
diarkoum,https://diarkoum.tn/details.php?id_annonce=12091,Terrain,20000,2024-01-26,Nabeul,Kélibia,Kélibia,8000,200,Non,Non,Non,Oui,,,Non,Non,Oui,Résidentielle
diarkoum,https://diarkoum.tn/details.php?id_annonce=12089,Terrain,20000,2024-01-25,Nabeul,Kélibia,Kélibia,8000,200,Non,Non,Non,Oui,,,Non,Non,Oui,Résidentielle
diarkoum,https://diarkoum.tn/details.php?id_annonce=12088,Terrain,20000,2024-01-25,Nabeul,Kélibia,Kélibia,8000,200,Non,Non,Non,Oui,,,Non,Non,Oui,Résidentielle
diarkoum,https://diarkoum.tn/details.php?id_annonce=12087,Terrain,20000,2024-01-25,Nabeul,Kélibia,Kélibia,8000,200,Non,Non,Non,Oui,,,Non,Non,Oui,Résidentielle
diarkoum,https://diarkoum.tn/details.php?id_annonce=12085,Terrain,20000,2024-01-25,Nabeul,Kélibia,Kélibia,8000,200,Non,Non,Non,Oui,,,Non,Non,Oui,Résidentielle
diarkoum,https://diarkoum.tn/details.php?id_annonce=12083,Terrain,20000,2024-01-25,Nabeul,Kélibia,Kélibia,8000,200,Non,Non,Non,Oui,,,Non,Non,Oui,Résidentielle
diarkoum,https://diarkoum.tn/details.php?id_annonce=12082,Terrain,20000,2024-01-25,Nabeul,Kélibia,Kélibia,8000,200,Non,Non,Non,Oui,,,Non,Non,Oui,Résidentielle
diarkoum,https://diarkoum.tn/details.php?id_annonce=12081,Terrain,20000,2024-01-25,Nabeul,Kélibia,Kélibia,8000,200,Non,Non,Non,Oui,,,Non,Non,Oui,Résidentielle
diarkoum,https://diarkoum.tn/details.php?id_annonce=12079,Terrain,1,2024-01-24,Médenine,Djerba - Houmt Souk,Djerba - Houmt Souk,4180,170,Titre Bleu,Non,Oui,Oui,7x3,,Non,Non,Oui,Résidentielle
diarkoum,https://diarkoum.tn/details.php?id_annonce=12078,Terrain,20000,2024-01-24,Nabeul,Kélibia,Kélibia,8000,200,Non,Non,Non,Oui,,,Non,Non,Oui,Résidentielle
diarkoum,https://diarkoum.tn/details.php?id_annonce=12077,Terrain,20000,2024-01-24,Nabeul,Kélibia,Kélibia,8000,200,Non,Non,Non,Oui,,,Non,Non,Oui,Résidentielle
diarkoum,https://diarkoum.tn/details.php?id_annonce=12075,Terrain,20000,2024-01-24,Nabeul,Kélibia,Kélibia,8000,200,Non,Non,Non,Oui,,,Non,Non,Oui,Résidentielle
diarkoum,https://diarkoum.tn/details.php?id_annonce=12074,Terrain,20000,2024-01-24,Nabeul,Kélibia,Kélibia,8000,200,Non,Non,Non,Oui,,,Non,Non,Oui,Résidentielle
diarkoum,https://diarkoum.tn/details.php?id_annonce=12071,Terrain,20000,2024-01-24,Nabeul,Korba,Korba,8070,200,Non,Non,Non,Oui,,,Non,Non,Oui,Résidentielle
diarkoum,https://diarkoum.tn/details.php?id_annonce=12070,Terrain,20000,2024-01-24,Nabeul,Kélibia,Kélibia,8000,200,Non,Non,Non,Oui,,,Non,Non,Oui,Résidentielle
diarkoum,https://diarkoum.tn/details.php?id_annonce=12069,Terrain,20000,2024-01-24,Nabeul,Kélibia,Kélibia,8000,200,Non,Non,Non,Oui,,,Non,Non,Oui,Résidentielle
diarkoum,https://diarkoum.tn/details.php?id_annonce=12066,Terrain,900000,2024-01-23,Médenine,Djerba - Midoun,Djerba - Midoun,4180,192,Non,Non,Non,Oui,,,Non,Non,Oui,Résidentielle
diarkoum,https://diarkoum.tn/details.php?id_annonce=12065,Terrain,20000,2024-01-23,Nabeul,Kélibia,Kélibia,8000,200,Non,Non,Non,Oui,,,Non,Non,Oui,Résidentielle
diarkoum,https://diarkoum.tn/details.php?id_annonce=12064,Terrain,20000,2024-01-23,Nabeul,Kélibia,Kélibia,8000,200,Non,Non,Non,Oui,,,Non,Non,Oui,Résidentielle
diarkoum,https://diarkoum.tn/details.php?id_annonce=12062,Terrain,20000,2024-01-23,Nabeul,Kélibia,Kélibia,8000,200,Non,Non,Non,Oui,,,Non,Non,Oui,Résidentielle
diarkoum,https://diarkoum.tn/details.php?id_annonce=12061,Terrain,20000,2024-01-23,Nabeul,Kélibia,Kélibia,8000,200,Non,Non,Non,Oui,,,Non,Non,Oui,Résidentielle
diarkoum,https://diarkoum.tn/details.php?id_annonce=12060,Terrain,63000,2024-01-23,Nabeul,Hammam Ghezeze,Hammam Ghezeze,8000,1000,Oui,Non,Non,Oui,,,Non,Non,Oui,Résidentielle
diarkoum,https://diarkoum.tn/details.php?id_annonce=12058,Terrain,20000,2024-01-23,Nabeul,Kélibia,Kélibia,8000,200,Non,Non,Non,Oui,,,Non,Non,Oui,Résidentielle
diarkoum,https://diarkoum.tn/details.php?id_annonce=12057,Terrain,20000,2024-01-23,Nabeul,Kélibia,Kélibia,8000,200,Non,Non,Non,Oui,,,Non,Non,Oui,Résidentielle
diarkoum,https://diarkoum.tn/details.php?id_annonce=12056,Terrain,20000,2024-01-23,Nabeul,Kélibia,Kélibia,8000,200,Non,Non,Non,Oui,,,Non,Non,Oui,Résidentielle
diarkoum,https://diarkoum.tn/details.php?id_annonce=12051,Terrain,20000,2024-01-22,Nabeul,Kélibia,Kélibia,8000,200,Non,Non,Non,Oui,,,Non,Non,Oui,Résidentielle
diarkoum,https://diarkoum.tn/details.php?id_annonce=12050,Terrain,20000,2024-01-22,Nabeul,Kélibia,Kélibia,8000,200,Non,Non,Non,Oui,,,Non,Non,Oui,Résidentielle
diarkoum,https://diarkoum.tn/details.php?id_annonce=12049,Terrain,20000,2024-01-22,Nabeul,Kélibia,Kélibia,8000,200,Non,Non,Non,Oui,,,Non,Non,Oui,Résidentielle
diarkoum,https://diarkoum.tn/details.php?id_annonce=12045,Terrain,20000,2024-01-22,Nabeul,Kélibia,Kélibia,8000,200,Non,Non,Non,Oui,,,Non,Non,Oui,Résidentielle
diarkoum,https://diarkoum.tn/details.php?id_annonce=12043,Terrain,20000,2024-01-22,Nabeul,Kélibia,Kélibia,8000,200,Non,Non,Non,Oui,,,Non,Non,Oui,Résidentielle
diarkoum,https://diarkoum.tn/details.php?id_annonce=12041,Terrain,300000,2024-01-22,Nabeul,Hammam Ghezeze,Hammam Ghezeze,8000,10000,Oui,Non,Non,Oui,,,Non,Non,Oui,Résidentielle
diarkoum,https://diarkoum.tn/details.php?id_annonce=12039,Terrain,20000,2024-01-22,Nabeul,Kélibia,Kélibia,8000,200,Non,Non,Non,Oui,,,Non,Non,Oui,Résidentielle
diarkoum,https://diarkoum.tn/details.php?id_annonce=12038,Terrain,20000,2024-01-22,Nabeul,Kélibia,Kélibia,8000,200,Non,Non,Non,Oui,,,Non,Non,Oui,Résidentielle
diarkoum,https://diarkoum.tn/details.php?id_annonce=12037,Terrain,20000,2024-01-20,Nabeul,Kélibia,Kélibia,8000,200,Non,Non,Non,Oui,,,Non,Non,Oui,Résidentielle
diarkoum,https://diarkoum.tn/details.php?id_annonce=12036,Terrain,20000,2024-01-20,Nabeul,Kélibia,Kélibia,8000,200,Non,Non,Non,Oui,,,Non,Non,Oui,Résidentielle
diarkoum,https://diarkoum.tn/details.php?id_annonce=12034,Terrain,20000,2024-01-20,Nabeul,Kélibia,Kélibia,8000,200,Non,Non,Non,Oui,,,Non,Non,Oui,Résidentielle
diarkoum,https://diarkoum.tn/details.php?id_annonce=12033,Terrain,63000,2024-01-20,Nabeul,Hammam Ghezeze,Hammam Ghezeze,8000,1000,Oui,Oui,Non,Oui,,,Non,Non,Oui,Résidentielle
diarkoum,https://diarkoum.tn/details.php?id_annonce=12031,Terrain,20000,2024-01-20,Nabeul,Kélibia,Kélibia,8000,200,Non,Non,Non,Oui,,,Non,Non,Oui,Résidentielle
diarkoum,https://diarkoum.tn/details.php?id_annonce=12030,Terrain,20000,2024-01-20,Nabeul,Kélibia,Kélibia,8000,200,Non,Non,Non,Oui,,,Non,Non,Oui,Résidentielle
diarkoum,https://diarkoum.tn/details.php?id_annonce=12029,Terrain,20000,2024-01-20,Nabeul,Kélibia,Kélibia,8000,200,Non,Non,Non,Oui,,,Non,Non,Oui,Résidentielle
diarkoum,https://diarkoum.tn/details.php?id_annonce=12028,Terrain,20000,2024-01-20,Nabeul,Kélibia,Kélibia,8000,200,Non,Non,Non,Oui,,,Non,Non,Oui,Résidentielle
diarkoum,https://diarkoum.tn/details.php?id_annonce=12023,Terrain,20000,2024-01-19,Nabeul,Kélibia,Kélibia,8000,200,Non,Non,Non,Oui,,,Non,Non,Oui,Résidentielle
diarkoum,https://diarkoum.tn/details.php?id_annonce=12022,Terrain,20000,2024-01-19,Nabeul,Kélibia,Kélibia,8000,200,Non,Non,Non,Oui,,,Non,Non,Oui,Résidentielle
diarkoum,https://diarkoum.tn/details.php?id_annonce=12020,Terrain,20000,2024-01-19,Nabeul,Kélibia,Kélibia,8000,200,Non,Non,Non,Oui,,,Non,Non,Oui,Résidentielle
diarkoum,https://diarkoum.tn/details.php?id_annonce=12018,Terrain,20000,2024-01-19,Nabeul,Kélibia,Kélibia,8000,200,Non,Non,Non,Oui,,,Non,Non,Oui,Résidentielle
diarkoum,https://diarkoum.tn/details.php?id_annonce=12016,Terrain,300000,2024-01-19,Nabeul,Hammam Ghezeze,Hammam Ghezeze,8000,10000,Oui,Non,Non,Oui,,,Non,Non,Oui,Résidentielle
diarkoum,https://diarkoum.tn/details.php?id_annonce=12014,Terrain,20000,2024-01-19,Nabeul,Kélibia,Kélibia,8000,200,Non,Non,Non,Oui,,,Non,Non,Oui,Résidentielle
diarkoum,https://diarkoum.tn/details.php?id_annonce=12012,Terrain,20000,2024-01-19,Nabeul,Kélibia,Kélibia,8000,200,Non,Non,Non,Oui,,,Non,Non,Oui,Résidentielle
diarkoum,https://diarkoum.tn/details.php?id_annonce=12011,Terrain,20000,2024-01-19,Nabeul,Kélibia,Kélibia,8000,200,Non,Non,Non,Oui,,,Non,Non,Oui,Résidentielle
diarkoum,https://diarkoum.tn/details.php?id_annonce=12010,Terrain,20000,2024-01-19,Nabeul,Kélibia,Kélibia,8000,200,Non,Non,Non,Oui,,,Non,Non,Oui,Résidentielle
diarkoum,https://diarkoum.tn/details.php?id_annonce=12007,Terrain,63000,2024-01-18,Nabeul,Hammam Ghezeze,Hammam Ghezeze,8000,1000,Oui,Non,Non,Oui,,,Non,Non,Oui,Résidentielle
diarkoum,https://diarkoum.tn/details.php?id_annonce=12006,Terrain,300000,2024-01-18,Nabeul,Hammam Ghezeze,Hammam Ghezeze,8000,10000,Oui,Oui,Non,Oui,,,Non,Non,Oui,Résidentielle
diarkoum,https://diarkoum.tn/details.php?id_annonce=12003,Terrain,20000,2024-01-18,Nabeul,Kélibia,Kélibia,8000,200,Non,Non,Non,Oui,,,Non,Non,Oui,Résidentielle
diarkoum,https://diarkoum.tn/details.php?id_annonce=12002,Terrain,20000,2024-01-18,Nabeul,Kélibia,Kélibia,8000,200,Non,Non,Non,Oui,,,Non,Non,Oui,Résidentielle
diarkoum,https://diarkoum.tn/details.php?id_annonce=12000,Terrain,20000,2024-01-18,Nabeul,Kélibia,Kélibia,8000,200,Non,Non,Non,Oui,,,Non,Non,Oui,Résidentielle
diarkoum,https://diarkoum.tn/details.php?id_annonce=11999,Terrain,20000,2024-01-18,Nabeul,Kélibia,Kélibia,8000,200,Non,Non,Non,Oui,,,Non,Non,Oui,Résidentielle
diarkoum,https://diarkoum.tn/details.php?id_annonce=11997,Terrain,20000,2024-01-18,Nabeul,Kélibia,Kélibia,8000,200,Non,Non,Non,Oui,,,Non,Non,Oui,Résidentielle
diarkoum,https://diarkoum.tn/details.php?id_annonce=11994,Terrain,20000,2024-01-18,Nabeul,Kélibia,Kélibia,8000,200,Non,Non,Non,Oui,,,Non,Non,Oui,Résidentielle
diarkoum,https://diarkoum.tn/details.php?id_annonce=11993,Terrain,20000,2024-01-18,Nabeul,Kélibia,Kélibia,8000,200,Non,Non,Non,Oui,,,Non,Non,Oui,Résidentielle
diarkoum,https://diarkoum.tn/details.php?id_annonce=11988,Terrain,20000,2024-01-17,Nabeul,Kélibia,Kélibia,8000,200,Non,Non,Non,Oui,,,Non,Non,Oui,Résidentielle
diarkoum,https://diarkoum.tn/details.php?id_annonce=11987,Terrain,20000,2024-01-17,Nabeul,Kélibia,Kélibia,8000,200,Non,Non,Non,Oui,,,Non,Non,Oui,Résidentielle
diarkoum,https://diarkoum.tn/details.php?id_annonce=11986,Terrain,20000,2024-01-17,Nabeul,Kélibia,Kélibia,8000,200,Non,Non,Non,Oui,,,Non,Non,Oui,Résidentielle
diarkoum,https://diarkoum.tn/details.php?id_annonce=11983,Terrain,20000,2024-01-17,Nabeul,Kélibia,Kélibia,8000,200,Non,Non,Non,Oui,,,Non,Non,Oui,Résidentielle
diarkoum,https://diarkoum.tn/details.php?id_annonce=11981,Terrain,20000,2024-01-17,Nabeul,Kélibia,Kélibia,8000,200,Non,Non,Non,Oui,,,Non,Non,Oui,Résidentielle
diarkoum,https://diarkoum.tn/details.php?id_annonce=11980,Terrain,20000,2024-01-17,Nabeul,Kélibia,Kélibia,8000,200,Non,Non,Non,Oui,,,Non,Non,Oui,Résidentielle
diarkoum,https://diarkoum.tn/details.php?id_annonce=11979,Terrain,20000,2024-01-17,Nabeul,Kélibia,Kélibia,8000,200,Non,Non,Non,Oui,,,Non,Non,Oui,Résidentielle
diarkoum,https://diarkoum.tn/details.php?id_annonce=11972,Terrain,20000,2024-01-15,Nabeul,Kélibia,Kélibia,8000,200,Non,Non,Non,Oui,,,Non,Non,Oui,Résidentielle
diarkoum,https://diarkoum.tn/details.php?id_annonce=11970,Terrain,20000,2024-01-15,Nabeul,Kélibia,Kélibia,8000,200,Non,Non,Non,Oui,,,Non,Non,Oui,Résidentielle
diarkoum,https://diarkoum.tn/details.php?id_annonce=11968,Terrain,300000,2024-01-15,Nabeul,Hammam Ghezeze,Hammam Ghezeze,8000,10000,Oui,Oui,Non,Oui,,,Non,Non,Oui,Résidentielle
diarkoum,https://diarkoum.tn/details.php?id_annonce=11967,Terrain,20000,2024-01-15,Nabeul,Kélibia,Kélibia,8000,200,Non,Non,Non,Oui,,,Non,Non,Oui,Résidentielle
diarkoum,https://diarkoum.tn/details.php?id_annonce=11966,Terrain,20000,2024-01-15,Nabeul,Kélibia,Kélibia,8000,200,Non,Non,Non,Oui,,,Non,Non,Oui,Résidentielle
diarkoum,https://diarkoum.tn/details.php?id_annonce=11964,Terrain,20000,2024-01-15,Nabeul,Kélibia,Kélibia,8000,200,Non,Non,Non,Oui,,,Non,Non,Oui,Résidentielle
diarkoum,https://diarkoum.tn/details.php?id_annonce=11963,Terrain,20000,2024-01-15,Nabeul,Kélibia,Kélibia,8000,200,Non,Non,Non,Oui,,,Non,Non,Oui,Résidentielle
diarkoum,https://diarkoum.tn/details.php?id_annonce=11962,Terrain,20000,2024-01-14,Nabeul,Kélibia,Kélibia,8000,200,Non,Non,Non,Oui,,,Non,Non,Oui,Résidentielle
diarkoum,https://diarkoum.tn/details.php?id_annonce=11961,Terrain,20000,2024-01-14,Nabeul,Kélibia,Kélibia,8000,200,Non,Non,Non,Oui,,,Non,Non,Oui,Résidentielle
diarkoum,https://diarkoum.tn/details.php?id_annonce=11960,Terrain,20000,2024-01-14,Nabeul,Kélibia,Kélibia,8000,200,Non,Non,Non,Oui,,,Non,Non,Oui,Résidentielle
diarkoum,https://diarkoum.tn/details.php?id_annonce=11959,Terrain,20000,2024-01-14,Nabeul,Kélibia,Kélibia,8000,200,Non,Non,Non,Oui,,,Non,Non,Oui,Résidentielle
diarkoum,https://diarkoum.tn/details.php?id_annonce=11958,Terrain,20000,2024-01-14,Nabeul,Kélibia,Kélibia,8000,200,Non,Non,Non,Oui,,,Non,Non,Oui,Résidentielle
diarkoum,https://diarkoum.tn/details.php?id_annonce=11957,Terrain,20000,2024-01-14,Nabeul,Kélibia,Kélibia,8000,200,Non,Non,Non,Oui,,,Non,Non,Oui,Résidentielle
diarkoum,https://diarkoum.tn/details.php?id_annonce=11956,Terrain,20000,2024-01-14,Nabeul,Kélibia,Kélibia,8000,200,Non,Non,Non,Oui,,,Non,Non,Oui,Résidentielle
diarkoum,https://diarkoum.tn/details.php?id_annonce=11955,Terrain,20000,2024-01-13,Nabeul,Kélibia,Kélibia,8000,200,Non,Non,Non,Oui,,,Non,Non,Oui,Résidentielle
diarkoum,https://diarkoum.tn/details.php?id_annonce=11954,Terrain,20000,2024-01-13,Nabeul,Kélibia,Kélibia,8000,200,Non,Non,Non,Oui,,,Non,Non,Oui,Résidentielle
diarkoum,https://diarkoum.tn/details.php?id_annonce=11952,Terrain,20000,2024-01-13,Nabeul,Kélibia,Kélibia,8000,200,Non,Non,Non,Oui,,,Non,Non,Oui,Résidentielle
diarkoum,https://diarkoum.tn/details.php?id_annonce=11951,Terrain,20000,2024-01-13,Nabeul,Kélibia,Kélibia,8000,200,Non,Non,Non,Oui,,,Non,Non,Oui,Résidentielle
diarkoum,https://diarkoum.tn/details.php?id_annonce=11949,Terrain,20000,2024-01-13,Nabeul,Kélibia,Kélibia,8000,200,Non,Non,Non,Oui,,,Non,Non,Oui,Résidentielle
diarkoum,https://diarkoum.tn/details.php?id_annonce=11948,Terrain,20000,2024-01-13,Nabeul,Kélibia,Kélibia,8000,200,Non,Non,Non,Oui,,,Non,Non,Oui,Résidentielle
diarkoum,https://diarkoum.tn/details.php?id_annonce=11947,Terrain,20000,2024-01-13,Nabeul,Kélibia,Kélibia,8000,200,Non,Non,Non,Oui,,,Non,Non,Oui,Résidentielle
diarkoum,https://diarkoum.tn/details.php?id_annonce=11943,Terrain,20000,2024-01-12,Nabeul,Kélibia,Kélibia,8000,200,Non,Non,Non,Oui,,,Non,Non,Oui,Résidentielle
diarkoum,https://diarkoum.tn/details.php?id_annonce=11941,Terrain,20000,2024-01-12,Nabeul,Kélibia,Kélibia,8000,200,Non,Non,Non,Oui,,,Non,Non,Oui,Résidentielle
diarkoum,https://diarkoum.tn/details.php?id_annonce=11939,Terrain,20000,2024-01-12,Nabeul,Kélibia,Kélibia,8000,200,Non,Non,Non,Oui,,,Non,Non,Oui,Résidentielle
diarkoum,https://diarkoum.tn/details.php?id_annonce=11938,Terrain,20000,2024-01-12,Nabeul,Kélibia,Kélibia,8000,200,Non,Non,Non,Oui,,,Non,Non,Oui,Résidentielle
diarkoum,https://diarkoum.tn/details.php?id_annonce=11934,Terrain,20000,2024-01-12,Nabeul,Kélibia,Kélibia,8000,200,Non,Non,Non,Oui,,,Non,Non,Oui,Résidentielle
diarkoum,https://diarkoum.tn/details.php?id_annonce=11933,Terrain,20000,2024-01-12,Nabeul,Kélibia,Kélibia,8000,200,Non,Non,Non,Oui,,,Non,Non,Oui,Résidentielle
diarkoum,https://diarkoum.tn/details.php?id_annonce=11932,Terrain,63000,2024-01-11,Nabeul,Hammam Ghezeze,Hammam Ghezeze,8000,1000,Oui,Non,Non,Oui,,,Non,Non,Oui,Résidentielle
diarkoum,https://diarkoum.tn/details.php?id_annonce=11930,Terrain,20000,2024-01-11,Nabeul,Kélibia,Kélibia,8000,200,Non,Non,Non,Oui,,,Non,Non,Oui,Résidentielle
diarkoum,https://diarkoum.tn/details.php?id_annonce=11929,Terrain,20000,2024-01-11,Nabeul,Kélibia,Kélibia,8000,200,Non,Non,Non,Oui,,,Non,Non,Oui,Résidentielle
diarkoum,https://diarkoum.tn/details.php?id_annonce=11925,Terrain,20000,2024-01-11,Nabeul,Kélibia,Kélibia,8000,200,Non,Non,Non,Oui,,,Non,Non,Oui,Résidentielle
diarkoum,https://diarkoum.tn/details.php?id_annonce=11924,Terrain,63000,2024-01-11,Nabeul,Kélibia,Kélibia,8000,1000,Oui,Non,Non,Oui,,,Non,Non,Oui,Résidentielle
diarkoum,https://diarkoum.tn/details.php?id_annonce=11923,Terrain,20000,2024-01-11,Nabeul,Kélibia,Kélibia,8000,200,Non,Non,Non,Oui,,,Non,Non,Oui,Résidentielle
diarkoum,https://diarkoum.tn/details.php?id_annonce=11921,Terrain,20000,2024-01-11,Nabeul,Kélibia,Kélibia,8000,200,Non,Non,Non,Oui,,,Non,Non,Oui,Résidentielle
diarkoum,https://diarkoum.tn/details.php?id_annonce=11920,Terrain,20000,2024-01-11,Nabeul,Kélibia,Kélibia,8000,200,Non,Non,Non,Oui,,,Non,Non,Oui,Résidentielle
diarkoum,https://diarkoum.tn/details.php?id_annonce=11919,Terrain,20000,2024-01-11,Nabeul,Kélibia,Kélibia,8000,200,Non,Non,Non,Oui,,,Non,Non,Oui,Résidentielle
diarkoum,https://diarkoum.tn/details.php?id_annonce=10703,Terrain,700000,2024-01-10,Médenine,Djerba - Ajim,Djerba - Ajim,4180,270,Titre Bleu,Non,Non,Oui,,,Non,Non,Oui,Résidentielle
diarkoum,https://diarkoum.tn/details.php?id_annonce=11914,Terrain,20000,2024-01-10,Nabeul,Kélibia,Kélibia,8000,200,Non,Non,Non,Oui,,,Non,Non,Oui,Résidentielle
diarkoum,https://diarkoum.tn/details.php?id_annonce=11912,Terrain,20000,2024-01-10,Nabeul,Kélibia,Kélibia,8000,200,Non,Non,Non,Oui,,,Non,Non,Oui,Résidentielle
diarkoum,https://diarkoum.tn/details.php?id_annonce=11909,Terrain,20000,2024-01-10,Nabeul,Kélibia,Kélibia,8000,200,Non,Non,Non,Oui,,,Non,Non,Oui,Résidentielle
diarkoum,https://diarkoum.tn/details.php?id_annonce=11907,Terrain,20000,2024-01-10,Nabeul,Kélibia,Kélibia,8000,200,Non,Non,Non,Oui,,,Non,Non,Oui,Résidentielle
diarkoum,https://diarkoum.tn/details.php?id_annonce=11905,Terrain,20000,2024-01-10,Nabeul,Kélibia,Kélibia,8000,200,Non,Non,Non,Oui,,,Non,Non,Oui,Résidentielle
diarkoum,https://diarkoum.tn/details.php?id_annonce=11904,Terrain,20000,2024-01-10,Nabeul,Kélibia,Kélibia,8000,200,Non,Non,Non,Oui,,,Non,Non,Oui,Résidentielle
diarkoum,https://diarkoum.tn/details.php?id_annonce=11902,Terrain,1820000,2024-01-09,Tunis,La Marsa,La Marsa,2070,519,Non,Non,Non,Oui,,,Non,Non,Oui,Résidentielle
diarkoum,https://diarkoum.tn/details.php?id_annonce=11897,Terrain,20000,2024-01-09,Nabeul,Kélibia,Kélibia,8000,200,Non,Non,Non,Oui,,,Non,Non,Oui,Résidentielle
diarkoum,https://diarkoum.tn/details.php?id_annonce=11896,Terrain,20000,2024-01-09,Nabeul,Kélibia,Kélibia,8000,200,Non,Non,Non,Oui,,,Non,Non,Oui,Résidentielle
diarkoum,https://diarkoum.tn/details.php?id_annonce=11895,Terrain,20000,2024-01-09,Nabeul,Kélibia,Kélibia,8000,200,Non,Non,Non,Oui,,,Non,Non,Oui,Résidentielle
diarkoum,https://diarkoum.tn/details.php?id_annonce=11894,Terrain,20000,2024-01-09,Nabeul,Kélibia,Kélibia,8000,200,Non,Non,Non,Oui,,,Non,Non,Oui,Résidentielle
diarkoum,https://diarkoum.tn/details.php?id_annonce=11891,Terrain,20000,2024-01-09,Nabeul,Korba,Korba,8070,200,Non,Non,Non,Oui,,,Non,Non,Oui,Résidentielle
diarkoum,https://diarkoum.tn/details.php?id_annonce=11890,Terrain,20000,2024-01-09,Nabeul,Kélibia,Kélibia,8000,200,Non,Non,Non,Oui,,,Non,Non,Oui,Résidentielle
diarkoum,https://diarkoum.tn/details.php?id_annonce=11889,Terrain,20000,2024-01-09,Nabeul,Kélibia,Kélibia,8000,200,Non,Non,Non,Oui,,,Non,Non,Oui,Résidentielle
diarkoum,https://diarkoum.tn/details.php?id_annonce=11883,Terrain,300000,2024-01-08,Nabeul,Hammam Ghezeze,Hammam Ghezeze,8000,10000,Oui,Oui,Non,Oui,,,Non,Non,Oui,Résidentielle
diarkoum,https://diarkoum.tn/details.php?id_annonce=11881,Terrain,20000,2024-01-07,Nabeul,Kélibia,Kélibia,8000,200,Non,Non,Non,Oui,,,Non,Non,Oui,Résidentielle
diarkoum,https://diarkoum.tn/details.php?id_annonce=11880,Terrain,20000,2024-01-07,Nabeul,Kélibia,Kélibia,8000,200,Non,Non,Non,Oui,,,Non,Non,Oui,Résidentielle
diarkoum,https://diarkoum.tn/details.php?id_annonce=11879,Terrain,20000,2024-01-07,Nabeul,Kélibia,Kélibia,8000,200,Non,Non,Non,Oui,,,Non,Non,Oui,Résidentielle
diarkoum,https://diarkoum.tn/details.php?id_annonce=11878,Terrain,20000,2024-01-07,Nabeul,Kélibia,Kélibia,8000,200,Non,Non,Non,Oui,,,Non,Non,Oui,Résidentielle
diarkoum,https://diarkoum.tn/details.php?id_annonce=11877,Terrain,20000,2024-01-07,Nabeul,Kélibia,Kélibia,8000,200,Non,Non,Non,Oui,,,Non,Non,Oui,Résidentielle
diarkoum,https://diarkoum.tn/details.php?id_annonce=11876,Terrain,20000,2024-01-07,Nabeul,Kélibia,Kélibia,8000,200,Non,Non,Non,Oui,,,Non,Non,Oui,Résidentielle
diarkoum,https://diarkoum.tn/details.php?id_annonce=11875,Terrain,20000,2024-01-07,Nabeul,Kélibia,Kélibia,8000,200,Non,Non,Non,Oui,,,Non,Non,Oui,Résidentielle
diarkoum,https://diarkoum.tn/details.php?id_annonce=11874,Terrain,20000,2024-01-06,Nabeul,Kélibia,Kélibia,8000,200,Non,Non,Non,Oui,,,Non,Non,Oui,Résidentielle
diarkoum,https://diarkoum.tn/details.php?id_annonce=11873,Terrain,20000,2024-01-06,Nabeul,Kélibia,Kélibia,8000,200,Non,Non,Non,Oui,,,Non,Non,Oui,Résidentielle
diarkoum,https://diarkoum.tn/details.php?id_annonce=11872,Terrain,20000,2024-01-06,Nabeul,Kélibia,Kélibia,8000,200,Non,Non,Non,Oui,,,Non,Non,Oui,Résidentielle
diarkoum,https://diarkoum.tn/details.php?id_annonce=11869,Terrain,20000,2024-01-06,Nabeul,Kélibia,Kélibia,8000,200,Non,Non,Non,Oui,,,Non,Non,Oui,Résidentielle
diarkoum,https://diarkoum.tn/details.php?id_annonce=11866,Terrain,20000,2024-01-06,Nabeul,Kélibia,Kélibia,8000,200,Non,Non,Non,Oui,,,Non,Non,Oui,Résidentielle
diarkoum,https://diarkoum.tn/details.php?id_annonce=11865,Terrain,20000,2024-01-06,Nabeul,Kélibia,Kélibia,8000,200,Non,Non,Non,Oui,,,Non,Non,Oui,Résidentielle
diarkoum,https://diarkoum.tn/details.php?id_annonce=11864,Terrain,20000,2024-01-06,Nabeul,Kélibia,Kélibia,8000,200,Non,Non,Non,Oui,,,Non,Non,Oui,Résidentielle
diarkoum,https://diarkoum.tn/details.php?id_annonce=11863,Terrain,20000,2024-01-05,Nabeul,Kélibia,Kélibia,8000,200,Non,Non,Non,Oui,,,Non,Non,Oui,Résidentielle
diarkoum,https://diarkoum.tn/details.php?id_annonce=11862,Terrain,20000,2024-01-05,Nabeul,Kélibia,Kélibia,8000,200,Non,Non,Non,Oui,,,Non,Non,Oui,Résidentielle
diarkoum,https://diarkoum.tn/details.php?id_annonce=11861,Terrain,20000,2024-01-05,Nabeul,Kélibia,Kélibia,8000,200,Non,Non,Non,Oui,,,Non,Non,Oui,Résidentielle
diarkoum,https://diarkoum.tn/details.php?id_annonce=11859,Terrain,20000,2024-01-05,Nabeul,Kélibia,Kélibia,8000,200,Non,Non,Non,Oui,,,Non,Non,Oui,Résidentielle
diarkoum,https://diarkoum.tn/details.php?id_annonce=11857,Terrain,20000,2024-01-05,Nabeul,Kélibia,Kélibia,8000,200,Non,Non,Non,Oui,,,Non,Non,Oui,Résidentielle
diarkoum,https://diarkoum.tn/details.php?id_annonce=11856,Terrain,20000,2024-01-05,Nabeul,Kélibia,Kélibia,8000,200,Non,Non,Non,Oui,,,Non,Non,Oui,Résidentielle
diarkoum,https://diarkoum.tn/details.php?id_annonce=11855,Terrain,20000,2024-01-05,Nabeul,Kélibia,Kélibia,8000,200,Non,Non,Non,Oui,,,Non,Non,Oui,Résidentielle
diarkoum,https://diarkoum.tn/details.php?id_annonce=11850,Terrain,20000,2024-01-04,Nabeul,Kélibia,Kélibia,8000,200,Non,Non,Non,Oui,,,Non,Non,Oui,Résidentielle
diarkoum,https://diarkoum.tn/details.php?id_annonce=11849,Terrain,20000,2024-01-04,Nabeul,Kélibia,Kélibia,8000,200,Non,Non,Non,Oui,,,Non,Non,Oui,Résidentielle
diarkoum,https://diarkoum.tn/details.php?id_annonce=11848,Terrain,20000,2024-01-04,Nabeul,Kélibia,Kélibia,8000,200,Non,Non,Non,Oui,,,Non,Non,Oui,Résidentielle
diarkoum,https://diarkoum.tn/details.php?id_annonce=11847,Terrain,20000,2024-01-04,Nabeul,Kélibia,Kélibia,8000,200,Non,Non,Non,Oui,,,Non,Non,Oui,Résidentielle
diarkoum,https://diarkoum.tn/details.php?id_annonce=11845,Terrain,20000,2024-01-04,Nabeul,Kélibia,Kélibia,8000,200,Non,Non,Non,Oui,,,Non,Non,Oui,Résidentielle
diarkoum,https://diarkoum.tn/details.php?id_annonce=11844,Terrain,20000,2024-01-04,Nabeul,Korba,Korba,8070,200,Non,Non,Non,Oui,,,Non,Non,Oui,Résidentielle
diarkoum,https://diarkoum.tn/details.php?id_annonce=11843,Terrain,20000,2024-01-04,Nabeul,Kélibia,Kélibia,8000,200,Non,Non,Non,Oui,,,Non,Non,Oui,Résidentielle
diarkoum,https://diarkoum.tn/details.php?id_annonce=11842,Terrain,20000,2024-01-03,Nabeul,Kélibia,Kélibia,8000,200,Non,Non,Non,Oui,,,Non,Non,Oui,Résidentielle
diarkoum,https://diarkoum.tn/details.php?id_annonce=11841,Terrain,20000,2024-01-03,Nabeul,Kélibia,Kélibia,8000,200,Non,Non,Non,Oui,,,Non,Non,Oui,Résidentielle
diarkoum,https://diarkoum.tn/details.php?id_annonce=11839,Terrain,20000,2024-01-03,Nabeul,Kélibia,Kélibia,8000,200,Non,Non,Non,Oui,,,Non,Non,Oui,Résidentielle
diarkoum,https://diarkoum.tn/details.php?id_annonce=11838,Terrain,20000,2024-01-03,Nabeul,Kélibia,Kélibia,8000,200,Non,Non,Non,Oui,,,Non,Non,Oui,Résidentielle
diarkoum,https://diarkoum.tn/details.php?id_annonce=11837,Terrain,20000,2024-01-03,Nabeul,Kélibia,Kélibia,8000,200,Non,Non,Non,Oui,,,Non,Non,Oui,Résidentielle
diarkoum,https://diarkoum.tn/details.php?id_annonce=11836,Terrain,20000,2024-01-03,Nabeul,Kélibia,Kélibia,8000,200,Non,Non,Non,Oui,,,Non,Non,Oui,Résidentielle
diarkoum,https://diarkoum.tn/details.php?id_annonce=11832,Terrain,20000,2024-01-03,Nabeul,Kélibia,Kélibia,8000,200,Non,Non,Non,Oui,,,Non,Non,Oui,Résidentielle
diarkoum,https://diarkoum.tn/details.php?id_annonce=11835,Terrain,20000,2024-01-03,Nabeul,Kélibia,Kélibia,8000,200,Non,Non,Non,Oui,,,Non,Non,Oui,Résidentielle
diarkoum,https://diarkoum.tn/details.php?id_annonce=11831,Terrain,20000,2024-01-02,Nabeul,Kélibia,Kélibia,8000,200,Non,Non,Non,Oui,,,Non,Non,Oui,Résidentielle
diarkoum,https://diarkoum.tn/details.php?id_annonce=11830,Terrain,20000,2024-01-02,Nabeul,Kélibia,Kélibia,8000,200,Non,Non,Non,Oui,,,Non,Non,Oui,Résidentielle
diarkoum,https://diarkoum.tn/details.php?id_annonce=11828,Terrain,20000,2024-01-02,Nabeul,Kélibia,Kélibia,8000,200,Non,Non,Non,Oui,,,Non,Non,Oui,Résidentielle
diarkoum,https://diarkoum.tn/details.php?id_annonce=11827,Terrain,20000,2024-01-02,Nabeul,Kélibia,Kélibia,8000,200,Non,Non,Non,Oui,,,Non,Non,Oui,Résidentielle
diarkoum,https://diarkoum.tn/details.php?id_annonce=11824,Terrain,20000,2024-01-02,Nabeul,Kélibia,Kélibia,8000,200,Non,Non,Non,Oui,,,Non,Non,Oui,Résidentielle
diarkoum,https://diarkoum.tn/details.php?id_annonce=11823,Terrain,20000,2024-01-02,Nabeul,Kélibia,Kélibia,8000,200,Non,Non,Non,Oui,,,Non,Non,Oui,Résidentielle
diarkoum,https://diarkoum.tn/details.php?id_annonce=11821,Terrain,20000,2023-12-31,Nabeul,Kélibia,Kélibia,8000,200,Non,Non,Non,Oui,,,Non,Non,Oui,Résidentielle
diarkoum,https://diarkoum.tn/details.php?id_annonce=11820,Terrain,20000,2023-12-31,Nabeul,Kélibia,Kélibia,8000,200,Non,Non,Non,Oui,,,Non,Non,Oui,Résidentielle
diarkoum,https://diarkoum.tn/details.php?id_annonce=11819,Terrain,20000,2023-12-31,Nabeul,Kélibia,Kélibia,8000,200,Non,Non,Non,Oui,,,Non,Non,Oui,Résidentielle
diarkoum,https://diarkoum.tn/details.php?id_annonce=11818,Terrain,20000,2023-12-31,Nabeul,Kélibia,Kélibia,8000,200,Non,Non,Non,Oui,,,Non,Non,Oui,Résidentielle
diarkoum,https://diarkoum.tn/details.php?id_annonce=11817,Terrain,20000,2023-12-31,Nabeul,Kélibia,Kélibia,8000,200,Non,Non,Non,Oui,,,Non,Non,Oui,Résidentielle
diarkoum,https://diarkoum.tn/details.php?id_annonce=11816,Terrain,20000,2023-12-31,Nabeul,Kélibia,Kélibia,8000,200,Non,Non,Non,Oui,,,Non,Non,Oui,Résidentielle
diarkoum,https://diarkoum.tn/details.php?id_annonce=11815,Terrain,20000,2023-12-30,Nabeul,Kélibia,Kélibia,8000,200,Non,Non,Non,Oui,,,Non,Non,Oui,Résidentielle
diarkoum,https://diarkoum.tn/details.php?id_annonce=11814,Terrain,20000,2023-12-30,Nabeul,Kélibia,Kélibia,8000,200,Non,Non,Non,Oui,,,Non,Non,Oui,Résidentielle
diarkoum,https://diarkoum.tn/details.php?id_annonce=11813,Terrain,20000,2023-12-30,Nabeul,Kélibia,Kélibia,8000,200,Non,Non,Non,Oui,,,Non,Non,Oui,Résidentielle
diarkoum,https://diarkoum.tn/details.php?id_annonce=11811,Terrain,20000,2023-12-30,Nabeul,Kélibia,Kélibia,8000,200,Non,Non,Non,Oui,,,Non,Non,Oui,Résidentielle
diarkoum,https://diarkoum.tn/details.php?id_annonce=11810,Terrain,20000,2023-12-30,Nabeul,Kélibia,Kélibia,8000,200,Non,Non,Non,Oui,,,Non,Non,Oui,Résidentielle
diarkoum,https://diarkoum.tn/details.php?id_annonce=11809,Terrain,20000,2023-12-30,Nabeul,Kélibia,Kélibia,8000,200,Non,Non,Non,Oui,,,Non,Non,Oui,Résidentielle
diarkoum,https://diarkoum.tn/details.php?id_annonce=11808,Terrain,20000,2023-12-30,Nabeul,Kélibia,Kélibia,8000,200,Non,Non,Non,Oui,,,Non,Non,Oui,Résidentielle
diarkoum,https://diarkoum.tn/details.php?id_annonce=11804,Terrain,20000,2023-12-29,Nabeul,Kélibia,Kélibia,8000,200,Non,Non,Non,Oui,,,Non,Non,Oui,Résidentielle
diarkoum,https://diarkoum.tn/details.php?id_annonce=11803,Terrain,20000,2023-12-29,Nabeul,Korba,Korba,8070,200,Non,Non,Non,Oui,,,Non,Non,Oui,Résidentielle
diarkoum,https://diarkoum.tn/details.php?id_annonce=11801,Terrain,20000,2023-12-29,Nabeul,Kélibia,Kélibia,8000,200,Non,Non,Non,Oui,,,Non,Non,Oui,Résidentielle
diarkoum,https://diarkoum.tn/details.php?id_annonce=11798,Terrain,20000,2023-12-29,Nabeul,Kélibia,Kélibia,8000,200,Non,Non,Non,Oui,,,Non,Non,Oui,Résidentielle
diarkoum,https://diarkoum.tn/details.php?id_annonce=11795,Terrain,20000,2023-12-29,Nabeul,Kélibia,Kélibia,8000,200,Non,Non,Non,Oui,,,Non,Non,Oui,Résidentielle
diarkoum,https://diarkoum.tn/details.php?id_annonce=11794,Terrain,20000,2023-12-29,Nabeul,Kélibia,Kélibia,8000,200,Non,Non,Non,Oui,,,Non,Non,Oui,Résidentielle
diarkoum,https://diarkoum.tn/details.php?id_annonce=11793,Terrain,20000,2023-12-29,Nabeul,Kélibia,Kélibia,8000,200,Non,Non,Non,Oui,,,Non,Non,Oui,Résidentielle
diarkoum,https://diarkoum.tn/details.php?id_annonce=11788,Terrain,20000,2023-12-28,Nabeul,Kélibia,Kélibia,8000,200,Non,Non,Non,Oui,,,Non,Non,Oui,Résidentielle
diarkoum,https://diarkoum.tn/details.php?id_annonce=11787,Terrain,20000,2023-12-28,Nabeul,Kélibia,Kélibia,8000,200,Non,Non,Non,Oui,,,Non,Non,Oui,Résidentielle
diarkoum,https://diarkoum.tn/details.php?id_annonce=11786,Terrain,20000,2023-12-28,Nabeul,Kélibia,Kélibia,8000,200,Non,Non,Non,Oui,,,Non,Non,Oui,Résidentielle
diarkoum,https://diarkoum.tn/details.php?id_annonce=11785,Terrain,90000,2023-12-28,Nabeul,Hammam Ghezeze,Hammam Ghezeze,8000,2500,Oui,Oui,Non,Oui,,,Non,Non,Oui,Résidentielle
diarkoum,https://diarkoum.tn/details.php?id_annonce=11783,Terrain,20000,2023-12-28,Nabeul,Kélibia,Kélibia,8000,200,Non,Non,Non,Oui,,,Non,Non,Oui,Résidentielle
diarkoum,https://diarkoum.tn/details.php?id_annonce=11781,Terrain,20000,2023-12-28,Nabeul,Kélibia,Kélibia,8000,200,Non,Non,Non,Oui,,,Non,Non,Oui,Résidentielle
diarkoum,https://diarkoum.tn/details.php?id_annonce=11779,Terrain,20000,2023-12-28,Nabeul,Kélibia,Kélibia,8000,200,Non,Non,Non,Oui,,,Non,Non,Oui,Résidentielle
diarkoum,https://diarkoum.tn/details.php?id_annonce=11778,Terrain,20000,2023-12-28,Nabeul,Kélibia,Kélibia,8000,200,Non,Non,Non,Oui,,,Non,Non,Oui,Résidentielle
diarkoum,https://diarkoum.tn/details.php?id_annonce=11776,Terrain,2000000,2023-12-27,Tunis,La Marsa,La Marsa,2070,482,Non,Non,Non,Oui,,,Non,Non,Oui,Résidentielle
diarkoum,https://diarkoum.tn/details.php?id_annonce=11775,Terrain,20000,2023-12-27,Nabeul,Kélibia,Kélibia,8000,200,Non,Non,Non,Oui,,,Non,Non,Oui,Résidentielle
diarkoum,https://diarkoum.tn/details.php?id_annonce=11773,Terrain,20000,2023-12-27,Nabeul,Kélibia,Kélibia,8000,200,Non,Non,Non,Oui,,,Non,Non,Oui,Résidentielle
diarkoum,https://diarkoum.tn/details.php?id_annonce=11771,Terrain,20000,2023-12-27,Nabeul,Kélibia,Kélibia,8000,200,Non,Non,Non,Oui,,,Non,Non,Oui,Résidentielle
diarkoum,https://diarkoum.tn/details.php?id_annonce=11769,Terrain,20000,2023-12-27,Nabeul,Kélibia,Kélibia,8000,200,Non,Non,Non,Oui,,,Non,Non,Oui,Résidentielle
diarkoum,https://diarkoum.tn/details.php?id_annonce=11768,Terrain,20000,2023-12-27,Nabeul,Kélibia,Kélibia,8000,200,Non,Non,Non,Oui,,,Non,Non,Oui,Résidentielle
diarkoum,https://diarkoum.tn/details.php?id_annonce=11766,Terrain,20000,2023-12-27,Nabeul,Kélibia,Kélibia,8000,200,Non,Non,Non,Oui,,,Non,Non,Oui,Résidentielle
diarkoum,https://diarkoum.tn/details.php?id_annonce=11765,Terrain,20000,2023-12-27,Nabeul,Korba,Korba,8070,200,Non,Non,Non,Oui,,,Non,Non,Oui,Résidentielle
diarkoum,https://diarkoum.tn/details.php?id_annonce=11743,Terrain,900000,2023-12-26,Tunis,La Marsa,La Marsa,2070,200,Non,Non,Non,Oui,,,Non,Non,Oui,Résidentielle
diarkoum,https://diarkoum.tn/details.php?id_annonce=11748,Terrain,20000,2023-12-25,Nabeul,Kélibia,Kélibia,8000,200,Non,Non,Non,Oui,,,Non,Non,Oui,Résidentielle
diarkoum,https://diarkoum.tn/details.php?id_annonce=11747,Terrain,20000,2023-12-25,Nabeul,Kélibia,Kélibia,8000,200,Non,Non,Non,Oui,,,Non,Non,Oui,Résidentielle
diarkoum,https://diarkoum.tn/details.php?id_annonce=11744,Terrain,20000,2023-12-25,Nabeul,Kélibia,Kélibia,8000,200,Non,Non,Non,Oui,,,Non,Non,Oui,Résidentielle
diarkoum,https://diarkoum.tn/details.php?id_annonce=11741,Terrain,20000,2023-12-25,Nabeul,Kélibia,Kélibia,8000,200,Non,Non,Non,Oui,,,Non,Non,Oui,Résidentielle
diarkoum,https://diarkoum.tn/details.php?id_annonce=11739,Terrain,20000,2023-12-25,Nabeul,Kélibia,Kélibia,8000,200,Non,Non,Non,Oui,,,Non,Non,Oui,Résidentielle
diarkoum,https://diarkoum.tn/details.php?id_annonce=11737,Terrain,20000,2023-12-25,Nabeul,Kélibia,Kélibia,8000,200,Non,Non,Non,Oui,,,Non,Non,Oui,Résidentielle
diarkoum,https://diarkoum.tn/details.php?id_annonce=11736,Terrain,20000,2023-12-25,Nabeul,Kélibia,Kélibia,8000,200,Non,Non,Non,Oui,,,Non,Non,Oui,Résidentielle
diarkoum,https://diarkoum.tn/details.php?id_annonce=11735,Terrain,20000,2023-12-24,Nabeul,Kélibia,Kélibia,8000,200,Non,Non,Non,Oui,,,Non,Non,Oui,Résidentielle
diarkoum,https://diarkoum.tn/details.php?id_annonce=11734,Terrain,20000,2023-12-24,Nabeul,Kélibia,Kélibia,8000,200,Non,Non,Non,Oui,,,Non,Non,Oui,Résidentielle
diarkoum,https://diarkoum.tn/details.php?id_annonce=11733,Terrain,20000,2023-12-24,Nabeul,Kélibia,Kélibia,8000,200,Non,Non,Non,Oui,,,Non,Non,Oui,Résidentielle
diarkoum,https://diarkoum.tn/details.php?id_annonce=11732,Terrain,20000,2023-12-24,Nabeul,Kélibia,Kélibia,8000,200,Non,Non,Non,Oui,,,Non,Non,Oui,Résidentielle
diarkoum,https://diarkoum.tn/details.php?id_annonce=11731,Terrain,20000,2023-12-24,Nabeul,Kélibia,Kélibia,8000,200,Non,Non,Non,Oui,,,Non,Non,Oui,Résidentielle
diarkoum,https://diarkoum.tn/details.php?id_annonce=11730,Terrain,20000,2023-12-24,Nabeul,Kélibia,Kélibia,8000,200,Non,Non,Non,Oui,,,Non,Non,Oui,Résidentielle
diarkoum,https://diarkoum.tn/details.php?id_annonce=11721,Terrain,20000,2023-12-23,Nabeul,Kélibia,Kélibia,8000,200,Non,Non,Non,Oui,,,Non,Non,Oui,Résidentielle
diarkoum,https://diarkoum.tn/details.php?id_annonce=11719,Terrain,20000,2023-12-22,Nabeul,Kélibia,Kélibia,8000,200,Non,Non,Non,Oui,,,Non,Non,Oui,Résidentielle
diarkoum,https://diarkoum.tn/details.php?id_annonce=11718,Terrain,20000,2023-12-22,Nabeul,Kélibia,Kélibia,8000,200,Non,Non,Non,Oui,,,Non,Non,Oui,Résidentielle
diarkoum,https://diarkoum.tn/details.php?id_annonce=11716,Terrain,20000,2023-12-22,Nabeul,Kélibia,Kélibia,8000,200,Non,Non,Non,Oui,,,Non,Non,Oui,Résidentielle
diarkoum,https://diarkoum.tn/details.php?id_annonce=11714,Terrain,20000,2023-12-22,Nabeul,Kélibia,Kélibia,8000,200,Non,Non,Non,Oui,,,Non,Non,Oui,Résidentielle
diarkoum,https://diarkoum.tn/details.php?id_annonce=11711,Terrain,20000,2023-12-22,Nabeul,Kélibia,Kélibia,8000,200,Non,Non,Non,Oui,,,Non,Non,Oui,Résidentielle
diarkoum,https://diarkoum.tn/details.php?id_annonce=11708,Terrain,20000,2023-12-22,Nabeul,Kélibia,Kélibia,8000,200,Non,Non,Non,Oui,,,Non,Non,Oui,Résidentielle
diarkoum,https://diarkoum.tn/details.php?id_annonce=11707,Terrain,20000,2023-12-22,Nabeul,Kélibia,Kélibia,8000,200,Non,Non,Non,Oui,,,Non,Non,Oui,Résidentielle
diarkoum,https://diarkoum.tn/details.php?id_annonce=11703,Terrain,20000,2023-12-21,Nabeul,Kélibia,Kélibia,8000,200,Non,Non,Non,Oui,,,Non,Non,Oui,Résidentielle
diarkoum,https://diarkoum.tn/details.php?id_annonce=11702,Terrain,20000,2023-12-21,Nabeul,Kélibia,Kélibia,8000,200,Non,Non,Non,Oui,,,Non,Non,Oui,Résidentielle
diarkoum,https://diarkoum.tn/details.php?id_annonce=11700,Terrain,20000,2023-12-21,Nabeul,Kélibia,Kélibia,8000,200,Non,Non,Non,Oui,,,Non,Non,Oui,Résidentielle
diarkoum,https://diarkoum.tn/details.php?id_annonce=11699,Terrain,20000,2023-12-21,Nabeul,Kélibia,Kélibia,8000,200,Non,Non,Non,Oui,,,Non,Non,Oui,Résidentielle
diarkoum,https://diarkoum.tn/details.php?id_annonce=11695,Terrain,20000,2023-12-21,Nabeul,Kélibia,Kélibia,8000,200,Non,Non,Non,Oui,,,Non,Non,Oui,Résidentielle
diarkoum,https://diarkoum.tn/details.php?id_annonce=11694,Terrain,20000,2023-12-21,Nabeul,Kélibia,Kélibia,8000,200,Non,Non,Non,Oui,,,Non,Non,Oui,Résidentielle
diarkoum,https://diarkoum.tn/details.php?id_annonce=11693,Terrain,20000,2023-12-21,Nabeul,Kélibia,Kélibia,8000,200,Non,Non,Non,Oui,,,Non,Non,Oui,Résidentielle
diarkoum,https://diarkoum.tn/details.php?id_annonce=11691,Terrain,20000,2023-12-20,Nabeul,Kélibia,Kélibia,8000,200,Non,Non,Non,Oui,,,Non,Non,Oui,Résidentielle
diarkoum,https://diarkoum.tn/details.php?id_annonce=11690,Terrain,300000,2023-12-20,Nabeul,Hammam Ghezeze,Hammam Ghezeze,8000,10000,Oui,Oui,Non,Oui,,,Non,Non,Oui,Résidentielle
diarkoum,https://diarkoum.tn/details.php?id_annonce=11689,Terrain,20000,2023-12-20,Nabeul,Kélibia,Kélibia,8000,200,Non,Non,Non,Oui,,,Non,Non,Oui,Résidentielle
diarkoum,https://diarkoum.tn/details.php?id_annonce=11688,Terrain,20000,2023-12-20,Nabeul,Korba,Korba,8070,200,Non,Non,Non,Oui,,,Non,Non,Oui,Résidentielle
diarkoum,https://diarkoum.tn/details.php?id_annonce=11684,Terrain,20000,2023-12-20,Nabeul,Korba,Korba,8070,200,Non,Non,Non,Oui,,,Non,Non,Oui,Résidentielle
diarkoum,https://diarkoum.tn/details.php?id_annonce=11680,Terrain,20000,2023-12-20,Nabeul,Korba,Korba,8070,200,Non,Non,Non,Oui,,,Non,Non,Oui,Résidentielle
diarkoum,https://diarkoum.tn/details.php?id_annonce=11678,Terrain,20000,2023-12-20,Nabeul,Kélibia,Kélibia,8000,200,Non,Non,Non,Oui,,,Non,Non,Oui,Résidentielle
diarkoum,https://diarkoum.tn/details.php?id_annonce=11677,Terrain,20000,2023-12-20,Nabeul,Kélibia,Kélibia,8000,200,Non,Non,Non,Oui,,,Non,Non,Oui,Résidentielle
diarkoum,https://diarkoum.tn/details.php?id_annonce=11674,Terrain,20000,2023-12-19,Nabeul,Kélibia,Kélibia,8000,200,Non,Non,Non,Oui,,,Non,Non,Oui,Résidentielle
diarkoum,https://diarkoum.tn/details.php?id_annonce=11673,Terrain,20000,2023-12-19,Nabeul,Kélibia,Kélibia,8000,200,Non,Non,Non,Oui,,,Non,Non,Oui,Résidentielle
diarkoum,https://diarkoum.tn/details.php?id_annonce=11671,Terrain,20000,2023-12-19,Nabeul,Kélibia,Kélibia,8000,200,Non,Non,Non,Oui,,,Non,Non,Oui,Résidentielle
diarkoum,https://diarkoum.tn/details.php?id_annonce=11668,Terrain,20000,2023-12-19,Nabeul,Kélibia,Kélibia,8000,200,Non,Non,Non,Oui,,,Non,Non,Oui,Résidentielle
diarkoum,https://diarkoum.tn/details.php?id_annonce=11664,Terrain,20000,2023-12-19,Nabeul,Kélibia,Kélibia,8000,200,Non,Non,Non,Oui,,,Non,Non,Oui,Résidentielle
diarkoum,https://diarkoum.tn/details.php?id_annonce=11663,Terrain,20000,2023-12-19,Nabeul,Kélibia,Kélibia,8000,200,Non,Non,Non,Oui,,,Non,Non,Oui,Résidentielle
diarkoum,https://diarkoum.tn/details.php?id_annonce=11662,Terrain,20000,2023-12-19,Nabeul,Kélibia,Kélibia,8000,200,Non,Non,Non,Oui,,,Non,Non,Oui,Résidentielle
diarkoum,https://diarkoum.tn/details.php?id_annonce=11661,Terrain,20000,2023-12-18,Nabeul,Kélibia,Kélibia,8000,200,Non,Non,Non,Oui,,,Non,Non,Oui,Résidentielle
diarkoum,https://diarkoum.tn/details.php?id_annonce=11660,Terrain,20000,2023-12-18,Nabeul,Kélibia,Kélibia,8000,200,Non,Non,Non,Oui,,,Non,Non,Oui,Résidentielle
diarkoum,https://diarkoum.tn/details.php?id_annonce=11658,Terrain,90000,2023-12-18,Nabeul,Hammam Ghezeze,Hammam Ghezeze,8000,2500,Oui,Non,Non,Oui,,,Non,Non,Oui,Résidentielle
diarkoum,https://diarkoum.tn/details.php?id_annonce=11656,Terrain,20000,2023-12-18,Nabeul,Kélibia,Kélibia,8000,200,Non,Non,Non,Oui,,,Non,Non,Oui,Résidentielle
diarkoum,https://diarkoum.tn/details.php?id_annonce=11655,Terrain,20000,2023-12-18,Nabeul,Kélibia,Kélibia,8000,200,Non,Non,Non,Oui,,,Non,Non,Oui,Résidentielle
diarkoum,https://diarkoum.tn/details.php?id_annonce=11654,Terrain,20000,2023-12-18,Nabeul,Dar Chaabane El Fehri,Dar Chaabane El Fehri,8000,200,Non,Non,Non,Oui,,,Non,Non,Oui,Résidentielle
diarkoum,https://diarkoum.tn/details.php?id_annonce=11653,Terrain,20000,2023-12-18,Nabeul,Kélibia,Kélibia,8000,200,Non,Non,Non,Oui,,,Non,Non,Oui,Résidentielle
diarkoum,https://diarkoum.tn/details.php?id_annonce=11652,Terrain,20000,2023-12-18,Nabeul,Kélibia,Kélibia,8000,200,Non,Non,Non,Oui,,,Non,Non,Oui,Résidentielle
diarkoum,https://diarkoum.tn/details.php?id_annonce=11650,Terrain,20000,2023-12-16,Nabeul,Kélibia,Kélibia,8000,200,Non,Non,Non,Oui,,,Non,Non,Oui,Résidentielle
diarkoum,https://diarkoum.tn/details.php?id_annonce=11649,Terrain,20000,2023-12-16,Nabeul,Kélibia,Kélibia,8000,200,Non,Non,Non,Oui,,,Non,Non,Oui,Résidentielle
diarkoum,https://diarkoum.tn/details.php?id_annonce=11647,Terrain,20000,2023-12-16,Nabeul,Kélibia,Kélibia,8000,200,Non,Non,Non,Oui,,,Non,Non,Oui,Résidentielle
diarkoum,https://diarkoum.tn/details.php?id_annonce=11646,Terrain,20000,2023-12-16,Nabeul,Kélibia,Kélibia,8000,200,Non,Non,Non,Oui,,,Non,Non,Oui,Résidentielle
diarkoum,https://diarkoum.tn/details.php?id_annonce=11645,Terrain,20000,2023-12-16,Nabeul,Kélibia,Kélibia,8000,200,Non,Non,Non,Oui,,,Non,Non,Oui,Résidentielle
diarkoum,https://diarkoum.tn/details.php?id_annonce=11644,Terrain,20000,2023-12-16,Nabeul,Kélibia,Kélibia,8000,200,Non,Non,Non,Oui,,,Non,Non,Oui,Résidentielle
diarkoum,https://diarkoum.tn/details.php?id_annonce=11643,Terrain,20000,2023-12-16,Nabeul,Kélibia,Kélibia,8000,200,Non,Non,Non,Oui,,,Non,Non,Oui,Résidentielle
diarkoum,https://diarkoum.tn/details.php?id_annonce=11639,Terrain,20000,2023-12-15,Nabeul,Kélibia,Kélibia,8000,200,Non,Non,Non,Oui,,,Non,Non,Oui,Résidentielle
diarkoum,https://diarkoum.tn/details.php?id_annonce=11638,Terrain,20000,2023-12-15,Nabeul,Kélibia,Kélibia,8000,200,Non,Non,Non,Oui,,,Non,Non,Oui,Résidentielle
diarkoum,https://diarkoum.tn/details.php?id_annonce=11637,Terrain,20000,2023-12-15,Nabeul,Kélibia,Kélibia,8000,200,Non,Non,Non,Oui,,,Non,Non,Oui,Résidentielle
diarkoum,https://diarkoum.tn/details.php?id_annonce=11635,Terrain,20000,2023-12-15,Nabeul,Kélibia,Kélibia,8000,200,Non,Non,Non,Oui,,,Non,Non,Oui,Résidentielle
diarkoum,https://diarkoum.tn/details.php?id_annonce=11634,Terrain,90000,2023-12-15,Nabeul,Hammam Ghezeze,Hammam Ghezeze,8000,2500,Oui,Non,Non,Oui,,,Non,Non,Oui,Résidentielle
diarkoum,https://diarkoum.tn/details.php?id_annonce=11633,Terrain,300000,2023-12-15,Nabeul,Hammam Ghezeze,Hammam Ghezeze,8000,10000,Oui,Oui,Non,Oui,,,Non,Non,Oui,Résidentielle
diarkoum,https://diarkoum.tn/details.php?id_annonce=11632,Terrain,20000,2023-12-15,Nabeul,Kélibia,Kélibia,8000,200,Non,Non,Non,Oui,,,Non,Non,Oui,Résidentielle
diarkoum,https://diarkoum.tn/details.php?id_annonce=11629,Terrain,20000,2023-12-15,Nabeul,Kélibia,Kélibia,8000,200,Non,Non,Non,Oui,,,Non,Non,Oui,Résidentielle
diarkoum,https://diarkoum.tn/details.php?id_annonce=11628,Terrain,20000,2023-12-15,Nabeul,Kélibia,Kélibia,8000,200,Non,Non,Non,Oui,,,Non,Non,Oui,Résidentielle
diarkoum,https://diarkoum.tn/details.php?id_annonce=11625,Terrain,20000,2023-12-14,Nabeul,Kélibia,Kélibia,8000,200,Non,Non,Non,Oui,,,Non,Non,Oui,Résidentielle
diarkoum,https://diarkoum.tn/details.php?id_annonce=11624,Terrain,20000,2023-12-14,Nabeul,Kélibia,Kélibia,8000,200,Non,Non,Non,Oui,,,Non,Non,Oui,Résidentielle
diarkoum,https://diarkoum.tn/details.php?id_annonce=11622,Terrain,20000,2023-12-14,Nabeul,Kélibia,Kélibia,8000,200,Non,Non,Non,Oui,,,Non,Non,Oui,Résidentielle
diarkoum,https://diarkoum.tn/details.php?id_annonce=11621,Terrain,20000,2023-12-14,Nabeul,Kélibia,Kélibia,8000,200,Non,Non,Non,Oui,,,Non,Non,Oui,Résidentielle
diarkoum,https://diarkoum.tn/details.php?id_annonce=11620,Terrain,20000,2023-12-14,Nabeul,Kélibia,Kélibia,8000,200,Non,Non,Non,Oui,,,Non,Non,Oui,Résidentielle
diarkoum,https://diarkoum.tn/details.php?id_annonce=11618,Terrain,20000,2023-12-14,Nabeul,Kélibia,Kélibia,8000,200,Non,Non,Non,Oui,,,Non,Non,Oui,Résidentielle
diarkoum,https://diarkoum.tn/details.php?id_annonce=11619,Terrain,20000,2023-12-14,Nabeul,Kélibia,Kélibia,8000,200,Non,Non,Non,Oui,,,Non,Non,Oui,Résidentielle
diarkoum,https://diarkoum.tn/details.php?id_annonce=11616,Terrain,20000,2023-12-13,Nabeul,Kélibia,Kélibia,8000,200,Non,Non,Non,Oui,,,Non,Non,Oui,Résidentielle
diarkoum,https://diarkoum.tn/details.php?id_annonce=11612,Terrain,20000,2023-12-13,Nabeul,Kélibia,Kélibia,8000,200,Non,Non,Non,Oui,,,Non,Non,Oui,Résidentielle
diarkoum,https://diarkoum.tn/details.php?id_annonce=11610,Terrain,20000,2023-12-13,Nabeul,Korba,Korba,8070,200,Non,Non,Non,Oui,,,Non,Non,Oui,Résidentielle
diarkoum,https://diarkoum.tn/details.php?id_annonce=11609,Terrain,20000,2023-12-13,Nabeul,Kélibia,Kélibia,8000,200,Non,Non,Non,Oui,,,Non,Non,Oui,Résidentielle
diarkoum,https://diarkoum.tn/details.php?id_annonce=11608,Terrain,20000,2023-12-13,Nabeul,Kélibia,Kélibia,8000,200,Non,Non,Non,Oui,,,Non,Non,Oui,Résidentielle
diarkoum,https://diarkoum.tn/details.php?id_annonce=11607,Terrain,20000,2023-12-13,Nabeul,Kélibia,Kélibia,8000,200,Non,Non,Non,Oui,,,Non,Non,Oui,Résidentielle
diarkoum,https://diarkoum.tn/details.php?id_annonce=11606,Terrain,20000,2023-12-13,Nabeul,Kélibia,Kélibia,8000,200,Non,Non,Non,Oui,,,Non,Non,Oui,Résidentielle
diarkoum,https://diarkoum.tn/details.php?id_annonce=11600,Terrain,300000,2023-12-12,Nabeul,Hammam Ghezeze,Hammam Ghezeze,8000,10000,Oui,Oui,Non,Oui,,,Non,Non,Oui,Résidentielle
diarkoum,https://diarkoum.tn/details.php?id_annonce=11593,Terrain,20000,2023-12-11,Nabeul,Kélibia,Kélibia,8000,200,Non,Non,Non,Oui,,,Non,Non,Oui,Résidentielle
diarkoum,https://diarkoum.tn/details.php?id_annonce=11592,Terrain,20000,2023-12-11,Nabeul,Kélibia,Kélibia,8000,200,Non,Non,Non,Oui,,,Non,Non,Oui,Résidentielle
diarkoum,https://diarkoum.tn/details.php?id_annonce=11591,Terrain,20000,2023-12-11,Nabeul,Kélibia,Kélibia,8000,200,Non,Non,Non,Oui,,,Non,Non,Oui,Résidentielle
diarkoum,https://diarkoum.tn/details.php?id_annonce=11585,Terrain,20000,2023-12-11,Nabeul,Kélibia,Kélibia,8000,200,Non,Non,Non,Oui,,,Non,Non,Oui,Résidentielle
diarkoum,https://diarkoum.tn/details.php?id_annonce=11587,Terrain,90000,2023-12-11,Nabeul,Hammam Ghezeze,Hammam Ghezeze,8000,2500,Oui,Non,Non,Oui,,,Non,Non,Oui,Résidentielle
diarkoum,https://diarkoum.tn/details.php?id_annonce=11586,Terrain,300000,2023-12-11,Nabeul,Hammam Ghezeze,Hammam Ghezeze,8000,10000,Oui,Oui,Non,Oui,,,Non,Non,Oui,Résidentielle
diarkoum,https://diarkoum.tn/details.php?id_annonce=11584,Terrain,20000,2023-12-11,Nabeul,Kélibia,Kélibia,8000,200,Non,Non,Non,Oui,,,Non,Non,Oui,Résidentielle
diarkoum,https://diarkoum.tn/details.php?id_annonce=11583,Terrain,20000,2023-12-11,Nabeul,Kélibia,Kélibia,8000,200,Non,Non,Non,Oui,,,Non,Non,Oui,Résidentielle
diarkoum,https://diarkoum.tn/details.php?id_annonce=11582,Terrain,20000,2023-12-11,Nabeul,Kélibia,Kélibia,8000,200,Non,Non,Non,Oui,,,Non,Non,Oui,Résidentielle
diarkoum,https://diarkoum.tn/details.php?id_annonce=11581,Terrain,20000,2023-12-10,Nabeul,Kélibia,Kélibia,8000,200,Non,Non,Non,Oui,,,Non,Non,Oui,Résidentielle
diarkoum,https://diarkoum.tn/details.php?id_annonce=11580,Terrain,20000,2023-12-10,Nabeul,Kélibia,Kélibia,8000,200,Non,Non,Non,Oui,,,Non,Non,Oui,Résidentielle
diarkoum,https://diarkoum.tn/details.php?id_annonce=11579,Terrain,20000,2023-12-10,Nabeul,Kélibia,Kélibia,8000,200,Non,Non,Non,Oui,,,Non,Non,Oui,Résidentielle
diarkoum,https://diarkoum.tn/details.php?id_annonce=11578,Terrain,20000,2023-12-10,Nabeul,Kélibia,Kélibia,8000,200,Non,Non,Non,Oui,,,Non,Non,Oui,Résidentielle
diarkoum,https://diarkoum.tn/details.php?id_annonce=11577,Terrain,20000,2023-12-10,Nabeul,Kélibia,Kélibia,8000,200,Non,Non,Non,Oui,,,Non,Non,Oui,Résidentielle
diarkoum,https://diarkoum.tn/details.php?id_annonce=11576,Terrain,20000,2023-12-10,Nabeul,Kélibia,Kélibia,8000,200,Non,Non,Non,Oui,,,Non,Non,Oui,Résidentielle
diarkoum,https://diarkoum.tn/details.php?id_annonce=11575,Terrain,20000,2023-12-10,Nabeul,Korba,Korba,8070,200,Non,Non,Non,Oui,,,Non,Non,Oui,Résidentielle
diarkoum,https://diarkoum.tn/details.php?id_annonce=11574,Terrain,20000,2023-12-09,Nabeul,Kélibia,Kélibia,8000,200,Non,Non,Non,Oui,,,Non,Non,Oui,Résidentielle
diarkoum,https://diarkoum.tn/details.php?id_annonce=11573,Terrain,20000,2023-12-09,Nabeul,Kélibia,Kélibia,8000,200,Non,Non,Non,Oui,,,Non,Non,Oui,Résidentielle
diarkoum,https://diarkoum.tn/details.php?id_annonce=11572,Terrain,20000,2023-12-09,Nabeul,Kélibia,Kélibia,8000,200,Non,Non,Non,Oui,,,Non,Non,Oui,Résidentielle
diarkoum,https://diarkoum.tn/details.php?id_annonce=11569,Terrain,20000,2023-12-09,Nabeul,Kélibia,Kélibia,8000,200,Non,Non,Non,Oui,,,Non,Non,Oui,Résidentielle
diarkoum,https://diarkoum.tn/details.php?id_annonce=11565,Terrain,20000,2023-12-09,Nabeul,Kélibia,Kélibia,8000,200,Non,Non,Non,Oui,,,Non,Non,Oui,Résidentielle
diarkoum,https://diarkoum.tn/details.php?id_annonce=11563,Terrain,20000,2023-12-09,Nabeul,Korba,Korba,8070,200,Non,Non,Non,Oui,,,Non,Non,Oui,Résidentielle
diarkoum,https://diarkoum.tn/details.php?id_annonce=11562,Terrain,20000,2023-12-09,Nabeul,Kélibia,Kélibia,8000,200,Non,Non,Non,Oui,,,Non,Non,Oui,Résidentielle
diarkoum,https://diarkoum.tn/details.php?id_annonce=11561,Terrain,20000,2023-12-08,Nabeul,Kélibia,Kélibia,8000,200,Non,Non,Non,Oui,,,Non,Non,Oui,Résidentielle
diarkoum,https://diarkoum.tn/details.php?id_annonce=11560,Terrain,20000,2023-12-08,Nabeul,Kélibia,Kélibia,8000,200,Non,Non,Non,Oui,,,Non,Non,Oui,Résidentielle
diarkoum,https://diarkoum.tn/details.php?id_annonce=11554,Terrain,300000,2023-12-08,Nabeul,Hammam Ghezeze,Hammam Ghezeze,8000,10000,Oui,Oui,Non,Oui,,,Non,Non,Oui,Résidentielle
diarkoum,https://diarkoum.tn/details.php?id_annonce=11552,Terrain,20000,2023-12-08,Nabeul,Kélibia,Kélibia,8000,200,Non,Non,Non,Oui,,,Non,Non,Oui,Résidentielle
diarkoum,https://diarkoum.tn/details.php?id_annonce=11551,Terrain,20000,2023-12-08,Nabeul,Kélibia,Kélibia,8000,200,Non,Non,Non,Oui,,,Non,Non,Oui,Résidentielle
diarkoum,https://diarkoum.tn/details.php?id_annonce=11549,Terrain,20000,2023-12-08,Nabeul,Kélibia,Kélibia,8000,200,Non,Non,Non,Oui,,,Non,Non,Oui,Résidentielle
diarkoum,https://diarkoum.tn/details.php?id_annonce=11547,Terrain,20000,2023-12-08,Nabeul,Kélibia,Kélibia,8000,200,Non,Non,Non,Oui,,,Non,Non,Oui,Résidentielle
diarkoum,https://diarkoum.tn/details.php?id_annonce=11545,Terrain,20000,2023-12-08,Nabeul,Kélibia,Kélibia,8000,200,Non,Non,Non,Oui,,,Non,Non,Oui,Résidentielle
diarkoum,https://diarkoum.tn/details.php?id_annonce=11544,Terrain,20000,2023-12-08,Nabeul,Kélibia,Kélibia,8000,200,Non,Non,Non,Oui,,,Non,Non,Oui,Résidentielle
diarkoum,https://diarkoum.tn/details.php?id_annonce=11536,Terrain,20000,2023-12-07,Nabeul,Kélibia,Kélibia,8000,200,Non,Non,Non,Oui,,,Non,Non,Oui,Résidentielle
diarkoum,https://diarkoum.tn/details.php?id_annonce=11535,Terrain,20000,2023-12-07,Nabeul,Kélibia,Kélibia,8000,200,Non,Non,Non,Oui,,,Non,Non,Oui,Résidentielle
diarkoum,https://diarkoum.tn/details.php?id_annonce=11534,Terrain,20000,2023-12-07,Nabeul,Kélibia,Kélibia,8000,200,Non,Non,Non,Oui,,,Non,Non,Oui,Résidentielle
diarkoum,https://diarkoum.tn/details.php?id_annonce=11533,Terrain,20000,2023-12-07,Nabeul,Kélibia,Kélibia,8000,200,Non,Non,Non,Oui,,,Non,Non,Oui,Résidentielle
diarkoum,https://diarkoum.tn/details.php?id_annonce=11532,Terrain,20000,2023-12-07,Nabeul,Kélibia,Kélibia,8000,200,Non,Non,Non,Oui,,,Non,Non,Oui,Résidentielle
diarkoum,https://diarkoum.tn/details.php?id_annonce=11531,Terrain,20000,2023-12-07,Nabeul,Kélibia,Kélibia,8000,200,Non,Non,Non,Oui,,,Non,Non,Oui,Résidentielle
diarkoum,https://diarkoum.tn/details.php?id_annonce=11530,Terrain,20000,2023-12-07,Nabeul,Kélibia,Kélibia,8000,200,Non,Non,Non,Oui,,,Non,Non,Oui,Résidentielle
diarkoum,https://diarkoum.tn/details.php?id_annonce=11529,Terrain,20000,2023-12-06,Nabeul,Kélibia,Kélibia,8000,200,Non,Non,Non,Oui,,,Non,Non,Oui,Résidentielle
diarkoum,https://diarkoum.tn/details.php?id_annonce=11528,Terrain,20000,2023-12-06,Nabeul,Kélibia,Kélibia,8000,200,Non,Non,Non,Oui,,,Non,Non,Oui,Résidentielle
diarkoum,https://diarkoum.tn/details.php?id_annonce=11527,Terrain,20000,2023-12-06,Nabeul,Kélibia,Kélibia,8000,200,Non,Non,Non,Oui,,,Non,Non,Oui,Résidentielle
diarkoum,https://diarkoum.tn/details.php?id_annonce=11526,Terrain,20000,2023-12-06,Nabeul,Kélibia,Kélibia,8000,200,Non,Non,Non,Oui,,,Non,Non,Oui,Résidentielle
diarkoum,https://diarkoum.tn/details.php?id_annonce=11524,Terrain,20000,2023-12-06,Nabeul,Kélibia,Kélibia,8000,200,Non,Non,Non,Oui,,,Non,Non,Oui,Résidentielle
diarkoum,https://diarkoum.tn/details.php?id_annonce=11523,Terrain,20000,2023-12-06,Nabeul,Kélibia,Kélibia,8000,200,Non,Non,Non,Oui,,,Non,Non,Oui,Résidentielle
diarkoum,https://diarkoum.tn/details.php?id_annonce=11516,Terrain,220000,2023-12-04,Nabeul,Bou Argoub,Bou Argoub,8000,10000,Non,Non,Non,Oui,,,Non,Non,Oui,Résidentielle
diarkoum,https://diarkoum.tn/details.php?id_annonce=11515,Terrain,20000,2023-12-04,Nabeul,Kélibia,Kélibia,8000,200,Non,Non,Non,Oui,,,Non,Non,Oui,Résidentielle
diarkoum,https://diarkoum.tn/details.php?id_annonce=11514,Terrain,300000,2023-12-04,Nabeul,Hammam Ghezeze,Hammam Ghezeze,8000,10000,Oui,Oui,Non,Oui,,,Non,Non,Oui,Résidentielle
diarkoum,https://diarkoum.tn/details.php?id_annonce=11513,Terrain,20000,2023-12-04,Nabeul,Kélibia,Kélibia,8000,200,Non,Non,Non,Oui,,,Non,Non,Oui,Résidentielle
diarkoum,https://diarkoum.tn/details.php?id_annonce=11511,Terrain,20000,2023-12-04,Nabeul,Kélibia,Kélibia,8000,200,Non,Non,Non,Oui,,,Non,Non,Oui,Résidentielle
diarkoum,https://diarkoum.tn/details.php?id_annonce=11510,Terrain,20000,2023-12-04,Nabeul,Kélibia,Kélibia,8000,200,Non,Non,Non,Oui,,,Non,Non,Oui,Résidentielle
diarkoum,https://diarkoum.tn/details.php?id_annonce=11509,Terrain,20000,2023-12-04,Nabeul,Kélibia,Kélibia,8000,200,Non,Non,Non,Oui,,,Non,Non,Oui,Résidentielle
diarkoum,https://diarkoum.tn/details.php?id_annonce=11508,Terrain,20000,2023-12-04,Nabeul,Kélibia,Kélibia,8000,200,Non,Non,Non,Oui,,,Non,Non,Oui,Résidentielle
diarkoum,https://diarkoum.tn/details.php?id_annonce=11507,Terrain,20000,2023-12-03,Nabeul,Kélibia,Kélibia,8000,200,Non,Non,Non,Oui,,,Non,Non,Oui,Résidentielle
diarkoum,https://diarkoum.tn/details.php?id_annonce=11506,Terrain,20000,2023-12-03,Nabeul,Kélibia,Kélibia,8000,200,Non,Non,Non,Oui,,,Non,Non,Oui,Résidentielle
diarkoum,https://diarkoum.tn/details.php?id_annonce=11505,Terrain,20000,2023-12-03,Nabeul,Kélibia,Kélibia,8000,200,Non,Non,Non,Oui,,,Non,Non,Oui,Résidentielle
diarkoum,https://diarkoum.tn/details.php?id_annonce=11504,Terrain,20000,2023-12-03,Nabeul,Kélibia,Kélibia,8000,200,Non,Non,Non,Oui,,,Non,Non,Oui,Résidentielle
diarkoum,https://diarkoum.tn/details.php?id_annonce=11503,Terrain,20000,2023-12-03,Nabeul,Kélibia,Kélibia,8000,200,Non,Non,Non,Oui,,,Non,Non,Oui,Résidentielle
diarkoum,https://diarkoum.tn/details.php?id_annonce=11502,Terrain,20000,2023-12-03,Nabeul,Kélibia,Kélibia,8000,200,Non,Non,Non,Oui,,,Non,Non,Oui,Résidentielle
diarkoum,https://diarkoum.tn/details.php?id_annonce=11501,Terrain,20000,2023-12-02,Nabeul,Korba,Korba,8070,200,Non,Non,Non,Oui,,,Non,Non,Oui,Résidentielle
diarkoum,https://diarkoum.tn/details.php?id_annonce=11500,Terrain,20000,2023-12-02,Nabeul,Kélibia,Kélibia,8000,200,Non,Non,Non,Oui,,,Non,Non,Oui,Résidentielle
diarkoum,https://diarkoum.tn/details.php?id_annonce=11499,Terrain,20000,2023-12-02,Nabeul,Kélibia,Kélibia,8000,200,Non,Non,Non,Oui,,,Non,Non,Oui,Résidentielle
diarkoum,https://diarkoum.tn/details.php?id_annonce=11496,Terrain,20000,2023-12-02,Nabeul,Kélibia,Kélibia,8000,200,Non,Non,Non,Oui,,,Non,Non,Oui,Résidentielle
diarkoum,https://diarkoum.tn/details.php?id_annonce=11494,Terrain,20000,2023-12-02,Nabeul,Korba,Korba,8070,200,Non,Non,Non,Oui,,,Non,Non,Oui,Résidentielle
diarkoum,https://diarkoum.tn/details.php?id_annonce=11493,Terrain,20000,2023-12-02,Nabeul,Kélibia,Kélibia,8000,200,Non,Non,Non,Oui,,,Non,Non,Oui,Résidentielle
diarkoum,https://diarkoum.tn/details.php?id_annonce=11491,Terrain,20000,2023-12-01,Nabeul,Kélibia,Kélibia,8000,200,Non,Non,Non,Oui,,,Non,Non,Oui,Résidentielle
diarkoum,https://diarkoum.tn/details.php?id_annonce=11490,Terrain,20000,2023-12-01,Nabeul,Kélibia,Kélibia,8000,200,Non,Non,Non,Oui,,,Non,Non,Oui,Résidentielle
diarkoum,https://diarkoum.tn/details.php?id_annonce=11488,Terrain,300000,2023-12-01,Nabeul,Hammam Ghezeze,Hammam Ghezeze,8000,10000,Oui,Oui,Non,Oui,,,Non,Non,Oui,Résidentielle
diarkoum,https://diarkoum.tn/details.php?id_annonce=11487,Terrain,20000,2023-12-01,Nabeul,Kélibia,Kélibia,8000,200,Non,Non,Non,Oui,,,Non,Non,Oui,Résidentielle
diarkoum,https://diarkoum.tn/details.php?id_annonce=11485,Terrain,20000,2023-12-01,Nabeul,Kélibia,Kélibia,8000,200,Non,Non,Non,Oui,,,Non,Non,Oui,Résidentielle
diarkoum,https://diarkoum.tn/details.php?id_annonce=11484,Terrain,20000,2023-12-01,Nabeul,Kélibia,Kélibia,8000,200,Non,Non,Non,Oui,,,Non,Non,Oui,Résidentielle
diarkoum,https://diarkoum.tn/details.php?id_annonce=11483,Terrain,20000,2023-12-01,Nabeul,Kélibia,Kélibia,8000,200,Non,Non,Non,Oui,,,Non,Non,Oui,Résidentielle
diarkoum,https://diarkoum.tn/details.php?id_annonce=11482,Terrain,20000,2023-12-01,Nabeul,Kélibia,Kélibia,8000,200,Non,Non,Non,Oui,,,Non,Non,Oui,Résidentielle
diarkoum,https://diarkoum.tn/details.php?id_annonce=11365,Terrain,245000,2023-11-30,Nabeul,Hammam Ghezeze,Hammam Ghezeze,8000,10000,Oui,Oui,Non,Oui,,,Non,Non,Oui,Résidentielle
diarkoum,https://diarkoum.tn/details.php?id_annonce=11481,Terrain,120000,2023-11-30,Nabeul,Hammam Ghezeze,Hammam Ghezeze,8000,2000,Oui,Oui,Non,Oui,,,Non,Non,Oui,Résidentielle
diarkoum,https://diarkoum.tn/details.php?id_annonce=11479,Terrain,20000,2023-11-30,Nabeul,Kélibia,Kélibia,8000,200,Non,Non,Non,Oui,,,Non,Non,Oui,Résidentielle
diarkoum,https://diarkoum.tn/details.php?id_annonce=11473,Terrain,20000,2023-11-30,Nabeul,Kélibia,Kélibia,8000,200,Non,Non,Non,Oui,,,Non,Non,Oui,Résidentielle
diarkoum,https://diarkoum.tn/details.php?id_annonce=11472,Terrain,20000,2023-11-30,Nabeul,Kélibia,Kélibia,8000,200,Non,Non,Non,Oui,,,Non,Non,Oui,Résidentielle
diarkoum,https://diarkoum.tn/details.php?id_annonce=11471,Terrain,20000,2023-11-30,Nabeul,Kélibia,Kélibia,8000,200,Non,Non,Non,Oui,,,Non,Non,Oui,Résidentielle
diarkoum,https://diarkoum.tn/details.php?id_annonce=11468,Terrain,20000,2023-11-30,Nabeul,Kélibia,Kélibia,8000,200,Non,Non,Non,Oui,,,Non,Non,Oui,Résidentielle
diarkoum,https://diarkoum.tn/details.php?id_annonce=11467,Terrain,20000,2023-11-30,Nabeul,Kélibia,Kélibia,8000,200,Non,Non,Non,Oui,,,Non,Non,Oui,Résidentielle
diarkoum,https://diarkoum.tn/details.php?id_annonce=11466,Terrain,20000,2023-11-30,Nabeul,Kélibia,Kélibia,8000,200,Non,Non,Non,Oui,,,Non,Non,Oui,Résidentielle
diarkoum,https://diarkoum.tn/details.php?id_annonce=11462,Terrain,20000,2023-11-29,Nabeul,Kélibia,Kélibia,8000,200,Non,Non,Non,Oui,,,Non,Non,Oui,Résidentielle
diarkoum,https://diarkoum.tn/details.php?id_annonce=11461,Terrain,20000,2023-11-29,Nabeul,Kélibia,Kélibia,8000,200,Non,Non,Non,Oui,,,Non,Non,Oui,Résidentielle
diarkoum,https://diarkoum.tn/details.php?id_annonce=11460,Terrain,20000,2023-11-29,Nabeul,Kélibia,Kélibia,8000,200,Non,Non,Non,Oui,,,Non,Non,Oui,Résidentielle
diarkoum,https://diarkoum.tn/details.php?id_annonce=11457,Terrain,20000,2023-11-27,Nabeul,Kélibia,Kélibia,8000,200,Non,Non,Non,Oui,,,Non,Non,Oui,Résidentielle
diarkoum,https://diarkoum.tn/details.php?id_annonce=11455,Terrain,20000,2023-11-27,Nabeul,Kélibia,Kélibia,8000,200,Non,Non,Non,Oui,,,Non,Non,Oui,Résidentielle
diarkoum,https://diarkoum.tn/details.php?id_annonce=11454,Terrain,245000,2023-11-27,Nabeul,Hammam Ghezeze,Hammam Ghezeze,8000,10000,Oui,Oui,Non,Oui,,,Non,Non,Oui,Résidentielle
diarkoum,https://diarkoum.tn/details.php?id_annonce=11453,Terrain,295000,2023-11-27,Nabeul,Hammam Ghezeze,Hammam Ghezeze,8000,10000,Oui,Oui,Non,Oui,,,Non,Non,Oui,Résidentielle
diarkoum,https://diarkoum.tn/details.php?id_annonce=11451,Terrain,60000,2023-11-27,Nabeul,Hammam Ghezeze,Hammam Ghezeze,8000,1000,Non,Oui,Non,Oui,,,Non,Non,Oui,Résidentielle
diarkoum,https://diarkoum.tn/details.php?id_annonce=11452,Terrain,20000,2023-11-27,Nabeul,Kélibia,Kélibia,8000,200,Non,Non,Non,Oui,,,Non,Non,Oui,Résidentielle
diarkoum,https://diarkoum.tn/details.php?id_annonce=11450,Terrain,40000,2023-11-27,Nabeul,Hammam Ghezeze,Hammam Ghezeze,8000,1000,Oui,Oui,Non,Oui,,,Non,Non,Oui,Résidentielle
diarkoum,https://diarkoum.tn/details.php?id_annonce=11448,Terrain,20000,2023-11-27,Nabeul,Kélibia,Kélibia,8000,200,Non,Non,Non,Oui,,,Non,Non,Oui,Résidentielle
diarkoum,https://diarkoum.tn/details.php?id_annonce=11447,Terrain,20000,2023-11-27,Nabeul,Kélibia,Kélibia,8000,200,Non,Non,Non,Oui,,,Non,Non,Oui,Résidentielle
diarkoum,https://diarkoum.tn/details.php?id_annonce=11446,Terrain,20000,2023-11-27,Nabeul,Kélibia,Kélibia,8000,200,Non,Non,Non,Oui,,,Non,Non,Oui,Résidentielle
diarkoum,https://diarkoum.tn/details.php?id_annonce=11445,Terrain,20000,2023-11-26,Nabeul,Kélibia,Kélibia,8000,200,Non,Non,Non,Oui,,,Non,Non,Oui,Résidentielle
diarkoum,https://diarkoum.tn/details.php?id_annonce=11444,Terrain,20000,2023-11-26,Nabeul,Kélibia,Kélibia,8000,200,Non,Non,Non,Oui,,,Non,Non,Oui,Résidentielle
diarkoum,https://diarkoum.tn/details.php?id_annonce=11443,Terrain,20000,2023-11-26,Nabeul,Kélibia,Kélibia,8000,200,Non,Non,Non,Oui,,,Non,Non,Oui,Résidentielle
diarkoum,https://diarkoum.tn/details.php?id_annonce=11442,Terrain,20000,2023-11-26,Nabeul,Kélibia,Kélibia,8000,200,Non,Non,Non,Oui,,,Non,Non,Oui,Résidentielle
diarkoum,https://diarkoum.tn/details.php?id_annonce=11441,Terrain,20000,2023-11-26,Nabeul,Kélibia,Kélibia,8000,200,Non,Non,Non,Oui,,,Non,Non,Oui,Résidentielle
diarkoum,https://diarkoum.tn/details.php?id_annonce=11440,Terrain,20000,2023-11-26,Nabeul,Kélibia,Kélibia,8000,200,Non,Non,Non,Oui,,,Non,Non,Oui,Résidentielle
diarkoum,https://diarkoum.tn/details.php?id_annonce=11439,Terrain,20000,2023-11-26,Nabeul,Kélibia,Kélibia,8000,200,Non,Non,Non,Oui,,,Non,Non,Oui,Résidentielle
diarkoum,https://diarkoum.tn/details.php?id_annonce=11438,Terrain,20000,2023-11-25,Nabeul,Kélibia,Kélibia,8000,200,Non,Non,Non,Oui,,,Non,Non,Oui,Résidentielle
diarkoum,https://diarkoum.tn/details.php?id_annonce=11437,Terrain,20000,2023-11-25,Nabeul,Kélibia,Kélibia,8000,200,Non,Non,Non,Oui,,,Non,Non,Oui,Résidentielle
diarkoum,https://diarkoum.tn/details.php?id_annonce=11435,Terrain,20000,2023-11-25,Nabeul,Kélibia,Kélibia,8000,200,Non,Non,Non,Oui,,,Non,Non,Oui,Résidentielle
diarkoum,https://diarkoum.tn/details.php?id_annonce=11434,Terrain,20000,2023-11-25,Nabeul,Kélibia,Kélibia,8000,200,Non,Non,Non,Oui,,,Non,Non,Oui,Résidentielle
diarkoum,https://diarkoum.tn/details.php?id_annonce=11433,Terrain,20000,2023-11-25,Nabeul,Kélibia,Kélibia,8000,200,Non,Non,Non,Oui,,,Non,Non,Oui,Résidentielle
diarkoum,https://diarkoum.tn/details.php?id_annonce=11430,Terrain,20000,2023-11-24,Nabeul,Kélibia,Kélibia,8000,200,Non,Non,Non,Oui,,,Non,Non,Oui,Résidentielle
diarkoum,https://diarkoum.tn/details.php?id_annonce=11427,Terrain,20000,2023-11-24,Nabeul,Kélibia,Kélibia,8000,200,Non,Non,Non,Oui,,,Non,Non,Oui,Résidentielle
diarkoum,https://diarkoum.tn/details.php?id_annonce=11426,Terrain,20000,2023-11-24,Nabeul,Kélibia,Kélibia,8000,200,Non,Non,Non,Oui,,,Non,Non,Oui,Résidentielle
diarkoum,https://diarkoum.tn/details.php?id_annonce=11425,Terrain,20000,2023-11-24,Nabeul,Kélibia,Kélibia,8000,200,Non,Non,Non,Oui,,,Non,Non,Oui,Résidentielle
diarkoum,https://diarkoum.tn/details.php?id_annonce=11424,Terrain,20000,2023-11-24,Nabeul,Kélibia,Kélibia,8000,200,Non,Non,Non,Oui,,,Non,Non,Oui,Résidentielle
diarkoum,https://diarkoum.tn/details.php?id_annonce=11423,Terrain,20000,2023-11-24,Nabeul,Kélibia,Kélibia,8000,200,Non,Non,Non,Oui,,,Non,Non,Oui,Résidentielle
diarkoum,https://diarkoum.tn/details.php?id_annonce=11419,Terrain,295000,2023-11-23,Nabeul,Hammam Ghezeze,Hammam Ghezeze,8000,10000,Oui,Oui,Non,Oui,,,Non,Non,Oui,Résidentielle
diarkoum,https://diarkoum.tn/details.php?id_annonce=11417,Terrain,20000,2023-11-23,Nabeul,Kélibia,Kélibia,8000,200,Non,Non,Non,Oui,,,Non,Non,Oui,Résidentielle
diarkoum,https://diarkoum.tn/details.php?id_annonce=11416,Terrain,20000,2023-11-23,Nabeul,Kélibia,Kélibia,8000,200,Non,Non,Non,Oui,,,Non,Non,Oui,Résidentielle
diarkoum,https://diarkoum.tn/details.php?id_annonce=11413,Terrain,20000,2023-11-23,Nabeul,Kélibia,Kélibia,8000,200,Non,Non,Non,Oui,,,Non,Non,Oui,Résidentielle
diarkoum,https://diarkoum.tn/details.php?id_annonce=11410,Terrain,20000,2023-11-23,Nabeul,Kélibia,Kélibia,8000,200,Non,Non,Non,Oui,,,Non,Non,Oui,Résidentielle
diarkoum,https://diarkoum.tn/details.php?id_annonce=11409,Terrain,20000,2023-11-23,Nabeul,Kélibia,Kélibia,8000,200,Non,Non,Non,Oui,,,Non,Non,Oui,Résidentielle
diarkoum,https://diarkoum.tn/details.php?id_annonce=11408,Terrain,20000,2023-11-23,Nabeul,Kélibia,Kélibia,8000,200,Non,Non,Non,Oui,,,Non,Non,Oui,Résidentielle
diarkoum,https://diarkoum.tn/details.php?id_annonce=11407,Terrain,20000,2023-11-23,Nabeul,Kélibia,Kélibia,8000,200,Non,Non,Non,Oui,,,Non,Non,Oui,Résidentielle
diarkoum,https://diarkoum.tn/details.php?id_annonce=11405,Terrain,20000,2023-11-22,Nabeul,Kélibia,Kélibia,8000,200,Non,Non,Non,Oui,,,Non,Non,Oui,Résidentielle
diarkoum,https://diarkoum.tn/details.php?id_annonce=11401,Terrain,20000,2023-11-22,Nabeul,Kélibia,Kélibia,8000,200,Non,Non,Non,Oui,,,Non,Non,Oui,Résidentielle
diarkoum,https://diarkoum.tn/details.php?id_annonce=11400,Terrain,20000,2023-11-22,Nabeul,Kélibia,Kélibia,8000,200,Non,Non,Non,Oui,,,Non,Non,Oui,Résidentielle
diarkoum,https://diarkoum.tn/details.php?id_annonce=11399,Terrain,20000,2023-11-22,Nabeul,Kélibia,Kélibia,8000,200,Non,Non,Non,Oui,,,Non,Non,Oui,Résidentielle
diarkoum,https://diarkoum.tn/details.php?id_annonce=11361,Terrain,20000,2023-11-22,Nabeul,Kélibia,Kélibia,8000,200,Non,Non,Non,Oui,,,Non,Non,Oui,Résidentielle
diarkoum,https://diarkoum.tn/details.php?id_annonce=11377,Terrain,20000,2023-11-22,Nabeul,Kélibia,Kélibia,8000,200,Non,Non,Non,Oui,,,Non,Non,Oui,Résidentielle
diarkoum,https://diarkoum.tn/details.php?id_annonce=11378,Terrain,20000,2023-11-22,Nabeul,Kélibia,Kélibia,8000,200,Non,Non,Non,Oui,,,Non,Non,Oui,Résidentielle
diarkoum,https://diarkoum.tn/details.php?id_annonce=11380,Terrain,20000,2023-11-22,Nabeul,Kélibia,Kélibia,8000,200,Non,Non,Non,Oui,,,Non,Non,Oui,Résidentielle
diarkoum,https://diarkoum.tn/details.php?id_annonce=11381,Terrain,20000,2023-11-22,Nabeul,Kélibia,Kélibia,8000,200,Non,Non,Non,Oui,,,Non,Non,Oui,Résidentielle
diarkoum,https://diarkoum.tn/details.php?id_annonce=11382,Terrain,20000,2023-11-22,Nabeul,Kélibia,Kélibia,8000,200,Non,Non,Non,Oui,,,Non,Non,Oui,Résidentielle
diarkoum,https://diarkoum.tn/details.php?id_annonce=11383,Terrain,20000,2023-11-22,Nabeul,Kélibia,Kélibia,8000,200,Non,Non,Non,Oui,,,Non,Non,Oui,Résidentielle
diarkoum,https://diarkoum.tn/details.php?id_annonce=11396,Terrain,20000,2023-11-22,Nabeul,Kélibia,Kélibia,8000,200,Non,Non,Non,Oui,,,Non,Non,Oui,Résidentielle
diarkoum,https://diarkoum.tn/details.php?id_annonce=11397,Terrain,20000,2023-11-22,Nabeul,Kélibia,Kélibia,8000,200,Non,Non,Non,Oui,,,Non,Non,Oui,Résidentielle
diarkoum,https://diarkoum.tn/details.php?id_annonce=11398,Terrain,20000,2023-11-22,Nabeul,Kélibia,Kélibia,8000,200,Non,Non,Non,Oui,,,Non,Non,Oui,Résidentielle
diarkoum,https://diarkoum.tn/details.php?id_annonce=11376,Terrain,20000,2023-11-20,Nabeul,Kélibia,Kélibia,8000,200,Non,Non,Non,Oui,,,Non,Non,Oui,Résidentielle
diarkoum,https://diarkoum.tn/details.php?id_annonce=11374,Terrain,20000,2023-11-19,Nabeul,Kélibia,Kélibia,8000,200,Non,Non,Non,Oui,,,Non,Non,Oui,Résidentielle
diarkoum,https://diarkoum.tn/details.php?id_annonce=11373,Terrain,20000,2023-11-19,Nabeul,Kélibia,Kélibia,8000,200,Non,Non,Non,Oui,,,Non,Non,Oui,Résidentielle
diarkoum,https://diarkoum.tn/details.php?id_annonce=11372,Terrain,20000,2023-11-19,Nabeul,Kélibia,Kélibia,8000,200,Non,Non,Non,Oui,,,Non,Non,Oui,Résidentielle
diarkoum,https://diarkoum.tn/details.php?id_annonce=11371,Terrain,20000,2023-11-19,Nabeul,Kélibia,Kélibia,8000,200,Non,Non,Non,Oui,,,Non,Non,Oui,Résidentielle
diarkoum,https://diarkoum.tn/details.php?id_annonce=11370,Terrain,20000,2023-11-19,Nabeul,Kélibia,Kélibia,8000,200,Non,Non,Non,Oui,,,Non,Non,Oui,Résidentielle
diarkoum,https://diarkoum.tn/details.php?id_annonce=11369,Terrain,20000,2023-11-19,Nabeul,Kélibia,Kélibia,8000,200,Non,Non,Non,Oui,,,Non,Non,Oui,Résidentielle
diarkoum,https://diarkoum.tn/details.php?id_annonce=11368,Terrain,20000,2023-11-19,Nabeul,Kélibia,Kélibia,8000,200,Non,Non,Non,Oui,,,Non,Non,Oui,Résidentielle
diarkoum,https://diarkoum.tn/details.php?id_annonce=11367,Terrain,20000,2023-11-18,Nabeul,Kélibia,Kélibia,8000,200,Non,Non,Non,Oui,,,Non,Non,Oui,Résidentielle
diarkoum,https://diarkoum.tn/details.php?id_annonce=11366,Terrain,20000,2023-11-18,Nabeul,Kélibia,Kélibia,8000,200,Non,Non,Non,Oui,,,Non,Non,Oui,Résidentielle
diarkoum,https://diarkoum.tn/details.php?id_annonce=11364,Terrain,40000,2023-11-18,Nabeul,Hammam Ghezeze,Hammam Ghezeze,8000,1000,Oui,Oui,Non,Oui,,,Non,Non,Oui,Résidentielle
diarkoum,https://diarkoum.tn/details.php?id_annonce=11363,Terrain,20000,2023-11-18,Nabeul,Kélibia,Kélibia,8000,200,Non,Non,Non,Oui,,,Non,Non,Oui,Résidentielle
diarkoum,https://diarkoum.tn/details.php?id_annonce=11362,Terrain,20000,2023-11-18,Nabeul,Kélibia,Kélibia,8000,200,Non,Non,Non,Oui,,,Non,Non,Oui,Résidentielle
diarkoum,https://diarkoum.tn/details.php?id_annonce=11360,Terrain,20000,2023-11-18,Nabeul,Kélibia,Kélibia,8000,200,Non,Non,Non,Oui,,,Non,Non,Oui,Résidentielle
diarkoum,https://diarkoum.tn/details.php?id_annonce=11359,Terrain,20000,2023-11-18,Nabeul,Kélibia,Kélibia,8000,200,Non,Non,Non,Oui,,,Non,Non,Oui,Résidentielle
diarkoum,https://diarkoum.tn/details.php?id_annonce=11356,Terrain,41500,2023-11-17,Nabeul,Hammam Ghezeze,Hammam Ghezeze,8000,1000,Oui,Oui,Non,Oui,,,Non,Non,Oui,Résidentielle
diarkoum,https://diarkoum.tn/details.php?id_annonce=11354,Terrain,20000,2023-11-17,Nabeul,Kélibia,Kélibia,8000,200,Non,Non,Non,Oui,,,Non,Non,Oui,Résidentielle
diarkoum,https://diarkoum.tn/details.php?id_annonce=11353,Terrain,20000,2023-11-17,Nabeul,Kélibia,Kélibia,8000,200,Non,Non,Non,Oui,,,Non,Non,Oui,Résidentielle
diarkoum,https://diarkoum.tn/details.php?id_annonce=11351,Terrain,20000,2023-11-17,Nabeul,Kélibia,Kélibia,8000,200,Non,Non,Non,Oui,,,Non,Non,Oui,Résidentielle
diarkoum,https://diarkoum.tn/details.php?id_annonce=11349,Terrain,20000,2023-11-17,Nabeul,Kélibia,Kélibia,8000,200,Non,Non,Non,Oui,,,Non,Non,Oui,Résidentielle
diarkoum,https://diarkoum.tn/details.php?id_annonce=11348,Terrain,20000,2023-11-17,Nabeul,Kélibia,Kélibia,8000,200,Non,Non,Non,Oui,,,Non,Non,Oui,Résidentielle
diarkoum,https://diarkoum.tn/details.php?id_annonce=11347,Terrain,20000,2023-11-17,Nabeul,Kélibia,Kélibia,8000,200,Non,Non,Non,Oui,,,Non,Non,Oui,Résidentielle
diarkoum,https://diarkoum.tn/details.php?id_annonce=11346,Terrain,20000,2023-11-17,Nabeul,Kélibia,Kélibia,8000,200,Non,Non,Non,Oui,,,Non,Non,Oui,Résidentielle
diarkoum,https://diarkoum.tn/details.php?id_annonce=11342,Terrain,245000,2023-11-16,Nabeul,Hammam Ghezeze,Hammam Ghezeze,8000,10000,Oui,Oui,Non,Oui,,,Non,Non,Oui,Résidentielle
diarkoum,https://diarkoum.tn/details.php?id_annonce=11341,Terrain,40000,2023-11-16,Nabeul,Hammam Ghezeze,Hammam Ghezeze,8000,1000,Oui,Oui,Non,Oui,,,Non,Non,Oui,Résidentielle
diarkoum,https://diarkoum.tn/details.php?id_annonce=11340,Terrain,20000,2023-11-16,Nabeul,Kélibia,Kélibia,8000,200,Non,Non,Non,Oui,,,Non,Non,Oui,Résidentielle
diarkoum,https://diarkoum.tn/details.php?id_annonce=11337,Terrain,20000,2023-11-16,Nabeul,Kélibia,Kélibia,8000,200,Non,Non,Non,Oui,,,Non,Non,Oui,Résidentielle
diarkoum,https://diarkoum.tn/details.php?id_annonce=11336,Terrain,20000,2023-11-16,Nabeul,Kélibia,Kélibia,8000,200,Non,Non,Non,Oui,,,Non,Non,Oui,Résidentielle
diarkoum,https://diarkoum.tn/details.php?id_annonce=11335,Terrain,20000,2023-11-16,Nabeul,Kélibia,Kélibia,8000,200,Non,Non,Non,Oui,,,Non,Non,Oui,Résidentielle
diarkoum,https://diarkoum.tn/details.php?id_annonce=11334,Terrain,20000,2023-11-16,Nabeul,Kélibia,Kélibia,8000,200,Non,Non,Non,Oui,,,Non,Non,Oui,Résidentielle
diarkoum,https://diarkoum.tn/details.php?id_annonce=11333,Terrain,20000,2023-11-16,Nabeul,Kélibia,Kélibia,8000,200,Non,Non,Non,Oui,,,Non,Non,Oui,Résidentielle
diarkoum,https://diarkoum.tn/details.php?id_annonce=11330,Terrain,41500,2023-11-15,Nabeul,Hammam Ghezeze,Hammam Ghezeze,8000,1000,Oui,Oui,Non,Oui,,,Non,Non,Oui,Résidentielle
diarkoum,https://diarkoum.tn/details.php?id_annonce=11328,Terrain,20000,2023-11-15,Nabeul,Kélibia,Kélibia,8000,200,Non,Non,Non,Oui,,,Non,Non,Oui,Résidentielle
diarkoum,https://diarkoum.tn/details.php?id_annonce=11327,Terrain,20000,2023-11-15,Nabeul,Kélibia,Kélibia,8000,200,Non,Non,Non,Oui,,,Non,Non,Oui,Résidentielle
diarkoum,https://diarkoum.tn/details.php?id_annonce=11326,Terrain,20000,2023-11-15,Nabeul,Kélibia,Kélibia,8000,200,Non,Non,Non,Oui,,,Non,Non,Oui,Résidentielle
diarkoum,https://diarkoum.tn/details.php?id_annonce=11325,Terrain,20000,2023-11-15,Nabeul,Kélibia,Kélibia,8000,200,Non,Non,Non,Oui,,,Non,Non,Oui,Résidentielle
diarkoum,https://diarkoum.tn/details.php?id_annonce=11324,Terrain,20000,2023-11-15,Nabeul,Kélibia,Kélibia,8000,200,Non,Non,Non,Oui,,,Non,Non,Oui,Résidentielle
diarkoum,https://diarkoum.tn/details.php?id_annonce=11322,Terrain,20000,2023-11-14,Nabeul,Kélibia,Kélibia,8000,200,Non,Non,Non,Oui,,,Non,Non,Oui,Résidentielle
diarkoum,https://diarkoum.tn/details.php?id_annonce=11321,Terrain,20000,2023-11-14,Nabeul,Kélibia,Kélibia,8000,200,Non,Non,Non,Oui,,,Non,Non,Oui,Résidentielle
diarkoum,https://diarkoum.tn/details.php?id_annonce=11319,Terrain,20000,2023-11-14,Nabeul,Kélibia,Kélibia,8000,200,Non,Non,Non,Oui,,,Non,Non,Oui,Résidentielle
diarkoum,https://diarkoum.tn/details.php?id_annonce=11316,Terrain,20000,2023-11-14,Nabeul,Kélibia,Kélibia,8000,200,Non,Non,Non,Oui,,,Non,Non,Oui,Résidentielle
diarkoum,https://diarkoum.tn/details.php?id_annonce=11315,Terrain,20000,2023-11-14,Nabeul,Kélibia,Kélibia,8000,200,Non,Non,Non,Oui,,,Non,Non,Oui,Résidentielle
diarkoum,https://diarkoum.tn/details.php?id_annonce=11314,Terrain,20000,2023-11-14,Nabeul,Kélibia,Kélibia,8000,200,Non,Non,Non,Oui,,,Non,Non,Oui,Résidentielle
diarkoum,https://diarkoum.tn/details.php?id_annonce=11190,Terrain,41500,2023-11-13,Nabeul,Kélibia,Kélibia,8000,1000,Oui,Oui,Non,Oui,,,Non,Non,Oui,Résidentielle
diarkoum,https://diarkoum.tn/details.php?id_annonce=11313,Terrain,40000,2023-11-13,Nabeul,Hammam Ghezeze,Hammam Ghezeze,8000,1000,Oui,Oui,Non,Oui,,,Non,Non,Oui,Résidentielle
diarkoum,https://diarkoum.tn/details.php?id_annonce=11311,Terrain,20000,2023-11-13,Nabeul,Kélibia,Kélibia,8000,200,Non,Non,Non,Oui,,,Non,Non,Oui,Résidentielle
diarkoum,https://diarkoum.tn/details.php?id_annonce=11309,Terrain,41500,2023-11-13,Nabeul,Hammam Ghezeze,Hammam Ghezeze,8000,1000,Oui,Oui,Non,Oui,,,Non,Non,Oui,Résidentielle
diarkoum,https://diarkoum.tn/details.php?id_annonce=11308,Terrain,20000,2023-11-13,Nabeul,Kélibia,Kélibia,8000,200,Non,Non,Non,Oui,,,Non,Non,Oui,Résidentielle
diarkoum,https://diarkoum.tn/details.php?id_annonce=11306,Terrain,20000,2023-11-13,Nabeul,Kélibia,Kélibia,8000,200,Non,Non,Non,Oui,,,Non,Non,Oui,Résidentielle
diarkoum,https://diarkoum.tn/details.php?id_annonce=11305,Terrain,20000,2023-11-13,Nabeul,Kélibia,Kélibia,8000,200,Non,Non,Non,Oui,,,Non,Non,Oui,Résidentielle
diarkoum,https://diarkoum.tn/details.php?id_annonce=11304,Terrain,20000,2023-11-13,Nabeul,Kélibia,Kélibia,8000,200,Non,Non,Non,Oui,,,Non,Non,Oui,Résidentielle
diarkoum,https://diarkoum.tn/details.php?id_annonce=11303,Terrain,20000,2023-11-12,Nabeul,Kélibia,Kélibia,8000,200,Non,Non,Non,Oui,,,Non,Non,Oui,Résidentielle
diarkoum,https://diarkoum.tn/details.php?id_annonce=11302,Terrain,20000,2023-11-12,Nabeul,Kélibia,Kélibia,8000,200,Non,Non,Non,Oui,,,Non,Non,Oui,Résidentielle
diarkoum,https://diarkoum.tn/details.php?id_annonce=11301,Terrain,20000,2023-11-12,Nabeul,Kélibia,Kélibia,8000,200,Non,Non,Non,Oui,,,Non,Non,Oui,Résidentielle
diarkoum,https://diarkoum.tn/details.php?id_annonce=11300,Terrain,20000,2023-11-12,Nabeul,Kélibia,Kélibia,8000,200,Non,Non,Non,Oui,,,Non,Non,Oui,Résidentielle
diarkoum,https://diarkoum.tn/details.php?id_annonce=11299,Terrain,20000,2023-11-12,Nabeul,Kélibia,Kélibia,8000,200,Non,Non,Non,Oui,,,Non,Non,Oui,Résidentielle
diarkoum,https://diarkoum.tn/details.php?id_annonce=11298,Terrain,20000,2023-11-12,Nabeul,Kélibia,Kélibia,8000,200,Non,Non,Non,Oui,,,Non,Non,Oui,Résidentielle
diarkoum,https://diarkoum.tn/details.php?id_annonce=11297,Terrain,20000,2023-11-11,Nabeul,Kélibia,Kélibia,8000,200,Non,Non,Non,Oui,,,Non,Non,Oui,Résidentielle
diarkoum,https://diarkoum.tn/details.php?id_annonce=11296,Terrain,20000,2023-11-11,Nabeul,Kélibia,Kélibia,8000,200,Non,Non,Non,Oui,,,Non,Non,Oui,Résidentielle
diarkoum,https://diarkoum.tn/details.php?id_annonce=11295,Terrain,20000,2023-11-11,Nabeul,Kélibia,Kélibia,8000,200,Non,Non,Non,Oui,,,Non,Non,Oui,Résidentielle
diarkoum,https://diarkoum.tn/details.php?id_annonce=11294,Terrain,20000,2023-11-11,Nabeul,Kélibia,Kélibia,8000,200,Non,Non,Non,Oui,,,Non,Non,Oui,Résidentielle
diarkoum,https://diarkoum.tn/details.php?id_annonce=11293,Terrain,20000,2023-11-11,Nabeul,Kélibia,Kélibia,8000,200,Non,Non,Non,Oui,,,Non,Non,Oui,Résidentielle
diarkoum,https://diarkoum.tn/details.php?id_annonce=11292,Terrain,20000,2023-11-11,Nabeul,Kélibia,Kélibia,8000,200,Non,Non,Non,Oui,,,Non,Non,Oui,Résidentielle
diarkoum,https://diarkoum.tn/details.php?id_annonce=11291,Terrain,20000,2023-11-11,Nabeul,Kélibia,Kélibia,8000,200,Non,Non,Non,Oui,,,Non,Non,Oui,Résidentielle
diarkoum,https://diarkoum.tn/details.php?id_annonce=11288,Terrain,20000,2023-11-10,Nabeul,Kélibia,Kélibia,8000,200,Non,Non,Non,Oui,,,Non,Non,Oui,Résidentielle
diarkoum,https://diarkoum.tn/details.php?id_annonce=11287,Terrain,20000,2023-11-10,Nabeul,Kélibia,Kélibia,8000,200,Non,Non,Non,Oui,,,Non,Non,Oui,Résidentielle
diarkoum,https://diarkoum.tn/details.php?id_annonce=11286,Terrain,20000,2023-11-10,Nabeul,Kélibia,Kélibia,8000,200,Non,Non,Non,Oui,,,Non,Non,Oui,Résidentielle
diarkoum,https://diarkoum.tn/details.php?id_annonce=11285,Terrain,20000,2023-11-10,Nabeul,Kélibia,Kélibia,8000,200,Non,Non,Non,Oui,,,Non,Non,Oui,Résidentielle
diarkoum,https://diarkoum.tn/details.php?id_annonce=11284,Terrain,20000,2023-11-09,Nabeul,Kélibia,Kélibia,8000,200,Non,Non,Non,Oui,,,Non,Non,Oui,Résidentielle
diarkoum,https://diarkoum.tn/details.php?id_annonce=11283,Terrain,20000,2023-11-09,Nabeul,Kélibia,Kélibia,8000,200,Non,Non,Non,Oui,,,Non,Non,Oui,Résidentielle
diarkoum,https://diarkoum.tn/details.php?id_annonce=11282,Terrain,20000,2023-11-09,Nabeul,Kélibia,Kélibia,8000,200,Non,Non,Non,Oui,,,Non,Non,Oui,Résidentielle
diarkoum,https://diarkoum.tn/details.php?id_annonce=11281,Terrain,20000,2023-11-09,Nabeul,Kélibia,Kélibia,8000,200,Non,Non,Non,Oui,,,Non,Non,Oui,Résidentielle
diarkoum,https://diarkoum.tn/details.php?id_annonce=11280,Terrain,20000,2023-11-09,Nabeul,Kélibia,Kélibia,8000,200,Non,Non,Non,Oui,,,Non,Non,Oui,Résidentielle
diarkoum,https://diarkoum.tn/details.php?id_annonce=11275,Terrain,295000,2023-11-07,Nabeul,Hammam Ghezeze,Hammam Ghezeze,8000,10000,Oui,Oui,Non,Oui,,,Non,Non,Oui,Résidentielle
diarkoum,https://diarkoum.tn/details.php?id_annonce=11274,Terrain,518000,2023-11-07,Ariana,La Soukra,La Soukra,2036,632,Non,Non,Non,Oui,,,Non,Non,Oui,Résidentielle
diarkoum,https://diarkoum.tn/details.php?id_annonce=11268,Terrain,20000,2023-11-06,Nabeul,Kélibia,Kélibia,8000,200,Non,Non,Non,Oui,,,Non,Non,Oui,Résidentielle
diarkoum,https://diarkoum.tn/details.php?id_annonce=11267,Terrain,20000,2023-11-06,Nabeul,Kélibia,Kélibia,8000,200,Non,Non,Non,Oui,,,Non,Non,Oui,Résidentielle
diarkoum,https://diarkoum.tn/details.php?id_annonce=11264,Terrain,20000,2023-11-06,Nabeul,Kélibia,Kélibia,8000,200,Non,Non,Non,Oui,,,Non,Non,Oui,Résidentielle
diarkoum,https://diarkoum.tn/details.php?id_annonce=11263,Terrain,20000,2023-11-06,Nabeul,Kélibia,Kélibia,8000,200,Non,Non,Non,Oui,,,Non,Non,Oui,Résidentielle
diarkoum,https://diarkoum.tn/details.php?id_annonce=11262,Terrain,20000,2023-11-05,Nabeul,Kélibia,Kélibia,8000,200,Non,Non,Non,Oui,,,Non,Non,Oui,Résidentielle
diarkoum,https://diarkoum.tn/details.php?id_annonce=11261,Terrain,20000,2023-11-05,Nabeul,Kélibia,Kélibia,8000,200,Non,Non,Non,Oui,,,Non,Non,Oui,Résidentielle
diarkoum,https://diarkoum.tn/details.php?id_annonce=11260,Terrain,20000,2023-11-05,Nabeul,Kélibia,Kélibia,8000,200,Non,Non,Non,Oui,,,Non,Non,Oui,Résidentielle
diarkoum,https://diarkoum.tn/details.php?id_annonce=11259,Terrain,20000,2023-11-05,Nabeul,Kélibia,Kélibia,8000,200,Non,Non,Non,Oui,,,Non,Non,Oui,Résidentielle
diarkoum,https://diarkoum.tn/details.php?id_annonce=11258,Terrain,20000,2023-11-04,Nabeul,Kélibia,Kélibia,8000,200,Non,Non,Non,Oui,,,Non,Non,Oui,Résidentielle
diarkoum,https://diarkoum.tn/details.php?id_annonce=11254,Terrain,20000,2023-11-04,Nabeul,Kélibia,Kélibia,8000,200,Non,Non,Non,Oui,,,Non,Non,Oui,Résidentielle
diarkoum,https://diarkoum.tn/details.php?id_annonce=11253,Terrain,20000,2023-11-04,Nabeul,Kélibia,Kélibia,8000,200,Non,Non,Non,Oui,,,Non,Non,Oui,Résidentielle
diarkoum,https://diarkoum.tn/details.php?id_annonce=11252,Terrain,20000,2023-11-03,Nabeul,Kélibia,Kélibia,8000,200,Non,Non,Non,Oui,,,Non,Non,Oui,Résidentielle
diarkoum,https://diarkoum.tn/details.php?id_annonce=11251,Terrain,20000,2023-11-03,Nabeul,Kélibia,Kélibia,8000,200,Non,Non,Non,Oui,,,Non,Non,Oui,Résidentielle
diarkoum,https://diarkoum.tn/details.php?id_annonce=11250,Terrain,20000,2023-11-03,Nabeul,Kélibia,Kélibia,8000,200,Non,Non,Non,Oui,,,Non,Non,Oui,Résidentielle
diarkoum,https://diarkoum.tn/details.php?id_annonce=11248,Terrain,20000,2023-11-03,Nabeul,Kélibia,Kélibia,8000,200,Non,Non,Non,Oui,,,Non,Non,Oui,Résidentielle
diarkoum,https://diarkoum.tn/details.php?id_annonce=11247,Terrain,20000,2023-11-03,Nabeul,Kélibia,Kélibia,8000,200,Non,Non,Non,Oui,,,Non,Non,Oui,Résidentielle
diarkoum,https://diarkoum.tn/details.php?id_annonce=11246,Terrain,20000,2023-11-02,Nabeul,Kélibia,Kélibia,8000,200,Non,Non,Non,Oui,,,Non,Non,Oui,Résidentielle
diarkoum,https://diarkoum.tn/details.php?id_annonce=11245,Terrain,20000,2023-11-02,Nabeul,Kélibia,Kélibia,8000,200,Non,Non,Non,Oui,,,Non,Non,Oui,Résidentielle
diarkoum,https://diarkoum.tn/details.php?id_annonce=11244,Terrain,20000,2023-11-02,Nabeul,Kélibia,Kélibia,8000,200,Non,Non,Non,Oui,,,Non,Non,Oui,Résidentielle
diarkoum,https://diarkoum.tn/details.php?id_annonce=11242,Terrain,20000,2023-11-02,Nabeul,Kélibia,Kélibia,8000,200,Non,Non,Non,Oui,,,Non,Non,Oui,Résidentielle
diarkoum,https://diarkoum.tn/details.php?id_annonce=11232,Terrain,20000,2023-11-01,Nabeul,Kélibia,Kélibia,8000,200,Non,Non,Non,Oui,,,Non,Non,Oui,Résidentielle
diarkoum,https://diarkoum.tn/details.php?id_annonce=11231,Terrain,20000,2023-11-01,Nabeul,Kélibia,Kélibia,8000,200,Non,Non,Non,Oui,,,Non,Non,Oui,Résidentielle
diarkoum,https://diarkoum.tn/details.php?id_annonce=11230,Terrain,20000,2023-11-01,Nabeul,Kélibia,Kélibia,8000,200,Non,Non,Non,Oui,,,Non,Non,Oui,Résidentielle
diarkoum,https://diarkoum.tn/details.php?id_annonce=10881,Terrain,650000,2023-11-01,Ben Arous,Hammam Lif,Hammam Lif,2050,1200,Titre Bleu,Non,Non,Oui,,,Non,Non,Oui,Résidentielle
diarkoum,https://diarkoum.tn/details.php?id_annonce=11229,Terrain,324000,2023-10-31,Ariana,La Soukra,La Soukra,2036,360,Non,Non,Non,Oui,,,Non,Non,Oui,Résidentielle
diarkoum,https://diarkoum.tn/details.php?id_annonce=11210,Terrain,20000,2023-10-30,Nabeul,Kélibia,Kélibia,8000,200,Non,Non,Non,Oui,,,Non,Non,Oui,Résidentielle
diarkoum,https://diarkoum.tn/details.php?id_annonce=11209,Terrain,20000,2023-10-30,Nabeul,Kélibia,Kélibia,8000,200,Non,Non,Non,Oui,,,Non,Non,Oui,Résidentielle
diarkoum,https://diarkoum.tn/details.php?id_annonce=11208,Terrain,245000,2023-10-30,Nabeul,Hammam Ghezeze,Hammam Ghezeze,8000,10000,Oui,Oui,Non,Oui,,,Non,Non,Oui,Résidentielle
diarkoum,https://diarkoum.tn/details.php?id_annonce=11204,Terrain,20000,2023-10-30,Nabeul,Kélibia,Kélibia,8000,200,Non,Non,Non,Oui,,,Non,Non,Oui,Résidentielle
diarkoum,https://diarkoum.tn/details.php?id_annonce=11203,Terrain,20000,2023-10-30,Nabeul,Korba,Korba,8070,200,Non,Non,Non,Oui,,,Non,Non,Oui,Résidentielle
diarkoum,https://diarkoum.tn/details.php?id_annonce=11202,Terrain,20000,2023-10-29,Nabeul,Kélibia,Kélibia,8000,200,Non,Non,Non,Oui,,,Non,Non,Oui,Résidentielle
diarkoum,https://diarkoum.tn/details.php?id_annonce=11201,Terrain,20000,2023-10-29,Nabeul,Kélibia,Kélibia,8000,200,Non,Non,Non,Oui,,,Non,Non,Oui,Résidentielle
diarkoum,https://diarkoum.tn/details.php?id_annonce=11200,Terrain,20000,2023-10-29,Nabeul,Kélibia,Kélibia,8000,200,Non,Non,Non,Oui,,,Non,Non,Oui,Résidentielle
diarkoum,https://diarkoum.tn/details.php?id_annonce=11199,Terrain,20000,2023-10-29,Nabeul,Kélibia,Kélibia,8000,200,Non,Non,Non,Oui,,,Non,Non,Oui,Résidentielle
diarkoum,https://diarkoum.tn/details.php?id_annonce=11198,Terrain,20000,2023-10-28,Nabeul,Kélibia,Kélibia,8000,200,Non,Non,Non,Oui,,,Non,Non,Oui,Résidentielle
diarkoum,https://diarkoum.tn/details.php?id_annonce=11197,Terrain,20000,2023-10-28,Nabeul,Kélibia,Kélibia,8000,200,Non,Non,Non,Oui,,,Non,Non,Oui,Résidentielle
diarkoum,https://diarkoum.tn/details.php?id_annonce=11195,Terrain,20000,2023-10-28,Nabeul,Kélibia,Kélibia,8000,200,Non,Non,Non,Oui,,,Non,Non,Oui,Résidentielle
diarkoum,https://diarkoum.tn/details.php?id_annonce=11194,Terrain,20000,2023-10-28,Nabeul,Kélibia,Kélibia,8000,200,Non,Non,Non,Oui,,,Non,Non,Oui,Résidentielle
diarkoum,https://diarkoum.tn/details.php?id_annonce=11193,Terrain,20000,2023-10-28,Nabeul,Kélibia,Kélibia,8000,200,Non,Non,Non,Oui,,,Non,Non,Oui,Résidentielle
diarkoum,https://diarkoum.tn/details.php?id_annonce=11187,Terrain,20000,2023-10-27,Nabeul,Kélibia,Kélibia,8000,200,Non,Non,Non,Oui,,,Non,Non,Oui,Résidentielle
diarkoum,https://diarkoum.tn/details.php?id_annonce=11181,Terrain,20000,2023-10-27,Nabeul,Kélibia,Kélibia,8000,200,Non,Non,Non,Oui,,,Non,Non,Oui,Résidentielle
diarkoum,https://diarkoum.tn/details.php?id_annonce=11178,Terrain,20000,2023-10-27,Nabeul,Kélibia,Kélibia,8000,200,Non,Non,Non,Oui,,,Non,Non,Oui,Résidentielle
diarkoum,https://diarkoum.tn/details.php?id_annonce=11177,Terrain,20000,2023-10-27,Nabeul,Kélibia,Kélibia,8000,200,Non,Non,Non,Oui,,,Non,Non,Oui,Résidentielle
diarkoum,https://diarkoum.tn/details.php?id_annonce=11173,Terrain,20000,2023-10-26,Nabeul,Kélibia,Kélibia,8000,200,Non,Non,Non,Oui,,,Non,Non,Oui,Résidentielle
diarkoum,https://diarkoum.tn/details.php?id_annonce=11167,Terrain,20000,2023-10-26,Nabeul,Kélibia,Kélibia,8000,200,Non,Non,Non,Oui,,,Non,Non,Oui,Résidentielle
diarkoum,https://diarkoum.tn/details.php?id_annonce=11166,Terrain,20000,2023-10-26,Nabeul,Kélibia,Kélibia,8000,200,Non,Non,Non,Oui,,,Non,Non,Oui,Résidentielle
diarkoum,https://diarkoum.tn/details.php?id_annonce=11153,Terrain,20000,2023-10-16,Nabeul,Kélibia,Kélibia,8000,200,Non,Non,Non,Oui,,,Non,Non,Oui,Résidentielle
diarkoum,https://diarkoum.tn/details.php?id_annonce=11152,Terrain,245000,2023-10-16,Nabeul,Hammam Ghezeze,Hammam Ghezeze,8000,10000,Oui,Oui,Non,Oui,,,Non,Non,Oui,Résidentielle
diarkoum,https://diarkoum.tn/details.php?id_annonce=11151,Terrain,40000,2023-10-16,Nabeul,Hammam Ghezeze,Hammam Ghezeze,8000,1000,Oui,Oui,Non,Oui,,,Non,Non,Oui,Résidentielle
diarkoum,https://diarkoum.tn/details.php?id_annonce=11148,Terrain,20000,2023-10-16,Nabeul,Kélibia,Kélibia,8000,200,Non,Non,Non,Oui,,,Non,Non,Oui,Résidentielle
diarkoum,https://diarkoum.tn/details.php?id_annonce=11144,Terrain,20000,2023-10-16,Nabeul,Kélibia,Kélibia,8000,200,Non,Non,Non,Oui,,,Non,Non,Oui,Résidentielle
diarkoum,https://diarkoum.tn/details.php?id_annonce=11143,Terrain,20000,2023-10-16,Nabeul,Kélibia,Kélibia,8000,200,Non,Non,Non,Oui,,,Non,Non,Oui,Résidentielle
diarkoum,https://diarkoum.tn/details.php?id_annonce=11142,Terrain,20000,2023-10-15,Nabeul,Kélibia,Kélibia,8000,200,Non,Non,Non,Oui,,,Non,Non,Oui,Résidentielle
diarkoum,https://diarkoum.tn/details.php?id_annonce=11141,Terrain,20000,2023-10-15,Nabeul,Kélibia,Kélibia,8000,200,Non,Non,Non,Oui,,,Non,Non,Oui,Résidentielle
diarkoum,https://diarkoum.tn/details.php?id_annonce=11140,Terrain,20000,2023-10-15,Nabeul,Kélibia,Kélibia,8000,200,Non,Non,Non,Oui,,,Non,Non,Oui,Résidentielle
diarkoum,https://diarkoum.tn/details.php?id_annonce=11139,Terrain,20000,2023-10-15,Nabeul,Kélibia,Kélibia,8000,200,Non,Non,Non,Oui,,,Non,Non,Oui,Résidentielle
diarkoum,https://diarkoum.tn/details.php?id_annonce=11138,Terrain,20000,2023-10-14,Nabeul,Kélibia,Kélibia,8000,200,Non,Non,Non,Oui,,,Non,Non,Oui,Résidentielle
diarkoum,https://diarkoum.tn/details.php?id_annonce=11137,Terrain,20000,2023-10-14,Nabeul,Kélibia,Kélibia,8000,200,Non,Non,Non,Oui,,,Non,Non,Oui,Résidentielle
diarkoum,https://diarkoum.tn/details.php?id_annonce=11136,Terrain,20000,2023-10-14,Nabeul,Kélibia,Kélibia,8000,200,Non,Non,Non,Oui,,,Non,Non,Oui,Résidentielle
diarkoum,https://diarkoum.tn/details.php?id_annonce=11135,Terrain,20000,2023-10-14,Nabeul,Kélibia,Kélibia,8000,200,Non,Non,Non,Oui,,,Non,Non,Oui,Résidentielle
diarkoum,https://diarkoum.tn/details.php?id_annonce=11134,Terrain,20000,2023-10-13,Nabeul,Kélibia,Kélibia,8000,200,Non,Non,Non,Oui,,,Non,Non,Oui,Résidentielle
diarkoum,https://diarkoum.tn/details.php?id_annonce=11129,Terrain,20000,2023-10-13,Nabeul,Kélibia,Kélibia,8000,200,Non,Non,Non,Oui,,,Non,Non,Oui,Résidentielle
diarkoum,https://diarkoum.tn/details.php?id_annonce=11122,Terrain,20000,2023-10-13,Nabeul,Kélibia,Kélibia,8000,200,Non,Non,Non,Oui,,,Non,Non,Oui,Résidentielle
diarkoum,https://diarkoum.tn/details.php?id_annonce=11121,Terrain,20000,2023-10-13,Nabeul,Kélibia,Kélibia,8000,200,Non,Non,Non,Oui,,,Non,Non,Oui,Résidentielle
diarkoum,https://diarkoum.tn/details.php?id_annonce=11117,Terrain,20000,2023-10-12,Nabeul,Kélibia,Kélibia,8000,200,Non,Non,Non,Oui,,,Non,Non,Oui,Résidentielle
diarkoum,https://diarkoum.tn/details.php?id_annonce=11115,Terrain,20000,2023-10-12,Nabeul,Kélibia,Kélibia,8000,200,Non,Non,Non,Oui,,,Non,Non,Oui,Résidentielle
diarkoum,https://diarkoum.tn/details.php?id_annonce=11107,Terrain,20000,2023-10-12,Nabeul,Kélibia,Kélibia,8000,200,Non,Non,Non,Oui,,,Non,Non,Oui,Résidentielle
diarkoum,https://diarkoum.tn/details.php?id_annonce=11106,Terrain,20000,2023-10-12,Nabeul,Kélibia,Kélibia,8000,200,Non,Non,Non,Oui,,,Non,Non,Oui,Résidentielle
diarkoum,https://diarkoum.tn/details.php?id_annonce=11105,Terrain,445000,2023-10-11,Nabeul,Hammam Ghezeze,Hammam Ghezeze,8000,10000,Oui,Oui,Non,Oui,,,Non,Non,Oui,Résidentielle
diarkoum,https://diarkoum.tn/details.php?id_annonce=11104,Terrain,20000,2023-10-11,Nabeul,Kélibia,Kélibia,8000,200,Non,Non,Non,Oui,,,Non,Non,Oui,Résidentielle
diarkoum,https://diarkoum.tn/details.php?id_annonce=11101,Terrain,20000,2023-10-11,Nabeul,Kélibia,Kélibia,8000,200,Non,Non,Non,Oui,,,Non,Non,Oui,Résidentielle
diarkoum,https://diarkoum.tn/details.php?id_annonce=11096,Terrain,20000,2023-10-11,Nabeul,Kélibia,Kélibia,8000,200,Non,Non,Non,Oui,,,Non,Non,Oui,Résidentielle
diarkoum,https://diarkoum.tn/details.php?id_annonce=11095,Terrain,20000,2023-10-11,Nabeul,Kélibia,Kélibia,8000,200,Non,Non,Non,Oui,,,Non,Non,Oui,Résidentielle
diarkoum,https://diarkoum.tn/details.php?id_annonce=11091,Terrain,204750,2023-10-09,Nabeul,El Haouaria,El Haouaria,8000,585,Non,Non,Non,Oui,,,Non,Non,Oui,Résidentielle
diarkoum,https://diarkoum.tn/details.php?id_annonce=11090,Terrain,20000,2023-10-09,Nabeul,Kélibia,Kélibia,8000,200,Non,Non,Non,Oui,,,Non,Non,Oui,Résidentielle
diarkoum,https://diarkoum.tn/details.php?id_annonce=11089,Terrain,20000,2023-10-09,Nabeul,Kélibia,Kélibia,8000,200,Non,Non,Non,Oui,,,Non,Non,Oui,Résidentielle
diarkoum,https://diarkoum.tn/details.php?id_annonce=11087,Terrain,20000,2023-10-09,Nabeul,Kélibia,Kélibia,8000,200,Non,Non,Non,Oui,,,Non,Non,Oui,Résidentielle
diarkoum,https://diarkoum.tn/details.php?id_annonce=11086,Terrain,20000,2023-10-09,Nabeul,Kélibia,Kélibia,8000,200,Non,Non,Non,Oui,,,Non,Non,Oui,Résidentielle
diarkoum,https://diarkoum.tn/details.php?id_annonce=11085,Terrain,20000,2023-10-08,Nabeul,Kélibia,Kélibia,8000,200,Non,Non,Non,Oui,,,Non,Non,Oui,Résidentielle
diarkoum,https://diarkoum.tn/details.php?id_annonce=11084,Terrain,20000,2023-10-08,Nabeul,Kélibia,Kélibia,8000,200,Non,Non,Non,Oui,,,Non,Non,Oui,Résidentielle
diarkoum,https://diarkoum.tn/details.php?id_annonce=11083,Terrain,20000,2023-10-08,Nabeul,Kélibia,Kélibia,8000,200,Non,Non,Non,Oui,,,Non,Non,Oui,Résidentielle
diarkoum,https://diarkoum.tn/details.php?id_annonce=11082,Terrain,20000,2023-10-08,Nabeul,Kélibia,Kélibia,8000,200,Non,Non,Non,Oui,,,Non,Non,Oui,Résidentielle
diarkoum,https://diarkoum.tn/details.php?id_annonce=11081,Terrain,20000,2023-10-07,Nabeul,Kélibia,Kélibia,8000,200,Non,Non,Non,Oui,,,Non,Non,Oui,Résidentielle
diarkoum,https://diarkoum.tn/details.php?id_annonce=11080,Terrain,20000,2023-10-07,Nabeul,Kélibia,Kélibia,8000,200,Non,Non,Non,Oui,,,Non,Non,Oui,Résidentielle
diarkoum,https://diarkoum.tn/details.php?id_annonce=11079,Terrain,20000,2023-10-07,Nabeul,Kélibia,Kélibia,8000,200,Non,Non,Non,Oui,,,Non,Non,Oui,Résidentielle
diarkoum,https://diarkoum.tn/details.php?id_annonce=11078,Terrain,20000,2023-10-07,Nabeul,Kélibia,Kélibia,8000,200,Non,Non,Non,Oui,,,Non,Non,Oui,Résidentielle
diarkoum,https://diarkoum.tn/details.php?id_annonce=11077,Terrain,20000,2023-10-06,Nabeul,Kélibia,Kélibia,8000,200,Non,Non,Non,Oui,,,Non,Non,Oui,Résidentielle
diarkoum,https://diarkoum.tn/details.php?id_annonce=11076,Terrain,20000,2023-10-06,Nabeul,Kélibia,Kélibia,8000,200,Non,Non,Non,Oui,,,Non,Non,Oui,Résidentielle
diarkoum,https://diarkoum.tn/details.php?id_annonce=11075,Terrain,20000,2023-10-06,Nabeul,Kélibia,Kélibia,8000,200,Non,Non,Non,Oui,,,Non,Non,Oui,Résidentielle
diarkoum,https://diarkoum.tn/details.php?id_annonce=10899,Terrain,200000,2023-10-05,Nabeul,Hammam Ghezeze,Hammam Ghezeze,8000,10000,Non,Oui,Non,Oui,,,Non,Non,Oui,Résidentielle
diarkoum,https://diarkoum.tn/details.php?id_annonce=11071,Terrain,31500,2023-10-05,Nabeul,Hammam Ghezeze,Hammam Ghezeze,8000,1000,Non,Oui,Non,Oui,,,Non,Non,Oui,Résidentielle
diarkoum,https://diarkoum.tn/details.php?id_annonce=11074,Terrain,20000,2023-10-05,Nabeul,Kélibia,Kélibia,8000,200,Non,Non,Non,Oui,,,Non,Non,Oui,Résidentielle
diarkoum,https://diarkoum.tn/details.php?id_annonce=11069,Terrain,20000,2023-10-05,Nabeul,Kélibia,Kélibia,8000,200,Non,Non,Non,Oui,,,Non,Non,Oui,Résidentielle
diarkoum,https://diarkoum.tn/details.php?id_annonce=11068,Terrain,20000,2023-10-05,Nabeul,Kélibia,Kélibia,8000,200,Non,Non,Non,Oui,,,Non,Non,Oui,Résidentielle
diarkoum,https://diarkoum.tn/details.php?id_annonce=11067,Terrain,20000,2023-10-05,Nabeul,Kélibia,Kélibia,8000,200,Non,Non,Non,Oui,,,Non,Non,Oui,Résidentielle
diarkoum,https://diarkoum.tn/details.php?id_annonce=11066,Terrain,200000,2023-10-04,Nabeul,Hammam Ghezeze,Hammam Ghezeze,8000,10000,Non,Oui,Non,Oui,,,Non,Non,Oui,Résidentielle
diarkoum,https://diarkoum.tn/details.php?id_annonce=11065,Terrain,20000,2023-10-04,Nabeul,Kélibia,Kélibia,8000,200,Non,Non,Non,Oui,,,Non,Non,Oui,Résidentielle
diarkoum,https://diarkoum.tn/details.php?id_annonce=11064,Terrain,20000,2023-10-04,Nabeul,Kélibia,Kélibia,8000,200,Non,Non,Non,Oui,,,Non,Non,Oui,Résidentielle
diarkoum,https://diarkoum.tn/details.php?id_annonce=11063,Terrain,20000,2023-10-04,Nabeul,Kélibia,Kélibia,8000,200,Non,Non,Non,Oui,,,Non,Non,Oui,Résidentielle
diarkoum,https://diarkoum.tn/details.php?id_annonce=11062,Terrain,20000,2023-10-04,Nabeul,Kélibia,Kélibia,8000,200,Non,Non,Non,Oui,,,Non,Non,Oui,Résidentielle
diarkoum,https://diarkoum.tn/details.php?id_annonce=11061,Terrain,20000,2023-10-04,Nabeul,Kélibia,Kélibia,8000,200,Non,Non,Non,Oui,,,Non,Non,Oui,Résidentielle
diarkoum,https://diarkoum.tn/details.php?id_annonce=11060,Terrain,20000,2023-10-04,Nabeul,Kélibia,Kélibia,8000,200,Non,Non,Non,Oui,,,Non,Non,Oui,Résidentielle
diarkoum,https://diarkoum.tn/details.php?id_annonce=11059,Terrain,20000,2023-10-02,Nabeul,Kélibia,Kélibia,8000,200,Non,Non,Non,Oui,,,Non,Non,Oui,Résidentielle
diarkoum,https://diarkoum.tn/details.php?id_annonce=11058,Terrain,20000,2023-10-02,Nabeul,Kélibia,Kélibia,8000,200,Non,Non,Non,Oui,,,Non,Non,Oui,Résidentielle
diarkoum,https://diarkoum.tn/details.php?id_annonce=11057,Terrain,164000,2023-10-02,Nabeul,Kélibia,Kélibia,8000,469,Titre Bleu,Non,Non,Oui,,,Non,Non,Oui,Résidentielle
diarkoum,https://diarkoum.tn/details.php?id_annonce=11056,Terrain,250,2023-10-02,Nabeul,Kélibia,Kélibia,8000,200,Titre Bleu,Non,Non,Oui,,,Oui,Non,Oui,Résidentielle
diarkoum,https://diarkoum.tn/details.php?id_annonce=11054,Terrain,250,2023-10-02,Nabeul,Kélibia,Kélibia,8000,260,Titre Bleu,Non,Non,Oui,,,Non,Non,Oui,Résidentielle
diarkoum,https://diarkoum.tn/details.php?id_annonce=11055,Terrain,75000,2023-10-02,Nabeul,Kélibia,Kélibia,8000,250,Non,Non,Non,Oui,,,Non,Non,Oui,Résidentielle
diarkoum,https://diarkoum.tn/details.php?id_annonce=11053,Terrain,20000,2023-10-02,Nabeul,Kélibia,Kélibia,8000,200,Non,Non,Non,Oui,,,Non,Non,Oui,Résidentielle
diarkoum,https://diarkoum.tn/details.php?id_annonce=11052,Terrain,20000,2023-10-02,Nabeul,Kélibia,Kélibia,8000,200,Non,Non,Non,Oui,,,Non,Non,Oui,Résidentielle
diarkoum,https://diarkoum.tn/details.php?id_annonce=11051,Terrain,20000,2023-10-02,Nabeul,Kélibia,Kélibia,8000,200,Non,Non,Non,Oui,,,Non,Non,Oui,Résidentielle
diarkoum,https://diarkoum.tn/details.php?id_annonce=11050,Terrain,20000,2023-10-01,Nabeul,Kélibia,Kélibia,8000,200,Non,Non,Non,Oui,,,Non,Non,Oui,Résidentielle
diarkoum,https://diarkoum.tn/details.php?id_annonce=11049,Terrain,20000,2023-10-01,Nabeul,Kélibia,Kélibia,8000,200,Non,Non,Non,Oui,,,Non,Non,Oui,Résidentielle
diarkoum,https://diarkoum.tn/details.php?id_annonce=11048,Terrain,20000,2023-10-01,Nabeul,Kélibia,Kélibia,8000,200,Non,Non,Non,Oui,,,Non,Non,Oui,Résidentielle
diarkoum,https://diarkoum.tn/details.php?id_annonce=11047,Terrain,20000,2023-10-01,Nabeul,Kélibia,Kélibia,8000,200,Non,Non,Non,Oui,,,Non,Non,Oui,Résidentielle
diarkoum,https://diarkoum.tn/details.php?id_annonce=11045,Terrain,20000,2023-09-30,Nabeul,Kélibia,Kélibia,8000,200,Non,Non,Non,Oui,,,Non,Non,Oui,Résidentielle
diarkoum,https://diarkoum.tn/details.php?id_annonce=11044,Terrain,20000,2023-09-30,Nabeul,Kélibia,Kélibia,8000,200,Non,Non,Non,Oui,,,Non,Non,Oui,Résidentielle
diarkoum,https://diarkoum.tn/details.php?id_annonce=11043,Terrain,20000,2023-09-30,Nabeul,Kélibia,Kélibia,8000,200,Non,Non,Non,Oui,,,Non,Non,Oui,Résidentielle
diarkoum,https://diarkoum.tn/details.php?id_annonce=11042,Terrain,20000,2023-09-30,Nabeul,Kélibia,Kélibia,8000,200,Non,Non,Non,Oui,,,Non,Non,Oui,Résidentielle
diarkoum,https://diarkoum.tn/details.php?id_annonce=11041,Terrain,20000,2023-09-30,Nabeul,Kélibia,Kélibia,8000,200,Non,Non,Non,Oui,,,Non,Non,Oui,Résidentielle
diarkoum,https://diarkoum.tn/details.php?id_annonce=11040,Terrain,20000,2023-09-29,Nabeul,Kélibia,Kélibia,8000,200,Non,Non,Non,Oui,,,Non,Non,Oui,Résidentielle
diarkoum,https://diarkoum.tn/details.php?id_annonce=11039,Terrain,20000,2023-09-29,Nabeul,Kélibia,Kélibia,8000,200,Non,Non,Non,Oui,,,Non,Non,Oui,Résidentielle
diarkoum,https://diarkoum.tn/details.php?id_annonce=11038,Terrain,20000,2023-09-29,Nabeul,Kélibia,Kélibia,8000,200,Non,Non,Non,Oui,,,Non,Non,Oui,Résidentielle
diarkoum,https://diarkoum.tn/details.php?id_annonce=11037,Terrain,20000,2023-09-29,Nabeul,Kélibia,Kélibia,8000,200,Non,Non,Non,Oui,,,Non,Non,Oui,Résidentielle
diarkoum,https://diarkoum.tn/details.php?id_annonce=11032,Terrain,20000,2023-09-28,Nabeul,Kélibia,Kélibia,8000,200,Non,Non,Non,Oui,,,Non,Non,Oui,Résidentielle
diarkoum,https://diarkoum.tn/details.php?id_annonce=11031,Terrain,20000,2023-09-28,Nabeul,Kélibia,Kélibia,8000,200,Non,Non,Non,Oui,,,Non,Non,Oui,Résidentielle
diarkoum,https://diarkoum.tn/details.php?id_annonce=11029,Terrain,200000,2023-09-28,Nabeul,Hammam Ghezeze,Hammam Ghezeze,8000,10000,Non,Oui,Non,Oui,,,Non,Non,Oui,Résidentielle
diarkoum,https://diarkoum.tn/details.php?id_annonce=11028,Terrain,20000,2023-09-28,Nabeul,Kélibia,Kélibia,8000,200,Non,Non,Non,Oui,,,Non,Non,Oui,Résidentielle
diarkoum,https://diarkoum.tn/details.php?id_annonce=11027,Terrain,20000,2023-09-28,Nabeul,Kélibia,Kélibia,8000,200,Non,Non,Non,Oui,,,Non,Non,Oui,Résidentielle
diarkoum,https://diarkoum.tn/details.php?id_annonce=11025,Terrain,30000,2023-09-26,Nabeul,Hammam Ghezeze,Hammam Ghezeze,8000,1000,Non,Non,Non,Oui,,,Non,Non,Oui,Résidentielle
diarkoum,https://diarkoum.tn/details.php?id_annonce=11024,Terrain,20000,2023-09-26,Nabeul,Kélibia,Kélibia,8000,200,Non,Non,Non,Oui,,,Non,Non,Oui,Résidentielle
diarkoum,https://diarkoum.tn/details.php?id_annonce=11023,Terrain,20000,2023-09-26,Nabeul,Kélibia,Kélibia,8000,200,Non,Non,Non,Oui,,,Non,Non,Oui,Résidentielle
diarkoum,https://diarkoum.tn/details.php?id_annonce=11022,Terrain,20000,2023-09-26,Nabeul,Kélibia,Kélibia,8000,200,Non,Non,Non,Oui,,,Non,Non,Oui,Résidentielle
diarkoum,https://diarkoum.tn/details.php?id_annonce=11021,Terrain,20000,2023-09-26,Nabeul,Kélibia,Kélibia,8000,200,Non,Non,Non,Oui,,,Non,Non,Oui,Résidentielle
diarkoum,https://diarkoum.tn/details.php?id_annonce=11020,Terrain,20000,2023-09-25,Nabeul,Kélibia,Kélibia,8000,200,Non,Non,Non,Oui,,,Non,Non,Oui,Résidentielle
diarkoum,https://diarkoum.tn/details.php?id_annonce=11019,Terrain,20000,2023-09-25,Nabeul,Kélibia,Kélibia,8000,200,Non,Non,Non,Oui,,,Non,Non,Oui,Résidentielle
diarkoum,https://diarkoum.tn/details.php?id_annonce=11018,Terrain,20000,2023-09-25,Nabeul,Kélibia,Kélibia,8000,200,Non,Non,Non,Oui,,,Non,Non,Oui,Résidentielle
diarkoum,https://diarkoum.tn/details.php?id_annonce=11017,Terrain,20000,2023-09-25,Nabeul,Kélibia,Kélibia,8000,200,Non,Non,Non,Oui,,,Non,Non,Oui,Résidentielle
diarkoum,https://diarkoum.tn/details.php?id_annonce=11016,Terrain,20000,2023-09-24,Nabeul,Kélibia,Kélibia,8000,200,Non,Non,Non,Oui,,,Non,Non,Oui,Résidentielle
diarkoum,https://diarkoum.tn/details.php?id_annonce=11015,Terrain,20000,2023-09-24,Nabeul,Kélibia,Kélibia,8000,200,Non,Non,Non,Oui,,,Non,Non,Oui,Résidentielle
diarkoum,https://diarkoum.tn/details.php?id_annonce=11014,Terrain,20000,2023-09-24,Nabeul,Kélibia,Kélibia,8000,200,Non,Non,Non,Oui,,,Non,Non,Oui,Résidentielle
diarkoum,https://diarkoum.tn/details.php?id_annonce=11013,Terrain,20000,2023-09-24,Nabeul,Kélibia,Kélibia,8000,200,Non,Non,Non,Oui,,,Non,Non,Oui,Résidentielle
diarkoum,https://diarkoum.tn/details.php?id_annonce=11012,Terrain,20000,2023-09-24,Nabeul,Kélibia,Kélibia,8000,200,Non,Non,Non,Oui,,,Non,Non,Oui,Résidentielle
diarkoum,https://diarkoum.tn/details.php?id_annonce=11010,Terrain,20000,2023-09-23,Nabeul,Kélibia,Kélibia,8000,200,Non,Non,Non,Oui,,,Non,Non,Oui,Résidentielle
diarkoum,https://diarkoum.tn/details.php?id_annonce=11009,Terrain,20000,2023-09-23,Nabeul,Kélibia,Kélibia,8000,200,Non,Non,Non,Oui,,,Non,Non,Oui,Résidentielle
diarkoum,https://diarkoum.tn/details.php?id_annonce=11008,Terrain,20000,2023-09-23,Nabeul,Kélibia,Kélibia,8000,200,Non,Non,Non,Oui,,,Non,Non,Oui,Résidentielle
diarkoum,https://diarkoum.tn/details.php?id_annonce=11007,Terrain,20000,2023-09-23,Nabeul,Kélibia,Kélibia,8000,200,Non,Non,Non,Oui,,,Non,Non,Oui,Résidentielle
diarkoum,https://diarkoum.tn/details.php?id_annonce=11005,Terrain,20000,2023-09-22,Nabeul,Nabeul,Nabeul,8000,200,Non,Non,Non,Oui,,,Non,Non,Oui,Résidentielle
diarkoum,https://diarkoum.tn/details.php?id_annonce=11002,Terrain,20000,2023-09-22,Nabeul,Kélibia,Kélibia,8000,200,Non,Non,Non,Oui,,,Non,Non,Oui,Résidentielle
diarkoum,https://diarkoum.tn/details.php?id_annonce=10998,Terrain,20000,2023-09-22,Nabeul,Kélibia,Kélibia,8000,200,Non,Non,Non,Oui,,,Non,Non,Oui,Résidentielle
diarkoum,https://diarkoum.tn/details.php?id_annonce=10997,Terrain,20000,2023-09-22,Nabeul,Kélibia,Kélibia,8000,200,Non,Non,Non,Oui,,,Non,Non,Oui,Résidentielle
diarkoum,https://diarkoum.tn/details.php?id_annonce=10996,Terrain,20000,2023-09-21,Nabeul,Kélibia,Kélibia,8000,200,Non,Non,Non,Oui,,,Non,Non,Oui,Résidentielle
diarkoum,https://diarkoum.tn/details.php?id_annonce=10995,Terrain,20000,2023-09-21,Nabeul,Kélibia,Kélibia,8000,200,Non,Non,Non,Oui,,,Non,Non,Oui,Résidentielle
diarkoum,https://diarkoum.tn/details.php?id_annonce=10994,Terrain,20000,2023-09-21,Nabeul,Kélibia,Kélibia,8000,200,Non,Non,Non,Oui,,,Non,Non,Oui,Résidentielle
diarkoum,https://diarkoum.tn/details.php?id_annonce=10993,Terrain,20000,2023-09-21,Nabeul,Kélibia,Kélibia,8000,200,Non,Non,Non,Oui,,,Non,Non,Oui,Résidentielle
diarkoum,https://diarkoum.tn/details.php?id_annonce=10992,Terrain,20000,2023-09-20,Nabeul,Kélibia,Kélibia,8000,200,Non,Non,Non,Oui,,,Non,Non,Oui,Résidentielle
diarkoum,https://diarkoum.tn/details.php?id_annonce=10991,Terrain,20000,2023-09-20,Nabeul,Kélibia,Kélibia,8000,200,Non,Non,Non,Oui,,,Non,Non,Oui,Résidentielle
diarkoum,https://diarkoum.tn/details.php?id_annonce=10990,Terrain,20000,2023-09-20,Nabeul,Kélibia,Kélibia,8000,200,Non,Non,Non,Oui,,,Non,Non,Oui,Résidentielle
diarkoum,https://diarkoum.tn/details.php?id_annonce=10989,Terrain,20000,2023-09-20,Nabeul,Kélibia,Kélibia,8000,200,Non,Non,Non,Oui,,,Non,Non,Oui,Résidentielle
diarkoum,https://diarkoum.tn/details.php?id_annonce=10966,Terrain,200000,2023-09-19,Nabeul,Hammam Ghezeze,Hammam Ghezeze,8000,10000,Non,Oui,Non,Oui,,,Non,Non,Oui,Résidentielle
diarkoum,https://diarkoum.tn/details.php?id_annonce=10987,Terrain,68000,2023-09-19,Kairouan,Hajeb El Ayoun,Hajeb El Ayoun,3100,222,Non,Non,Non,Oui,,,Non,Non,Oui,Résidentielle
diarkoum,https://diarkoum.tn/details.php?id_annonce=10988,Terrain,20000,2023-09-18,Nabeul,Kélibia,Kélibia,8000,200,Non,Non,Non,Oui,,,Non,Non,Oui,Résidentielle
diarkoum,https://diarkoum.tn/details.php?id_annonce=10983,Terrain,20000,2023-09-18,Nabeul,Kélibia,Kélibia,8000,200,Non,Non,Non,Oui,,,Non,Non,Oui,Résidentielle
diarkoum,https://diarkoum.tn/details.php?id_annonce=10982,Terrain,20000,2023-09-18,Nabeul,Kélibia,Kélibia,8000,200,Non,Non,Non,Oui,,,Non,Non,Oui,Résidentielle
diarkoum,https://diarkoum.tn/details.php?id_annonce=10981,Terrain,20000,2023-09-18,Nabeul,Kélibia,Kélibia,8000,200,Non,Non,Non,Oui,,,Non,Non,Oui,Résidentielle
diarkoum,https://diarkoum.tn/details.php?id_annonce=10980,Terrain,20000,2023-09-17,Nabeul,Kélibia,Kélibia,8000,200,Non,Non,Non,Oui,,,Non,Non,Oui,Résidentielle
diarkoum,https://diarkoum.tn/details.php?id_annonce=10979,Terrain,20000,2023-09-17,Nabeul,Kélibia,Kélibia,8000,200,Non,Non,Non,Oui,,,Non,Non,Oui,Résidentielle
diarkoum,https://diarkoum.tn/details.php?id_annonce=10978,Terrain,20000,2023-09-17,Nabeul,Kélibia,Kélibia,8000,200,Non,Non,Non,Oui,,,Non,Non,Oui,Résidentielle
diarkoum,https://diarkoum.tn/details.php?id_annonce=10977,Terrain,20000,2023-09-16,Nabeul,Kélibia,Kélibia,8000,200,Non,Non,Non,Oui,,,Non,Non,Oui,Résidentielle
diarkoum,https://diarkoum.tn/details.php?id_annonce=10976,Terrain,20000,2023-09-16,Nabeul,Kélibia,Kélibia,8000,200,Non,Non,Non,Oui,,,Non,Non,Oui,Résidentielle
diarkoum,https://diarkoum.tn/details.php?id_annonce=10975,Terrain,20000,2023-09-16,Nabeul,Kélibia,Kélibia,8000,200,Non,Non,Non,Oui,,,Non,Non,Oui,Résidentielle
diarkoum,https://diarkoum.tn/details.php?id_annonce=10974,Terrain,20000,2023-09-16,Nabeul,Kélibia,Kélibia,8000,200,Non,Non,Non,Oui,,,Non,Non,Oui,Résidentielle
diarkoum,https://diarkoum.tn/details.php?id_annonce=10953,Terrain,20000,2023-09-11,Nabeul,Kélibia,Kélibia,8000,200,Non,Non,Non,Oui,,,Non,Non,Oui,Résidentielle
diarkoum,https://diarkoum.tn/details.php?id_annonce=10952,Terrain,20000,2023-09-11,Nabeul,Kélibia,Kélibia,8000,200,Non,Non,Non,Oui,,,Non,Non,Oui,Résidentielle
diarkoum,https://diarkoum.tn/details.php?id_annonce=10951,Terrain,20000,2023-09-11,Nabeul,Kélibia,Kélibia,8000,200,Non,Non,Non,Oui,,,Non,Non,Oui,Résidentielle
diarkoum,https://diarkoum.tn/details.php?id_annonce=10950,Terrain,20000,2023-09-11,Nabeul,Kélibia,Kélibia,8000,200,Non,Non,Non,Oui,,,Non,Non,Oui,Résidentielle
diarkoum,https://diarkoum.tn/details.php?id_annonce=10949,Terrain,20000,2023-09-10,Nabeul,Kélibia,Kélibia,8000,200,Non,Non,Non,Oui,,,Non,Non,Oui,Résidentielle
diarkoum,https://diarkoum.tn/details.php?id_annonce=10948,Terrain,20000,2023-09-10,Nabeul,Kélibia,Kélibia,8000,200,Non,Non,Non,Oui,,,Non,Non,Oui,Résidentielle
diarkoum,https://diarkoum.tn/details.php?id_annonce=10947,Terrain,20000,2023-09-10,Nabeul,Kélibia,Kélibia,8000,200,Non,Non,Non,Oui,,,Non,Non,Oui,Résidentielle
diarkoum,https://diarkoum.tn/details.php?id_annonce=10946,Terrain,20000,2023-09-10,Nabeul,Kélibia,Kélibia,8000,200,Non,Non,Non,Oui,,,Non,Non,Oui,Résidentielle
diarkoum,https://diarkoum.tn/details.php?id_annonce=10943,Terrain,20000,2023-09-09,Nabeul,Kélibia,Kélibia,8000,200,Non,Non,Non,Oui,,,Non,Non,Oui,Résidentielle
diarkoum,https://diarkoum.tn/details.php?id_annonce=10942,Terrain,20000,2023-09-09,Nabeul,Kélibia,Kélibia,8000,200,Non,Non,Non,Oui,,,Non,Non,Oui,Résidentielle
diarkoum,https://diarkoum.tn/details.php?id_annonce=10941,Terrain,20000,2023-09-09,Nabeul,Kélibia,Kélibia,8000,200,Non,Non,Non,Oui,,,Non,Non,Oui,Résidentielle
diarkoum,https://diarkoum.tn/details.php?id_annonce=10940,Terrain,20000,2023-09-09,Nabeul,Kélibia,Kélibia,8000,200,Non,Non,Non,Oui,,,Non,Non,Oui,Résidentielle
diarkoum,https://diarkoum.tn/details.php?id_annonce=10932,Terrain,20000,2023-09-08,Nabeul,Kélibia,Kélibia,8000,200,Non,Non,Non,Oui,,,Non,Non,Oui,Résidentielle
diarkoum,https://diarkoum.tn/details.php?id_annonce=10930,Terrain,20000,2023-09-08,Nabeul,Kélibia,Kélibia,8000,200,Non,Non,Non,Oui,,,Non,Non,Oui,Résidentielle
diarkoum,https://diarkoum.tn/details.php?id_annonce=10928,Terrain,20000,2023-09-08,Nabeul,Kélibia,Kélibia,8000,200,Non,Non,Non,Oui,,,Non,Non,Oui,Résidentielle
diarkoum,https://diarkoum.tn/details.php?id_annonce=10927,Terrain,20000,2023-09-08,Nabeul,Kélibia,Kélibia,8000,200,Non,Non,Non,Oui,,,Non,Non,Oui,Résidentielle
diarkoum,https://diarkoum.tn/details.php?id_annonce=10917,Terrain,20000,2023-09-07,Nabeul,Kélibia,Kélibia,8000,200,Non,Non,Non,Oui,,,Non,Non,Oui,Résidentielle
diarkoum,https://diarkoum.tn/details.php?id_annonce=10916,Terrain,20000,2023-09-07,Nabeul,Nabeul,Nabeul,8000,200,Non,Non,Non,Oui,,,Non,Non,Oui,Résidentielle
diarkoum,https://diarkoum.tn/details.php?id_annonce=10913,Terrain,20000,2023-09-07,Nabeul,Kélibia,Kélibia,8000,200,Non,Non,Non,Oui,,,Non,Non,Oui,Résidentielle
diarkoum,https://diarkoum.tn/details.php?id_annonce=10912,Terrain,20000,2023-09-07,Nabeul,Kélibia,Kélibia,8000,200,Non,Non,Non,Oui,,,Non,Non,Oui,Résidentielle
diarkoum,https://diarkoum.tn/details.php?id_annonce=10910,Terrain,20000,2023-09-06,Nabeul,Kélibia,Kélibia,8000,200,Non,Non,Non,Oui,,,Non,Non,Oui,Résidentielle
diarkoum,https://diarkoum.tn/details.php?id_annonce=10342,Terrain,150000,2023-09-06,Nabeul,Takelsa,Takelsa,8000,10000,Oui,Non,Non,Oui,,,Non,Non,Oui,Résidentielle
diarkoum,https://diarkoum.tn/details.php?id_annonce=10908,Terrain,20000,2023-09-06,Nabeul,Kélibia,Kélibia,8000,200,Non,Non,Non,Oui,,,Non,Non,Oui,Résidentielle
diarkoum,https://diarkoum.tn/details.php?id_annonce=10907,Terrain,20000,2023-09-06,Nabeul,Kélibia,Kélibia,8000,200,Non,Non,Non,Oui,,,Non,Non,Oui,Résidentielle
diarkoum,https://diarkoum.tn/details.php?id_annonce=10894,Terrain,20000,2023-09-04,Nabeul,Kélibia,Kélibia,8000,200,Non,Non,Non,Oui,,,Non,Non,Oui,Résidentielle
diarkoum,https://diarkoum.tn/details.php?id_annonce=10893,Terrain,20000,2023-09-04,Nabeul,Kélibia,Kélibia,8000,200,Non,Non,Non,Oui,,,Non,Non,Oui,Résidentielle
diarkoum,https://diarkoum.tn/details.php?id_annonce=10888,Terrain,20000,2023-09-04,Nabeul,Kélibia,Kélibia,8000,200,Non,Non,Non,Oui,,,Non,Non,Oui,Résidentielle
diarkoum,https://diarkoum.tn/details.php?id_annonce=10886,Terrain,20000,2023-09-03,Nabeul,Kélibia,Kélibia,8000,200,Non,Non,Non,Oui,,,Non,Non,Oui,Résidentielle
diarkoum,https://diarkoum.tn/details.php?id_annonce=10885,Terrain,20000,2023-09-02,Nabeul,Kélibia,Kélibia,8000,200,Non,Non,Non,Oui,,,Non,Non,Oui,Résidentielle
diarkoum,https://diarkoum.tn/details.php?id_annonce=10884,Terrain,20000,2023-09-02,Nabeul,Kélibia,Kélibia,8000,200,Non,Non,Non,Oui,,,Non,Non,Oui,Résidentielle
diarkoum,https://diarkoum.tn/details.php?id_annonce=10883,Terrain,20000,2023-09-02,Nabeul,Kélibia,Kélibia,8000,200,Non,Non,Non,Oui,,,Non,Non,Oui,Résidentielle
diarkoum,https://diarkoum.tn/details.php?id_annonce=10882,Terrain,20000,2023-09-02,Nabeul,Kélibia,Kélibia,8000,200,Non,Non,Non,Oui,,,Non,Non,Oui,Résidentielle
diarkoum,https://diarkoum.tn/details.php?id_annonce=10879,Terrain,20000,2023-09-01,Nabeul,Kélibia,Kélibia,8000,200,Non,Non,Non,Oui,,,Non,Non,Oui,Résidentielle
diarkoum,https://diarkoum.tn/details.php?id_annonce=10876,Terrain,20000,2023-09-01,Nabeul,Kélibia,Kélibia,8000,200,Non,Non,Non,Oui,,,Non,Non,Oui,Résidentielle
diarkoum,https://diarkoum.tn/details.php?id_annonce=10875,Terrain,20000,2023-09-01,Nabeul,Kélibia,Kélibia,8000,200,Non,Non,Non,Oui,,,Non,Non,Oui,Résidentielle
diarkoum,https://diarkoum.tn/details.php?id_annonce=10874,Terrain,20000,2023-09-01,Nabeul,Kélibia,Kélibia,8000,200,Non,Non,Non,Oui,,,Non,Non,Oui,Résidentielle
diarkoum,https://diarkoum.tn/details.php?id_annonce=10873,Terrain,20000,2023-08-31,Nabeul,Kélibia,Kélibia,8000,200,Non,Non,Non,Oui,,,Non,Non,Oui,Résidentielle
diarkoum,https://diarkoum.tn/details.php?id_annonce=10869,Terrain,20000,2023-08-31,Nabeul,Takelsa,Takelsa,8000,1000,Non,Non,Non,Oui,,,Non,Non,Oui,Résidentielle
diarkoum,https://diarkoum.tn/details.php?id_annonce=10868,Terrain,20000,2023-08-31,Nabeul,Kélibia,Kélibia,8000,200,Non,Non,Non,Oui,,,Non,Non,Oui,Résidentielle
diarkoum,https://diarkoum.tn/details.php?id_annonce=10867,Terrain,20000,2023-08-31,Nabeul,Kélibia,Kélibia,8000,200,Non,Non,Non,Oui,,,Non,Non,Oui,Résidentielle
diarkoum,https://diarkoum.tn/details.php?id_annonce=10864,Terrain,20000,2023-08-30,Nabeul,Kélibia,Kélibia,8000,200,Non,Non,Non,Oui,,,Non,Non,Oui,Résidentielle
diarkoum,https://diarkoum.tn/details.php?id_annonce=10863,Terrain,20000,2023-08-30,Nabeul,Kélibia,Kélibia,8000,200,Non,Non,Non,Oui,,,Non,Non,Oui,Résidentielle
diarkoum,https://diarkoum.tn/details.php?id_annonce=10862,Terrain,20000,2023-08-30,Nabeul,Kélibia,Kélibia,8000,200,Non,Non,Non,Oui,,,Non,Non,Oui,Résidentielle
diarkoum,https://diarkoum.tn/details.php?id_annonce=10861,Terrain,150000,2023-08-30,Nabeul,Takelsa,Takelsa,8000,9998,Oui,Non,Non,Oui,,,Non,Non,Oui,Résidentielle
diarkoum,https://diarkoum.tn/details.php?id_annonce=10860,Terrain,20000,2023-08-30,Nabeul,Kélibia,Kélibia,8000,200,Non,Non,Non,Oui,,,Non,Non,Oui,Résidentielle
diarkoum,https://diarkoum.tn/details.php?id_annonce=10855,Terrain,20000,2023-08-29,Nabeul,Takelsa,Takelsa,8000,1000,Non,Non,Non,Oui,,,Non,Non,Oui,Résidentielle
diarkoum,https://diarkoum.tn/details.php?id_annonce=10837,Terrain,20000,2023-08-28,Nabeul,Takelsa,Takelsa,8000,1000,Non,Oui,Non,Oui,,,Non,Non,Oui,Résidentielle
diarkoum,https://diarkoum.tn/details.php?id_annonce=10835,Terrain,20000,2023-08-28,Nabeul,Kélibia,Kélibia,8000,200,Non,Non,Non,Oui,,,Non,Non,Oui,Résidentielle
diarkoum,https://diarkoum.tn/details.php?id_annonce=10832,Terrain,20000,2023-08-28,Nabeul,Kélibia,Kélibia,8000,200,Non,Non,Non,Oui,,,Non,Non,Oui,Résidentielle
diarkoum,https://diarkoum.tn/details.php?id_annonce=10831,Terrain,20000,2023-08-27,Nabeul,Kélibia,Kélibia,8000,200,Non,Non,Non,Oui,,,Non,Non,Oui,Résidentielle
diarkoum,https://diarkoum.tn/details.php?id_annonce=10830,Terrain,20000,2023-08-27,Nabeul,Kélibia,Kélibia,8000,200,Non,Non,Non,Oui,,,Non,Non,Oui,Résidentielle
diarkoum,https://diarkoum.tn/details.php?id_annonce=10829,Terrain,20000,2023-08-27,Nabeul,Kélibia,Kélibia,8000,200,Non,Non,Non,Oui,,,Non,Non,Oui,Résidentielle
diarkoum,https://diarkoum.tn/details.php?id_annonce=10828,Terrain,20000,2023-08-26,Nabeul,Kélibia,Kélibia,8000,200,Non,Non,Non,Oui,,,Non,Non,Oui,Résidentielle
diarkoum,https://diarkoum.tn/details.php?id_annonce=10823,Terrain,20000,2023-08-26,Nabeul,Kélibia,Kélibia,8000,200,Non,Non,Non,Oui,,,Non,Non,Oui,Résidentielle
diarkoum,https://diarkoum.tn/details.php?id_annonce=10822,Terrain,20000,2023-08-26,Nabeul,Kélibia,Kélibia,8000,200,Non,Non,Non,Oui,,,Non,Non,Oui,Résidentielle
diarkoum,https://diarkoum.tn/details.php?id_annonce=10818,Terrain,20000,2023-08-25,Nabeul,Takelsa,Takelsa,8000,1000,Non,Non,Non,Oui,,,Non,Non,Oui,Résidentielle
diarkoum,https://diarkoum.tn/details.php?id_annonce=10817,Terrain,20000,2023-08-25,Nabeul,Kélibia,Kélibia,8000,200,Non,Non,Non,Oui,,,Non,Non,Oui,Résidentielle
diarkoum,https://diarkoum.tn/details.php?id_annonce=10812,Terrain,20000,2023-08-24,Nabeul,Takelsa,Takelsa,8000,1000,Non,Non,Non,Oui,,,Non,Non,Oui,Résidentielle
diarkoum,https://diarkoum.tn/details.php?id_annonce=10809,Terrain,20000,2023-08-24,Nabeul,Kélibia,Kélibia,8000,200,Non,Non,Non,Oui,,,Non,Non,Oui,Résidentielle
diarkoum,https://diarkoum.tn/details.php?id_annonce=10808,Terrain,20000,2023-08-23,Nabeul,Kélibia,Kélibia,8000,200,Non,Non,Non,Oui,,,Non,Non,Oui,Résidentielle
diarkoum,https://diarkoum.tn/details.php?id_annonce=10807,Terrain,20000,2023-08-23,Nabeul,Kélibia,Kélibia,8000,200,Non,Non,Non,Oui,,,Non,Non,Oui,Résidentielle
diarkoum,https://diarkoum.tn/details.php?id_annonce=10805,Terrain,150000,2023-08-23,Nabeul,Takelsa,Takelsa,8000,10000,Non,Oui,Non,Oui,,,Non,Non,Oui,Résidentielle
diarkoum,https://diarkoum.tn/details.php?id_annonce=10803,Terrain,20000,2023-08-23,Nabeul,Kélibia,Kélibia,8000,200,Non,Non,Non,Oui,,,Non,Non,Oui,Résidentielle
diarkoum,https://diarkoum.tn/details.php?id_annonce=10801,Terrain,20000,2023-08-23,Nabeul,Kélibia,Kélibia,8000,200,Non,Non,Non,Oui,,,Non,Non,Oui,Résidentielle
diarkoum,https://diarkoum.tn/details.php?id_annonce=10795,Terrain,20000,2023-08-22,Nabeul,Kélibia,Kélibia,8000,200,Non,Non,Non,Oui,,,Non,Non,Oui,Résidentielle
diarkoum,https://diarkoum.tn/details.php?id_annonce=10793,Terrain,20000,2023-08-22,Nabeul,Kélibia,Kélibia,8000,200,Non,Non,Non,Oui,,,Non,Non,Oui,Résidentielle
diarkoum,https://diarkoum.tn/details.php?id_annonce=10792,Terrain,20000,2023-08-22,Nabeul,Takelsa,Takelsa,8000,1000,Non,Non,Non,Oui,,,Non,Non,Oui,Résidentielle
diarkoum,https://diarkoum.tn/details.php?id_annonce=10791,Terrain,20000,2023-08-22,Nabeul,Kélibia,Kélibia,8000,200,Non,Non,Non,Oui,,,Non,Non,Oui,Résidentielle
diarkoum,https://diarkoum.tn/details.php?id_annonce=10790,Terrain,20000,2023-08-22,Nabeul,Kélibia,Kélibia,8000,200,Non,Non,Non,Oui,,,Non,Non,Oui,Résidentielle
diarkoum,https://diarkoum.tn/details.php?id_annonce=10782,Terrain,20000,2023-08-20,Nabeul,Kélibia,Kélibia,8000,200,Non,Non,Non,Oui,,,Non,Non,Oui,Résidentielle
diarkoum,https://diarkoum.tn/details.php?id_annonce=10781,Terrain,20000,2023-08-20,Nabeul,Kélibia,Kélibia,8000,200,Non,Non,Non,Oui,,,Non,Non,Oui,Résidentielle
diarkoum,https://diarkoum.tn/details.php?id_annonce=10779,Terrain,20000,2023-08-19,Nabeul,Kélibia,Kélibia,8000,200,Non,Non,Non,Oui,,,Non,Non,Oui,Résidentielle
diarkoum,https://diarkoum.tn/details.php?id_annonce=10777,Terrain,20000,2023-08-19,Nabeul,Kélibia,Kélibia,8000,200,Non,Non,Non,Oui,,,Non,Non,Oui,Résidentielle
diarkoum,https://diarkoum.tn/details.php?id_annonce=10776,Terrain,20000,2023-08-19,Nabeul,Kélibia,Kélibia,8000,200,Non,Non,Non,Oui,,,Non,Non,Oui,Résidentielle
diarkoum,https://diarkoum.tn/details.php?id_annonce=10770,Terrain,20000,2023-08-17,Nabeul,Kélibia,Kélibia,8000,200,Non,Non,Non,Oui,,,Non,Non,Oui,Résidentielle
diarkoum,https://diarkoum.tn/details.php?id_annonce=10769,Terrain,20000,2023-08-17,Nabeul,Takelsa,Takelsa,8000,1000,Non,Non,Non,Oui,,,Non,Non,Oui,Résidentielle
diarkoum,https://diarkoum.tn/details.php?id_annonce=10768,Terrain,20000,2023-08-17,Nabeul,Kélibia,Kélibia,8000,200,Non,Non,Non,Oui,,,Non,Non,Oui,Résidentielle
diarkoum,https://diarkoum.tn/details.php?id_annonce=10764,Terrain,20000,2023-08-17,Nabeul,Kélibia,Kélibia,8000,200,Non,Non,Non,Oui,,,Non,Non,Oui,Résidentielle
diarkoum,https://diarkoum.tn/details.php?id_annonce=10762,Terrain,200000,2023-08-17,Nabeul,Hammam Ghezeze,Hammam Ghezeze,8000,10000,Non,Non,Non,Oui,,,Non,Non,Oui,Résidentielle
diarkoum,https://diarkoum.tn/details.php?id_annonce=10761,Terrain,20000,2023-08-17,Nabeul,Kélibia,Kélibia,8000,200,Non,Non,Non,Oui,,,Non,Non,Oui,Résidentielle
diarkoum,https://diarkoum.tn/details.php?id_annonce=10758,Terrain,20000,2023-08-16,Nabeul,Kélibia,Kélibia,8000,200,Non,Non,Non,Oui,,,Non,Non,Oui,Résidentielle
diarkoum,https://diarkoum.tn/details.php?id_annonce=10734,Terrain,150000,2023-08-16,Nabeul,Takelsa,Takelsa,8000,10000,Non,Non,Non,Oui,,,Non,Non,Oui,Résidentielle
diarkoum,https://diarkoum.tn/details.php?id_annonce=10757,Terrain,20000,2023-08-16,Nabeul,Kélibia,Kélibia,8000,200,Non,Non,Non,Oui,,,Non,Non,Oui,Résidentielle
diarkoum,https://diarkoum.tn/details.php?id_annonce=10755,Terrain,20000,2023-08-16,Nabeul,Kélibia,Kélibia,8000,200,Non,Non,Non,Oui,,,Non,Non,Oui,Résidentielle
diarkoum,https://diarkoum.tn/details.php?id_annonce=10753,Terrain,150000,2023-08-15,Nabeul,Takelsa,Takelsa,8000,10000,Oui,Non,Non,Oui,,,Non,Non,Oui,Résidentielle
diarkoum,https://diarkoum.tn/details.php?id_annonce=10746,Terrain,20000,2023-08-14,Nabeul,Kélibia,Kélibia,8000,200,Non,Non,Non,Oui,,,Non,Non,Oui,Résidentielle
diarkoum,https://diarkoum.tn/details.php?id_annonce=10745,Terrain,150000,2023-08-14,Nabeul,Takelsa,Takelsa,8000,10000,Oui,Non,Non,Oui,,,Non,Non,Oui,Résidentielle
diarkoum,https://diarkoum.tn/details.php?id_annonce=10743,Terrain,20000,2023-08-14,Nabeul,Kélibia,Kélibia,8000,200,Non,Non,Non,Oui,,,Non,Non,Oui,Résidentielle
diarkoum,https://diarkoum.tn/details.php?id_annonce=10742,Terrain,20000,2023-08-14,Nabeul,Kélibia,Kélibia,8000,200,Non,Non,Non,Oui,,,Non,Non,Oui,Résidentielle
diarkoum,https://diarkoum.tn/details.php?id_annonce=10740,Terrain,20000,2023-08-13,Nabeul,Kélibia,Kélibia,8000,200,Non,Non,Non,Oui,,,Non,Non,Oui,Résidentielle
diarkoum,https://diarkoum.tn/details.php?id_annonce=10739,Terrain,20000,2023-08-12,Nabeul,Kélibia,Kélibia,8000,200,Non,Non,Non,Oui,,,Non,Non,Oui,Résidentielle
diarkoum,https://diarkoum.tn/details.php?id_annonce=10738,Terrain,20000,2023-08-12,Nabeul,Kélibia,Kélibia,8000,200,Non,Non,Non,Oui,,,Non,Non,Oui,Résidentielle
diarkoum,https://diarkoum.tn/details.php?id_annonce=10737,Terrain,150000,2023-08-12,Nabeul,Takelsa,Takelsa,8000,10000,Non,Non,Non,Oui,,,Non,Non,Oui,Résidentielle
diarkoum,https://diarkoum.tn/details.php?id_annonce=10735,Terrain,20000,2023-08-12,Nabeul,Kélibia,Kélibia,8000,200,Non,Non,Non,Oui,,,Non,Non,Oui,Résidentielle
diarkoum,https://diarkoum.tn/details.php?id_annonce=10541,Terrain,150000,2023-08-11,Nabeul,Takelsa,Takelsa,8000,10000,Non,Non,Non,Oui,,,Non,Non,Oui,Résidentielle
diarkoum,https://diarkoum.tn/details.php?id_annonce=10631,Terrain,150000,2023-08-11,Nabeul,Takelsa,Takelsa,8000,10000,Non,Non,Non,Oui,,,Non,Non,Oui,Résidentielle
diarkoum,https://diarkoum.tn/details.php?id_annonce=10642,Terrain,150000,2023-08-11,Nabeul,Takelsa,Takelsa,8000,10000,Non,Non,Non,Oui,,,Non,Non,Oui,Résidentielle
diarkoum,https://diarkoum.tn/details.php?id_annonce=10649,Terrain,150000,2023-08-11,Nabeul,Takelsa,Takelsa,8000,10000,Non,Non,Non,Oui,,,Non,Non,Oui,Résidentielle
diarkoum,https://diarkoum.tn/details.php?id_annonce=10653,Terrain,150000,2023-08-11,Nabeul,Takelsa,Takelsa,8000,10000,Non,Non,Non,Oui,,,Non,Non,Oui,Résidentielle
diarkoum,https://diarkoum.tn/details.php?id_annonce=10732,Terrain,150000,2023-08-11,Nabeul,Takelsa,Takelsa,8000,10000,Non,Non,Non,Oui,,,Non,Non,Oui,Résidentielle
diarkoum,https://diarkoum.tn/details.php?id_annonce=10660,Terrain,150000,2023-08-11,Nabeul,Takelsa,Takelsa,8000,10000,Non,Non,Non,Oui,,,Non,Non,Oui,Résidentielle
diarkoum,https://diarkoum.tn/details.php?id_annonce=10726,Terrain,150000,2023-08-11,Nabeul,Takelsa,Takelsa,8000,10000,Non,Non,Non,Oui,,,Non,Non,Oui,Résidentielle
diarkoum,https://diarkoum.tn/details.php?id_annonce=10728,Terrain,20000,2023-08-11,Nabeul,Kélibia,Kélibia,8000,200,Non,Non,Non,Oui,,,Non,Non,Oui,Résidentielle
diarkoum,https://diarkoum.tn/details.php?id_annonce=10727,Terrain,20000,2023-08-10,Nabeul,Kélibia,Kélibia,8000,200,Non,Non,Non,Oui,,,Non,Non,Oui,Résidentielle
diarkoum,https://diarkoum.tn/details.php?id_annonce=10725,Terrain,20000,2023-08-10,Nabeul,Kélibia,Kélibia,8000,200,Non,Non,Non,Oui,,,Non,Non,Oui,Résidentielle
diarkoum,https://diarkoum.tn/details.php?id_annonce=10724,Terrain,20000,2023-08-10,Nabeul,Kélibia,Kélibia,8000,200,Non,Non,Non,Oui,,,Non,Non,Oui,Résidentielle
diarkoum,https://diarkoum.tn/details.php?id_annonce=10717,Terrain,20000,2023-08-09,Nabeul,Kélibia,Kélibia,8000,200,Non,Non,Non,Oui,,,Non,Non,Oui,Résidentielle
diarkoum,https://diarkoum.tn/details.php?id_annonce=10715,Terrain,20000,2023-08-09,Nabeul,Kélibia,Kélibia,8000,200,Non,Non,Non,Oui,,,Non,Non,Oui,Résidentielle
diarkoum,https://diarkoum.tn/details.php?id_annonce=10713,Terrain,20000,2023-08-09,Nabeul,Kélibia,Kélibia,8000,200,Non,Non,Non,Oui,,,Non,Non,Oui,Résidentielle
diarkoum,https://diarkoum.tn/details.php?id_annonce=10712,Terrain,20000,2023-08-09,Nabeul,Kélibia,Kélibia,8000,200,Non,Non,Non,Oui,,,Non,Non,Oui,Résidentielle
diarkoum,https://diarkoum.tn/details.php?id_annonce=10711,Terrain,476000,2023-08-09,Sousse,Akouda,Akouda,4022,595,Non,Non,Non,Oui,,,Oui,Non,Oui,Résidentielle
diarkoum,https://diarkoum.tn/details.php?id_annonce=10415,Terrain,29000,2023-08-08,Nabeul,Takelsa,Takelsa,8000,1000,Non,Non,Non,Oui,,,Non,Non,Oui,Résidentielle
diarkoum,https://diarkoum.tn/details.php?id_annonce=10672,Terrain,20000,2023-08-07,Nabeul,Kélibia,Kélibia,8000,200,Non,Non,Non,Oui,,,Non,Non,Oui,Résidentielle
diarkoum,https://diarkoum.tn/details.php?id_annonce=10662,Terrain,20000,2023-08-07,Nabeul,Kélibia,Kélibia,8000,200,Non,Non,Non,Oui,,,Non,Non,Oui,Résidentielle
diarkoum,https://diarkoum.tn/details.php?id_annonce=10661,Terrain,20000,2023-08-07,Nabeul,Kélibia,Kélibia,8000,200,Non,Non,Non,Oui,,,Non,Non,Oui,Résidentielle
diarkoum,https://diarkoum.tn/details.php?id_annonce=10659,Terrain,20000,2023-08-07,Nabeul,Kélibia,Kélibia,8000,200,Non,Non,Non,Oui,,,Non,Non,Oui,Résidentielle
diarkoum,https://diarkoum.tn/details.php?id_annonce=10658,Terrain,20000,2023-08-06,Nabeul,Kélibia,Kélibia,8000,200,Non,Non,Non,Oui,,,Non,Non,Oui,Résidentielle
diarkoum,https://diarkoum.tn/details.php?id_annonce=10657,Terrain,20000,2023-08-06,Nabeul,Kélibia,Kélibia,8000,200,Non,Non,Non,Oui,,,Non,Non,Oui,Résidentielle
diarkoum,https://diarkoum.tn/details.php?id_annonce=10656,Terrain,20000,2023-08-06,Nabeul,Kélibia,Kélibia,8000,200,Non,Non,Non,Oui,,,Non,Non,Oui,Résidentielle
diarkoum,https://diarkoum.tn/details.php?id_annonce=10655,Terrain,20000,2023-08-05,Nabeul,Kélibia,Kélibia,8000,200,Non,Non,Non,Oui,,,Non,Non,Oui,Résidentielle
diarkoum,https://diarkoum.tn/details.php?id_annonce=10654,Terrain,20000,2023-08-05,Nabeul,Kélibia,Kélibia,8000,200,Non,Non,Non,Oui,,,Non,Non,Oui,Résidentielle
diarkoum,https://diarkoum.tn/details.php?id_annonce=10652,Terrain,20000,2023-08-05,Nabeul,Kélibia,Kélibia,8000,200,Non,Non,Non,Oui,,,Non,Non,Oui,Résidentielle
diarkoum,https://diarkoum.tn/details.php?id_annonce=10651,Terrain,20000,2023-08-04,Nabeul,Kélibia,Kélibia,8000,200,Non,Non,Non,Oui,,,Non,Non,Oui,Résidentielle
diarkoum,https://diarkoum.tn/details.php?id_annonce=10650,Terrain,20000,2023-08-04,Nabeul,Kélibia,Kélibia,8000,200,Non,Non,Non,Oui,,,Non,Non,Oui,Résidentielle
diarkoum,https://diarkoum.tn/details.php?id_annonce=10648,Terrain,20000,2023-08-04,Nabeul,Kélibia,Kélibia,8000,200,Non,Non,Non,Oui,,,Non,Non,Oui,Résidentielle
diarkoum,https://diarkoum.tn/details.php?id_annonce=10647,Terrain,20000,2023-08-04,Nabeul,Kélibia,Kélibia,8000,200,Non,Non,Non,Oui,,,Non,Non,Oui,Résidentielle
diarkoum,https://diarkoum.tn/details.php?id_annonce=10644,Terrain,20000,2023-08-03,Nabeul,Kélibia,Kélibia,8000,200,Non,Non,Non,Oui,,,Non,Non,Oui,Résidentielle
diarkoum,https://diarkoum.tn/details.php?id_annonce=10643,Terrain,20000,2023-08-03,Nabeul,Kélibia,Kélibia,8000,200,Non,Non,Non,Oui,,,Non,Non,Oui,Résidentielle
diarkoum,https://diarkoum.tn/details.php?id_annonce=10641,Terrain,20000,2023-08-03,Nabeul,Kélibia,Kélibia,8000,200,Non,Non,Non,Oui,,,Non,Non,Oui,Résidentielle
diarkoum,https://diarkoum.tn/details.php?id_annonce=10640,Terrain,20000,2023-08-03,Nabeul,Kélibia,Kélibia,8000,200,Non,Non,Non,Oui,,,Non,Non,Oui,Résidentielle
diarkoum,https://diarkoum.tn/details.php?id_annonce=10636,Terrain,20000,2023-08-02,Nabeul,Kélibia,Kélibia,8000,200,Non,Non,Non,Oui,,,Non,Non,Oui,Résidentielle
diarkoum,https://diarkoum.tn/details.php?id_annonce=10633,Terrain,20000,2023-08-02,Nabeul,Kélibia,Kélibia,8000,200,Non,Non,Non,Oui,,,Non,Non,Oui,Résidentielle
diarkoum,https://diarkoum.tn/details.php?id_annonce=10632,Terrain,20000,2023-08-02,Nabeul,Kélibia,Kélibia,8000,200,Non,Non,Non,Oui,,,Non,Non,Oui,Résidentielle
diarkoum,https://diarkoum.tn/details.php?id_annonce=10630,Terrain,20000,2023-08-02,Nabeul,Kélibia,Kélibia,8000,200,Non,Non,Non,Oui,,,Non,Non,Oui,Résidentielle
diarkoum,https://diarkoum.tn/details.php?id_annonce=10624,Terrain,20000,2023-07-31,Nabeul,Kélibia,Kélibia,8000,200,Non,Non,Non,Oui,,,Non,Non,Oui,Résidentielle
diarkoum,https://diarkoum.tn/details.php?id_annonce=10623,Terrain,20000,2023-07-31,Nabeul,Kélibia,Kélibia,8000,200,Non,Non,Non,Oui,,,Non,Non,Oui,Résidentielle
diarkoum,https://diarkoum.tn/details.php?id_annonce=10622,Terrain,20000,2023-07-31,Nabeul,Kélibia,Kélibia,8000,200,Non,Non,Non,Oui,,,Non,Non,Oui,Résidentielle
diarkoum,https://diarkoum.tn/details.php?id_annonce=10621,Terrain,20000,2023-07-31,Nabeul,Kélibia,Kélibia,8000,200,Non,Non,Non,Oui,,,Non,Non,Oui,Résidentielle
diarkoum,https://diarkoum.tn/details.php?id_annonce=10618,Terrain,20000,2023-07-30,Nabeul,Kélibia,Kélibia,8000,200,Non,Non,Non,Oui,,,Non,Non,Oui,Résidentielle
diarkoum,https://diarkoum.tn/details.php?id_annonce=10611,Terrain,20000,2023-07-29,Nabeul,Kélibia,Kélibia,8000,200,Non,Non,Non,Oui,,,Non,Non,Oui,Résidentielle
diarkoum,https://diarkoum.tn/details.php?id_annonce=10609,Terrain,20000,2023-07-29,Nabeul,Kélibia,Kélibia,8000,200,Non,Non,Non,Oui,,,Non,Non,Oui,Résidentielle
diarkoum,https://diarkoum.tn/details.php?id_annonce=10608,Terrain,20000,2023-07-28,Nabeul,Kélibia,Kélibia,8000,200,Non,Non,Non,Oui,,,Non,Non,Oui,Résidentielle
diarkoum,https://diarkoum.tn/details.php?id_annonce=10606,Terrain,20000,2023-07-28,Nabeul,Kélibia,Kélibia,8000,200,Non,Non,Non,Oui,,,Non,Non,Oui,Résidentielle
diarkoum,https://diarkoum.tn/details.php?id_annonce=10603,Terrain,20000,2023-07-27,Nabeul,Kélibia,Kélibia,8000,200,Non,Non,Non,Oui,,,Non,Non,Oui,Résidentielle
diarkoum,https://diarkoum.tn/details.php?id_annonce=10600,Terrain,20000,2023-07-27,Nabeul,Kélibia,Kélibia,8000,200,Non,Non,Non,Oui,,,Non,Non,Oui,Résidentielle
diarkoum,https://diarkoum.tn/details.php?id_annonce=10597,Terrain,20000,2023-07-27,Nabeul,Kélibia,Kélibia,8000,200,Non,Non,Non,Oui,,,Non,Non,Oui,Résidentielle
diarkoum,https://diarkoum.tn/details.php?id_annonce=10596,Terrain,20000,2023-07-27,Nabeul,Kélibia,Kélibia,8000,200,Non,Non,Non,Oui,,,Non,Non,Oui,Résidentielle
diarkoum,https://diarkoum.tn/details.php?id_annonce=10592,Terrain,20000,2023-07-26,Nabeul,Kélibia,Kélibia,8000,200,Non,Non,Non,Oui,,,Non,Non,Oui,Résidentielle
diarkoum,https://diarkoum.tn/details.php?id_annonce=10591,Terrain,20000,2023-07-26,Nabeul,Kélibia,Kélibia,8000,200,Non,Non,Non,Oui,,,Non,Non,Oui,Résidentielle
diarkoum,https://diarkoum.tn/details.php?id_annonce=10586,Terrain,20000,2023-07-24,Nabeul,Kélibia,Kélibia,8000,200,Non,Non,Non,Oui,,,Non,Non,Oui,Résidentielle
diarkoum,https://diarkoum.tn/details.php?id_annonce=10585,Terrain,20000,2023-07-23,Nabeul,Kélibia,Kélibia,8000,200,Non,Non,Non,Oui,,,Non,Non,Oui,Résidentielle
diarkoum,https://diarkoum.tn/details.php?id_annonce=10584,Terrain,20000,2023-07-23,Nabeul,Kélibia,Kélibia,8000,200,Non,Non,Non,Oui,,,Non,Non,Oui,Résidentielle
diarkoum,https://diarkoum.tn/details.php?id_annonce=10577,Terrain,20000,2023-07-22,Nabeul,Kélibia,Kélibia,8000,200,Non,Non,Non,Oui,,,Non,Non,Oui,Résidentielle
diarkoum,https://diarkoum.tn/details.php?id_annonce=10575,Terrain,20000,2023-07-21,Nabeul,Kélibia,Kélibia,8000,200,Non,Non,Non,Oui,,,Non,Non,Oui,Résidentielle
diarkoum,https://diarkoum.tn/details.php?id_annonce=10574,Terrain,20000,2023-07-21,Nabeul,Kélibia,Kélibia,8000,200,Non,Non,Non,Oui,,,Non,Non,Oui,Résidentielle
diarkoum,https://diarkoum.tn/details.php?id_annonce=10566,Terrain,20000,2023-07-20,Nabeul,Kélibia,Kélibia,8000,200,Non,Non,Non,Oui,,,Non,Non,Oui,Résidentielle
diarkoum,https://diarkoum.tn/details.php?id_annonce=10565,Terrain,20000,2023-07-20,Nabeul,Kélibia,Kélibia,8000,200,Non,Non,Non,Oui,,,Non,Non,Oui,Résidentielle
diarkoum,https://diarkoum.tn/details.php?id_annonce=10564,Terrain,20000,2023-07-20,Nabeul,Kélibia,Kélibia,8000,200,Non,Non,Non,Oui,,,Non,Non,Oui,Résidentielle
diarkoum,https://diarkoum.tn/details.php?id_annonce=10561,Terrain,20000,2023-07-19,Nabeul,Kélibia,Kélibia,8000,200,Non,Non,Non,Oui,,,Non,Non,Oui,Résidentielle
diarkoum,https://diarkoum.tn/details.php?id_annonce=10555,Terrain,20000,2023-07-19,Nabeul,Kélibia,Kélibia,8000,200,Non,Non,Non,Oui,,,Non,Non,Oui,Résidentielle
diarkoum,https://diarkoum.tn/details.php?id_annonce=10554,Terrain,20000,2023-07-19,Nabeul,Kélibia,Kélibia,8000,200,Non,Non,Non,Oui,,,Non,Non,Oui,Résidentielle
diarkoum,https://diarkoum.tn/details.php?id_annonce=10553,Terrain,20000,2023-07-19,Nabeul,Kélibia,Kélibia,8000,200,Non,Non,Non,Oui,,,Non,Non,Oui,Résidentielle
diarkoum,https://diarkoum.tn/details.php?id_annonce=10540,Terrain,20000,2023-07-17,Nabeul,Kélibia,Kélibia,8000,200,Non,Non,Non,Oui,,,Non,Non,Oui,Résidentielle
diarkoum,https://diarkoum.tn/details.php?id_annonce=10539,Terrain,29000,2023-07-17,Nabeul,Takelsa,Takelsa,8000,1000,Non,Non,Non,Oui,,,Non,Non,Oui,Résidentielle
diarkoum,https://diarkoum.tn/details.php?id_annonce=10537,Terrain,20000,2023-07-17,Nabeul,Kélibia,Kélibia,8000,200,Non,Non,Non,Oui,,,Non,Non,Oui,Résidentielle
diarkoum,https://diarkoum.tn/details.php?id_annonce=10533,Terrain,20000,2023-07-17,Nabeul,Kélibia,Kélibia,8000,200,Non,Non,Non,Oui,,,Non,Non,Oui,Résidentielle
diarkoum,https://diarkoum.tn/details.php?id_annonce=10532,Terrain,20000,2023-07-16,Nabeul,Kélibia,Kélibia,8000,200,Non,Non,Non,Oui,,,Non,Non,Oui,Résidentielle
diarkoum,https://diarkoum.tn/details.php?id_annonce=10531,Terrain,20000,2023-07-16,Nabeul,Kélibia,Kélibia,8000,200,Non,Non,Non,Oui,,,Non,Non,Oui,Résidentielle
diarkoum,https://diarkoum.tn/details.php?id_annonce=10530,Terrain,20000,2023-07-16,Nabeul,Kélibia,Kélibia,8000,200,Non,Non,Non,Oui,,,Non,Non,Oui,Résidentielle
diarkoum,https://diarkoum.tn/details.php?id_annonce=10529,Terrain,20000,2023-07-16,Nabeul,Kélibia,Kélibia,8000,200,Non,Non,Non,Oui,,,Non,Non,Oui,Résidentielle
diarkoum,https://diarkoum.tn/details.php?id_annonce=10525,Terrain,20000,2023-07-14,Nabeul,Kélibia,Kélibia,8000,200,Non,Non,Non,Oui,,,Non,Non,Oui,Résidentielle
diarkoum,https://diarkoum.tn/details.php?id_annonce=10524,Terrain,20000,2023-07-14,Nabeul,Kélibia,Kélibia,8000,200,Non,Non,Non,Oui,,,Non,Non,Oui,Résidentielle
diarkoum,https://diarkoum.tn/details.php?id_annonce=10512,Terrain,20000,2023-07-12,Nabeul,Kélibia,Kélibia,8000,200,Non,Non,Non,Oui,,,Non,Non,Oui,Résidentielle
diarkoum,https://diarkoum.tn/details.php?id_annonce=10510,Terrain,20000,2023-07-12,Nabeul,Kélibia,Kélibia,8000,200,Non,Non,Non,Oui,,,Non,Non,Oui,Résidentielle
diarkoum,https://diarkoum.tn/details.php?id_annonce=10393,Terrain,29000,2023-07-11,Nabeul,Takelsa,Takelsa,8000,1000,Non,Non,Non,Oui,,,Non,Non,Oui,Résidentielle
diarkoum,https://diarkoum.tn/details.php?id_annonce=10394,Terrain,29000,2023-07-11,Nabeul,Takelsa,Takelsa,8000,1000,Non,Non,Non,Oui,,,Non,Non,Oui,Résidentielle
diarkoum,https://diarkoum.tn/details.php?id_annonce=10395,Terrain,29000,2023-07-11,Nabeul,Takelsa,Takelsa,8000,1000,Non,Non,Non,Oui,,,Non,Non,Oui,Résidentielle
diarkoum,https://diarkoum.tn/details.php?id_annonce=10404,Terrain,29000,2023-07-11,Nabeul,Takelsa,Takelsa,8000,1000,Non,Oui,Non,Oui,,,Non,Non,Oui,Résidentielle
diarkoum,https://diarkoum.tn/details.php?id_annonce=10405,Terrain,29000,2023-07-11,Nabeul,Takelsa,Takelsa,8000,1000,Non,Non,Non,Oui,,,Non,Non,Oui,Résidentielle
diarkoum,https://diarkoum.tn/details.php?id_annonce=10406,Terrain,29000,2023-07-11,Nabeul,Takelsa,Takelsa,8000,1000,Non,Non,Non,Oui,,,Non,Non,Oui,Résidentielle
diarkoum,https://diarkoum.tn/details.php?id_annonce=10410,Terrain,29000,2023-07-11,Nabeul,Takelsa,Takelsa,8000,1000,Non,Non,Non,Oui,,,Non,Non,Oui,Résidentielle
diarkoum,https://diarkoum.tn/details.php?id_annonce=10417,Terrain,29000,2023-07-11,Nabeul,Takelsa,Takelsa,8000,1000,Non,Non,Non,Oui,,,Non,Non,Oui,Résidentielle
diarkoum,https://diarkoum.tn/details.php?id_annonce=10504,Terrain,29000,2023-07-11,Nabeul,Takelsa,Takelsa,8000,1000,Non,Non,Non,Oui,,,Non,Non,Oui,Résidentielle
diarkoum,https://diarkoum.tn/details.php?id_annonce=10497,Terrain,20000,2023-07-09,Nabeul,Kélibia,Kélibia,8000,200,Non,Non,Non,Oui,,,Non,Non,Oui,Résidentielle
diarkoum,https://diarkoum.tn/details.php?id_annonce=10496,Terrain,20000,2023-07-09,Nabeul,Kélibia,Kélibia,8000,200,Non,Non,Non,Oui,,,Non,Non,Oui,Résidentielle
diarkoum,https://diarkoum.tn/details.php?id_annonce=10491,Terrain,20000,2023-07-08,Nabeul,Kélibia,Kélibia,8000,200,Non,Non,Non,Oui,,,Non,Non,Oui,Résidentielle
diarkoum,https://diarkoum.tn/details.php?id_annonce=10487,Terrain,20000,2023-07-07,Nabeul,Kélibia,Kélibia,8000,200,Non,Non,Non,Oui,,,Non,Non,Oui,Résidentielle
diarkoum,https://diarkoum.tn/details.php?id_annonce=10486,Terrain,20000,2023-07-07,Nabeul,Kélibia,Kélibia,8000,200,Non,Non,Non,Oui,,,Non,Non,Oui,Résidentielle
diarkoum,https://diarkoum.tn/details.php?id_annonce=10484,Terrain,20000,2023-07-07,Nabeul,Kélibia,Kélibia,8000,200,Non,Non,Non,Oui,,,Non,Non,Oui,Résidentielle
diarkoum,https://diarkoum.tn/details.php?id_annonce=10447,Terrain,295000,2023-07-06,Nabeul,Hammamet,Hammamet,8050,737,Non,Non,Non,Oui,,,Non,Non,Oui,Résidentielle
diarkoum,https://diarkoum.tn/details.php?id_annonce=10475,Terrain,20000,2023-07-06,Nabeul,Kélibia,Kélibia,8000,200,Non,Non,Non,Oui,,,Non,Non,Oui,Résidentielle
diarkoum,https://diarkoum.tn/details.php?id_annonce=10450,Terrain,250000,2023-07-05,Nabeul,Hammamet,Hammamet,8050,600,Non,Non,Non,Oui,,,Non,Non,Oui,Résidentielle
diarkoum,https://diarkoum.tn/details.php?id_annonce=10451,Terrain,240000,2023-07-05,Nabeul,Hammamet,Hammamet,8050,480,Non,Non,Non,Oui,,,Oui,Non,Oui,Résidentielle
diarkoum,https://diarkoum.tn/details.php?id_annonce=10452,Terrain,140000,2023-07-05,Nabeul,Hammamet,Hammamet,8050,400,Non,Oui,Non,Oui,,,Non,Non,Oui,Résidentielle
diarkoum,https://diarkoum.tn/details.php?id_annonce=10449,Terrain,272000,2023-07-05,Nabeul,Béni Khiar,Béni Khiar,8000,340,Titre Individuel,Non,Non,Oui,,,Non,Non,Oui,Résidentielle
diarkoum,https://diarkoum.tn/details.php?id_annonce=10473,Terrain,20000,2023-07-05,Nabeul,Kélibia,Kélibia,8000,200,Non,Non,Non,Oui,,,Non,Non,Oui,Résidentielle
diarkoum,https://diarkoum.tn/details.php?id_annonce=10471,Terrain,20000,2023-07-05,Nabeul,Kélibia,Kélibia,8000,200,Non,Non,Non,Oui,,,Non,Non,Oui,Résidentielle
diarkoum,https://diarkoum.tn/details.php?id_annonce=10469,Terrain,20000,2023-07-05,Nabeul,Kélibia,Kélibia,8000,200,Non,Non,Non,Oui,,,Non,Non,Oui,Résidentielle
diarkoum,https://diarkoum.tn/details.php?id_annonce=10464,Terrain,20000,2023-07-04,Nabeul,Kélibia,Kélibia,8000,200,Non,Non,Non,Oui,,,Non,Non,Oui,Résidentielle
diarkoum,https://diarkoum.tn/details.php?id_annonce=10457,Terrain,20000,2023-07-04,Nabeul,Kélibia,Kélibia,8000,200,Non,Non,Non,Oui,,,Non,Non,Oui,Résidentielle
diarkoum,https://diarkoum.tn/details.php?id_annonce=10456,Terrain,20000,2023-07-04,Nabeul,Kélibia,Kélibia,8000,200,Non,Non,Non,Oui,,,Non,Non,Oui,Résidentielle
diarkoum,https://diarkoum.tn/details.php?id_annonce=10448,Terrain,852000,2023-07-03,Nabeul,Hammamet,Hammamet,8050,7100,Non,Non,Non,Oui,,,Non,Non,Oui,Résidentielle
diarkoum,https://diarkoum.tn/details.php?id_annonce=10446,Terrain,613200,2023-07-03,Nabeul,Hammamet,Hammamet,8050,1022,Non,Non,Non,Oui,,,Non,Non,Oui,Résidentielle
diarkoum,https://diarkoum.tn/details.php?id_annonce=10441,Terrain,585200,2023-07-03,Nabeul,Hammamet,Hammamet,8050,532,Non,Non,Non,Oui,,,Non,Non,Oui,Résidentielle
diarkoum,https://diarkoum.tn/details.php?id_annonce=10440,Terrain,104000,2023-07-03,Nabeul,Hammamet,Hammamet,8050,1040,Non,Non,Non,Oui,,,Non,Non,Oui,Résidentielle
diarkoum,https://diarkoum.tn/details.php?id_annonce=10435,Terrain,191250,2023-07-03,Nabeul,Hammamet,Hammamet,8050,225,Non,Non,Oui,Oui,,,Oui,Non,Oui,Résidentielle
diarkoum,https://diarkoum.tn/details.php?id_annonce=10434,Terrain,255000,2023-07-03,Nabeul,Hammamet,Hammamet,8050,1499,Non,Non,Non,Oui,,,Non,Non,Oui,Résidentielle
diarkoum,https://diarkoum.tn/details.php?id_annonce=10433,Terrain,334000,2023-07-03,Nabeul,Hammamet,Hammamet,8050,2084,Non,Non,Non,Oui,,,Non,Non,Oui,Résidentielle
diarkoum,https://diarkoum.tn/details.php?id_annonce=10432,Terrain,284900,2023-07-03,Nabeul,Hammamet,Hammamet,8050,814,Non,Non,Non,Oui,,,Oui,Non,Oui,Résidentielle
diarkoum,https://diarkoum.tn/details.php?id_annonce=10430,Terrain,288600,2023-07-03,Nabeul,Béni Khiar,Béni Khiar,8000,1443,Non,Non,Non,Oui,,,Non,Non,Oui,Résidentielle
diarkoum,https://diarkoum.tn/details.php?id_annonce=10419,Terrain,20000,2023-07-01,Nabeul,Kélibia,Kélibia,8000,200,Non,Non,Non,Oui,,,Non,Non,Oui,Résidentielle
diarkoum,https://diarkoum.tn/details.php?id_annonce=10418,Terrain,20000,2023-06-30,Nabeul,Kélibia,Kélibia,8000,200,Non,Non,Non,Oui,,,Non,Non,Oui,Résidentielle
diarkoum,https://diarkoum.tn/details.php?id_annonce=10416,Terrain,20000,2023-06-30,Nabeul,Kélibia,Kélibia,8000,200,Non,Non,Non,Oui,,,Non,Non,Oui,Résidentielle
diarkoum,https://diarkoum.tn/details.php?id_annonce=10407,Terrain,20000,2023-06-26,Nabeul,Kélibia,Kélibia,8000,200,Non,Non,Non,Oui,,,Non,Non,Oui,Résidentielle
diarkoum,https://diarkoum.tn/details.php?id_annonce=10403,Terrain,20000,2023-06-26,Nabeul,Kélibia,Kélibia,8000,200,Non,Non,Non,Oui,,,Non,Non,Oui,Résidentielle
diarkoum,https://diarkoum.tn/details.php?id_annonce=10402,Terrain,20000,2023-06-26,Nabeul,Kélibia,Kélibia,8000,200,Non,Non,Non,Oui,,,Non,Non,Oui,Résidentielle
diarkoum,https://diarkoum.tn/details.php?id_annonce=10401,Terrain,20000,2023-06-25,Nabeul,Kélibia,Kélibia,8000,200,Non,Non,Non,Oui,,,Non,Non,Oui,Résidentielle
diarkoum,https://diarkoum.tn/details.php?id_annonce=10400,Terrain,20000,2023-06-24,Nabeul,Menzel Temime,Menzel Temime,8000,200,Non,Non,Non,Oui,,,Non,Non,Oui,Résidentielle
diarkoum,https://diarkoum.tn/details.php?id_annonce=10398,Terrain,20000,2023-06-24,Nabeul,Kélibia,Kélibia,8000,200,Non,Non,Non,Oui,,,Non,Non,Oui,Résidentielle
diarkoum,https://diarkoum.tn/details.php?id_annonce=10373,Terrain,20000,2023-06-24,Nabeul,Kélibia,Kélibia,8000,200,Non,Non,Non,Oui,,,Non,Non,Oui,Résidentielle
diarkoum,https://diarkoum.tn/details.php?id_annonce=10368,Terrain,20000,2023-06-24,Nabeul,Kélibia,Kélibia,8000,200,Non,Non,Non,Oui,,,Non,Non,Oui,Résidentielle
diarkoum,https://diarkoum.tn/details.php?id_annonce=10391,Terrain,20000,2023-06-24,Nabeul,Kélibia,Kélibia,8000,200,Non,Non,Non,Oui,,,Non,Non,Oui,Résidentielle
diarkoum,https://diarkoum.tn/details.php?id_annonce=10386,Terrain,20000,2023-06-23,Nabeul,Kélibia,Kélibia,8000,200,Non,Non,Non,Oui,,,Non,Non,Oui,Résidentielle
diarkoum,https://diarkoum.tn/details.php?id_annonce=10382,Terrain,20000,2023-06-23,Nabeul,Kélibia,Kélibia,8000,200,Non,Non,Non,Oui,,,Non,Non,Oui,Résidentielle
diarkoum,https://diarkoum.tn/details.php?id_annonce=10381,Terrain,20000,2023-06-23,Nabeul,Kélibia,Kélibia,8000,200,Non,Non,Non,Oui,,,Non,Non,Oui,Résidentielle
diarkoum,https://diarkoum.tn/details.php?id_annonce=10380,Terrain,20000,2023-06-23,Nabeul,Kélibia,Kélibia,8000,200,Non,Non,Non,Oui,,,Non,Non,Oui,Résidentielle
diarkoum,https://diarkoum.tn/details.php?id_annonce=10378,Terrain,20000,2023-06-22,Nabeul,Kélibia,Kélibia,8000,200,Non,Non,Non,Oui,,,Non,Non,Oui,Résidentielle
diarkoum,https://diarkoum.tn/details.php?id_annonce=10377,Terrain,20000,2023-06-22,Nabeul,Kélibia,Kélibia,8000,200,Non,Non,Non,Oui,,,Non,Non,Oui,Résidentielle
diarkoum,https://diarkoum.tn/details.php?id_annonce=10376,Terrain,20000,2023-06-21,Nabeul,Kélibia,Kélibia,8000,200,Non,Non,Non,Oui,,,Non,Non,Oui,Résidentielle
diarkoum,https://diarkoum.tn/details.php?id_annonce=10374,Terrain,20000,2023-06-21,Nabeul,Kélibia,Kélibia,8000,200,Non,Non,Non,Oui,,,Non,Non,Oui,Résidentielle
diarkoum,https://diarkoum.tn/details.php?id_annonce=8001,Terrain,39000,2023-06-21,Nabeul,Hammam Ghezeze,Hammam Ghezeze,8000,1000,Oui,Oui,Non,Oui,,,Non,Non,Oui,Résidentielle
diarkoum,https://diarkoum.tn/details.php?id_annonce=10247,Terrain,39000,2023-06-21,Nabeul,Hammam Ghezeze,Hammam Ghezeze,8000,1000,Oui,Oui,Non,Oui,,,Non,Non,Oui,Résidentielle
diarkoum,https://diarkoum.tn/details.php?id_annonce=10313,Terrain,29000,2023-06-20,Nabeul,Takelsa,Takelsa,8000,1000,Oui,Non,Non,Oui,,,Non,Non,Oui,Résidentielle
diarkoum,https://diarkoum.tn/details.php?id_annonce=10317,Terrain,29000,2023-06-20,Nabeul,Takelsa,Takelsa,8000,1000,Oui,Non,Non,Oui,,,Non,Non,Oui,Résidentielle
diarkoum,https://diarkoum.tn/details.php?id_annonce=10320,Terrain,29000,2023-06-20,Nabeul,Takelsa,Takelsa,8000,1000,Oui,Non,Non,Oui,,,Non,Non,Oui,Résidentielle
diarkoum,https://diarkoum.tn/details.php?id_annonce=10328,Terrain,39000,2023-06-20,Nabeul,Hammam Ghezeze,Hammam Ghezeze,8000,1000,Oui,Non,Non,Oui,,,Non,Non,Oui,Résidentielle
diarkoum,https://diarkoum.tn/details.php?id_annonce=10335,Terrain,39000,2023-06-20,Nabeul,Hammam Ghezeze,Hammam Ghezeze,8000,1000,Oui,Non,Non,Oui,,,Non,Non,Oui,Résidentielle
diarkoum,https://diarkoum.tn/details.php?id_annonce=10336,Terrain,39000,2023-06-20,Nabeul,Kélibia,Kélibia,8000,1000,Oui,Non,Non,Oui,,,Non,Non,Oui,Résidentielle
diarkoum,https://diarkoum.tn/details.php?id_annonce=10366,Terrain,20000,2023-06-19,Nabeul,Kélibia,Kélibia,8000,200,Non,Non,Non,Oui,,,Non,Non,Oui,Résidentielle
diarkoum,https://diarkoum.tn/details.php?id_annonce=10365,Terrain,20000,2023-06-19,Nabeul,Kélibia,Kélibia,8000,200,Non,Non,Non,Oui,,,Non,Non,Oui,Résidentielle
diarkoum,https://diarkoum.tn/details.php?id_annonce=10364,Terrain,20000,2023-06-18,Nabeul,Kélibia,Kélibia,8000,200,Non,Non,Non,Oui,,,Non,Non,Oui,Résidentielle
diarkoum,https://diarkoum.tn/details.php?id_annonce=10363,Terrain,20000,2023-06-18,Nabeul,Kélibia,Kélibia,8000,200,Non,Non,Non,Oui,,,Non,Non,Oui,Résidentielle
diarkoum,https://diarkoum.tn/details.php?id_annonce=10362,Terrain,20000,2023-06-18,Nabeul,Kélibia,Kélibia,8000,200,Non,Non,Non,Oui,,,Non,Non,Oui,Résidentielle
diarkoum,https://diarkoum.tn/details.php?id_annonce=10361,Terrain,20000,2023-06-18,Nabeul,Kélibia,Kélibia,8000,200,Non,Non,Non,Oui,,,Non,Non,Oui,Résidentielle
diarkoum,https://diarkoum.tn/details.php?id_annonce=10360,Terrain,20000,2023-06-17,Nabeul,Kélibia,Kélibia,8000,200,Non,Non,Non,Oui,,,Non,Non,Oui,Résidentielle
diarkoum,https://diarkoum.tn/details.php?id_annonce=10359,Terrain,20000,2023-06-17,Nabeul,Kélibia,Kélibia,8000,200,Non,Non,Non,Oui,,,Non,Non,Oui,Résidentielle
diarkoum,https://diarkoum.tn/details.php?id_annonce=10358,Terrain,20000,2023-06-17,Nabeul,Kélibia,Kélibia,8000,200,Non,Non,Non,Oui,,,Non,Non,Oui,Résidentielle
diarkoum,https://diarkoum.tn/details.php?id_annonce=10357,Terrain,20000,2023-06-17,Nabeul,Kélibia,Kélibia,8000,200,Non,Non,Non,Oui,,,Non,Non,Oui,Résidentielle
diarkoum,https://diarkoum.tn/details.php?id_annonce=10356,Terrain,20000,2023-06-17,Nabeul,Kélibia,Kélibia,8000,200,Non,Non,Non,Oui,,,Non,Non,Oui,Résidentielle
diarkoum,https://diarkoum.tn/details.php?id_annonce=10355,Terrain,20000,2023-06-17,Nabeul,Kélibia,Kélibia,8000,200,Non,Non,Non,Oui,,,Non,Non,Oui,Résidentielle
diarkoum,https://diarkoum.tn/details.php?id_annonce=10354,Terrain,20000,2023-06-17,Nabeul,Kélibia,Kélibia,8000,200,Non,Non,Non,Oui,,,Non,Non,Oui,Résidentielle
diarkoum,https://diarkoum.tn/details.php?id_annonce=10352,Terrain,20000,2023-06-16,Nabeul,Kélibia,Kélibia,8000,200,Non,Non,Non,Oui,,,Non,Non,Oui,Résidentielle
diarkoum,https://diarkoum.tn/details.php?id_annonce=10351,Terrain,20000,2023-06-16,Nabeul,Kélibia,Kélibia,8000,200,Non,Non,Non,Oui,,,Non,Non,Oui,Résidentielle
diarkoum,https://diarkoum.tn/details.php?id_annonce=10350,Terrain,20000,2023-06-16,Nabeul,Kélibia,Kélibia,8000,200,Non,Non,Non,Oui,,,Non,Non,Oui,Résidentielle
diarkoum,https://diarkoum.tn/details.php?id_annonce=10348,Terrain,20000,2023-06-16,Nabeul,Kélibia,Kélibia,8000,200,Non,Non,Non,Oui,,,Non,Non,Oui,Résidentielle
diarkoum,https://diarkoum.tn/details.php?id_annonce=10347,Terrain,20000,2023-06-16,Nabeul,Kélibia,Kélibia,8000,200,Non,Non,Non,Oui,,,Non,Non,Oui,Résidentielle
diarkoum,https://diarkoum.tn/details.php?id_annonce=10346,Terrain,20000,2023-06-16,Nabeul,Kélibia,Kélibia,8000,200,Non,Non,Non,Oui,,,Non,Non,Oui,Résidentielle
diarkoum,https://diarkoum.tn/details.php?id_annonce=10345,Terrain,20000,2023-06-15,Nabeul,Kélibia,Kélibia,8000,200,Non,Non,Non,Oui,,,Non,Non,Oui,Résidentielle
diarkoum,https://diarkoum.tn/details.php?id_annonce=10334,Terrain,20000,2023-06-15,Nabeul,Kélibia,Kélibia,8000,200,Non,Non,Non,Oui,,,Non,Non,Oui,Résidentielle
diarkoum,https://diarkoum.tn/details.php?id_annonce=10344,Terrain,20000,2023-06-15,Nabeul,Kélibia,Kélibia,8000,200,Non,Non,Non,Oui,,,Non,Non,Oui,Résidentielle
diarkoum,https://diarkoum.tn/details.php?id_annonce=10343,Terrain,20000,2023-06-15,Nabeul,Kélibia,Kélibia,8000,200,Non,Non,Non,Oui,,,Non,Non,Oui,Résidentielle
diarkoum,https://diarkoum.tn/details.php?id_annonce=10341,Terrain,20000,2023-06-15,Nabeul,Kélibia,Kélibia,8000,200,Non,Non,Non,Oui,,,Non,Non,Oui,Résidentielle
diarkoum,https://diarkoum.tn/details.php?id_annonce=10338,Terrain,20000,2023-06-15,Nabeul,Kélibia,Kélibia,8000,200,Non,Non,Non,Oui,,,Non,Non,Oui,Résidentielle
diarkoum,https://diarkoum.tn/details.php?id_annonce=10337,Terrain,20000,2023-06-15,Nabeul,Kélibia,Kélibia,8000,200,Non,Non,Non,Oui,,,Non,Non,Oui,Résidentielle
diarkoum,https://diarkoum.tn/details.php?id_annonce=10333,Terrain,20000,2023-06-14,Nabeul,Kélibia,Kélibia,8000,200,Non,Non,Non,Oui,,,Non,Non,Oui,Résidentielle
diarkoum,https://diarkoum.tn/details.php?id_annonce=10332,Terrain,20000,2023-06-14,Nabeul,Kélibia,Kélibia,8000,200,Non,Non,Non,Oui,,,Non,Non,Oui,Résidentielle
diarkoum,https://diarkoum.tn/details.php?id_annonce=10330,Terrain,20000,2023-06-14,Nabeul,Kélibia,Kélibia,8000,200,Non,Non,Non,Oui,,,Non,Non,Oui,Résidentielle
diarkoum,https://diarkoum.tn/details.php?id_annonce=10327,Terrain,20000,2023-06-14,Nabeul,Kélibia,Kélibia,8000,200,Non,Non,Non,Oui,,,Non,Non,Oui,Résidentielle
diarkoum,https://diarkoum.tn/details.php?id_annonce=10329,Terrain,20000,2023-06-14,Nabeul,Kélibia,Kélibia,8000,200,Non,Non,Non,Oui,,,Non,Non,Oui,Résidentielle
diarkoum,https://diarkoum.tn/details.php?id_annonce=10326,Terrain,20000,2023-06-14,Nabeul,Kélibia,Kélibia,8000,200,Non,Non,Non,Oui,,,Non,Non,Oui,Résidentielle
diarkoum,https://diarkoum.tn/details.php?id_annonce=10311,Terrain,39000,2023-06-12,Nabeul,Hammam Ghezeze,Hammam Ghezeze,8000,1000,Oui,Non,Non,Oui,,,Non,Non,Oui,Résidentielle
diarkoum,https://diarkoum.tn/details.php?id_annonce=10308,Terrain,20000,2023-06-10,Nabeul,Kélibia,Kélibia,8000,200,Non,Non,Non,Oui,,,Non,Non,Oui,Résidentielle
diarkoum,https://diarkoum.tn/details.php?id_annonce=10306,Terrain,20000,2023-06-10,Nabeul,Kélibia,Kélibia,8000,200,Non,Non,Non,Oui,,,Non,Non,Oui,Résidentielle
diarkoum,https://diarkoum.tn/details.php?id_annonce=10301,Terrain,20000,2023-06-10,Nabeul,Kélibia,Kélibia,8000,200,Non,Non,Non,Oui,,,Non,Non,Oui,Résidentielle
diarkoum,https://diarkoum.tn/details.php?id_annonce=10298,Terrain,20000,2023-06-10,Nabeul,Kélibia,Kélibia,8000,200,Non,Non,Non,Oui,,,Non,Non,Oui,Résidentielle
diarkoum,https://diarkoum.tn/details.php?id_annonce=10297,Terrain,20000,2023-06-10,Nabeul,Kélibia,Kélibia,8000,200,Non,Non,Non,Oui,,,Non,Non,Oui,Résidentielle
diarkoum,https://diarkoum.tn/details.php?id_annonce=10296,Terrain,20000,2023-06-10,Nabeul,Kélibia,Kélibia,8000,200,Non,Non,Non,Oui,,,Non,Non,Oui,Résidentielle
diarkoum,https://diarkoum.tn/details.php?id_annonce=10294,Terrain,20000,2023-06-09,Nabeul,Kélibia,Kélibia,8000,200,Non,Non,Non,Oui,,,Non,Non,Oui,Résidentielle
diarkoum,https://diarkoum.tn/details.php?id_annonce=10288,Terrain,734800,2023-06-09,Nabeul,Hammamet,Hammamet,8050,3340,Non,Non,Non,Oui,,,Non,Non,Oui,Résidentielle
diarkoum,https://diarkoum.tn/details.php?id_annonce=10287,Terrain,120000,2023-06-09,Nabeul,Hammamet,Hammamet,8050,200,Non,Non,Non,Oui,,,Non,Non,Oui,Résidentielle
diarkoum,https://diarkoum.tn/details.php?id_annonce=10286,Terrain,330400,2023-06-09,Nabeul,Hammamet,Hammamet,8050,3040,Titre Collectif,Non,Non,Oui,,,Oui,Non,Oui,Résidentielle
diarkoum,https://diarkoum.tn/details.php?id_annonce=10285,Terrain,20000,2023-06-09,Nabeul,Kélibia,Kélibia,8000,200,Non,Non,Non,Oui,,,Non,Non,Oui,Résidentielle
diarkoum,https://diarkoum.tn/details.php?id_annonce=10279,Terrain,20000,2023-06-09,Nabeul,Kélibia,Kélibia,8000,200,Non,Non,Non,Oui,,,Non,Non,Oui,Résidentielle
diarkoum,https://diarkoum.tn/details.php?id_annonce=10278,Terrain,20000,2023-06-09,Nabeul,Kélibia,Kélibia,8000,200,Non,Non,Non,Oui,,,Non,Non,Oui,Résidentielle
diarkoum,https://diarkoum.tn/details.php?id_annonce=10277,Terrain,20000,2023-06-09,Nabeul,Kélibia,Kélibia,8000,200,Non,Non,Non,Oui,,,Non,Non,Oui,Résidentielle
diarkoum,https://diarkoum.tn/details.php?id_annonce=10275,Terrain,20000,2023-06-08,Nabeul,Kélibia,Kélibia,8000,200,Non,Non,Non,Oui,,,Non,Non,Oui,Résidentielle
diarkoum,https://diarkoum.tn/details.php?id_annonce=10274,Terrain,20000,2023-06-08,Nabeul,Kélibia,Kélibia,8000,200,Non,Non,Non,Oui,,,Non,Non,Oui,Résidentielle
diarkoum,https://diarkoum.tn/details.php?id_annonce=10273,Terrain,20000,2023-06-08,Nabeul,Kélibia,Kélibia,8000,200,Non,Non,Non,Oui,,,Non,Non,Oui,Résidentielle
diarkoum,https://diarkoum.tn/details.php?id_annonce=10271,Terrain,20000,2023-06-08,Nabeul,Kélibia,Kélibia,8000,200,Non,Non,Non,Oui,,,Non,Non,Oui,Résidentielle
diarkoum,https://diarkoum.tn/details.php?id_annonce=10267,Terrain,20000,2023-06-08,Nabeul,Kélibia,Kélibia,8000,200,Non,Non,Non,Oui,,,Non,Non,Oui,Résidentielle
diarkoum,https://diarkoum.tn/details.php?id_annonce=10266,Terrain,20000,2023-06-08,Nabeul,Kélibia,Kélibia,8000,200,Non,Non,Non,Oui,,,Non,Non,Oui,Résidentielle
diarkoum,https://diarkoum.tn/details.php?id_annonce=10264,Terrain,20000,2023-06-07,Nabeul,Kélibia,Kélibia,8000,200,Non,Non,Non,Oui,,,Non,Non,Oui,Résidentielle
diarkoum,https://diarkoum.tn/details.php?id_annonce=10262,Terrain,20000,2023-06-07,Nabeul,Kélibia,Kélibia,8000,200,Non,Non,Non,Oui,,,Non,Non,Oui,Résidentielle
diarkoum,https://diarkoum.tn/details.php?id_annonce=10259,Terrain,20000,2023-06-07,Nabeul,Kélibia,Kélibia,8000,200,Non,Non,Non,Oui,,,Non,Non,Oui,Résidentielle
diarkoum,https://diarkoum.tn/details.php?id_annonce=10258,Terrain,39000,2023-06-07,Nabeul,Hammam Ghezeze,Hammam Ghezeze,8000,1000,Non,Non,Non,Oui,,,Non,Non,Oui,Résidentielle
diarkoum,https://diarkoum.tn/details.php?id_annonce=10256,Terrain,20000,2023-06-07,Nabeul,Kélibia,Kélibia,8000,200,Non,Non,Non,Oui,,,Non,Non,Oui,Résidentielle
diarkoum,https://diarkoum.tn/details.php?id_annonce=10251,Terrain,20000,2023-06-07,Nabeul,Kélibia,Kélibia,8000,200,Non,Non,Non,Oui,,,Non,Non,Oui,Résidentielle
diarkoum,https://diarkoum.tn/details.php?id_annonce=10250,Terrain,20000,2023-06-07,Nabeul,Kélibia,Kélibia,8000,200,Non,Non,Non,Oui,,,Non,Non,Oui,Résidentielle
diarkoum,https://diarkoum.tn/details.php?id_annonce=10232,Terrain,39000,2023-06-05,Nabeul,Hammam Ghezeze,Hammam Ghezeze,8000,1000,Oui,Non,Non,Oui,,,Non,Non,Oui,Résidentielle
diarkoum,https://diarkoum.tn/details.php?id_annonce=10231,Terrain,20000,2023-06-05,Nabeul,Kélibia,Kélibia,8000,200,Non,Non,Non,Oui,,,Non,Non,Oui,Résidentielle
diarkoum,https://diarkoum.tn/details.php?id_annonce=10229,Terrain,20000,2023-06-05,Nabeul,Kélibia,Kélibia,8000,200,Non,Non,Non,Oui,,,Non,Non,Oui,Résidentielle
diarkoum,https://diarkoum.tn/details.php?id_annonce=10226,Terrain,20000,2023-06-05,Nabeul,Kélibia,Kélibia,8000,200,Non,Non,Non,Oui,,,Non,Non,Oui,Résidentielle
diarkoum,https://diarkoum.tn/details.php?id_annonce=10225,Terrain,20000,2023-06-05,Nabeul,Kélibia,Kélibia,8000,200,Non,Non,Non,Oui,,,Non,Non,Oui,Résidentielle
diarkoum,https://diarkoum.tn/details.php?id_annonce=10221,Terrain,20000,2023-06-05,Nabeul,Kélibia,Kélibia,8000,200,Non,Non,Non,Oui,,,Non,Non,Oui,Résidentielle
diarkoum,https://diarkoum.tn/details.php?id_annonce=10220,Terrain,20000,2023-06-05,Nabeul,Kélibia,Kélibia,8000,200,Non,Non,Non,Oui,,,Non,Non,Oui,Résidentielle
diarkoum,https://diarkoum.tn/details.php?id_annonce=10219,Terrain,20000,2023-06-04,Nabeul,Kélibia,Kélibia,8000,200,Non,Non,Non,Oui,,,Non,Non,Oui,Résidentielle
diarkoum,https://diarkoum.tn/details.php?id_annonce=10217,Terrain,20000,2023-06-04,Nabeul,Kélibia,Kélibia,8000,200,Non,Non,Non,Oui,,,Non,Non,Oui,Résidentielle
diarkoum,https://diarkoum.tn/details.php?id_annonce=10216,Terrain,20000,2023-06-04,Nabeul,Kélibia,Kélibia,8000,200,Non,Non,Non,Oui,,,Non,Non,Oui,Résidentielle
diarkoum,https://diarkoum.tn/details.php?id_annonce=10215,Terrain,20000,2023-06-04,Nabeul,Kélibia,Kélibia,8000,200,Non,Non,Non,Oui,,,Non,Non,Oui,Résidentielle
diarkoum,https://diarkoum.tn/details.php?id_annonce=10214,Terrain,20000,2023-06-04,Nabeul,Nabeul,Nabeul,8000,200,Non,Non,Non,Oui,,,Non,Non,Oui,Résidentielle
diarkoum,https://diarkoum.tn/details.php?id_annonce=10207,Terrain,20000,2023-06-02,Nabeul,Kélibia,Kélibia,8000,200,Non,Non,Non,Oui,,,Non,Non,Oui,Résidentielle
diarkoum,https://diarkoum.tn/details.php?id_annonce=10201,Terrain,20000,2023-06-02,Nabeul,Kélibia,Kélibia,8000,200,Non,Non,Non,Oui,,,Non,Non,Oui,Résidentielle
diarkoum,https://diarkoum.tn/details.php?id_annonce=10200,Terrain,20000,2023-06-02,Nabeul,Kélibia,Kélibia,8000,200,Non,Non,Non,Oui,,,Non,Non,Oui,Résidentielle
diarkoum,https://diarkoum.tn/details.php?id_annonce=10199,Terrain,20000,2023-06-02,Nabeul,Kélibia,Kélibia,8000,200,Non,Non,Non,Oui,,,Non,Non,Oui,Résidentielle
diarkoum,https://diarkoum.tn/details.php?id_annonce=10196,Terrain,20000,2023-06-02,Nabeul,Kélibia,Kélibia,8000,200,Non,Non,Non,Oui,,,Non,Non,Oui,Résidentielle
diarkoum,https://diarkoum.tn/details.php?id_annonce=10195,Terrain,20000,2023-06-02,Nabeul,Kélibia,Kélibia,8000,200,Non,Non,Non,Oui,,,Non,Non,Oui,Résidentielle
diarkoum,https://diarkoum.tn/details.php?id_annonce=10194,Terrain,20000,2023-06-02,Nabeul,Kélibia,Kélibia,8000,200,Non,Non,Non,Oui,,,Non,Non,Oui,Résidentielle
diarkoum,https://diarkoum.tn/details.php?id_annonce=10190,Terrain,20000,2023-06-01,Nabeul,Kélibia,Kélibia,8000,200,Non,Non,Non,Oui,,,Non,Non,Oui,Résidentielle
diarkoum,https://diarkoum.tn/details.php?id_annonce=10189,Terrain,20000,2023-06-01,Nabeul,Kélibia,Kélibia,8000,200,Non,Non,Non,Oui,,,Non,Non,Oui,Résidentielle
diarkoum,https://diarkoum.tn/details.php?id_annonce=10188,Terrain,20000,2023-06-01,Nabeul,Kélibia,Kélibia,8000,200,Non,Non,Non,Oui,,,Non,Non,Oui,Résidentielle
diarkoum,https://diarkoum.tn/details.php?id_annonce=10187,Terrain,20000,2023-06-01,Nabeul,Kélibia,Kélibia,8000,200,Non,Non,Non,Oui,,,Non,Non,Oui,Résidentielle
diarkoum,https://diarkoum.tn/details.php?id_annonce=10186,Terrain,20000,2023-06-01,Nabeul,Kélibia,Kélibia,8000,200,Non,Non,Non,Oui,,,Non,Non,Oui,Résidentielle
diarkoum,https://diarkoum.tn/details.php?id_annonce=10184,Terrain,20000,2023-06-01,Nabeul,Kélibia,Kélibia,8000,200,Non,Non,Non,Oui,,,Non,Non,Oui,Résidentielle
diarkoum,https://diarkoum.tn/details.php?id_annonce=10178,Terrain,20000,2023-05-31,Nabeul,Kélibia,Kélibia,8000,200,Non,Non,Non,Oui,,,Non,Non,Oui,Résidentielle
diarkoum,https://diarkoum.tn/details.php?id_annonce=10176,Terrain,20000,2023-05-31,Nabeul,Kélibia,Kélibia,8000,200,Non,Non,Non,Oui,,,Non,Non,Oui,Résidentielle
diarkoum,https://diarkoum.tn/details.php?id_annonce=10175,Terrain,20000,2023-05-31,Nabeul,Kélibia,Kélibia,8000,200,Non,Non,Non,Oui,,,Non,Non,Oui,Résidentielle
diarkoum,https://diarkoum.tn/details.php?id_annonce=10174,Terrain,20000,2023-05-31,Nabeul,Kélibia,Kélibia,8000,200,Non,Non,Non,Oui,,,Non,Non,Oui,Résidentielle
diarkoum,https://diarkoum.tn/details.php?id_annonce=10173,Terrain,20000,2023-05-31,Nabeul,Kélibia,Kélibia,8000,200,Non,Non,Non,Oui,,,Non,Non,Oui,Résidentielle
diarkoum,https://diarkoum.tn/details.php?id_annonce=10172,Terrain,20000,2023-05-31,Nabeul,Kélibia,Kélibia,8000,200,Non,Non,Non,Oui,,,Non,Non,Oui,Résidentielle
diarkoum,https://diarkoum.tn/details.php?id_annonce=10064,Terrain,107500,2023-05-30,Nabeul,Kélibia,Kélibia,8000,250,Non,Non,Non,Oui,,,Non,Non,Oui,Résidentielle
diarkoum,https://diarkoum.tn/details.php?id_annonce=10168,Terrain,20000,2023-05-29,Nabeul,Kélibia,Kélibia,8000,200,Non,Non,Non,Oui,,,Non,Non,Oui,Résidentielle
diarkoum,https://diarkoum.tn/details.php?id_annonce=10167,Terrain,20000,2023-05-29,Nabeul,Kélibia,Kélibia,8000,200,Non,Non,Non,Oui,,,Non,Non,Oui,Résidentielle
diarkoum,https://diarkoum.tn/details.php?id_annonce=10166,Terrain,20000,2023-05-29,Nabeul,Kélibia,Kélibia,8000,200,Non,Non,Non,Oui,,,Non,Non,Oui,Résidentielle
diarkoum,https://diarkoum.tn/details.php?id_annonce=10164,Terrain,20000,2023-05-29,Nabeul,Kélibia,Kélibia,8000,200,Non,Non,Non,Oui,,,Non,Non,Oui,Résidentielle
diarkoum,https://diarkoum.tn/details.php?id_annonce=10163,Terrain,20000,2023-05-29,Nabeul,Kélibia,Kélibia,8000,200,Non,Non,Non,Oui,,,Non,Non,Oui,Résidentielle
diarkoum,https://diarkoum.tn/details.php?id_annonce=10161,Terrain,20000,2023-05-28,Nabeul,Kélibia,Kélibia,8000,200,Non,Non,Non,Oui,,,Non,Non,Oui,Résidentielle
diarkoum,https://diarkoum.tn/details.php?id_annonce=10160,Terrain,20000,2023-05-28,Nabeul,Kélibia,Kélibia,8000,200,Non,Non,Non,Oui,,,Non,Non,Oui,Résidentielle
diarkoum,https://diarkoum.tn/details.php?id_annonce=10159,Terrain,20000,2023-05-28,Nabeul,Kélibia,Kélibia,8000,200,Non,Non,Non,Oui,,,Non,Non,Oui,Résidentielle
diarkoum,https://diarkoum.tn/details.php?id_annonce=10158,Terrain,20000,2023-05-28,Nabeul,Kélibia,Kélibia,8000,200,Non,Non,Non,Oui,,,Non,Non,Oui,Résidentielle
diarkoum,https://diarkoum.tn/details.php?id_annonce=10157,Terrain,20000,2023-05-28,Nabeul,Kélibia,Kélibia,8000,200,Non,Non,Non,Oui,,,Non,Non,Oui,Résidentielle
diarkoum,https://diarkoum.tn/details.php?id_annonce=10156,Terrain,20000,2023-05-28,Nabeul,Kélibia,Kélibia,8000,200,Non,Non,Non,Oui,,,Non,Non,Oui,Résidentielle
diarkoum,https://diarkoum.tn/details.php?id_annonce=10155,Terrain,20000,2023-05-28,Nabeul,Kélibia,Kélibia,8000,200,Non,Non,Non,Oui,,,Non,Non,Oui,Résidentielle
diarkoum,https://diarkoum.tn/details.php?id_annonce=10150,Terrain,20000,2023-05-27,Nabeul,Kélibia,Kélibia,8000,200,Non,Non,Non,Oui,,,Non,Non,Oui,Résidentielle
diarkoum,https://diarkoum.tn/details.php?id_annonce=10149,Terrain,20000,2023-05-27,Nabeul,Kélibia,Kélibia,8000,200,Non,Non,Non,Oui,,,Non,Non,Oui,Résidentielle
diarkoum,https://diarkoum.tn/details.php?id_annonce=10148,Terrain,20000,2023-05-27,Nabeul,Kélibia,Kélibia,8000,200,Non,Non,Non,Oui,,,Non,Non,Oui,Résidentielle
diarkoum,https://diarkoum.tn/details.php?id_annonce=10147,Terrain,20000,2023-05-27,Nabeul,Kélibia,Kélibia,8000,200,Non,Non,Non,Oui,,,Non,Non,Oui,Résidentielle
diarkoum,https://diarkoum.tn/details.php?id_annonce=10146,Terrain,20000,2023-05-27,Nabeul,Kélibia,Kélibia,8000,200,Non,Non,Non,Oui,,,Non,Non,Oui,Résidentielle
diarkoum,https://diarkoum.tn/details.php?id_annonce=10145,Terrain,20000,2023-05-26,Nabeul,Kélibia,Kélibia,8000,200,Non,Non,Non,Oui,,,Non,Non,Oui,Résidentielle
diarkoum,https://diarkoum.tn/details.php?id_annonce=10144,Terrain,20000,2023-05-26,Nabeul,Kélibia,Kélibia,8000,200,Non,Non,Non,Oui,,,Non,Non,Oui,Résidentielle
diarkoum,https://diarkoum.tn/details.php?id_annonce=10143,Terrain,20000,2023-05-26,Nabeul,Kélibia,Kélibia,8000,200,Non,Non,Non,Oui,,,Non,Non,Oui,Résidentielle
diarkoum,https://diarkoum.tn/details.php?id_annonce=10142,Terrain,20000,2023-05-26,Nabeul,Kélibia,Kélibia,8000,200,Non,Non,Non,Oui,,,Non,Non,Oui,Résidentielle
diarkoum,https://diarkoum.tn/details.php?id_annonce=10141,Terrain,20000,2023-05-26,Nabeul,Kélibia,Kélibia,8000,200,Non,Non,Non,Oui,,,Non,Non,Oui,Résidentielle
diarkoum,https://diarkoum.tn/details.php?id_annonce=10140,Terrain,20000,2023-05-25,Nabeul,Kélibia,Kélibia,8000,200,Non,Non,Non,Oui,,,Non,Non,Oui,Résidentielle
diarkoum,https://diarkoum.tn/details.php?id_annonce=10139,Terrain,20000,2023-05-25,Nabeul,Kélibia,Kélibia,8000,200,Non,Non,Non,Oui,,,Non,Non,Oui,Résidentielle
diarkoum,https://diarkoum.tn/details.php?id_annonce=10138,Terrain,20000,2023-05-25,Nabeul,Kélibia,Kélibia,8000,200,Non,Non,Non,Oui,,,Non,Non,Oui,Résidentielle
diarkoum,https://diarkoum.tn/details.php?id_annonce=10137,Terrain,20000,2023-05-25,Nabeul,Kélibia,Kélibia,8000,200,Non,Non,Non,Oui,,,Non,Non,Oui,Résidentielle
diarkoum,https://diarkoum.tn/details.php?id_annonce=10135,Terrain,20000,2023-05-25,Nabeul,Kélibia,Kélibia,8000,200,Non,Non,Non,Oui,,,Non,Non,Oui,Résidentielle
diarkoum,https://diarkoum.tn/details.php?id_annonce=1072,Terrain,350000,2023-05-24,Nabeul,Hammamet,Hammamet,8050,1000,Non,Non,Non,Oui,,,Non,Non,Oui,Résidentielle
diarkoum,https://diarkoum.tn/details.php?id_annonce=8010,Terrain,100000,2023-05-24,Nabeul,Hammamet,Hammamet,8050,398,Non,Non,Non,Oui,,,Oui,Non,Oui,Résidentielle
diarkoum,https://diarkoum.tn/details.php?id_annonce=10132,Terrain,20000,2023-05-24,Nabeul,Kélibia,Kélibia,8000,200,Non,Non,Non,Oui,,,Non,Non,Oui,Résidentielle
diarkoum,https://diarkoum.tn/details.php?id_annonce=10131,Terrain,20000,2023-05-24,Nabeul,Kélibia,Kélibia,8000,200,Non,Non,Non,Oui,,,Non,Non,Oui,Résidentielle
diarkoum,https://diarkoum.tn/details.php?id_annonce=10130,Terrain,20000,2023-05-24,Nabeul,Kélibia,Kélibia,8000,200,Non,Non,Non,Oui,,,Non,Non,Oui,Résidentielle
diarkoum,https://diarkoum.tn/details.php?id_annonce=10129,Terrain,20000,2023-05-24,Nabeul,Kélibia,Kélibia,8000,200,Non,Non,Non,Oui,,,Non,Non,Oui,Résidentielle
diarkoum,https://diarkoum.tn/details.php?id_annonce=10128,Terrain,20000,2023-05-24,Nabeul,Kélibia,Kélibia,8000,200,Non,Non,Non,Oui,,,Non,Non,Oui,Résidentielle
diarkoum,https://diarkoum.tn/details.php?id_annonce=10127,Terrain,1000000,2023-05-23,Kairouan,Kairouan Nord,Kairouan Nord,3100,325,Non,Non,Non,Oui,,,Non,Non,Oui,Résidentielle
diarkoum,https://diarkoum.tn/details.php?id_annonce=10125,Terrain,400,2023-05-23,Kairouan,Kairouan Sud,Kairouan Sud,3100,440,Non,Non,Non,Oui,,,Non,Non,Oui,Résidentielle
diarkoum,https://diarkoum.tn/details.php?id_annonce=10124,Terrain,400,2023-05-23,Kairouan,Kairouan Sud,Kairouan Sud,3100,206,Non,Non,Non,Oui,,,Non,Non,Oui,Résidentielle
diarkoum,https://diarkoum.tn/details.php?id_annonce=10122,Terrain,20000,2023-05-22,Nabeul,Kélibia,Kélibia,8000,200,Non,Non,Non,Oui,,,Non,Non,Oui,Résidentielle
diarkoum,https://diarkoum.tn/details.php?id_annonce=10121,Terrain,20000,2023-05-22,Nabeul,Kélibia,Kélibia,8000,200,Non,Non,Non,Oui,,,Non,Non,Oui,Résidentielle
diarkoum,https://diarkoum.tn/details.php?id_annonce=10119,Terrain,20000,2023-05-22,Nabeul,Kélibia,Kélibia,8000,200,Non,Non,Non,Oui,,,Non,Non,Oui,Résidentielle
diarkoum,https://diarkoum.tn/details.php?id_annonce=10117,Terrain,20000,2023-05-22,Nabeul,Kélibia,Kélibia,8000,200,Non,Non,Non,Oui,,,Non,Non,Oui,Résidentielle
diarkoum,https://diarkoum.tn/details.php?id_annonce=10116,Terrain,20000,2023-05-21,Nabeul,Kélibia,Kélibia,8000,200,Non,Non,Non,Oui,,,Non,Non,Oui,Résidentielle
diarkoum,https://diarkoum.tn/details.php?id_annonce=10115,Terrain,20000,2023-05-21,Nabeul,Kélibia,Kélibia,8000,200,Non,Non,Non,Oui,,,Non,Non,Oui,Résidentielle
diarkoum,https://diarkoum.tn/details.php?id_annonce=10112,Terrain,20000,2023-05-21,Nabeul,Kélibia,Kélibia,8000,200,Non,Non,Non,Oui,,,Non,Non,Oui,Résidentielle
diarkoum,https://diarkoum.tn/details.php?id_annonce=10111,Terrain,20000,2023-05-21,Nabeul,Kélibia,Kélibia,8000,200,Non,Non,Non,Oui,,,Non,Non,Oui,Résidentielle
diarkoum,https://diarkoum.tn/details.php?id_annonce=10109,Terrain,20000,2023-05-20,Nabeul,Kélibia,Kélibia,8000,200,Non,Non,Non,Oui,,,Non,Non,Oui,Résidentielle
diarkoum,https://diarkoum.tn/details.php?id_annonce=10108,Terrain,20000,2023-05-20,Nabeul,Kélibia,Kélibia,8000,200,Non,Non,Non,Oui,,,Non,Non,Oui,Résidentielle
diarkoum,https://diarkoum.tn/details.php?id_annonce=10107,Terrain,20000,2023-05-20,Nabeul,Kélibia,Kélibia,8000,200,Non,Non,Non,Oui,,,Non,Non,Oui,Résidentielle
diarkoum,https://diarkoum.tn/details.php?id_annonce=10106,Terrain,20000,2023-05-20,Nabeul,Kélibia,Kélibia,8000,200,Non,Non,Non,Oui,,,Non,Non,Oui,Résidentielle
diarkoum,https://diarkoum.tn/details.php?id_annonce=10104,Terrain,20000,2023-05-20,Nabeul,Kélibia,Kélibia,8000,200,Non,Non,Non,Oui,,,Non,Non,Oui,Résidentielle
diarkoum,https://diarkoum.tn/details.php?id_annonce=10103,Terrain,20000,2023-05-20,Nabeul,Kélibia,Kélibia,8000,200,Non,Non,Non,Oui,,,Non,Non,Oui,Résidentielle
diarkoum,https://diarkoum.tn/details.php?id_annonce=10102,Terrain,20000,2023-05-20,Nabeul,Kélibia,Kélibia,8000,200,Non,Non,Non,Oui,,,Non,Non,Oui,Résidentielle
diarkoum,https://diarkoum.tn/details.php?id_annonce=10101,Terrain,20000,2023-05-19,Nabeul,Kélibia,Kélibia,8000,200,Non,Non,Non,Oui,,,Non,Non,Oui,Résidentielle
diarkoum,https://diarkoum.tn/details.php?id_annonce=10100,Terrain,20000,2023-05-19,Nabeul,Kélibia,Kélibia,8000,200,Non,Non,Non,Oui,,,Non,Non,Oui,Résidentielle
diarkoum,https://diarkoum.tn/details.php?id_annonce=10099,Terrain,20000,2023-05-19,Nabeul,Kélibia,Kélibia,8000,200,Non,Non,Non,Oui,,,Non,Non,Oui,Résidentielle
diarkoum,https://diarkoum.tn/details.php?id_annonce=10098,Terrain,20000,2023-05-19,Nabeul,Kélibia,Kélibia,8000,200,Non,Non,Non,Oui,,,Non,Non,Oui,Résidentielle
diarkoum,https://diarkoum.tn/details.php?id_annonce=10097,Terrain,20000,2023-05-19,Nabeul,Kélibia,Kélibia,8000,200,Non,Non,Non,Oui,,,Non,Non,Oui,Résidentielle
diarkoum,https://diarkoum.tn/details.php?id_annonce=10096,Terrain,20000,2023-05-19,Nabeul,Kélibia,Kélibia,8000,200,Non,Non,Non,Oui,,,Non,Non,Oui,Résidentielle
diarkoum,https://diarkoum.tn/details.php?id_annonce=10095,Terrain,20000,2023-05-18,Nabeul,Kélibia,Kélibia,8000,200,Non,Non,Non,Oui,,,Non,Non,Oui,Résidentielle
diarkoum,https://diarkoum.tn/details.php?id_annonce=10094,Terrain,20000,2023-05-18,Nabeul,Kélibia,Kélibia,8000,200,Non,Non,Non,Oui,,,Non,Non,Oui,Résidentielle
diarkoum,https://diarkoum.tn/details.php?id_annonce=10093,Terrain,20000,2023-05-18,Nabeul,Kélibia,Kélibia,8000,200,Non,Non,Non,Oui,,,Non,Non,Oui,Résidentielle
diarkoum,https://diarkoum.tn/details.php?id_annonce=10092,Terrain,20000,2023-05-18,Nabeul,Kélibia,Kélibia,8000,200,Non,Non,Non,Oui,,,Non,Non,Oui,Résidentielle
diarkoum,https://diarkoum.tn/details.php?id_annonce=10091,Terrain,20000,2023-05-18,Nabeul,Kélibia,Kélibia,8000,200,Non,Non,Non,Oui,,,Non,Non,Oui,Résidentielle
diarkoum,https://diarkoum.tn/details.php?id_annonce=10090,Terrain,20000,2023-05-18,Nabeul,Kélibia,Kélibia,8000,200,Titre Bleu,Non,Non,Oui,,,Non,Non,Oui,Résidentielle
diarkoum,https://diarkoum.tn/details.php?id_annonce=10089,Terrain,20000,2023-05-18,Nabeul,Kélibia,Kélibia,8000,200,Non,Non,Non,Oui,,,Non,Non,Oui,Résidentielle
diarkoum,https://diarkoum.tn/details.php?id_annonce=10088,Terrain,20000,2023-05-17,Nabeul,Kélibia,Kélibia,8000,200,Non,Non,Non,Oui,,,Non,Non,Oui,Résidentielle
diarkoum,https://diarkoum.tn/details.php?id_annonce=10087,Terrain,20000,2023-05-17,Nabeul,Kélibia,Kélibia,8000,200,Non,Non,Non,Oui,,,Non,Non,Oui,Résidentielle
diarkoum,https://diarkoum.tn/details.php?id_annonce=10086,Terrain,20000,2023-05-17,Nabeul,Kélibia,Kélibia,8000,200,Non,Non,Non,Oui,,,Non,Non,Oui,Résidentielle
diarkoum,https://diarkoum.tn/details.php?id_annonce=10085,Terrain,20000,2023-05-17,Nabeul,Kélibia,Kélibia,8000,200,Non,Non,Non,Oui,,,Non,Non,Oui,Résidentielle
diarkoum,https://diarkoum.tn/details.php?id_annonce=10083,Terrain,20000,2023-05-17,Nabeul,Kélibia,Kélibia,8000,200,Titre Bleu,Non,Non,Oui,,,Non,Non,Oui,Résidentielle
diarkoum,https://diarkoum.tn/details.php?id_annonce=10077,Terrain,20000,2023-05-15,Nabeul,Kélibia,Kélibia,8000,200,Non,Non,Non,Oui,,,Non,Non,Oui,Résidentielle
diarkoum,https://diarkoum.tn/details.php?id_annonce=10075,Terrain,20000,2023-05-15,Nabeul,Kélibia,Kélibia,8000,200,Non,Non,Non,Oui,,,Non,Non,Oui,Résidentielle
diarkoum,https://diarkoum.tn/details.php?id_annonce=10072,Terrain,20000,2023-05-15,Nabeul,Kélibia,Kélibia,8000,200,Non,Non,Non,Oui,,,Non,Non,Oui,Résidentielle
diarkoum,https://diarkoum.tn/details.php?id_annonce=10074,Terrain,20000,2023-05-15,Nabeul,Kélibia,Kélibia,8000,200,Non,Non,Non,Oui,,,Non,Non,Oui,Résidentielle
diarkoum,https://diarkoum.tn/details.php?id_annonce=10073,Terrain,20000,2023-05-15,Nabeul,Kélibia,Kélibia,8000,200,Non,Non,Non,Oui,,,Non,Non,Oui,Résidentielle
diarkoum,https://diarkoum.tn/details.php?id_annonce=10070,Terrain,20000,2023-05-15,Nabeul,Kélibia,Kélibia,8000,200,Non,Non,Non,Oui,,,Non,Non,Oui,Résidentielle
diarkoum,https://diarkoum.tn/details.php?id_annonce=10069,Terrain,20000,2023-05-15,Nabeul,Kélibia,Kélibia,8000,200,Titre Bleu,Non,Non,Oui,,,Non,Non,Oui,Résidentielle
diarkoum,https://diarkoum.tn/details.php?id_annonce=10068,Terrain,20000,2023-05-15,Nabeul,Kélibia,Kélibia,8000,200,Titre Bleu,Non,Non,Oui,,,Non,Non,Oui,Résidentielle
diarkoum,https://diarkoum.tn/details.php?id_annonce=10067,Terrain,20000,2023-05-14,Nabeul,Kélibia,Kélibia,8000,200,Non,Non,Non,Oui,,,Non,Non,Oui,Résidentielle
diarkoum,https://diarkoum.tn/details.php?id_annonce=10066,Terrain,20000,2023-05-14,Nabeul,Kélibia,Kélibia,8000,200,Non,Non,Non,Oui,,,Non,Non,Oui,Résidentielle
diarkoum,https://diarkoum.tn/details.php?id_annonce=10065,Terrain,20000,2023-05-14,Nabeul,Kélibia,Kélibia,8000,200,Non,Non,Non,Oui,,,Non,Non,Oui,Résidentielle
diarkoum,https://diarkoum.tn/details.php?id_annonce=10063,Terrain,123000,2023-05-13,Nabeul,Kélibia,Kélibia,8000,246,Non,Non,Non,Oui,,17.75,Non,Non,Oui,Résidentielle
diarkoum,https://diarkoum.tn/details.php?id_annonce=10062,Terrain,20000,2023-05-13,Nabeul,Kélibia,Kélibia,8000,200,Non,Non,Non,Oui,,,Non,Non,Oui,Résidentielle
diarkoum,https://diarkoum.tn/details.php?id_annonce=10055,Terrain,20000,2023-05-13,Nabeul,Kélibia,Kélibia,8000,200,Non,Non,Non,Oui,,,Non,Non,Oui,Résidentielle
diarkoum,https://diarkoum.tn/details.php?id_annonce=10052,Terrain,20000,2023-05-13,Nabeul,Kélibia,Kélibia,8000,200,Non,Non,Non,Oui,,,Non,Non,Oui,Résidentielle
diarkoum,https://diarkoum.tn/details.php?id_annonce=10047,Terrain,20000,2023-05-13,Nabeul,Kélibia,Kélibia,8000,200,Non,Non,Non,Oui,,,Non,Non,Oui,Résidentielle
diarkoum,https://diarkoum.tn/details.php?id_annonce=10046,Terrain,20000,2023-05-13,Nabeul,Kélibia,Kélibia,8000,200,Non,Non,Non,Oui,,,Non,Non,Oui,Résidentielle
diarkoum,https://diarkoum.tn/details.php?id_annonce=10036,Terrain,20000,2023-05-12,Nabeul,Kélibia,Kélibia,8000,200,Non,Non,Non,Oui,,,Non,Non,Oui,Résidentielle
diarkoum,https://diarkoum.tn/details.php?id_annonce=10032,Terrain,20000,2023-05-12,Nabeul,Kélibia,Kélibia,8000,200,Non,Non,Non,Oui,,,Non,Non,Oui,Résidentielle
diarkoum,https://diarkoum.tn/details.php?id_annonce=10030,Terrain,20000,2023-05-12,Nabeul,Kélibia,Kélibia,8000,200,Non,Non,Non,Oui,,,Non,Non,Oui,Résidentielle
diarkoum,https://diarkoum.tn/details.php?id_annonce=10029,Terrain,20000,2023-05-12,Nabeul,Kélibia,Kélibia,8000,200,Titre Bleu,Non,Non,Oui,,,Non,Non,Oui,Résidentielle
diarkoum,https://diarkoum.tn/details.php?id_annonce=10028,Terrain,20000,2023-05-12,Nabeul,Kélibia,Kélibia,8000,200,Titre Bleu,Non,Non,Oui,,,Non,Non,Oui,Résidentielle
diarkoum,https://diarkoum.tn/details.php?id_annonce=10019,Terrain,20000,2023-05-11,Nabeul,Kélibia,Kélibia,8000,200,Non,Non,Non,Oui,,,Non,Non,Oui,Résidentielle
diarkoum,https://diarkoum.tn/details.php?id_annonce=9981,Terrain,39000,2023-05-04,Nabeul,Kélibia,Kélibia,8000,1000,Oui,Non,Non,Oui,,,Non,Non,Oui,Résidentielle
diarkoum,https://diarkoum.tn/details.php?id_annonce=9951,Terrain,110000,2023-04-28,Nabeul,Kélibia,Kélibia,8000,371,Non,Non,Non,Oui,,,Non,Non,Oui,Résidentielle
diarkoum,https://diarkoum.tn/details.php?id_annonce=9950,Terrain,105000,2023-04-28,Nabeul,Kélibia,Kélibia,8000,350,Non,Non,Non,Oui,,,Non,Non,Oui,Résidentielle
diarkoum,https://diarkoum.tn/details.php?id_annonce=9949,Terrain,99000,2023-04-28,Nabeul,Kélibia,Kélibia,8000,220,Non,Non,Non,Oui,,,Non,Non,Oui,Résidentielle
diarkoum,https://diarkoum.tn/details.php?id_annonce=9946,Terrain,128250,2023-04-28,Nabeul,Kélibia,Kélibia,8000,285,Non,Non,Non,Oui,,,Non,Non,Oui,Résidentielle
diarkoum,https://diarkoum.tn/details.php?id_annonce=9945,Terrain,620000,2023-04-28,Nabeul,Kélibia,Kélibia,8000,517,Oui,Non,Non,Oui,,,Oui,Non,Oui,Résidentielle
diarkoum,https://diarkoum.tn/details.php?id_annonce=9901,Terrain,75000,2023-04-16,Nabeul,Kélibia,Kélibia,8000,271,Non,Non,Non,Oui,,13.5,Non,Oui,Oui,Résidentielle
diarkoum,https://diarkoum.tn/details.php?id_annonce=9890,Terrain,250,2023-04-14,Bizerte,Bizerte Nord,Bizerte Nord,7000,1000,Non,Non,Non,Oui,,,Non,Non,Oui,Résidentielle
diarkoum,https://diarkoum.tn/details.php?id_annonce=9856,Terrain,150000,2023-04-08,Sfax,Sakiet Ezzit,Sakiet Ezzit,3000,522,Non,Non,Non,Oui,,,Non,Non,Oui,Résidentielle
diarkoum,https://diarkoum.tn/details.php?id_annonce=9825,Terrain,225000,2023-04-04,Sousse,Sidi Bou Ali,Sidi Bou Ali,4000,531,Titre Bleu,Non,Non,Oui,,,Oui,Non,Oui,Résidentielle
diarkoum,https://diarkoum.tn/details.php?id_annonce=9817,Terrain,680,2023-04-02,Tunis,La Marsa,La Marsa,2070,393,Titre Individuel,Non,Non,Oui,,,Non,Non,Oui,Résidentielle
diarkoum,https://diarkoum.tn/details.php?id_annonce=9803,Terrain,164190,2023-03-29,Sousse,Akouda,Akouda,4022,421,Non,Non,Non,Oui,,,Non,Non,Oui,Résidentielle
diarkoum,https://diarkoum.tn/details.php?id_annonce=9802,Terrain,260000,2023-03-29,Sousse,Akouda,Akouda,4022,650,Non,Non,Non,Oui,,,Non,Non,Oui,Résidentielle
diarkoum,https://diarkoum.tn/details.php?id_annonce=9801,Terrain,195600,2023-03-29,Sousse,Akouda,Akouda,4022,987,Non,Non,Non,Oui,,30,Non,Non,Oui,Résidentielle
diarkoum,https://diarkoum.tn/details.php?id_annonce=7147,Terrain,700000,2023-03-28,Médenine,Djerba - Ajim,Djerba - Ajim,4180,270,Titre Bleu,Non,Non,Oui,,,Non,Non,Oui,Résidentielle
diarkoum,https://diarkoum.tn/details.php?id_annonce=9775,Terrain,950000,2023-03-26,Tunis,La Marsa,La Marsa,2070,499,Non,Non,Oui,Oui,,,Non,Non,Oui,Résidentielle
diarkoum,https://diarkoum.tn/details.php?id_annonce=9742,Terrain,1,2023-03-21,Gafsa,Gafsa Nord,Gafsa Nord,2100,570,Non,Non,Non,Oui,,,Non,Non,Oui,Résidentielle
diarkoum,https://diarkoum.tn/details.php?id_annonce=9672,Terrain,88000,2023-03-21,Nabeul,Kélibia,Kélibia,8000,200,Oui,Non,Non,Oui,,,Non,Non,Oui,Résidentielle
diarkoum,https://diarkoum.tn/details.php?id_annonce=9708,Terrain,350000,2023-03-18,Bizerte,Ghar El Melh,Ghar El Melh,7000,655,Non,Non,Non,Oui,,,Non,Non,Oui,Résidentielle
diarkoum,https://diarkoum.tn/details.php?id_annonce=9707,Terrain,750,2023-03-18,Bizerte,Bizerte Nord,Bizerte Nord,7000,1090,Non,Non,Non,Oui,,,Non,Non,Oui,Résidentielle
diarkoum,https://diarkoum.tn/details.php?id_annonce=9700,Terrain,25000,2023-03-17,Zaghouan,Zaghouan,Zaghouan,1100,2250,Non,Non,Non,Oui,,,Non,Non,Oui,Résidentielle
diarkoum,https://diarkoum.tn/details.php?id_annonce=9639,Terrain,400,2023-03-15,Ben Arous,Fouchana,Fouchana,2013,4999,Non,Non,Non,Oui,,,Non,Non,Oui,Résidentielle
diarkoum,https://diarkoum.tn/details.php?id_annonce=9659,Terrain,250,2023-03-07,Nabeul,Kélibia,Kélibia,8000,228,Titre Bleu,Non,Non,Oui,,,Non,Non,Oui,Résidentielle
diarkoum,https://diarkoum.tn/details.php?id_annonce=9658,Terrain,362000,2023-03-07,Nabeul,Kélibia,Kélibia,8000,301,Titre Bleu,Non,Non,Oui,,,Non,Non,Oui,Résidentielle
diarkoum,https://diarkoum.tn/details.php?id_annonce=9657,Terrain,265000,2023-03-07,Nabeul,Kélibia,Kélibia,8000,663,Non,Non,Non,Oui,,,Non,Oui,Oui,Résidentielle
diarkoum,https://diarkoum.tn/details.php?id_annonce=9518,Terrain,180000,2023-03-07,Nabeul,Kélibia,Kélibia,8000,663,Non,Non,Non,Oui,,,Non,Oui,Oui,Résidentielle
diarkoum,https://diarkoum.tn/details.php?id_annonce=9653,Terrain,105000,2023-03-07,Nabeul,Kélibia,Kélibia,8000,500,Non,Non,Non,Oui,,,Non,Oui,Oui,Résidentielle
diarkoum,https://diarkoum.tn/details.php?id_annonce=9654,Terrain,200,2023-03-07,Nabeul,Kélibia,Kélibia,8000,1247,Non,Non,Non,Oui,,,Oui,Oui,Oui,Résidentielle
diarkoum,https://diarkoum.tn/details.php?id_annonce=9655,Terrain,143000,2023-03-07,Nabeul,Kélibia,Kélibia,8000,260,Titre Bleu,Non,Non,Oui,,,Non,Non,Oui,Résidentielle
diarkoum,https://diarkoum.tn/details.php?id_annonce=9637,Terrain,72000,2023-03-05,Gafsa,Gafsa Sud,Gafsa Sud,2100,61280,Non,Non,Non,Oui,,,Non,Non,Oui,Résidentielle
diarkoum,https://diarkoum.tn/details.php?id_annonce=9611,Terrain,500,2023-03-01,Nabeul,Kélibia,Kélibia,8000,245,Non,Non,Non,Oui,,,Non,Non,Oui,Résidentielle
diarkoum,https://diarkoum.tn/details.php?id_annonce=9610,Terrain,550,2023-03-01,Nabeul,Kélibia,Kélibia,8000,290,Non,Non,Non,Oui,,,Non,Non,Oui,Résidentielle
diarkoum,https://diarkoum.tn/details.php?id_annonce=8756,Terrain,195000,2023-03-01,Tunis,La Marsa,La Marsa,2070,300,Titre Bleu,Non,Non,Oui,,,Non,Non,Oui,Résidentielle
diarkoum,https://diarkoum.tn/details.php?id_annonce=8759,Terrain,260000,2023-03-01,Tunis,La Marsa,La Marsa,2070,400,Titre Bleu,Non,Non,Oui,,,Non,Non,Oui,Résidentielle
diarkoum,https://diarkoum.tn/details.php?id_annonce=8792,Terrain,325000,2023-03-01,Tunis,La Marsa,La Marsa,2070,500,Titre Bleu,Non,Non,Oui,,,Non,Non,Oui,Résidentielle
diarkoum,https://diarkoum.tn/details.php?id_annonce=9603,Terrain,20000,2023-02-28,Nabeul,Kélibia,Kélibia,8000,267,Non,Non,Non,Oui,,,Non,Non,Oui,Résidentielle
diarkoum,https://diarkoum.tn/details.php?id_annonce=9584,Terrain,250000,2023-02-27,Sousse,Akouda,Akouda,4022,512,Titre Bleu,Non,Non,Oui,,,Non,Non,Oui,Résidentielle
diarkoum,https://diarkoum.tn/details.php?id_annonce=9578,Terrain,20230,2023-02-27,Tunis,Bab Souika,Bab Souika,1000,258,Non,Non,Non,Oui,,,Non,Non,Oui,Résidentielle
diarkoum,https://diarkoum.tn/details.php?id_annonce=9569,Terrain,20000,2023-02-27,Nabeul,Kélibia,Kélibia,8000,200,Titre Bleu,Non,Non,Oui,,,Non,Non,Oui,Résidentielle
diarkoum,https://diarkoum.tn/details.php?id_annonce=9565,Terrain,325000,2023-02-26,Nabeul,Hammamet,Hammamet,8050,262,Titre Bleu,Non,Non,Oui,,,Non,Non,Oui,Résidentielle
diarkoum,https://diarkoum.tn/details.php?id_annonce=9564,Terrain,20000,2023-02-26,Nabeul,Kélibia,Kélibia,8000,200,Titre Bleu,Non,Oui,Oui,,,Non,Non,Oui,Résidentielle
diarkoum,https://diarkoum.tn/details.php?id_annonce=9554,Terrain,20000,2023-02-25,Nabeul,Kélibia,Kélibia,8000,200,Titre Bleu,Non,Non,Oui,,,Non,Non,Oui,Résidentielle
diarkoum,https://diarkoum.tn/details.php?id_annonce=9549,Terrain,20000,2023-02-24,Nabeul,Kélibia,Kélibia,8000,200,Titre Bleu,Non,Non,Oui,,,Non,Oui,Oui,Résidentielle
diarkoum,https://diarkoum.tn/details.php?id_annonce=9539,Terrain,20000,2023-02-22,Nabeul,Kélibia,Kélibia,8000,200,Titre Bleu,Non,Non,Oui,,,Non,Oui,Oui,Résidentielle
diarkoum,https://diarkoum.tn/details.php?id_annonce=9528,Terrain,20000,2023-02-21,Nabeul,Kélibia,Kélibia,8000,200,Non,Non,Non,Oui,,,Non,Non,Oui,Résidentielle
diarkoum,https://diarkoum.tn/details.php?id_annonce=9523,Terrain,350,2023-02-20,Nabeul,Kélibia,Kélibia,8000,311,Titre Bleu,Non,Non,Oui,,,Non,Non,Oui,Résidentielle
diarkoum,https://diarkoum.tn/details.php?id_annonce=9520,Terrain,1200,2023-02-20,Nabeul,Kélibia,Kélibia,8000,301,Titre Bleu,Non,Non,Oui,,,Non,Non,Oui,Résidentielle
diarkoum,https://diarkoum.tn/details.php?id_annonce=9519,Terrain,200000,2023-02-20,Nabeul,Kélibia,Kélibia,8000,264,Non,Non,Non,Oui,,,Oui,Oui,Oui,Résidentielle
diarkoum,https://diarkoum.tn/details.php?id_annonce=9517,Terrain,20000,2023-02-20,Nabeul,Kélibia,Kélibia,8000,200,Non,Non,Non,Oui,,,Non,Non,Oui,Résidentielle
diarkoum,https://diarkoum.tn/details.php?id_annonce=9515,Terrain,20000,2023-02-19,Nabeul,Kélibia,Kélibia,8000,200,Non,Non,Non,Oui,,,Non,Non,Oui,Résidentielle
diarkoum,https://diarkoum.tn/details.php?id_annonce=9514,Terrain,110000,2023-02-18,Médenine,Médenine Sud,Médenine Sud,,11002,Titre Bleu,Non,Non,Oui,,,Oui,Non,Oui,Résidentielle
diarkoum,https://diarkoum.tn/details.php?id_annonce=9512,Terrain,20000,2023-02-18,Nabeul,Kélibia,Kélibia,8000,200,Titre Bleu,Non,Non,Oui,,,Non,Oui,Oui,Résidentielle
diarkoum,https://diarkoum.tn/details.php?id_annonce=9508,Terrain,20000,2023-02-17,Nabeul,Kélibia,Kélibia,8000,200,Non,Non,Non,Oui,,,Non,Non,Oui,Résidentielle
diarkoum,https://diarkoum.tn/details.php?id_annonce=9475,Terrain,1500,2023-02-15,Bizerte,Bizerte Nord,Bizerte Nord,7000,320,Non,Non,Non,Oui,,,Non,Non,Oui,Résidentielle
diarkoum,https://diarkoum.tn/details.php?id_annonce=9465,Terrain,20000,2023-02-15,Nabeul,Kélibia,Kélibia,8000,200,Non,Non,Non,Oui,,,Non,Non,Oui,Résidentielle
diarkoum,https://diarkoum.tn/details.php?id_annonce=9460,Terrain,920,2023-02-15,Ariana,La Soukra,La Soukra,2036,2482,Non,Non,Non,Oui,,,Non,Non,Oui,Résidentielle
diarkoum,https://diarkoum.tn/details.php?id_annonce=9448,Terrain,20000,2023-02-14,Nabeul,Kélibia,Kélibia,8000,200,Non,Non,Non,Oui,,,Non,Non,Oui,Résidentielle
diarkoum,https://diarkoum.tn/details.php?id_annonce=9444,Terrain,88000,2023-02-14,Nabeul,Kélibia,Kélibia,8000,220,Titre Bleu,Non,Non,Oui,,,Non,Non,Oui,Résidentielle
diarkoum,https://diarkoum.tn/details.php?id_annonce=9427,Terrain,320000,2023-02-10,Sfax,Sfax Ville,Sfax Ville,3000,939,Oui,Non,Non,Oui,,,Non,Non,Oui,Résidentielle
diarkoum,https://diarkoum.tn/details.php?id_annonce=9426,Terrain,70000,2023-02-10,Médenine,Ben Gardane,Ben Gardane,,1342,Non,Non,Non,Oui,,,Non,Non,Oui,Résidentielle
diarkoum,https://diarkoum.tn/details.php?id_annonce=9418,Terrain,602,2023-02-10,Médenine,Ben Gardane,Ben Gardane,,3118,Non,Non,Non,Oui,,,Non,Non,Oui,Résidentielle
diarkoum,https://diarkoum.tn/details.php?id_annonce=9417,Terrain,20000,2023-02-10,Nabeul,Kélibia,Kélibia,8000,200,Titre Bleu,Non,Non,Oui,,,Non,Oui,Oui,Résidentielle
diarkoum,https://diarkoum.tn/details.php?id_annonce=9415,Terrain,20000,2023-02-08,Nabeul,Kélibia,Kélibia,8000,200,Titre Bleu,Non,Non,Oui,,,Non,Oui,Oui,Résidentielle
diarkoum,https://diarkoum.tn/details.php?id_annonce=9411,Terrain,20000,2023-02-07,Nabeul,Kélibia,Kélibia,8000,200,Non,Non,Non,Oui,,,Non,Non,Oui,Résidentielle
diarkoum,https://diarkoum.tn/details.php?id_annonce=9409,Terrain,20000,2023-02-06,Nabeul,Kélibia,Kélibia,8000,200,Non,Non,Non,Oui,,,Non,Non,Oui,Résidentielle
diarkoum,https://diarkoum.tn/details.php?id_annonce=9408,Terrain,20000,2023-02-05,Nabeul,Kélibia,Kélibia,8000,200,Titre Bleu,Non,Non,Oui,,,Non,Oui,Oui,Résidentielle
diarkoum,https://diarkoum.tn/details.php?id_annonce=9407,Terrain,20000,2023-02-04,Nabeul,Kélibia,Kélibia,8000,200,Titre Bleu,Non,Oui,Oui,,,Non,Non,Oui,Résidentielle
diarkoum,https://diarkoum.tn/details.php?id_annonce=9405,Terrain,20000,2023-02-03,Nabeul,Nabeul,Nabeul,8000,200,Non,Non,Non,Oui,,,Non,Non,Oui,Résidentielle
diarkoum,https://diarkoum.tn/details.php?id_annonce=9397,Terrain,20000,2023-02-01,Nabeul,Kélibia,Kélibia,8000,200,Titre Bleu,Non,Non,Oui,,,Non,Non,Oui,Résidentielle
diarkoum,https://diarkoum.tn/details.php?id_annonce=9395,Terrain,20000,2023-02-01,Nabeul,Kélibia,Kélibia,8000,200,Non,Non,Non,Oui,,,Non,Non,Oui,Résidentielle
diarkoum,https://diarkoum.tn/details.php?id_annonce=9342,Terrain,367800,2023-01-19,Médenine,Djerba - Midoun,Djerba - Midoun,4180,1226,Non,Non,Non,Oui,,,Oui,Non,Oui,Résidentielle
diarkoum,https://diarkoum.tn/details.php?id_annonce=9332,Terrain,342000,2023-01-19,Médenine,Djerba - Midoun,Djerba - Midoun,4180,1138,Non,Non,Non,Oui,,,Non,Non,Oui,Résidentielle
diarkoum,https://diarkoum.tn/details.php?id_annonce=9331,Terrain,300,2023-01-19,Médenine,Djerba - Midoun,Djerba - Midoun,4180,1152,Non,Non,Non,Oui,,,Non,Non,Oui,Résidentielle
diarkoum,https://diarkoum.tn/details.php?id_annonce=9245,Terrain,528000,2023-01-11,Bizerte,Bizerte Nord,Bizerte Nord,7000,574,Oui,Non,Non,Oui,,,Oui,Non,Oui,Résidentielle
diarkoum,https://diarkoum.tn/details.php?id_annonce=8961,Terrain,450,2022-12-30,Sousse,Sousse Sidi Abdelhamid,Sousse Sidi Abdelhamid,4000,1580,Non,Non,Non,Oui,,25,Non,Non,Oui,Résidentielle
diarkoum,https://diarkoum.tn/details.php?id_annonce=9109,Terrain,720000,2022-12-16,Ben Arous,Medina Jedida,Medina Jedida,2013,820,Non,Non,Non,Oui,,,Oui,Non,Oui,Résidentielle
diarkoum,https://diarkoum.tn/details.php?id_annonce=9047,Terrain,55000,2022-11-29,Nabeul,Kélibia,Kélibia,8000,101,Non,Non,Non,Oui,,,Non,Non,Oui,Résidentielle
diarkoum,https://diarkoum.tn/details.php?id_annonce=9045,Terrain,20000,2022-11-29,Nabeul,Kélibia,Kélibia,8000,200,Non,Non,Non,Oui,,,Oui,Non,Oui,Résidentielle
diarkoum,https://diarkoum.tn/details.php?id_annonce=9036,Terrain,349000,2022-11-28,Tunis,La Marsa,La Marsa,2070,324,Non,Non,Non,Oui,,23,Oui,Non,Oui,Résidentielle
diarkoum,https://diarkoum.tn/details.php?id_annonce=9037,Terrain,374000,2022-11-28,Tunis,La Marsa,La Marsa,2070,550,Non,Non,Non,Oui,,24.68,Oui,Non,Oui,Résidentielle
diarkoum,https://diarkoum.tn/details.php?id_annonce=9035,Terrain,75,2022-11-27,Nabeul,Kélibia,Kélibia,8000,170,Non,Non,Non,Oui,,,Oui,Non,Oui,Résidentielle
diarkoum,https://diarkoum.tn/details.php?id_annonce=9033,Terrain,20000,2022-11-27,Nabeul,Kélibia,Kélibia,8000,200,Non,Non,Non,Oui,,,Oui,Non,Oui,Résidentielle
diarkoum,https://diarkoum.tn/details.php?id_annonce=9030,Terrain,550,2022-11-27,Nabeul,Kélibia,Kélibia,8000,101,Non,Non,Non,Oui,,,Non,Non,Oui,Résidentielle
diarkoum,https://diarkoum.tn/details.php?id_annonce=9019,Terrain,28000,2022-11-24,Nabeul,Hammam Ghezeze,Hammam Ghezeze,8000,367,Non,Non,Non,Oui,,,Non,Non,Oui,Résidentielle
diarkoum,https://diarkoum.tn/details.php?id_annonce=9018,Terrain,450,2022-11-24,Nabeul,Kélibia,Kélibia,8000,200,Titre Bleu,Non,Non,Oui,,,Non,Non,Oui,Résidentielle
diarkoum,https://diarkoum.tn/details.php?id_annonce=9014,Terrain,280,2022-11-24,Nabeul,Kélibia,Kélibia,8000,250,Non,Non,Non,Oui,,,Non,Non,Oui,Résidentielle
diarkoum,https://diarkoum.tn/details.php?id_annonce=9009,Terrain,350,2022-11-23,Nabeul,Kélibia,Kélibia,8000,330,Titre Bleu,Non,Non,Oui,,,Non,Non,Oui,Résidentielle
diarkoum,https://diarkoum.tn/details.php?id_annonce=9011,Terrain,28000,2022-11-23,Nabeul,Kélibia,Kélibia,8000,367,Non,Non,Non,Oui,,,Non,Non,Oui,Résidentielle
diarkoum,https://diarkoum.tn/details.php?id_annonce=9010,Terrain,350,2022-11-23,Nabeul,Kélibia,Kélibia,8000,101,Titre Bleu,Non,Non,Oui,,,Non,Non,Oui,Résidentielle
diarkoum,https://diarkoum.tn/details.php?id_annonce=8985,Terrain,150000,2022-11-15,Nabeul,Hammamet,Hammamet,8050,1000,Titre Bleu,Non,Non,Oui,,,Oui,Oui,Oui,Résidentielle
diarkoum,https://diarkoum.tn/details.php?id_annonce=8958,Terrain,90000,2022-11-05,Nabeul,Hammamet,Hammamet,8050,299,Oui,Non,Non,Oui,,,Non,Non,Oui,Résidentielle
diarkoum,https://diarkoum.tn/details.php?id_annonce=8957,Terrain,61500,2022-11-05,Nabeul,Hammamet,Hammamet,8050,205,Oui,Non,Non,Oui,,,Oui,Oui,Oui,Résidentielle
diarkoum,https://diarkoum.tn/details.php?id_annonce=8936,Terrain,545300,2022-10-24,Bizerte,Bizerte Nord,Bizerte Nord,7000,574,Non,Non,Non,Oui,,,Oui,Non,Oui,Résidentielle
diarkoum,https://diarkoum.tn/details.php?id_annonce=7910,Terrain,20000,2022-10-24,Nabeul,Kélibia,Kélibia,8000,200,Non,Non,Non,Oui,,,Non,Non,Oui,Résidentielle
diarkoum,https://diarkoum.tn/details.php?id_annonce=7922,Terrain,22500,2022-10-16,Nabeul,Kélibia,Kélibia,8000,150,Non,Non,Non,Oui,,,Non,Non,Oui,Résidentielle
diarkoum,https://diarkoum.tn/details.php?id_annonce=8912,Terrain,24000000,2022-10-15,Nabeul,Kélibia,Kélibia,8000,100,Titre Bleu,Non,Non,Oui,,,Non,Oui,Oui,Résidentielle
diarkoum,https://diarkoum.tn/details.php?id_annonce=8910,Terrain,62000000,2022-10-15,Nabeul,Hammam Ghezeze,Hammam Ghezeze,8000,230,Titre Bleu,Non,Non,Oui,,,Non,Oui,Oui,Résidentielle
diarkoum,https://diarkoum.tn/details.php?id_annonce=8901,Terrain,150000,2022-10-12,Mahdia,Mahdia,Mahdia,5100,252,Non,Non,Non,Oui,,,Non,Non,Oui,Résidentielle
diarkoum,https://diarkoum.tn/details.php?id_annonce=7943,Terrain,22500,2022-10-08,Nabeul,Kélibia,Kélibia,8000,150,Titre Bleu,Non,Non,Oui,,,Non,Non,Oui,Résidentielle
diarkoum,https://diarkoum.tn/details.php?id_annonce=7820,Terrain,20000,2022-10-08,Nabeul,Kélibia,Kélibia,8000,200,Titre Bleu,Non,Non,Oui,,,Non,Non,Oui,Résidentielle
diarkoum,https://diarkoum.tn/details.php?id_annonce=7921,Terrain,22500,2022-10-07,Nabeul,Kélibia,Kélibia,8000,150,Non,Non,Non,Oui,,,Non,Non,Oui,Résidentielle
diarkoum,https://diarkoum.tn/details.php?id_annonce=7666,Terrain,22500,2022-10-03,Nabeul,Kélibia,Kélibia,8000,150,Titre Bleu,Non,Non,Oui,,,Non,Non,Oui,Résidentielle
diarkoum,https://diarkoum.tn/details.php?id_annonce=7901,Terrain,22500,2022-09-29,Nabeul,Kélibia,Kélibia,8000,150,Titre Bleu,Non,Non,Oui,,,Non,Non,Oui,Résidentielle
diarkoum,https://diarkoum.tn/details.php?id_annonce=7406,Terrain,20000,2022-09-28,Nabeul,Kélibia,Kélibia,8000,200,Non,Non,Non,Oui,,,Non,Non,Oui,Résidentielle
diarkoum,https://diarkoum.tn/details.php?id_annonce=8883,Terrain,75000,2022-09-27,Nabeul,Hammamet,Hammamet,8050,500,Non,Non,Non,Oui,,,Non,Oui,Oui,Résidentielle
diarkoum,https://diarkoum.tn/details.php?id_annonce=8880,Terrain,425000,2022-09-27,Nabeul,Béni Khiar,Béni Khiar,8000,2737,Non,Non,Non,Oui,,,Oui,Non,Oui,Résidentielle
diarkoum,https://diarkoum.tn/details.php?id_annonce=8873,Terrain,302000,2022-09-25,Nabeul,Hammamet,Hammamet,8050,570,Titre Bleu,Non,Non,Oui,,,Non,Oui,Oui,Résidentielle
diarkoum,https://diarkoum.tn/details.php?id_annonce=8870,Terrain,63000,2022-09-25,Nabeul,Hammamet,Hammamet,8050,455,Non,Non,Non,Oui,,,Non,Non,Oui,Résidentielle
diarkoum,https://diarkoum.tn/details.php?id_annonce=8867,Terrain,110000,2022-09-25,Nabeul,Hammamet,Hammamet,8050,2750,Non,Non,Non,Oui,,,Non,Non,Oui,Résidentielle
diarkoum,https://diarkoum.tn/details.php?id_annonce=8864,Terrain,320000,2022-09-25,Nabeul,Hammamet,Hammamet,8050,354,Oui,Non,Oui,Oui,,,Non,Non,Oui,Résidentielle
diarkoum,https://diarkoum.tn/details.php?id_annonce=8861,Terrain,360000,2022-09-24,Nabeul,Korba,Korba,8070,2450,Non,Non,Non,Oui,,,Non,Non,Oui,Résidentielle
diarkoum,https://diarkoum.tn/details.php?id_annonce=8849,Terrain,135000,2022-09-23,Nabeul,Hammamet,Hammamet,8050,500,Non,Non,Non,Oui,,,Non,Non,Oui,Résidentielle
diarkoum,https://diarkoum.tn/details.php?id_annonce=8844,Terrain,168000,2022-09-23,Nabeul,Hammamet,Hammamet,8050,280000,Non,Non,Non,Oui,,,Non,Non,Oui,Résidentielle
diarkoum,https://diarkoum.tn/details.php?id_annonce=8838,Terrain,120000,2022-09-23,Nabeul,Hammamet,Hammamet,8050,170,Non,Non,Non,Oui,,,Non,Non,Oui,Résidentielle
diarkoum,https://diarkoum.tn/details.php?id_annonce=8835,Terrain,90000,2022-09-23,Nabeul,Hammamet,Hammamet,8050,557,Non,Non,Non,Oui,,,Non,Non,Oui,Résidentielle
diarkoum,https://diarkoum.tn/details.php?id_annonce=8834,Terrain,72000,2022-09-23,Nabeul,Hammamet,Hammamet,8050,455,Non,Non,Non,Oui,,,Non,Non,Oui,Résidentielle
diarkoum,https://diarkoum.tn/details.php?id_annonce=8830,Terrain,290000,2022-09-22,Nabeul,Hammamet,Hammamet,8050,361,Titre Bleu,Non,Oui,Oui,,,Non,Non,Oui,Résidentielle
diarkoum,https://diarkoum.tn/details.php?id_annonce=8827,Terrain,70000,2022-09-22,Nabeul,Hammamet,Hammamet,8050,262,Titre Bleu,Non,Non,Oui,,,Oui,Non,Oui,Résidentielle
diarkoum,https://diarkoum.tn/details.php?id_annonce=8818,Terrain,80000,2022-09-22,Nabeul,Hammamet,Hammamet,8050,440,Non,Non,Non,Oui,,,Non,Non,Oui,Résidentielle
diarkoum,https://diarkoum.tn/details.php?id_annonce=8814,Terrain,320000,2022-09-22,Nabeul,Hammamet,Hammamet,8050,354,Oui,Non,Oui,Oui,,,Non,Non,Oui,Résidentielle
diarkoum,https://diarkoum.tn/details.php?id_annonce=8813,Terrain,200000,2022-09-22,Nabeul,Hammamet,Hammamet,8050,354,Titre Bleu,Non,Non,Oui,,,Non,Non,Oui,Résidentielle
diarkoum,https://diarkoum.tn/details.php?id_annonce=8812,Terrain,380000,2022-09-22,Nabeul,Hammamet,Hammamet,8050,25000,Non,Non,Non,Oui,,,Non,Non,Oui,Résidentielle
diarkoum,https://diarkoum.tn/details.php?id_annonce=8803,Terrain,580000,2022-09-20,Nabeul,Hammamet,Hammamet,8050,967,Non,Non,Non,Oui,,,Non,Non,Oui,Résidentielle
diarkoum,https://diarkoum.tn/details.php?id_annonce=8800,Terrain,125000,2022-09-20,Nabeul,Hammamet,Hammamet,8050,192,Titre Bleu,Non,Non,Oui,,,Non,Non,Oui,Résidentielle
diarkoum,https://diarkoum.tn/details.php?id_annonce=8797,Terrain,600000,2022-09-20,Nabeul,Hammamet,Hammamet,8050,40000,Titre Bleu,Non,Non,Oui,,,Oui,Non,Oui,Résidentielle
diarkoum,https://diarkoum.tn/details.php?id_annonce=8789,Terrain,425000,2022-09-18,Nabeul,Hammamet,Hammamet,8050,650,Non,Non,Oui,Oui,,,Non,Non,Oui,Résidentielle
diarkoum,https://diarkoum.tn/details.php?id_annonce=8786,Terrain,150000,2022-09-18,Nabeul,Hammamet,Hammamet,8050,500,Non,Non,Non,Oui,,,Non,Non,Oui,Résidentielle
diarkoum,https://diarkoum.tn/details.php?id_annonce=8783,Terrain,408000,2022-09-18,Nabeul,Hammamet,Hammamet,8050,429,Non,Non,Non,Oui,,,Non,Non,Oui,Résidentielle
diarkoum,https://diarkoum.tn/details.php?id_annonce=8780,Terrain,72000,2022-09-18,Nabeul,Hammamet,Hammamet,8050,455,Non,Non,Non,Oui,,,Non,Non,Oui,Résidentielle
diarkoum,https://diarkoum.tn/details.php?id_annonce=8779,Terrain,195000,2022-09-18,Nabeul,Hammamet,Hammamet,8050,1000,Titre Bleu,Non,Non,Oui,,,Non,Non,Oui,Résidentielle
diarkoum,https://diarkoum.tn/details.php?id_annonce=8778,Terrain,210000,2022-09-17,Nabeul,Hammamet,Hammamet,8050,350,Non,Non,Non,Oui,,,Oui,Non,Oui,Résidentielle
diarkoum,https://diarkoum.tn/details.php?id_annonce=8774,Terrain,525000,2022-09-17,Nabeul,Hammamet,Hammamet,8050,1380,Non,Non,Non,Oui,,,Non,Non,Oui,Résidentielle
diarkoum,https://diarkoum.tn/details.php?id_annonce=8771,Terrain,480000,2022-09-17,Nabeul,Hammamet,Hammamet,8050,400,Non,Non,Oui,Oui,,,Non,Non,Oui,Résidentielle
diarkoum,https://diarkoum.tn/details.php?id_annonce=8767,Terrain,185000,2022-09-17,Nabeul,Hammamet,Hammamet,8050,1000,Titre Bleu,Non,Non,Oui,,20,Oui,Non,Oui,Résidentielle
diarkoum,https://diarkoum.tn/details.php?id_annonce=8762,Terrain,125000,2022-09-16,Nabeul,Hammamet,Hammamet,8050,687,Non,Non,Non,Oui,,,Non,Non,Oui,Résidentielle
diarkoum,https://diarkoum.tn/details.php?id_annonce=8761,Terrain,120000,2022-09-16,Nabeul,Hammamet,Hammamet,8050,170000,Non,Non,Non,Oui,,,Non,Non,Oui,Résidentielle
diarkoum,https://diarkoum.tn/details.php?id_annonce=8757,Terrain,55000,2022-09-16,Nabeul,Hammamet,Hammamet,8050,258,Non,Non,Non,Oui,,,Non,Non,Oui,Résidentielle
diarkoum,https://diarkoum.tn/details.php?id_annonce=8753,Terrain,320000,2022-09-16,Nabeul,Hammamet,Hammamet,8050,354,Oui,Non,Oui,Oui,,,Non,Non,Oui,Résidentielle
diarkoum,https://diarkoum.tn/details.php?id_annonce=8752,Terrain,300000,2022-09-15,Nabeul,Hammamet,Hammamet,8050,505,Titre Individuel,Non,Non,Oui,,,Oui,Non,Oui,Résidentielle
diarkoum,https://diarkoum.tn/details.php?id_annonce=8749,Terrain,160000,2022-09-15,Nabeul,Hammamet,Hammamet,8050,1000,Titre Bleu,Non,Non,Oui,,,Non,Non,Oui,Résidentielle
diarkoum,https://diarkoum.tn/details.php?id_annonce=8748,Terrain,75000,2022-09-15,Nabeul,Hammamet,Hammamet,8050,288,Non,Non,Non,Oui,,,Non,Non,Oui,Résidentielle
diarkoum,https://diarkoum.tn/details.php?id_annonce=8745,Terrain,50000,2022-09-15,Nabeul,Hammamet,Hammamet,8050,500,Non,Non,Non,Oui,,,Non,Non,Oui,Résidentielle
diarkoum,https://diarkoum.tn/details.php?id_annonce=8742,Terrain,135000,2022-09-15,Nabeul,Hammamet,Hammamet,8050,1748,Titre Bleu,Non,Non,Oui,,,Non,Non,Oui,Résidentielle
diarkoum,https://diarkoum.tn/details.php?id_annonce=8740,Terrain,330000,2022-09-14,Sousse,Akouda,Akouda,4022,300,Non,Non,Non,Oui,,,Non,Non,Oui,Résidentielle
diarkoum,https://diarkoum.tn/details.php?id_annonce=8739,Terrain,186000,2022-09-14,Nabeul,Nabeul,Nabeul,8000,233,Titre Individuel,Non,Oui,Oui,,13,Non,Non,Oui,Résidentielle
diarkoum,https://diarkoum.tn/details.php?id_annonce=8736,Terrain,660000,2022-09-14,Nabeul,Hammamet,Hammamet,8050,5042,Titre Individuel,Non,Non,Oui,,,Non,Non,Oui,Résidentielle
diarkoum,https://diarkoum.tn/details.php?id_annonce=8733,Terrain,320000,2022-09-14,Nabeul,Hammamet,Hammamet,8050,354,Oui,Non,Oui,Oui,,,Non,Non,Oui,Résidentielle
diarkoum,https://diarkoum.tn/details.php?id_annonce=8730,Terrain,110000,2022-09-14,Nabeul,Hammamet,Hammamet,8050,1000,Non,Non,Non,Oui,,,Non,Non,Oui,Résidentielle
diarkoum,https://diarkoum.tn/details.php?id_annonce=8729,Terrain,150000,2022-09-14,Nabeul,Hammamet,Hammamet,8050,210,Titre Bleu,Non,Non,Oui,,,Non,Non,Oui,Résidentielle
diarkoum,https://diarkoum.tn/details.php?id_annonce=8728,Terrain,150000,2022-09-14,Nabeul,Hammamet,Hammamet,8050,210,Titre Individuel,Non,Non,Oui,,,Non,Non,Oui,Résidentielle
diarkoum,https://diarkoum.tn/details.php?id_annonce=8727,Terrain,1300,2022-09-14,Sousse,Hammam Sousse,Hammam Sousse,4011,1241,Non,Non,Non,Oui,,,Oui,Non,Oui,Résidentielle
diarkoum,https://diarkoum.tn/details.php?id_annonce=8716,Terrain,198000,2022-09-13,Nabeul,Hammamet,Hammamet,8050,1800,Titre Individuel,Non,Non,Oui,,,Non,Non,Oui,Résidentielle
diarkoum,https://diarkoum.tn/details.php?id_annonce=8711,Terrain,227500,2022-09-13,Nabeul,Hammamet,Hammamet,8050,650,Titre Bleu,Non,Non,Oui,,,Non,Non,Oui,Résidentielle
diarkoum,https://diarkoum.tn/details.php?id_annonce=8710,Terrain,72000,2022-09-13,Nabeul,Hammamet,Hammamet,8050,455,Non,Non,Non,Oui,,,Non,Non,Oui,Résidentielle
diarkoum,https://diarkoum.tn/details.php?id_annonce=8708,Terrain,195000,2022-09-13,Nabeul,Hammamet,Hammamet,8050,1000,Titre Bleu,Non,Non,Oui,,,Non,Non,Oui,Résidentielle
diarkoum,https://diarkoum.tn/details.php?id_annonce=8700,Terrain,1040000,2022-09-11,Nabeul,Korba,Korba,8070,1300,Titre Bleu,Non,Oui,Oui,,,Non,Non,Oui,Résidentielle
diarkoum,https://diarkoum.tn/details.php?id_annonce=8697,Terrain,135000,2022-09-11,Nabeul,Nabeul,Nabeul,8000,232,Titre Individuel,Non,Non,Oui,,,Oui,Non,Oui,Résidentielle
diarkoum,https://diarkoum.tn/details.php?id_annonce=8694,Terrain,185000,2022-09-11,Nabeul,Hammamet,Hammamet,8050,500,Non,Non,Non,Oui,,,Non,Non,Oui,Résidentielle
diarkoum,https://diarkoum.tn/details.php?id_annonce=8693,Terrain,75000,2022-09-11,Nabeul,Hammamet,Hammamet,8050,500,Non,Non,Non,Oui,,,Non,Oui,Oui,Résidentielle
diarkoum,https://diarkoum.tn/details.php?id_annonce=8688,Terrain,55000,2022-09-11,Nabeul,Hammamet,Hammamet,8050,1312,Non,Non,Non,Oui,,,Non,Non,Oui,Résidentielle
diarkoum,https://diarkoum.tn/details.php?id_annonce=8687,Terrain,55000,2022-09-11,Nabeul,Hammamet,Hammamet,8050,1000,Titre Bleu,Non,Non,Oui,,,Non,Non,Oui,Résidentielle
diarkoum,https://diarkoum.tn/details.php?id_annonce=8684,Terrain,250000,2022-09-10,Nabeul,Hammamet,Hammamet,8050,1000,Non,Non,Non,Oui,,,Non,Non,Oui,Résidentielle
diarkoum,https://diarkoum.tn/details.php?id_annonce=8682,Terrain,125000,2022-09-10,Nabeul,Hammamet,Hammamet,8050,500,Titre Bleu,Non,Non,Oui,,,Oui,Non,Oui,Résidentielle
diarkoum,https://diarkoum.tn/details.php?id_annonce=8679,Terrain,80000,2022-09-10,Nabeul,Hammamet,Hammamet,8050,320,Titre Bleu,Non,Non,Oui,,,Non,Oui,Oui,Résidentielle
diarkoum,https://diarkoum.tn/details.php?id_annonce=8676,Terrain,72000,2022-09-10,Nabeul,Hammamet,Hammamet,8050,455,Non,Non,Non,Oui,,,Non,Non,Oui,Résidentielle
diarkoum,https://diarkoum.tn/details.php?id_annonce=8675,Terrain,168000,2022-09-10,Nabeul,Hammamet,Hammamet,8050,280,Non,Non,Non,Oui,,,Non,Non,Oui,Résidentielle
diarkoum,https://diarkoum.tn/details.php?id_annonce=8671,Terrain,280000,2022-09-09,Nabeul,Hammamet,Hammamet,8050,10000,Non,Non,Non,Oui,,,Oui,Non,Oui,Résidentielle
diarkoum,https://diarkoum.tn/details.php?id_annonce=8668,Terrain,380000,2022-09-09,Nabeul,Hammamet,Hammamet,8050,25000,Non,Non,Non,Oui,,,Non,Non,Oui,Résidentielle
diarkoum,https://diarkoum.tn/details.php?id_annonce=8664,Terrain,200000,2022-09-09,Nabeul,Hammamet,Hammamet,8050,500,Titre Bleu,Non,Oui,Oui,,,Non,Non,Oui,Résidentielle
diarkoum,https://diarkoum.tn/details.php?id_annonce=8663,Terrain,180000,2022-09-09,Nabeul,Hammamet,Hammamet,8050,300,Titre Bleu,Non,Oui,Oui,,,Non,Non,Oui,Résidentielle
diarkoum,https://diarkoum.tn/details.php?id_annonce=8662,Terrain,135000,2022-09-09,Nabeul,Hammamet,Hammamet,8050,1748,Titre Bleu,Non,Non,Oui,,,Non,Non,Oui,Résidentielle
diarkoum,https://diarkoum.tn/details.php?id_annonce=8661,Terrain,195000,2022-09-08,Nabeul,Hammamet,Hammamet,8050,1000,Titre Bleu,Non,Non,Oui,,,Non,Non,Oui,Résidentielle
diarkoum,https://diarkoum.tn/details.php?id_annonce=8658,Terrain,120000,2022-09-08,Nabeul,Hammamet,Hammamet,8050,170,Non,Non,Non,Oui,,,Non,Non,Oui,Résidentielle
diarkoum,https://diarkoum.tn/details.php?id_annonce=8657,Terrain,90000,2022-09-08,Nabeul,Hammamet,Hammamet,8050,557,Non,Non,Non,Oui,,,Non,Non,Oui,Résidentielle
diarkoum,https://diarkoum.tn/details.php?id_annonce=7917,Terrain,22500,2022-09-08,Nabeul,Kélibia,Kélibia,8000,150,Titre Bleu,Non,Non,Oui,,,Non,Non,Oui,Résidentielle
diarkoum,https://diarkoum.tn/details.php?id_annonce=8654,Terrain,425000,2022-09-08,Nabeul,Béni Khiar,Béni Khiar,8000,2737,Non,Non,Non,Oui,,,Oui,Non,Oui,Résidentielle
diarkoum,https://diarkoum.tn/details.php?id_annonce=7955,Terrain,20000,2022-09-08,Nabeul,Kélibia,Kélibia,8000,200,Non,Non,Non,Oui,,,Non,Non,Oui,Résidentielle
diarkoum,https://diarkoum.tn/details.php?id_annonce=8652,Terrain,110000,2022-09-08,Nabeul,Hammamet,Hammamet,8050,2750,Non,Non,Non,Oui,,,Non,Non,Oui,Résidentielle
diarkoum,https://diarkoum.tn/details.php?id_annonce=8650,Terrain,170000,2022-09-08,Nabeul,Hammamet,Hammamet,8050,10000,Titre Bleu,Non,Non,Oui,,,Oui,Non,Oui,Résidentielle
diarkoum,https://diarkoum.tn/details.php?id_annonce=8649,Terrain,75000,2022-09-08,Nabeul,Hammamet,Hammamet,8050,288,Non,Non,Non,Oui,,,Non,Non,Oui,Résidentielle
diarkoum,https://diarkoum.tn/details.php?id_annonce=8644,Terrain,85000,2022-09-08,Nabeul,Hammamet,Hammamet,8050,1000,Titre Individuel,Non,Non,Oui,,,Non,Non,Oui,Résidentielle
diarkoum,https://diarkoum.tn/details.php?id_annonce=8643,Terrain,158000,2022-09-08,Nabeul,Hammamet,Hammamet,8050,360,Titre Bleu,Non,Non,Oui,,,Non,Non,Oui,Résidentielle
diarkoum,https://diarkoum.tn/details.php?id_annonce=8641,Terrain,305000,2022-09-07,Nabeul,Hammamet,Hammamet,8050,486,Non,Non,Non,Oui,,,Non,Non,Oui,Résidentielle
diarkoum,https://diarkoum.tn/details.php?id_annonce=8637,Terrain,55000,2022-09-07,Nabeul,Hammamet,Hammamet,8050,1000,Titre Bleu,Non,Non,Oui,,,Non,Non,Oui,Résidentielle
diarkoum,https://diarkoum.tn/details.php?id_annonce=8634,Terrain,600000,2022-09-07,Nabeul,Hammamet,Hammamet,8050,40000,Titre Bleu,Non,Non,Oui,,,Oui,Non,Oui,Résidentielle
diarkoum,https://diarkoum.tn/details.php?id_annonce=8631,Terrain,580000,2022-09-07,Nabeul,Hammamet,Hammamet,8050,967,Non,Non,Non,Oui,,,Non,Non,Oui,Résidentielle
diarkoum,https://diarkoum.tn/details.php?id_annonce=8630,Terrain,72000,2022-09-07,Nabeul,Hammamet,Hammamet,8050,455,Non,Non,Non,Oui,,,Non,Non,Oui,Résidentielle
diarkoum,https://diarkoum.tn/details.php?id_annonce=8626,Terrain,130000,2022-09-06,Nabeul,Hammamet,Hammamet,8050,250,Titre Bleu,Non,Non,Oui,,,Non,Non,Oui,Résidentielle
diarkoum,https://diarkoum.tn/details.php?id_annonce=8623,Terrain,80000,2022-09-06,Nabeul,Hammamet,Hammamet,8050,440,Non,Non,Non,Oui,,,Non,Non,Oui,Résidentielle
diarkoum,https://diarkoum.tn/details.php?id_annonce=8621,Terrain,180000,2022-09-06,Nabeul,Hammamet,Hammamet,8050,300,Titre Individuel,Non,Oui,Oui,,,Non,Non,Oui,Résidentielle
diarkoum,https://diarkoum.tn/details.php?id_annonce=8617,Terrain,227500,2022-09-06,Nabeul,Hammamet,Hammamet,8050,650,Titre Bleu,Non,Non,Oui,,,Non,Non,Oui,Résidentielle
diarkoum,https://diarkoum.tn/details.php?id_annonce=8615,Terrain,123000,2022-09-06,Nabeul,Hammamet,Hammamet,8050,687,Non,Non,Non,Oui,,,Non,Non,Oui,Résidentielle
diarkoum,https://diarkoum.tn/details.php?id_annonce=8605,Terrain,408000,2022-09-04,Nabeul,Hammamet,Hammamet,8050,429,Non,Non,Non,Oui,,,Non,Non,Oui,Résidentielle
diarkoum,https://diarkoum.tn/details.php?id_annonce=8603,Terrain,105000,2022-09-04,Nabeul,Hammamet,Hammamet,8050,1000,Titre Bleu,Non,Non,Oui,,,Oui,Non,Oui,Résidentielle
diarkoum,https://diarkoum.tn/details.php?id_annonce=8600,Terrain,88000,2022-09-04,Nabeul,Hammamet,Hammamet,8050,250,Non,Non,Non,Oui,,,Non,Non,Oui,Résidentielle
diarkoum,https://diarkoum.tn/details.php?id_annonce=8591,Terrain,155000,2022-09-04,Sousse,Akouda,Akouda,4022,1698,Non,Oui,Non,Oui,,,Non,Non,Oui,Résidentielle
diarkoum,https://diarkoum.tn/details.php?id_annonce=8589,Terrain,425000,2022-09-03,Nabeul,Korba,Korba,8070,2737,Non,Non,Non,Oui,,,Oui,Non,Oui,Résidentielle
diarkoum,https://diarkoum.tn/details.php?id_annonce=8585,Terrain,70000,2022-09-03,Nabeul,Hammamet,Hammamet,8050,262,Titre Bleu,Non,Non,Oui,,,Oui,Non,Oui,Résidentielle
diarkoum,https://diarkoum.tn/details.php?id_annonce=8581,Terrain,425000,2022-09-03,Nabeul,Hammamet,Hammamet,8050,656,Non,Non,Oui,Oui,,,Non,Non,Oui,Résidentielle
diarkoum,https://diarkoum.tn/details.php?id_annonce=8579,Terrain,180000,2022-09-03,Nabeul,Hammamet,Hammamet,8050,300,Titre Bleu,Non,Oui,Oui,,,Non,Non,Oui,Résidentielle
diarkoum,https://diarkoum.tn/details.php?id_annonce=8575,Terrain,72000,2022-09-03,Nabeul,Hammamet,Hammamet,8050,455,Non,Non,Non,Oui,,,Non,Non,Oui,Résidentielle
diarkoum,https://diarkoum.tn/details.php?id_annonce=8574,Terrain,198000,2022-09-03,Sousse,Bouficha,Bouficha,4000,1800,Titre Individuel,Non,Non,Oui,,,Non,Non,Oui,Résidentielle
diarkoum,https://diarkoum.tn/details.php?id_annonce=8570,Terrain,185000,2022-09-03,Nabeul,Hammamet,Hammamet,8050,1000,Titre Bleu,Non,Non,Oui,,20,Oui,Non,Oui,Résidentielle
diarkoum,https://diarkoum.tn/details.php?id_annonce=8568,Terrain,440000,2022-09-02,Nabeul,Hammamet,Hammamet,8050,2200,Non,Non,Non,Oui,,,Oui,Non,Oui,Résidentielle
diarkoum,https://diarkoum.tn/details.php?id_annonce=8563,Terrain,72000,2022-09-02,Nabeul,Hammamet,Hammamet,8050,455,Non,Non,Non,Oui,,,Non,Non,Oui,Résidentielle
diarkoum,https://diarkoum.tn/details.php?id_annonce=8559,Terrain,360000,2022-09-02,Nabeul,Korba,Korba,8070,2450,Non,Non,Non,Oui,,,Non,Non,Oui,Résidentielle
diarkoum,https://diarkoum.tn/details.php?id_annonce=8554,Terrain,50000,2022-09-02,Nabeul,Hammamet,Hammamet,8050,500,Non,Non,Non,Oui,,,Non,Non,Oui,Résidentielle
diarkoum,https://diarkoum.tn/details.php?id_annonce=8551,Terrain,195000,2022-09-02,Nabeul,Hammamet,Hammamet,8050,1000,Titre Bleu,Non,Non,Oui,,,Non,Non,Oui,Résidentielle
diarkoum,https://diarkoum.tn/details.php?id_annonce=8550,Terrain,90000,2022-09-01,Nabeul,Hammamet,Hammamet,8050,500,Titre Bleu,Non,Non,Oui,,,Non,Non,Oui,Résidentielle
diarkoum,https://diarkoum.tn/details.php?id_annonce=8549,Terrain,100000,2022-09-01,Nabeul,Hammamet,Hammamet,8050,200,Non,Non,Non,Oui,,,Non,Non,Oui,Résidentielle
diarkoum,https://diarkoum.tn/details.php?id_annonce=8548,Terrain,55000,2022-09-01,Nabeul,Hammamet,Hammamet,8050,361,Non,Non,Non,Oui,,,Non,Non,Oui,Résidentielle
diarkoum,https://diarkoum.tn/details.php?id_annonce=8547,Terrain,110000,2022-09-01,Nabeul,Hammamet,Hammamet,8050,2700,Non,Non,Non,Oui,,,Non,Non,Oui,Résidentielle
diarkoum,https://diarkoum.tn/details.php?id_annonce=8546,Terrain,630000,2022-09-01,Nabeul,Hammamet,Hammamet,8050,3700,Titre Individuel,Non,Non,Oui,,,Non,Non,Oui,Résidentielle
diarkoum,https://diarkoum.tn/details.php?id_annonce=8543,Terrain,72000,2022-09-01,Nabeul,Hammamet,Hammamet,8050,455,Non,Non,Non,Oui,,,Non,Non,Oui,Résidentielle
diarkoum,https://diarkoum.tn/details.php?id_annonce=8542,Terrain,180000,2022-08-31,Nabeul,Hammamet,Hammamet,8050,300,Titre Individuel,Non,Oui,Oui,,,Non,Non,Oui,Résidentielle
diarkoum,https://diarkoum.tn/details.php?id_annonce=8534,Terrain,330000,2022-08-31,Nabeul,Hammamet,Hammamet,8050,399,Titre Individuel,Non,Non,Oui,,,Non,Non,Oui,Résidentielle
diarkoum,https://diarkoum.tn/details.php?id_annonce=8533,Terrain,227500,2022-08-31,Nabeul,Hammamet,Hammamet,8050,650,Titre Bleu,Non,Non,Oui,,,Non,Non,Oui,Résidentielle
diarkoum,https://diarkoum.tn/details.php?id_annonce=8529,Terrain,225000,2022-08-31,Nabeul,Hammamet,Hammamet,8050,278,Titre Individuel,Non,Non,Oui,,,Non,Non,Oui,Résidentielle
diarkoum,https://diarkoum.tn/details.php?id_annonce=8528,Terrain,555000,2022-08-31,Nabeul,Hammamet,Hammamet,8050,555,Titre Bleu,Non,Non,Oui,,,Non,Non,Oui,Résidentielle
diarkoum,https://diarkoum.tn/details.php?id_annonce=8527,Terrain,85000,2022-08-31,Nabeul,Hammamet,Hammamet,8050,1000,Titre Individuel,Non,Non,Oui,,,Non,Non,Oui,Résidentielle
diarkoum,https://diarkoum.tn/details.php?id_annonce=8526,Terrain,90000,2022-08-31,Nabeul,Hammamet,Hammamet,8050,557,Non,Non,Non,Oui,,,Non,Non,Oui,Résidentielle
diarkoum,https://diarkoum.tn/details.php?id_annonce=8525,Terrain,72000,2022-08-31,Nabeul,Hammamet,Hammamet,8050,455,Non,Non,Non,Oui,,,Non,Non,Oui,Résidentielle
diarkoum,https://diarkoum.tn/details.php?id_annonce=8516,Terrain,302000,2022-08-28,Nabeul,Hammamet,Hammamet,8050,570,Titre Bleu,Non,Non,Oui,,,Non,Oui,Oui,Résidentielle
diarkoum,https://diarkoum.tn/details.php?id_annonce=8513,Terrain,270000,2022-08-28,Nabeul,Béni Khiar,Béni Khiar,8000,3316,Non,Non,Non,Oui,,,Oui,Non,Oui,Résidentielle
diarkoum,https://diarkoum.tn/details.php?id_annonce=8508,Terrain,425000,2022-08-28,Nabeul,Hammamet,Hammamet,8050,656,Non,Non,Oui,Oui,,,Non,Non,Oui,Résidentielle
diarkoum,https://diarkoum.tn/details.php?id_annonce=8506,Terrain,72000,2022-08-28,Nabeul,Hammamet,Hammamet,8050,455,Non,Non,Non,Oui,,,Non,Non,Oui,Résidentielle
diarkoum,https://diarkoum.tn/details.php?id_annonce=8505,Terrain,198000,2022-08-28,Sousse,Bouficha,Bouficha,4000,1800,Titre Individuel,Non,Non,Oui,,,Non,Non,Oui,Résidentielle
diarkoum,https://diarkoum.tn/details.php?id_annonce=8503,Terrain,180000,2022-08-27,Nabeul,Hammamet,Hammamet,8050,300,Titre Individuel,Non,Oui,Oui,,,Non,Non,Oui,Résidentielle
diarkoum,https://diarkoum.tn/details.php?id_annonce=8499,Terrain,72000,2022-08-27,Nabeul,Hammamet,Hammamet,8050,455,Non,Non,Non,Oui,,,Non,Non,Oui,Résidentielle
diarkoum,https://diarkoum.tn/details.php?id_annonce=8498,Terrain,135000,2022-08-27,Nabeul,Hammamet,Hammamet,8050,1748,Titre Bleu,Non,Non,Oui,,,Non,Non,Oui,Résidentielle
diarkoum,https://diarkoum.tn/details.php?id_annonce=8497,Terrain,50000,2022-08-27,Nabeul,Hammamet,Hammamet,8050,500,Non,Non,Non,Oui,,,Non,Non,Oui,Résidentielle
diarkoum,https://diarkoum.tn/details.php?id_annonce=8494,Terrain,200000,2022-08-26,Nabeul,Hammamet,Hammamet,8050,354,Titre Bleu,Non,Non,Oui,,,Non,Non,Oui,Résidentielle
diarkoum,https://diarkoum.tn/details.php?id_annonce=8488,Terrain,234500,2022-08-26,Ariana,Ariana Ville,Ariana Ville,2080,335,Non,Non,Non,Oui,,,Non,Non,Oui,Résidentielle
diarkoum,https://diarkoum.tn/details.php?id_annonce=8489,Terrain,250000,2022-08-26,Nabeul,Hammamet,Hammamet,8050,900,Non,Non,Non,Oui,,,Oui,Non,Oui,Résidentielle
diarkoum,https://diarkoum.tn/details.php?id_annonce=8486,Terrain,227500,2022-08-26,Nabeul,Hammamet,Hammamet,8050,650,Titre Bleu,Non,Non,Oui,,,Non,Non,Oui,Résidentielle
diarkoum,https://diarkoum.tn/details.php?id_annonce=8485,Terrain,408000,2022-08-26,Nabeul,Hammamet,Hammamet,8050,429,Non,Non,Non,Oui,,,Non,Non,Oui,Résidentielle
diarkoum,https://diarkoum.tn/details.php?id_annonce=8484,Terrain,210000,2022-08-26,Nabeul,Hammamet,Hammamet,8050,350,Non,Non,Non,Oui,,,Oui,Non,Oui,Résidentielle
diarkoum,https://diarkoum.tn/details.php?id_annonce=8483,Terrain,72000,2022-08-26,Nabeul,Hammamet,Hammamet,8050,455,Non,Non,Non,Oui,,,Non,Non,Oui,Résidentielle
diarkoum,https://diarkoum.tn/details.php?id_annonce=8482,Terrain,150000,2022-08-26,Nabeul,Hammamet,Hammamet,8050,210,Titre Individuel,Non,Non,Oui,,,Non,Non,Oui,Résidentielle
diarkoum,https://diarkoum.tn/details.php?id_annonce=8481,Terrain,380000,2022-08-26,Nabeul,Hammamet,Hammamet,8050,1380,Non,Non,Non,Oui,,,Non,Non,Oui,Résidentielle
diarkoum,https://diarkoum.tn/details.php?id_annonce=8478,Terrain,135000,2022-08-25,Nabeul,Hammamet,Hammamet,8050,500,Non,Non,Non,Oui,,,Non,Non,Oui,Résidentielle
diarkoum,https://diarkoum.tn/details.php?id_annonce=8475,Terrain,70000,2022-08-25,Nabeul,Hammamet,Hammamet,8050,262,Titre Bleu,Non,Non,Oui,,,Oui,Non,Oui,Résidentielle
diarkoum,https://diarkoum.tn/details.php?id_annonce=8472,Terrain,300000,2022-08-25,Nabeul,Hammamet,Hammamet,8050,505,Titre Individuel,Non,Non,Oui,,,Oui,Non,Oui,Résidentielle
diarkoum,https://diarkoum.tn/details.php?id_annonce=8469,Terrain,310000,2022-08-25,Nabeul,Hammamet,Hammamet,8050,295,Non,Non,Non,Oui,,,Non,Non,Oui,Résidentielle
diarkoum,https://diarkoum.tn/details.php?id_annonce=8466,Terrain,110000,2022-08-25,Nabeul,Hammamet,Hammamet,8050,1000,Non,Non,Non,Oui,,,Non,Non,Oui,Résidentielle
diarkoum,https://diarkoum.tn/details.php?id_annonce=8465,Terrain,168000,2022-08-24,Nabeul,Hammamet,Hammamet,8050,280,Non,Non,Non,Oui,,,Non,Non,Oui,Résidentielle
diarkoum,https://diarkoum.tn/details.php?id_annonce=8462,Terrain,73000,2022-08-24,Nabeul,Hammamet,Hammamet,8050,455,Non,Non,Non,Oui,,,Non,Non,Oui,Résidentielle
diarkoum,https://diarkoum.tn/details.php?id_annonce=8459,Terrain,198000,2022-08-24,Sousse,Bouficha,Bouficha,4000,1800,Titre Individuel,Non,Non,Oui,,,Non,Non,Oui,Résidentielle
diarkoum,https://diarkoum.tn/details.php?id_annonce=8458,Terrain,290000,2022-08-24,Nabeul,Hammamet,Hammamet,8050,361,Non,Non,Oui,Oui,,,Non,Non,Oui,Résidentielle
diarkoum,https://diarkoum.tn/details.php?id_annonce=8457,Terrain,195000,2022-08-24,Nabeul,Hammamet,Hammamet,8050,1000,Titre Bleu,Non,Non,Oui,,,Non,Non,Oui,Résidentielle
diarkoum,https://diarkoum.tn/details.php?id_annonce=8456,Terrain,590000,2022-08-24,Nabeul,Hammamet,Hammamet,8050,654,Titre Individuel,Non,Non,Oui,,,Oui,Non,Oui,Résidentielle
diarkoum,https://diarkoum.tn/details.php?id_annonce=8455,Terrain,1040000,2022-08-24,Nabeul,Korba,Korba,8070,1300,Titre Bleu,Non,Oui,Oui,,,Non,Non,Oui,Résidentielle
diarkoum,https://diarkoum.tn/details.php?id_annonce=8454,Terrain,360000,2022-08-24,Nabeul,Korba,Korba,8070,2450,Non,Non,Non,Oui,,,Non,Non,Oui,Résidentielle
diarkoum,https://diarkoum.tn/details.php?id_annonce=8453,Terrain,135000,2022-08-24,Nabeul,Nabeul,Nabeul,8000,232,Titre Individuel,Non,Non,Oui,,,Oui,Non,Oui,Résidentielle
diarkoum,https://diarkoum.tn/details.php?id_annonce=8452,Terrain,186400,2022-08-24,Nabeul,Nabeul,Nabeul,8000,233,Titre Individuel,Non,Oui,Oui,,13,Non,Non,Oui,Résidentielle
diarkoum,https://diarkoum.tn/details.php?id_annonce=8451,Terrain,125000,2022-08-24,Nabeul,Hammamet,Hammamet,8050,192,Titre Bleu,Non,Non,Oui,,,Non,Non,Oui,Résidentielle
diarkoum,https://diarkoum.tn/details.php?id_annonce=8450,Terrain,425000,2022-08-24,Nabeul,Béni Khiar,Béni Khiar,8000,2737,Non,Non,Non,Oui,,,Oui,Non,Oui,Résidentielle
diarkoum,https://diarkoum.tn/details.php?id_annonce=8449,Terrain,270000,2022-08-24,Nabeul,Béni Khiar,Béni Khiar,8000,3316,Non,Non,Non,Oui,,,Oui,Non,Oui,Résidentielle
diarkoum,https://diarkoum.tn/details.php?id_annonce=8446,Terrain,90000,2022-08-23,Nabeul,Hammamet,Hammamet,8050,132,Titre Bleu,Non,Non,Oui,11x12,,Non,Non,Oui,Résidentielle
diarkoum,https://diarkoum.tn/details.php?id_annonce=8443,Terrain,170000,2022-08-23,Nabeul,Hammamet,Hammamet,8050,10000,Titre Bleu,Non,Non,Oui,,,Oui,Non,Oui,Résidentielle
diarkoum,https://diarkoum.tn/details.php?id_annonce=8439,Terrain,305000,2022-08-23,Nabeul,Hammamet,Hammamet,8050,486,Non,Non,Non,Oui,,,Non,Non,Oui,Résidentielle
diarkoum,https://diarkoum.tn/details.php?id_annonce=8436,Terrain,75000,2022-08-23,Nabeul,Hammamet,Hammamet,8050,288,Non,Non,Non,Oui,,,Non,Non,Oui,Résidentielle
diarkoum,https://diarkoum.tn/details.php?id_annonce=8428,Terrain,185000,2022-08-21,Nabeul,Hammamet,Hammamet,8050,1000,Titre Bleu,Non,Non,Oui,,20,Oui,Non,Oui,Résidentielle
diarkoum,https://diarkoum.tn/details.php?id_annonce=8426,Terrain,675000,2022-08-21,Nabeul,Hammamet,Hammamet,8050,1122,Non,Non,Non,Oui,,,Non,Non,Oui,Résidentielle
diarkoum,https://diarkoum.tn/details.php?id_annonce=8423,Terrain,130000,2022-08-21,Nabeul,Hammamet,Hammamet,8050,250,Titre Bleu,Non,Non,Oui,,,Non,Non,Oui,Résidentielle
diarkoum,https://diarkoum.tn/details.php?id_annonce=8422,Terrain,1040000,2022-08-21,Nabeul,Korba,Korba,8070,1300,Titre Bleu,Non,Oui,Oui,,,Non,Non,Oui,Résidentielle
diarkoum,https://diarkoum.tn/details.php?id_annonce=8421,Terrain,630000,2022-08-21,Nabeul,Hammamet,Hammamet,8050,3700,Titre Individuel,Non,Non,Oui,,,Non,Non,Oui,Résidentielle
diarkoum,https://diarkoum.tn/details.php?id_annonce=8420,Terrain,73000,2022-08-21,Nabeul,Hammamet,Hammamet,8050,455,Non,Non,Non,Oui,,,Non,Non,Oui,Résidentielle
diarkoum,https://diarkoum.tn/details.php?id_annonce=8418,Terrain,50000,2022-08-20,Nabeul,Hammamet,Hammamet,8050,500,Non,Non,Non,Oui,,,Non,Non,Oui,Résidentielle
diarkoum,https://diarkoum.tn/details.php?id_annonce=8416,Terrain,200000,2022-08-20,Nabeul,Hammamet,Hammamet,8050,500,Titre Bleu,Non,Oui,Oui,,,Non,Non,Oui,Résidentielle
diarkoum,https://diarkoum.tn/details.php?id_annonce=8413,Terrain,650000,2022-08-20,Nabeul,Hammamet,Hammamet,8050,40000,Titre Bleu,Non,Non,Oui,,,Oui,Non,Oui,Résidentielle
diarkoum,https://diarkoum.tn/details.php?id_annonce=8410,Terrain,480000,2022-08-20,Nabeul,Hammamet,Hammamet,8050,400,Non,Non,Oui,Oui,,,Non,Non,Oui,Résidentielle
diarkoum,https://diarkoum.tn/details.php?id_annonce=8409,Terrain,75000,2022-08-19,Nabeul,Hammamet,Hammamet,8050,500,Non,Non,Non,Oui,,,Non,Oui,Oui,Résidentielle
diarkoum,https://diarkoum.tn/details.php?id_annonce=8406,Terrain,120000,2022-08-19,Nabeul,Hammamet,Hammamet,8050,170,Non,Non,Non,Oui,,,Non,Non,Oui,Résidentielle
diarkoum,https://diarkoum.tn/details.php?id_annonce=8404,Terrain,100000,2022-08-19,Nabeul,Hammamet,Hammamet,8050,200,Non,Non,Non,Oui,,,Non,Non,Oui,Résidentielle
diarkoum,https://diarkoum.tn/details.php?id_annonce=8400,Terrain,55000,2022-08-19,Nabeul,Hammamet,Hammamet,8050,361,Non,Non,Non,Oui,,,Non,Non,Oui,Résidentielle
diarkoum,https://diarkoum.tn/details.php?id_annonce=8397,Terrain,55000,2022-08-19,Nabeul,Hammamet,Hammamet,8050,1312,Non,Non,Non,Oui,,,Non,Non,Oui,Résidentielle
diarkoum,https://diarkoum.tn/details.php?id_annonce=8395,Terrain,80000,2022-08-18,Nabeul,Hammamet,Hammamet,8050,320,Titre Bleu,Non,Non,Oui,,,Non,Oui,Oui,Résidentielle
diarkoum,https://diarkoum.tn/details.php?id_annonce=8391,Terrain,280000,2022-08-18,Nabeul,Hammamet,Hammamet,8050,10000,Titre Bleu,Non,Non,Oui,,,Non,Oui,Oui,Résidentielle
diarkoum,https://diarkoum.tn/details.php?id_annonce=8388,Terrain,590000,2022-08-18,Nabeul,Hammamet,Hammamet,8050,654,Titre Individuel,Non,Non,Oui,,,Oui,Non,Oui,Résidentielle
diarkoum,https://diarkoum.tn/details.php?id_annonce=8385,Terrain,198000,2022-08-18,Sousse,Bouficha,Bouficha,4000,1800,Titre Individuel,Non,Non,Oui,,,Non,Non,Oui,Résidentielle
diarkoum,https://diarkoum.tn/details.php?id_annonce=8383,Terrain,302000,2022-08-18,Nabeul,Hammamet,Hammamet,8050,570,Titre Bleu,Non,Non,Oui,,,Non,Oui,Oui,Résidentielle
diarkoum,https://diarkoum.tn/details.php?id_annonce=8380,Terrain,135000,2022-08-18,Nabeul,Hammamet,Hammamet,8050,1748,Titre Bleu,Non,Non,Oui,,,Non,Non,Oui,Résidentielle
diarkoum,https://diarkoum.tn/details.php?id_annonce=8382,Terrain,105000,2022-08-18,Nabeul,Hammamet,Hammamet,8050,1000,Titre Bleu,Non,Non,Oui,,,Oui,Non,Oui,Résidentielle
diarkoum,https://diarkoum.tn/details.php?id_annonce=8272,Terrain,127400,2022-08-17,Nabeul,Hammamet,Hammamet,8050,182,Non,Non,Non,Oui,,,Non,Non,Oui,Résidentielle
diarkoum,https://diarkoum.tn/details.php?id_annonce=8270,Terrain,8150000,2022-08-17,Tunis,La Marsa,La Marsa,2070,1630,Non,Non,Non,Oui,,,Non,Non,Oui,Résidentielle
diarkoum,https://diarkoum.tn/details.php?id_annonce=8294,Terrain,150000,2022-08-17,Nabeul,Hammamet,Hammamet,8050,1000,Non,Non,Non,Oui,,,Non,Non,Oui,Résidentielle
diarkoum,https://diarkoum.tn/details.php?id_annonce=8379,Terrain,225000,2022-08-17,Nabeul,Hammamet,Hammamet,8050,278,Titre Individuel,Non,Non,Oui,,,Non,Non,Oui,Résidentielle
diarkoum,https://diarkoum.tn/details.php?id_annonce=8378,Terrain,73000,2022-08-17,Nabeul,Hammamet,Hammamet,8050,455,Non,Non,Non,Oui,,,Non,Non,Oui,Résidentielle
diarkoum,https://diarkoum.tn/details.php?id_annonce=8374,Terrain,360000,2022-08-17,Nabeul,Hammamet,Hammamet,8050,300,Non,Non,Oui,Oui,,,Non,Non,Oui,Résidentielle
diarkoum,https://diarkoum.tn/details.php?id_annonce=8372,Terrain,195000,2022-08-17,Nabeul,Hammamet,Hammamet,8050,1000,Titre Bleu,Non,Non,Oui,,,Non,Non,Oui,Résidentielle
diarkoum,https://diarkoum.tn/details.php?id_annonce=8371,Terrain,110000,2022-08-17,Nabeul,Hammamet,Hammamet,8050,1000,Non,Non,Non,Oui,,,Non,Non,Oui,Résidentielle
diarkoum,https://diarkoum.tn/details.php?id_annonce=8369,Terrain,250000,2022-08-16,Nabeul,Hammamet,Hammamet,8050,1000,Non,Non,Non,Oui,,,Non,Non,Oui,Résidentielle
diarkoum,https://diarkoum.tn/details.php?id_annonce=8366,Terrain,408000,2022-08-16,Nabeul,Hammamet,Hammamet,8050,429,Non,Non,Non,Oui,,,Non,Non,Oui,Résidentielle
diarkoum,https://diarkoum.tn/details.php?id_annonce=8363,Terrain,125000,2022-08-16,Nabeul,Hammamet,Hammamet,8050,687,Non,Non,Non,Oui,,,Non,Non,Oui,Résidentielle
diarkoum,https://diarkoum.tn/details.php?id_annonce=8359,Terrain,425000,2022-08-16,Nabeul,Béni Khiar,Béni Khiar,8000,2737,Non,Non,Non,Oui,,,Oui,Non,Oui,Résidentielle
diarkoum,https://diarkoum.tn/details.php?id_annonce=8356,Terrain,50000,2022-08-16,Nabeul,Hammamet,Hammamet,8050,500,Non,Non,Non,Oui,,,Non,Non,Oui,Résidentielle
diarkoum,https://diarkoum.tn/details.php?id_annonce=8354,Terrain,100000,2022-08-15,Nabeul,El Haouaria,El Haouaria,8000,10000,Oui,Non,Non,Oui,,,Non,Non,Oui,Résidentielle
diarkoum,https://diarkoum.tn/details.php?id_annonce=8353,Terrain,160000,2022-08-14,Nabeul,Hammamet,Hammamet,8050,1000,Titre Bleu,Non,Non,Oui,,,Non,Non,Oui,Résidentielle
diarkoum,https://diarkoum.tn/details.php?id_annonce=8350,Terrain,425000,2022-08-14,Nabeul,Hammamet,Hammamet,8050,656,Non,Non,Oui,Oui,,,Non,Non,Oui,Résidentielle
diarkoum,https://diarkoum.tn/details.php?id_annonce=8348,Terrain,360000,2022-08-14,Nabeul,Korba,Korba,8070,2450,Non,Non,Non,Oui,,,Non,Non,Oui,Résidentielle
diarkoum,https://diarkoum.tn/details.php?id_annonce=8345,Terrain,110000,2022-08-14,Nabeul,Hammamet,Hammamet,8050,2750,Non,Non,Non,Oui,,,Non,Non,Oui,Résidentielle
diarkoum,https://diarkoum.tn/details.php?id_annonce=8343,Terrain,210000,2022-08-14,Nabeul,Hammamet,Hammamet,8050,350,Non,Non,Non,Oui,,,Oui,Non,Oui,Résidentielle
diarkoum,https://diarkoum.tn/details.php?id_annonce=8342,Terrain,270000,2022-08-14,Nabeul,Béni Khiar,Béni Khiar,8000,3316,Non,Non,Non,Oui,,,Oui,Non,Oui,Résidentielle
diarkoum,https://diarkoum.tn/details.php?id_annonce=8340,Terrain,135000,2022-08-13,Nabeul,Nabeul,Nabeul,8000,232,Titre Individuel,Non,Non,Oui,,,Oui,Non,Oui,Résidentielle
diarkoum,https://diarkoum.tn/details.php?id_annonce=8338,Terrain,88000,2022-08-13,Nabeul,Hammamet,Hammamet,8050,250,Non,Non,Non,Oui,,,Non,Non,Oui,Résidentielle
diarkoum,https://diarkoum.tn/details.php?id_annonce=8335,Terrain,305000,2022-08-13,Nabeul,Hammamet,Hammamet,8050,486,Non,Non,Non,Oui,,,Non,Non,Oui,Résidentielle
diarkoum,https://diarkoum.tn/details.php?id_annonce=8333,Terrain,227500,2022-08-13,Nabeul,Hammamet,Hammamet,8050,650,Titre Bleu,Non,Non,Oui,,,Non,Non,Oui,Résidentielle
diarkoum,https://diarkoum.tn/details.php?id_annonce=8332,Terrain,380000,2022-08-13,Nabeul,Hammamet,Hammamet,8050,25000,Non,Non,Non,Oui,,,Non,Non,Oui,Résidentielle
diarkoum,https://diarkoum.tn/details.php?id_annonce=8331,Terrain,73000,2022-08-13,Nabeul,Hammamet,Hammamet,8050,455,Non,Non,Non,Oui,,,Non,Non,Oui,Résidentielle
diarkoum,https://diarkoum.tn/details.php?id_annonce=7755,Terrain,22500,2022-08-06,Nabeul,Menzel Temime,Menzel Temime,8000,150,Titre Bleu,Non,Non,Oui,,,Non,Non,Oui,Résidentielle
diarkoum,https://diarkoum.tn/details.php?id_annonce=8316,Terrain,500000,2022-08-04,Nabeul,Hammamet,Hammamet,8050,1000,Non,Non,Non,Oui,,,Non,Non,Oui,Résidentielle
diarkoum,https://diarkoum.tn/details.php?id_annonce=8315,Terrain,208000,2022-08-04,Nabeul,Hammamet,Hammamet,8050,320,Non,Non,Non,Oui,,,Non,Non,Oui,Résidentielle
diarkoum,https://diarkoum.tn/details.php?id_annonce=8314,Terrain,135000,2022-08-04,Nabeul,Hammamet,Hammamet,8050,3000,Non,Non,Non,Oui,,,Non,Non,Oui,Résidentielle
diarkoum,https://diarkoum.tn/details.php?id_annonce=8313,Terrain,382500,2022-08-04,Sousse,Bouficha,Bouficha,4000,1275,Oui,Non,Non,Oui,,,Non,Non,Oui,Résidentielle
diarkoum,https://diarkoum.tn/details.php?id_annonce=8312,Terrain,354200,2022-08-04,Nabeul,Hammamet,Hammamet,8050,322,Non,Non,Non,Oui,,,Non,Non,Oui,Résidentielle
diarkoum,https://diarkoum.tn/details.php?id_annonce=8311,Terrain,3444000,2022-08-04,Nabeul,Hammamet,Hammamet,8050,3444,Non,Non,Non,Oui,,,Non,Non,Oui,Résidentielle
diarkoum,https://diarkoum.tn/details.php?id_annonce=8310,Terrain,500760,2022-08-04,Nabeul,Hammamet,Hammamet,8050,4173,Non,Non,Non,Oui,,,Non,Non,Oui,Résidentielle
diarkoum,https://diarkoum.tn/details.php?id_annonce=8309,Terrain,150000,2022-08-04,Nabeul,Hammamet,Hammamet,8050,1000,Non,Non,Non,Oui,,,Non,Non,Oui,Résidentielle
diarkoum,https://diarkoum.tn/details.php?id_annonce=8308,Terrain,525000,2022-08-04,Nabeul,Hammamet,Hammamet,8050,350,Oui,Non,Non,Oui,,,Non,Non,Oui,Résidentielle
diarkoum,https://diarkoum.tn/details.php?id_annonce=8307,Terrain,127400,2022-08-04,Nabeul,Hammamet,Hammamet,8050,182,Non,Non,Non,Oui,,,Non,Non,Oui,Résidentielle
diarkoum,https://diarkoum.tn/details.php?id_annonce=8306,Terrain,800000,2022-08-04,Nabeul,Hammamet,Hammamet,8050,606,Non,Non,Non,Oui,,,Non,Non,Oui,Résidentielle
diarkoum,https://diarkoum.tn/details.php?id_annonce=8305,Terrain,216000,2022-08-04,Nabeul,Hammamet,Hammamet,8050,240,Non,Non,Non,Oui,,,Non,Non,Oui,Résidentielle
diarkoum,https://diarkoum.tn/details.php?id_annonce=8304,Terrain,176700,2022-08-04,Nabeul,Hammamet,Hammamet,8050,186,Non,Non,Non,Oui,,,Non,Non,Oui,Résidentielle
diarkoum,https://diarkoum.tn/details.php?id_annonce=8303,Terrain,105000,2022-08-04,Nabeul,Hammamet,Hammamet,8050,115,Non,Non,Non,Oui,,,Non,Non,Oui,Résidentielle
diarkoum,https://diarkoum.tn/details.php?id_annonce=8302,Terrain,250000,2022-08-04,Nabeul,Hammamet,Hammamet,8050,500,Non,Non,Non,Oui,,,Non,Non,Oui,Résidentielle
diarkoum,https://diarkoum.tn/details.php?id_annonce=8295,Terrain,500760,2022-08-03,Nabeul,Hammamet,Hammamet,8050,4173,Non,Non,Non,Oui,,,Non,Non,Oui,Résidentielle
diarkoum,https://diarkoum.tn/details.php?id_annonce=8271,Terrain,195000,2022-08-03,Sousse,Bouficha,Bouficha,4000,1500,Non,Non,Non,Oui,,,Non,Non,Oui,Résidentielle
diarkoum,https://diarkoum.tn/details.php?id_annonce=8269,Terrain,700000,2022-08-03,Nabeul,Hammamet,Hammamet,8050,2000,Non,Non,Non,Oui,,,Non,Non,Oui,Résidentielle
diarkoum,https://diarkoum.tn/details.php?id_annonce=8268,Terrain,270400,2022-08-03,Nabeul,Hammamet,Hammamet,8050,416,Non,Non,Non,Oui,,,Non,Non,Oui,Résidentielle
diarkoum,https://diarkoum.tn/details.php?id_annonce=8267,Terrain,353400,2022-08-03,Nabeul,Hammamet,Hammamet,8050,372,Non,Non,Non,Oui,,,Non,Non,Oui,Résidentielle
diarkoum,https://diarkoum.tn/details.php?id_annonce=8266,Terrain,800000,2022-08-03,Nabeul,Hammamet,Hammamet,8050,606,Non,Non,Non,Oui,,,Non,Non,Oui,Résidentielle
diarkoum,https://diarkoum.tn/details.php?id_annonce=8265,Terrain,600000,2022-08-03,Nabeul,Hammamet,Hammamet,8050,400,Non,Non,Non,Oui,,,Non,Non,Oui,Résidentielle
diarkoum,https://diarkoum.tn/details.php?id_annonce=8264,Terrain,250000,2022-08-03,Nabeul,Hammamet,Hammamet,8050,500,Non,Non,Non,Oui,,,Non,Non,Oui,Résidentielle
diarkoum,https://diarkoum.tn/details.php?id_annonce=8263,Terrain,314400,2022-08-03,Nabeul,Hammamet,Hammamet,8050,2620,Non,Non,Non,Oui,,,Non,Non,Oui,Résidentielle
diarkoum,https://diarkoum.tn/details.php?id_annonce=8262,Terrain,180000,2022-08-03,Nabeul,Hammamet,Hammamet,8050,1000,Non,Non,Non,Oui,,,Oui,Non,Oui,Résidentielle
diarkoum,https://diarkoum.tn/details.php?id_annonce=8261,Terrain,750000,2022-08-03,Nabeul,Hammamet,Hammamet,8050,1500,Non,Non,Non,Oui,,,Non,Non,Oui,Résidentielle
diarkoum,https://diarkoum.tn/details.php?id_annonce=8260,Terrain,1225980,2022-08-03,Sousse,Enfida,Enfida,4000,11676,Oui,Non,Non,Oui,,,Oui,Non,Oui,Résidentielle
diarkoum,https://diarkoum.tn/details.php?id_annonce=8259,Terrain,450000,2022-08-03,Nabeul,Hammamet,Hammamet,8050,5000,Non,Non,Non,Oui,,,Non,Non,Oui,Résidentielle
diarkoum,https://diarkoum.tn/details.php?id_annonce=8258,Terrain,275000,2022-08-03,Nabeul,Hammamet,Hammamet,8050,1100,Non,Non,Non,Oui,,,Non,Non,Oui,Résidentielle
diarkoum,https://diarkoum.tn/details.php?id_annonce=8253,Terrain,120000,2022-08-02,Nabeul,Hammamet,Hammamet,8050,360,Non,Non,Non,Oui,,,Non,Non,Oui,Résidentielle
diarkoum,https://diarkoum.tn/details.php?id_annonce=8252,Terrain,366420,2022-08-02,Nabeul,Hammamet,Hammamet,8050,591,Non,Non,Non,Oui,,,Non,Non,Oui,Résidentielle
diarkoum,https://diarkoum.tn/details.php?id_annonce=8250,Terrain,680000,2022-08-02,Nabeul,Hammamet,Hammamet,8050,1190,Oui,Oui,Non,Oui,,,Non,Non,Oui,Résidentielle
diarkoum,https://diarkoum.tn/details.php?id_annonce=8249,Terrain,830000,2022-08-02,Nabeul,Hammamet,Hammamet,8050,815,Non,Non,Non,Oui,,,Non,Non,Oui,Résidentielle
diarkoum,https://diarkoum.tn/details.php?id_annonce=8248,Terrain,449600,2022-08-02,Nabeul,Hammamet,Hammamet,8050,562,Non,Non,Non,Oui,,,Non,Non,Oui,Résidentielle
diarkoum,https://diarkoum.tn/details.php?id_annonce=8247,Terrain,216000,2022-08-02,Nabeul,Hammamet,Hammamet,8050,240,Non,Non,Non,Oui,,,Non,Non,Oui,Résidentielle
diarkoum,https://diarkoum.tn/details.php?id_annonce=8244,Terrain,288800,2022-08-02,Nabeul,Hammamet,Hammamet,8050,304,Non,Non,Non,Oui,,,Non,Non,Oui,Résidentielle
diarkoum,https://diarkoum.tn/details.php?id_annonce=8246,Terrain,290000,2022-08-02,Nabeul,Hammamet,Hammamet,8050,290,Non,Non,Non,Oui,,,Non,Non,Oui,Résidentielle
diarkoum,https://diarkoum.tn/details.php?id_annonce=8243,Terrain,373800,2022-08-02,Nabeul,Nabeul,Nabeul,8000,356,Oui,Non,Non,Oui,,,Non,Non,Oui,Résidentielle
diarkoum,https://diarkoum.tn/details.php?id_annonce=8242,Terrain,260000,2022-08-02,Nabeul,Hammamet,Hammamet,8050,400,Non,Non,Non,Oui,,,Non,Non,Oui,Résidentielle
diarkoum,https://diarkoum.tn/details.php?id_annonce=8241,Terrain,350000,2022-08-02,Nabeul,Hammamet,Hammamet,8050,411,Non,Non,Non,Oui,,,Non,Non,Oui,Résidentielle
diarkoum,https://diarkoum.tn/details.php?id_annonce=8239,Terrain,354200,2022-08-02,Nabeul,Hammamet,Hammamet,8050,322,Non,Non,Non,Oui,,,Non,Non,Oui,Résidentielle
diarkoum,https://diarkoum.tn/details.php?id_annonce=8238,Terrain,3444000,2022-08-02,Nabeul,Hammamet,Hammamet,8050,3444,Non,Non,Non,Oui,,,Non,Non,Oui,Résidentielle
diarkoum,https://diarkoum.tn/details.php?id_annonce=8197,Terrain,160000,2022-08-01,Nabeul,Hammamet,Hammamet,8050,2000,Non,Non,Non,Oui,,,Non,Non,Oui,Résidentielle
diarkoum,https://diarkoum.tn/details.php?id_annonce=8196,Terrain,432000,2022-08-01,Nabeul,Hammamet,Hammamet,8050,360,Non,Non,Non,Oui,,,Non,Non,Oui,Résidentielle
diarkoum,https://diarkoum.tn/details.php?id_annonce=8195,Terrain,275000,2022-08-01,Nabeul,Hammamet,Hammamet,8050,1100,Non,Non,Non,Oui,,,Non,Non,Oui,Résidentielle
diarkoum,https://diarkoum.tn/details.php?id_annonce=8194,Terrain,450000,2022-08-01,Nabeul,Hammamet,Hammamet,8050,5000,Non,Non,Non,Oui,,,Non,Non,Oui,Résidentielle
diarkoum,https://diarkoum.tn/details.php?id_annonce=8193,Terrain,350000,2022-08-01,Nabeul,Hammamet,Hammamet,8050,1761,Oui,Non,Non,Oui,,,Oui,Non,Oui,Résidentielle
diarkoum,https://diarkoum.tn/details.php?id_annonce=8192,Terrain,159000,2022-08-01,Nabeul,Hammamet,Hammamet,8050,5300,Non,Non,Non,Oui,,,Non,Non,Oui,Résidentielle
diarkoum,https://diarkoum.tn/details.php?id_annonce=8191,Terrain,750000,2022-08-01,Nabeul,Hammamet,Hammamet,8050,1500,Non,Non,Non,Oui,,,Non,Non,Oui,Résidentielle
diarkoum,https://diarkoum.tn/details.php?id_annonce=8190,Terrain,382500,2022-08-01,Sousse,Bouficha,Bouficha,4000,1275,Oui,Non,Non,Oui,,,Non,Non,Oui,Résidentielle
diarkoum,https://diarkoum.tn/details.php?id_annonce=8189,Terrain,208000,2022-08-01,Nabeul,Hammamet,Hammamet,8050,320,Non,Non,Non,Oui,,,Non,Non,Oui,Résidentielle
diarkoum,https://diarkoum.tn/details.php?id_annonce=8188,Terrain,500000,2022-08-01,Nabeul,Hammamet,Hammamet,8050,1000,Non,Non,Non,Oui,,,Non,Non,Oui,Résidentielle
diarkoum,https://diarkoum.tn/details.php?id_annonce=8187,Terrain,500000,2022-08-01,Nabeul,Hammamet,Hammamet,8050,5000,Non,Non,Non,Oui,,,Oui,Non,Oui,Résidentielle
diarkoum,https://diarkoum.tn/details.php?id_annonce=8186,Terrain,314400,2022-08-01,Nabeul,Hammamet,Hammamet,8050,2620,Non,Non,Non,Oui,,,Non,Non,Oui,Résidentielle
diarkoum,https://diarkoum.tn/details.php?id_annonce=8185,Terrain,250000,2022-08-01,Nabeul,Hammamet,Hammamet,8050,500,Non,Non,Non,Oui,,,Non,Non,Oui,Résidentielle
diarkoum,https://diarkoum.tn/details.php?id_annonce=8184,Terrain,600000,2022-08-01,Nabeul,Hammamet,Hammamet,8050,400,Non,Non,Non,Oui,,,Non,Non,Oui,Résidentielle
diarkoum,https://diarkoum.tn/details.php?id_annonce=8183,Terrain,270400,2022-08-01,Nabeul,Hammamet,Hammamet,8050,416,Non,Non,Non,Oui,,,Non,Non,Oui,Résidentielle
diarkoum,https://diarkoum.tn/details.php?id_annonce=8176,Terrain,314400,2022-07-30,Nabeul,Hammamet,Hammamet,8050,2620,Non,Non,Non,Oui,,,Non,Non,Oui,Résidentielle
diarkoum,https://diarkoum.tn/details.php?id_annonce=8175,Terrain,250000,2022-07-30,Nabeul,Hammamet,Hammamet,8050,500,Non,Non,Non,Oui,,,Non,Non,Oui,Résidentielle
diarkoum,https://diarkoum.tn/details.php?id_annonce=8173,Terrain,270400,2022-07-30,Nabeul,Hammamet,Hammamet,8050,416,Non,Non,Non,Oui,,,Non,Non,Oui,Résidentielle
diarkoum,https://diarkoum.tn/details.php?id_annonce=8172,Terrain,8500000,2022-07-30,Tunis,La Marsa,La Marsa,2070,1700,Non,Non,Non,Oui,,,Non,Non,Oui,Résidentielle
diarkoum,https://diarkoum.tn/details.php?id_annonce=8171,Terrain,2000,2022-07-30,Nabeul,Hammamet,Hammamet,8050,700000,Non,Non,Non,Oui,,,Non,Non,Oui,Résidentielle
diarkoum,https://diarkoum.tn/details.php?id_annonce=8170,Terrain,576000,2022-07-30,Nabeul,Hammamet,Hammamet,8050,960,Non,Non,Non,Oui,,30,Oui,Non,Oui,Résidentielle
diarkoum,https://diarkoum.tn/details.php?id_annonce=8169,Terrain,8150000,2022-07-30,Tunis,La Marsa,La Marsa,2070,1630,Non,Non,Non,Oui,,,Non,Non,Oui,Résidentielle
diarkoum,https://diarkoum.tn/details.php?id_annonce=8167,Terrain,101700,2022-07-30,Nabeul,Hammamet,Hammamet,8050,339,Non,Non,Non,Oui,,,Non,Non,Oui,Résidentielle
diarkoum,https://diarkoum.tn/details.php?id_annonce=8166,Terrain,240000,2022-07-30,Nabeul,Hammamet,Hammamet,8050,1000,Non,Non,Non,Oui,,,Non,Non,Oui,Résidentielle
diarkoum,https://diarkoum.tn/details.php?id_annonce=8165,Terrain,525000,2022-07-30,Nabeul,Hammamet,Hammamet,8050,350,Oui,Non,Non,Oui,,,Non,Non,Oui,Résidentielle
diarkoum,https://diarkoum.tn/details.php?id_annonce=8144,Terrain,366420,2022-07-29,Nabeul,Hammamet,Hammamet,8050,591,Non,Non,Non,Oui,,,Non,Non,Oui,Résidentielle
diarkoum,https://diarkoum.tn/details.php?id_annonce=8143,Terrain,680000,2022-07-29,Nabeul,Hammamet,Hammamet,8050,1190,Oui,Oui,Non,Oui,,,Non,Non,Oui,Résidentielle
diarkoum,https://diarkoum.tn/details.php?id_annonce=8142,Terrain,830000,2022-07-29,Nabeul,Hammamet,Hammamet,8050,815,Non,Non,Non,Oui,,,Non,Non,Oui,Résidentielle
diarkoum,https://diarkoum.tn/details.php?id_annonce=8141,Terrain,449600,2022-07-29,Nabeul,Hammamet,Hammamet,8050,562,Non,Non,Non,Oui,,,Non,Non,Oui,Résidentielle
diarkoum,https://diarkoum.tn/details.php?id_annonce=8140,Terrain,216000,2022-07-29,Nabeul,Hammamet,Hammamet,8050,240,Non,Non,Non,Oui,,,Non,Non,Oui,Résidentielle
diarkoum,https://diarkoum.tn/details.php?id_annonce=8139,Terrain,290000,2022-07-29,Nabeul,Hammamet,Hammamet,8050,290,Non,Non,Non,Oui,,,Non,Non,Oui,Résidentielle
diarkoum,https://diarkoum.tn/details.php?id_annonce=8132,Terrain,600000,2022-07-29,Nabeul,Hammamet,Hammamet,8050,500,Oui,Non,Non,Oui,,,Non,Non,Oui,Résidentielle
diarkoum,https://diarkoum.tn/details.php?id_annonce=8131,Terrain,288800,2022-07-29,Nabeul,Hammamet,Hammamet,8050,304,Non,Non,Non,Oui,,,Non,Non,Oui,Résidentielle
diarkoum,https://diarkoum.tn/details.php?id_annonce=8130,Terrain,865200,2022-07-29,Nabeul,Hammamet,Hammamet,8050,721,Non,Non,Non,Oui,,,Non,Non,Oui,Résidentielle
diarkoum,https://diarkoum.tn/details.php?id_annonce=8129,Terrain,432000,2022-07-29,Nabeul,Hammamet,Hammamet,8050,360,Non,Non,Non,Oui,,,Non,Non,Oui,Résidentielle
diarkoum,https://diarkoum.tn/details.php?id_annonce=8128,Terrain,160000,2022-07-29,Nabeul,Hammamet,Hammamet,8050,2000,Non,Non,Non,Oui,,,Non,Non,Oui,Résidentielle
diarkoum,https://diarkoum.tn/details.php?id_annonce=8127,Terrain,373800,2022-07-29,Nabeul,Nabeul,Nabeul,8000,356,Oui,Non,Non,Oui,,,Non,Non,Oui,Résidentielle
diarkoum,https://diarkoum.tn/details.php?id_annonce=8126,Terrain,260000,2022-07-29,Nabeul,Hammamet,Hammamet,8050,400,Non,Non,Non,Oui,,,Non,Non,Oui,Résidentielle
diarkoum,https://diarkoum.tn/details.php?id_annonce=8125,Terrain,350000,2022-07-29,Nabeul,Hammamet,Hammamet,8050,411,Non,Non,Non,Oui,,,Non,Non,Oui,Résidentielle
diarkoum,https://diarkoum.tn/details.php?id_annonce=8124,Terrain,354200,2022-07-29,Nabeul,Hammamet,Hammamet,8050,322,Non,Non,Non,Oui,,,Non,Non,Oui,Résidentielle
diarkoum,https://diarkoum.tn/details.php?id_annonce=8123,Terrain,3444000,2022-07-29,Nabeul,Hammamet,Hammamet,8050,3444,Non,Non,Non,Oui,,,Non,Non,Oui,Résidentielle
diarkoum,https://diarkoum.tn/details.php?id_annonce=7933,Terrain,22500,2022-07-28,Nabeul,Kélibia,Kélibia,8000,150,Non,Non,Non,Oui,,,Non,Non,Oui,Résidentielle
diarkoum,https://diarkoum.tn/details.php?id_annonce=8112,Terrain,100000,2022-07-27,Nabeul,El Haouaria,El Haouaria,8000,10000,Oui,Non,Non,Oui,,,Non,Non,Oui,Résidentielle
diarkoum,https://diarkoum.tn/details.php?id_annonce=8103,Terrain,100000,2022-07-21,Nabeul,El Haouaria,El Haouaria,8000,10000,Oui,Non,Non,Oui,,,Non,Non,Oui,Résidentielle
diarkoum,https://diarkoum.tn/details.php?id_annonce=7924,Terrain,22500,2022-07-15,Nabeul,Kélibia,Kélibia,8000,150,Titre Bleu,Non,Non,Oui,,,Non,Non,Oui,Résidentielle
diarkoum,https://diarkoum.tn/details.php?id_annonce=8078,Terrain,100000,2022-07-07,Nabeul,El Haouaria,El Haouaria,8000,10000,Oui,Non,Non,Oui,,,Non,Non,Oui,Résidentielle
diarkoum,https://diarkoum.tn/details.php?id_annonce=8058,Terrain,125000,2022-06-29,Sfax,Sakiet Eddaier,Sakiet Eddaier,3000,1236,Non,Non,Non,Oui,,,Oui,Non,Oui,Résidentielle
diarkoum,https://diarkoum.tn/details.php?id_annonce=8050,Terrain,400000,2022-06-29,Sfax,Sfax Sud,Sfax Sud,3000,1084,Non,Non,Non,Oui,,,Oui,Non,Oui,Résidentielle
diarkoum,https://diarkoum.tn/details.php?id_annonce=7920,Terrain,20000,2022-06-29,Nabeul,Kélibia,Kélibia,8000,200,Non,Oui,Non,Oui,,,Non,Non,Oui,Résidentielle
diarkoum,https://diarkoum.tn/details.php?id_annonce=7978,Terrain,500,2022-06-24,Sousse,Sousse Sidi Abdelhamid,Sousse Sidi Abdelhamid,4000,1580,Non,Non,Non,Oui,,25,Non,Non,Oui,Résidentielle
diarkoum,https://diarkoum.tn/details.php?id_annonce=8021,Terrain,190000,2022-06-18,Bizerte,Ras Jebel,Ras Jebel,7000,570,Non,Oui,Non,Oui,,,Non,Oui,Oui,Résidentielle
diarkoum,https://diarkoum.tn/details.php?id_annonce=7918,Terrain,22500,2022-06-10,Nabeul,Kélibia,Kélibia,8000,150,Titre Bleu,Non,Non,Oui,,,Non,Non,Oui,Résidentielle
diarkoum,https://diarkoum.tn/details.php?id_annonce=7983,Terrain,22500,2022-05-30,Nabeul,Kélibia,Kélibia,8000,150,Titre Bleu,Non,Non,Oui,,,Non,Non,Oui,Résidentielle
diarkoum,https://diarkoum.tn/details.php?id_annonce=7962,Terrain,50000,2022-05-27,Nabeul,Kélibia,Kélibia,8000,250,Non,Non,Non,Oui,,,Non,Non,Oui,Résidentielle
diarkoum,https://diarkoum.tn/details.php?id_annonce=7967,Terrain,180000,2022-05-27,Nabeul,Hammamet,Hammamet,8050,266,Titre Individuel,Oui,Non,Oui,,,Non,Non,Oui,Résidentielle
diarkoum,https://diarkoum.tn/details.php?id_annonce=7930,Terrain,120000,2022-05-18,Tunis,Sidi El Béchir,Sidi El Béchir,1000,124,Non,Non,Non,Oui,,,Non,Non,Oui,Résidentielle
diarkoum,https://diarkoum.tn/details.php?id_annonce=7803,Terrain,100000,2022-04-29,Nabeul,Nabeul,Nabeul,8000,10000,Non,Non,Non,Oui,,,Non,Non,Oui,Résidentielle
diarkoum,https://diarkoum.tn/details.php?id_annonce=7860,Terrain,150000,2022-04-18,Nabeul,Hammam Ghezeze,Hammam Ghezeze,8000,10000,Oui,Non,Non,Oui,,,Non,Non,Oui,Résidentielle
diarkoum,https://diarkoum.tn/details.php?id_annonce=7854,Terrain,6304800,2022-04-15,Sousse,Sousse Jawhara,Sousse Jawhara,4000,5254,Non,Non,Non,Oui,,,Non,Non,Oui,Résidentielle
diarkoum,https://diarkoum.tn/details.php?id_annonce=7853,Terrain,506000,2022-04-15,Sousse,Hergla,Hergla,4000,506,Titre Bleu,Non,Non,Oui,,,Non,Non,Oui,Résidentielle
diarkoum,https://diarkoum.tn/details.php?id_annonce=7852,Terrain,150000,2022-04-15,Nabeul,Hammam Ghezeze,Hammam Ghezeze,8000,10000,Oui,Non,Non,Oui,,,Non,Non,Oui,Résidentielle
diarkoum,https://diarkoum.tn/details.php?id_annonce=7791,Terrain,500,2022-04-12,Sousse,Sousse Sidi Abdelhamid,Sousse Sidi Abdelhamid,4000,1580,Non,Non,Non,Oui,,25,Non,Non,Oui,Résidentielle
diarkoum,https://diarkoum.tn/details.php?id_annonce=7792,Terrain,750,2022-04-12,Ariana,La Soukra,La Soukra,2036,2188,Non,Non,Non,Oui,,,Non,Non,Oui,Résidentielle
diarkoum,https://diarkoum.tn/details.php?id_annonce=7783,Terrain,750,2022-04-11,Ariana,La Soukra,La Soukra,2036,2188,Non,Non,Non,Oui,,,Non,Non,Oui,Résidentielle
diarkoum,https://diarkoum.tn/details.php?id_annonce=7813,Terrain,150000,2022-04-08,Nabeul,Hammam Ghezeze,Hammam Ghezeze,8000,10000,Oui,Non,Non,Oui,,,Non,Non,Oui,Résidentielle
diarkoum,https://diarkoum.tn/details.php?id_annonce=7784,Terrain,650,2022-04-04,Nabeul,Kélibia,Kélibia,8000,291,Titre Bleu,Non,Non,Oui,,,Non,Non,Oui,Résidentielle
diarkoum,https://diarkoum.tn/details.php?id_annonce=7781,Terrain,22500,2022-04-04,Nabeul,Kélibia,Kélibia,8000,150,Titre Bleu,Non,Non,Oui,,,Non,Non,Oui,Résidentielle
diarkoum,https://diarkoum.tn/details.php?id_annonce=7734,Terrain,100000,2022-04-04,Nabeul,Nabeul,Nabeul,8000,10000,Oui,Non,Non,Oui,,,Non,Non,Oui,Résidentielle
diarkoum,https://diarkoum.tn/details.php?id_annonce=7751,Terrain,100000,2022-03-31,Nabeul,Nabeul,Nabeul,8000,10000,Oui,Oui,Non,Oui,,,Non,Non,Oui,Résidentielle
diarkoum,https://diarkoum.tn/details.php?id_annonce=7745,Terrain,100000,2022-03-29,Nabeul,Nabeul,Nabeul,8000,10000,Oui,Non,Non,Oui,,,Non,Non,Oui,Résidentielle
diarkoum,https://diarkoum.tn/details.php?id_annonce=7738,Terrain,750,2022-03-28,Ariana,La Soukra,La Soukra,2036,2188,Non,Non,Non,Oui,,,Non,Non,Oui,Résidentielle
diarkoum,https://diarkoum.tn/details.php?id_annonce=7728,Terrain,500,2022-03-25,Sousse,Sousse Sidi Abdelhamid,Sousse Sidi Abdelhamid,4000,1580,Non,Non,Non,Oui,,25,Non,Non,Oui,Résidentielle
diarkoum,https://diarkoum.tn/details.php?id_annonce=7725,Terrain,300,2022-03-25,Nabeul,Kélibia,Kélibia,8000,225,Titre Bleu,Non,Non,Oui,,9.80,Non,Non,Oui,Résidentielle
diarkoum,https://diarkoum.tn/details.php?id_annonce=7707,Terrain,150000,2022-03-24,Nabeul,Hammam Ghezeze,Hammam Ghezeze,8000,10000,Oui,Non,Non,Oui,,,Non,Non,Oui,Résidentielle
diarkoum,https://diarkoum.tn/details.php?id_annonce=7708,Terrain,22500,2022-03-24,Nabeul,Kélibia,Kélibia,8000,150,Titre Bleu,Non,Non,Oui,,,Non,Non,Oui,Résidentielle
diarkoum,https://diarkoum.tn/details.php?id_annonce=7701,Terrain,100000,2022-03-24,Nabeul,Nabeul,Nabeul,8000,10000,Non,Non,Non,Oui,,,Non,Non,Oui,Résidentielle
diarkoum,https://diarkoum.tn/details.php?id_annonce=7661,Terrain,500,2022-03-23,Sousse,Sousse Sidi Abdelhamid,Sousse Sidi Abdelhamid,4000,1580,Non,Non,Non,Oui,,25,Non,Non,Oui,Résidentielle
diarkoum,https://diarkoum.tn/details.php?id_annonce=7657,Terrain,100000,2022-03-22,Nabeul,Nabeul,Nabeul,8000,10000,Non,Non,Non,Oui,,,Non,Non,Oui,Résidentielle
diarkoum,https://diarkoum.tn/details.php?id_annonce=7685,Terrain,150000,2022-03-22,Nabeul,Kélibia,Kélibia,8000,10000,Oui,Non,Non,Oui,,,Non,Non,Oui,Résidentielle
diarkoum,https://diarkoum.tn/details.php?id_annonce=7682,Terrain,100000,2022-03-21,Nabeul,Nabeul,Nabeul,8000,10000,Oui,Oui,Non,Oui,,,Non,Non,Oui,Résidentielle
diarkoum,https://diarkoum.tn/details.php?id_annonce=7672,Terrain,20000,2022-03-20,Nabeul,Kélibia,Kélibia,8000,200,Non,Non,Non,Oui,,,Non,Non,Oui,Résidentielle
diarkoum,https://diarkoum.tn/details.php?id_annonce=7671,Terrain,22500,2022-03-20,Nabeul,Kélibia,Kélibia,8000,150,Titre Bleu,Non,Non,Oui,,,Non,Non,Oui,Résidentielle
diarkoum,https://diarkoum.tn/details.php?id_annonce=7648,Terrain,500,2022-03-18,Sousse,Sousse Sidi Abdelhamid,Sousse Sidi Abdelhamid,4000,1580,Non,Non,Non,Oui,,25,Non,Non,Oui,Résidentielle
diarkoum,https://diarkoum.tn/details.php?id_annonce=7653,Terrain,30000,2022-03-17,Nabeul,El Haouaria,El Haouaria,8000,1000,Oui,Non,Non,Oui,,,Non,Non,Oui,Résidentielle
diarkoum,https://diarkoum.tn/details.php?id_annonce=7651,Terrain,22500,2022-03-17,Nabeul,Kélibia,Kélibia,8000,150,Titre Bleu,Non,Non,Oui,,,Non,Non,Oui,Résidentielle
diarkoum,https://diarkoum.tn/details.php?id_annonce=7647,Terrain,150000,2022-03-16,Nabeul,Hammam Ghezeze,Hammam Ghezeze,8000,10000,Oui,Non,Non,Oui,,,Non,Non,Oui,Résidentielle
diarkoum,https://diarkoum.tn/details.php?id_annonce=7625,Terrain,750,2022-03-16,Ariana,La Soukra,La Soukra,2036,2188,Non,Non,Non,Oui,,,Non,Non,Oui,Résidentielle
diarkoum,https://diarkoum.tn/details.php?id_annonce=7636,Terrain,100000,2022-03-16,Nabeul,Nabeul,Nabeul,8000,10000,Non,Non,Non,Oui,,,Non,Non,Oui,Résidentielle
diarkoum,https://diarkoum.tn/details.php?id_annonce=7633,Terrain,150000,2022-03-15,Nabeul,Hammam Ghezeze,Hammam Ghezeze,8000,10000,Oui,Oui,Oui,Oui,,,Non,Non,Oui,Résidentielle
diarkoum,https://diarkoum.tn/details.php?id_annonce=7634,Terrain,100000,2022-03-15,Nabeul,Nabeul,Nabeul,8000,10000,Non,Non,Non,Oui,,,Non,Non,Oui,Résidentielle
diarkoum,https://diarkoum.tn/details.php?id_annonce=7624,Terrain,500,2022-03-14,Sousse,Sousse Sidi Abdelhamid,Sousse Sidi Abdelhamid,4000,1580,Non,Non,Non,Oui,,25,Non,Non,Oui,Résidentielle
diarkoum,https://diarkoum.tn/details.php?id_annonce=7618,Terrain,20000,2022-03-14,Nabeul,Kélibia,Kélibia,8000,200,Non,Non,Non,Oui,,,Non,Non,Oui,Résidentielle
diarkoum,https://diarkoum.tn/details.php?id_annonce=7617,Terrain,22500,2022-03-14,Nabeul,Kélibia,Kélibia,8000,150,Non,Oui,Non,Oui,,,Non,Non,Oui,Résidentielle
diarkoum,https://diarkoum.tn/details.php?id_annonce=7615,Terrain,100000,2022-03-14,Nabeul,Nabeul,Nabeul,8000,10000,Non,Non,Non,Oui,,,Non,Non,Oui,Résidentielle
diarkoum,https://diarkoum.tn/details.php?id_annonce=7595,Terrain,20000,2022-03-10,Nabeul,Kélibia,Kélibia,8000,200,Non,Non,Non,Oui,,,Non,Non,Oui,Résidentielle
diarkoum,https://diarkoum.tn/details.php?id_annonce=7594,Terrain,22500,2022-03-10,Nabeul,Kélibia,Kélibia,8000,150,Titre Bleu,Oui,Non,Oui,,,Non,Non,Oui,Résidentielle
diarkoum,https://diarkoum.tn/details.php?id_annonce=7585,Terrain,30000,2022-03-09,Nabeul,El Haouaria,El Haouaria,8000,1000,Oui,Non,Non,Oui,,,Non,Non,Oui,Résidentielle
diarkoum,https://diarkoum.tn/details.php?id_annonce=7582,Terrain,150000,2022-03-09,Nabeul,Kélibia,Kélibia,8000,10000,Oui,Non,Non,Oui,,,Non,Non,Oui,Résidentielle
diarkoum,https://diarkoum.tn/details.php?id_annonce=7574,Terrain,30000,2022-03-08,Nabeul,Nabeul,Nabeul,8000,1000,Oui,Non,Non,Oui,,,Non,Non,Oui,Résidentielle
diarkoum,https://diarkoum.tn/details.php?id_annonce=7568,Terrain,20000,2022-03-08,Nabeul,Kélibia,Kélibia,8000,200,Non,Non,Non,Oui,,,Non,Non,Oui,Résidentielle
diarkoum,https://diarkoum.tn/details.php?id_annonce=7567,Terrain,22500,2022-03-08,Nabeul,Kélibia,Kélibia,8000,150,Titre Bleu,Oui,Non,Oui,,,Non,Non,Oui,Résidentielle
diarkoum,https://diarkoum.tn/details.php?id_annonce=7566,Terrain,100000,2022-03-08,Nabeul,Nabeul,Nabeul,8000,10000,Oui,Non,Non,Oui,,,Non,Non,Oui,Résidentielle
diarkoum,https://diarkoum.tn/details.php?id_annonce=7561,Terrain,30000,2022-03-07,Nabeul,El Haouaria,El Haouaria,8000,1000,Oui,Non,Non,Oui,,,Non,Non,Oui,Résidentielle
diarkoum,https://diarkoum.tn/details.php?id_annonce=7536,Terrain,150000,2022-03-04,Nabeul,El Haouaria,El Haouaria,8000,10000,Oui,Non,Non,Oui,,,Non,Non,Oui,Résidentielle
diarkoum,https://diarkoum.tn/details.php?id_annonce=7524,Terrain,20000,2022-03-03,Nabeul,Kélibia,Kélibia,8000,200,Non,Non,Non,Oui,,,Non,Non,Oui,Résidentielle
diarkoum,https://diarkoum.tn/details.php?id_annonce=7520,Terrain,400000,2022-03-02,Sousse,Sousse Riadh,Sousse Riadh,4000,398,Non,Non,Non,Oui,,,Oui,Non,Oui,Résidentielle
diarkoum,https://diarkoum.tn/details.php?id_annonce=7514,Terrain,100000,2022-03-02,Nabeul,Nabeul,Nabeul,8000,10000,Oui,Non,Non,Oui,,,Non,Non,Oui,Résidentielle
diarkoum,https://diarkoum.tn/details.php?id_annonce=7509,Terrain,100000,2022-03-02,Nabeul,Nabeul,Nabeul,8000,10000,Oui,Oui,Non,Oui,,,Non,Non,Oui,Résidentielle
diarkoum,https://diarkoum.tn/details.php?id_annonce=7497,Terrain,150000,2022-03-01,Nabeul,El Haouaria,El Haouaria,8000,10000,Oui,Non,Non,Oui,,,Non,Non,Oui,Résidentielle
diarkoum,https://diarkoum.tn/details.php?id_annonce=7447,Terrain,500,2022-02-25,Sousse,Sousse Sidi Abdelhamid,Sousse Sidi Abdelhamid,4000,1580,Non,Non,Non,Oui,,25,Non,Non,Oui,Résidentielle
diarkoum,https://diarkoum.tn/details.php?id_annonce=7456,Terrain,22500,2022-02-19,Nabeul,Kélibia,Kélibia,8000,150,Non,Non,Non,Oui,,,Non,Non,Oui,Résidentielle
diarkoum,https://diarkoum.tn/details.php?id_annonce=7454,Terrain,22500,2022-02-18,Nabeul,Kélibia,Kélibia,8000,150,Titre Bleu,Non,Non,Oui,,,Non,Non,Oui,Résidentielle
diarkoum,https://diarkoum.tn/details.php?id_annonce=7446,Terrain,750,2022-02-18,Tunis,,,1000,2188,Non,Non,Non,Oui,,,Non,Non,Oui,Résidentielle
