source,url_annonce,type_bien,prix,date_insertion,gouvernorat,delegation,localite,code_postal,superficie,titre_foncier,vue_mer,etat,standing,nb_chambres,nb_salles_bain,dressing,balcon,parking,piscine,chauffage_central,terrasse,jardin,niveau,climatisation
menzili,https://www.menzili.tn/annonce/une-villa-avec-piscine-a-vendre-a-djerba-medenine-djerbahoumtsouk-136140,Maison/Villa,700000,2024-11-07,Médenine,Djerba-Houmt Souk,Houmt Souk,4180,198,Non,Oui,Non précisé,Haut standing,3,2,Oui,Non,Oui,Oui,Non,Oui,Oui,,Oui
menzili,https://www.menzili.tn/annonce/villa-a-vendre-a-houmt-souk-medenine-djerbahoumtsouk-141275,Maison/Villa,615000,2025-04-09,Médenine,Djerba-Houmt Souk,Houmt Souk,4180,126,Non,Non,Bon état,Moyen standing,3,2,Oui,Non,Oui,Oui,Non,Oui,Oui,,Oui
menzili,https://www.menzili.tn/annonce/une-villa-s-3-avec-piscine-a-vendre-a-houmt-souk-medenine-djerbahoumtsouk-149641,Maison/Villa,825000,2025-12-01,Médenine,Djerba-Houmt Souk,Houmt Souk,4180,187,Oui,Non,Non précisé,Moyen standing,3,2,Non,Non,Oui,Oui,Non,Oui,Oui,1,Oui
menzili,https://www.menzili.tn/annonce/villa-en-cours-de-construction-a-vendre-opportunite-a-saisir-medenine-djerbahoumtsouk-132529,Maison/Villa,250000,2024-07-01,Médenine,Djerba-Houmt Souk,Djerba,4180,143,Non,Non,Neuf,Non précisé,3,1,Non,Non,Oui,Oui,Non,Non,Non,,Non
menzili,https://www.menzili.tn/annonce/une-villa-avec-une-tres-belle-vue-de-mer-a-vendre-a-djerba-medenine-djerbahoumtsouk-132532,Maison/Villa,420000,2024-07-01,Médenine,Djerba-Houmt Souk,Djerba,4180,180,Non,Oui,Non précisé,Moyen standing,4,2,Non,Non,Oui,Oui,Non,Oui,Oui,,Non
menzili,https://www.menzili.tn/annonce/une-belle-villa-a-vendre-a-midoun-tezdaine-medenine-djerbamidoun-140634,Maison/Villa,850000,2025-03-13,Médenine,Djerba - Midoun,Tezdaine-Midoun Djerba,4180,190,Oui,Non,Non précisé,Moyen standing,2,2,Oui,Non,Oui,Oui,Non,Oui,Oui,,Oui
menzili,https://www.menzili.tn/annonce/une-maison-a-vendre-a-djerba-medenine-djerbahoumtsouk-132533,Maison/Villa,195000,2024-07-01,Médenine,Djerba-Houmt Souk,Djerba,4180,,Non,Oui,Non précisé,Non précisé,,,Non,Non,Oui,Non,Non,Non,Non,,Non
menzili,https://www.menzili.tn/annonce/vente-d-une-villa-en-cours-de-construction-a-djerba-medenine-djerbahoumtsouk-132535,Maison/Villa,250000,2024-07-01,Médenine,Djerba-Houmt Souk,Djerba,4180,,Non,Non,Neuf,Non précisé,3,1,Non,Non,Oui,Oui,Non,Non,Oui,,Non
menzili,https://www.menzili.tn/annonce/villa-a-vendre-style-djerbien-medenine-djerbahoumtsouk-390,Maison/Villa,,2017-09-21,Médenine,Djerba-Houmt Souk,Djerba-Houmt Souk,4180,150,Non,Oui,Non précisé,Moyen standing,3,2,Non,Non,Oui,Oui,Non,Oui,Oui,,Non
menzili,https://www.menzili.tn/annonce/villa-en-fin-de-construction-a-vendre-avec-piscine-medenine-djerbahoumtsouk-91539,Maison/Villa,283000,2022-07-08,Médenine,Djerba-Houmt Souk,Airport Road à côté de l'école privée Victor Hugo,4180,180,Non,Non,Neuf,Haut standing,2,1,Oui,Non,Oui,Oui,Non,Oui,Oui,1,Oui
menzili,https://www.menzili.tn/annonce/construction-villa-et-piscine-a-djerba-medenine-djerbahoumtsouk-126693,Maison/Villa,,2023-12-08,Médenine,Djerba-Houmt Souk,Houmt Souk Djerba Tunisie,4180,,Non,Non,Non précisé,Non précisé,,,Non,Non,Oui,Oui,Non,Non,Non,,Non
menzili,https://www.menzili.tn/annonce/villa-moderne-a-djerba-avec-piscine-medenine-djerbahoumtsouk-7008,Maison/Villa,299000,2018-06-22,Médenine,Djerba-Houmt Souk,Djerba-Houmt Souk,4180,140,Non,Oui,Non précisé,Moyen standing,3,2,Non,Non,Oui,Oui,Non,Oui,Oui,,Non
menzili,https://www.menzili.tn/annonce/villa-plain-pied-a-djerba-medenine-djerbahoumtsouk-389,Maison/Villa,,2017-09-21,Médenine,Djerba-Houmt Souk,Marina Djerba,4180,121,Non,Oui,Non précisé,Moyen standing,3,1,Non,Non,Oui,Oui,Non,Oui,Oui,1,Non
menzili,https://www.menzili.tn/annonce/-a-vendre-une-belle-villa-bizerte-zarzouna-94643,Maison/Villa,,2022-08-29,Bizerte,Zarzouna,Bizerte,7000,172,Non,Oui,Non précisé,Moyen standing,4,2,Non,Oui,Oui,Non,Oui,Oui,Oui,,Oui
menzili,https://www.menzili.tn/annonce/a-vendre-maison-style-americain-deux-etages-bizerte-bizertenord-147258,Maison/Villa,,2025-09-26,Bizerte,Bizerte,à Dh'har El Kodia,7000,110,Oui,Non,Non précisé,Haut standing,6,2,Non,Non,Oui,Non,Oui,Oui,Oui,,Oui
menzili,https://www.menzili.tn/annonce/villa-meublee-a-louer-el-bhira-bizerte-bizerte-bizertenord-148148,Maison/Villa,,2025-10-24,Bizerte,Tunisia,à Bhira de Bizerte,1000,500,Non,Non,Non précisé,Moyen standing,6,2,Non,Non,Oui,Non,Oui,Oui,Oui,1,Oui
menzili,https://www.menzili.tn/annonce/villa-a-vendre-a-proximite-de-l-autoroute-et-du-magasin-general-sousse-kalaasghira-139007,Maison/Villa,,2025-01-27,Sousse,Kalaâ Sghira,Cité El Manazeh,4000,392,Non,Non,Non précisé,Non précisé,3,3,Non,Non,Oui,Non,Non,Oui,Oui,6,Non
menzili,https://www.menzili.tn/annonce/villa-d-inspiration-arabesque-avec-piscine-a-el-menchar-hammamet-benarous-medinajedida-147045,Maison/Villa,760000,2025-09-19,Ben Arous,Medina Jedida,villa d’inspiration arabesque avec piscine à El M,2013,746,Non,Non,Non précisé,Haut standing,3,2,Oui,Oui,Oui,Oui,Oui,Oui,Oui,1,Oui
menzili,https://www.menzili.tn/annonce/villa-quot-sebastian-quot-nabeul-hammamet-141914,Maison/Villa,890000,2025-05-01,Nabeul,Hammamet,Hammamet,8050,325,Non,Non,Non précisé,Haut standing,4,4,Oui,Non,Oui,Oui,Oui,Oui,Oui,,Oui
menzili,https://www.menzili.tn/annonce/villa-quot-lombok-quot-nabeul-hammametsud-146864,Maison/Villa,690000,2025-09-15,Nabeul,Hammamet Sud,Hammamet sud,8050,180,Non,Non,Non précisé,Haut standing,3,3,Oui,Non,Oui,Oui,Oui,Oui,Oui,,Oui
menzili,https://www.menzili.tn/annonce/villa-blondie-nabeul-hammametsud-147030,Maison/Villa,1200000,2025-09-18,Nabeul,Hammamet Sud,Hammamet Sud,8050,650,Non,Non,Non précisé,Haut standing,4,4,Oui,Non,Oui,Oui,Oui,Oui,Oui,,Oui
menzili,https://www.menzili.tn/annonce/villa-patience-nabeul-hammametsud-145059,Maison/Villa,890000,2025-07-20,Nabeul,Hammamet Sud,hammamet,8050,340,Non,Non,Non précisé,Haut standing,4,3,Oui,Non,Oui,Oui,Oui,Oui,Oui,1,Oui
menzili,https://www.menzili.tn/annonce/villa-magnifique-vue-mer-et-foret-bizerte-bizertenord-140819,Maison/Villa,950000000,2025-03-21,Bizerte,Bizerte Nord,située sur la route de la corniche Bizerte,7000,500,Oui,Oui,Non précisé,Non précisé,,,Non,Non,Oui,Non,Non,Oui,Oui,3,Non
menzili,https://www.menzili.tn/annonce/villa-melody-nabeul-hammamet-147028,Maison/Villa,1180000,2025-09-18,Nabeul,Hammamet,Hammamet,8050,446,Non,Non,Non précisé,Haut standing,4,4,Oui,Non,Oui,Oui,Oui,Oui,Oui,,Oui
menzili,https://www.menzili.tn/annonce/villa-quot-safran-quot-nabeul-hammametnord-146867,Maison/Villa,,2025-09-15,Nabeul,Hammamet Nord,Hammamet nord,8050,175,Non,Non,Non précisé,Haut standing,3,3,Oui,Non,Oui,Oui,Oui,Oui,Oui,,Oui
menzili,https://www.menzili.tn/annonce/villa-quot-manhattan-quot-hammamet-nord-nabeul-hammamet-146866,Maison/Villa,1050000,2025-09-15,Nabeul,Hammamet,Hammamet,8050,270,Non,Non,Non précisé,Haut standing,4,4,Oui,Non,Oui,Oui,Oui,Oui,Oui,,Oui
menzili,https://www.menzili.tn/annonce/A-vendre-villa-a-carthage-byrsa-tunis-carthage-148367,Maison/Villa,2400000,2025-10-30,Tunis,Carthage,Carthage Byrsa,2016,360,Oui,Non,Non précisé,Moyen standing,5,4,Oui,Oui,Oui,Non,Oui,Oui,Oui,2,Oui
menzili,https://www.menzili.tn/annonce/villa-duplex-a-vendre-kairouan-kairouannord-131043,Maison/Villa,,2024-05-04,Kairouan,Kairouan Nord,Kairouan Nord,3100,360,Non,Non,Non précisé,Non précisé,4,2,Non,Non,Oui,Non,Non,Oui,Oui,,Non
menzili,https://www.menzili.tn/annonce/une-luxueuse-villa-de-haut-standing-nabeul-hammamet-135548,Maison/Villa,890000,2024-10-21,Nabeul,Hammamet,Hammamet,8050,325,Non,Non,Non précisé,Haut standing,4,3,Oui,Non,Oui,Oui,Oui,Oui,Oui,1,Non
menzili,https://www.menzili.tn/annonce/une-superbe-villa-a-hammamet-nabeul-hammamet-135543,Maison/Villa,950000,2024-10-21,Nabeul,Hammamet,Hammamet,8050,540,Non,Non,Bon état,Luxe,4,3,Oui,Non,Oui,Oui,Oui,Oui,Oui,,Oui
menzili,https://www.menzili.tn/annonce/villa-avec-deux-etages-separer-situee-a-menzel-bourguiba-bizerte-bizerte-menzelbourguiba-139217,Maison/Villa,,2025-02-02,Bizerte,Bizerte,Située à Menzel Bourguiba,7000,300,Oui,Oui,Bon état,Luxe,5,3,Oui,Non,Oui,Oui,Oui,Oui,Oui,2,Oui
menzili,https://www.menzili.tn/annonce/villa-quot-tropical-mini-quot-nabeul-hammamet-141915,Maison/Villa,650000,2025-05-01,Nabeul,Hammamet,Hammamet,8050,180,Non,Non,Non précisé,Haut standing,3,3,Oui,Non,Oui,Oui,Oui,Oui,Oui,,Oui
menzili,https://www.menzili.tn/annonce/vente-villa-les-arcades-s-4-nabeul-hammamet-134050,Maison/Villa,1050000,2024-09-04,Nabeul,Hammamet,168 avenue Koweït Hammamet,8050,250,Non,Non,Non précisé,Haut standing,4,4,Oui,Non,Oui,Oui,Oui,Oui,Oui,1,Oui
menzili,https://www.menzili.tn/annonce/magnifique-villa-moderne-avec-Energie-solaire-proche-centre-midoun-titre-bleu-medenine-djerbamidoun-151260,Maison/Villa,,2026-02-02,Médenine,Djerba - Midoun,Djerba midoun,4180,226,Oui,Non,Non précisé,Moyen standing,4,2,Non,Non,Oui,Non,Non,Oui,Oui,,Oui
menzili,https://www.menzili.tn/annonce/coquette-villa-a-gammart-superieur-tunis-lamarsa-142619,Maison/Villa,1600000,2025-05-21,Tunis,La Marsa,gammart supérieur,2070,270,Non,Non,Non précisé,Haut standing,3,3,Oui,Non,Oui,Oui,Oui,Oui,Oui,1,Oui
menzili,https://www.menzili.tn/annonce/A-vendre-maison-independante-a-deux-etages-quartier-calme-siliana-sud-siliana-silianasud-151229,Maison/Villa,,2026-01-30,Siliana,Siliana Sud,hay ons,6100,280,Oui,Non,Bon état,Non précisé,3,1,Non,Non,Oui,Non,Non,Oui,Oui,2,Non
menzili,https://www.menzili.tn/annonce/offre-maison-a-midoun-medenine-djerbamidoun-151189,Maison/Villa,,2026-01-28,Médenine,Djerba - Midoun,Offre non battable,4180,220,Non,Non,À rénover,Non précisé,3,5,Oui,Non,Oui,Oui,Non,Oui,Oui,,Non
menzili,https://www.menzili.tn/annonce/maison-a-vendre-a-siliana-siliana-siliananord-151149,Maison/Villa,,2026-01-27,Siliana,Siliana Nord,Siliana Nord,6100,440,Non,Non,Non précisé,Non précisé,4,,Non,Non,Oui,Non,Non,Non,Non,,Non
menzili,https://www.menzili.tn/annonce/vente-villa-avec-etage-a-houmt-souk-djerba-zu-v-752-medenine-djerbamidoun-150977,Maison/Villa,540000,2026-01-19,Médenine,Djerba - Midoun,Houmt Souk Djerba,4180,148,Non,Non,Non précisé,Moyen standing,4,3,Oui,Non,Oui,Oui,Non,Oui,Oui,1,Non
menzili,https://www.menzili.tn/annonce/a-vendre-villa-inachevee-a-riadh-landalous-ariana-ghazela-144504,Maison/Villa,,2025-07-07,Ariana,Ghazela,Ghazela,2080,370,Non,Non,Non précisé,Moyen standing,,,Non,Non,Oui,Oui,Oui,Oui,Oui,1,Non
menzili,https://www.menzili.tn/annonce/villa-a-vendre-moderne-gafsa-sened-131341,Maison/Villa,,2024-05-16,Gafsa,Sened,Sened,2100,175,Non,Non,Non précisé,Non précisé,3,2,Non,Non,Oui,Non,Non,Oui,Oui,,Non
menzili,https://www.menzili.tn/annonce/vente-grande-maison-plain-pied-a-djerba-ghizen-za-v-730-medenine-djerbahoumtsouk-150837,Maison/Villa,900000,2026-01-10,Médenine,Djerba-Houmt Souk,Ghizen Djerba,4180,240,Oui,Non,Non précisé,Haut standing,4,3,Oui,Non,Oui,Oui,Non,Oui,Oui,1,Oui
menzili,https://www.menzili.tn/annonce/villa-neuve-a-vendre-a-mezraya-djerba-za-v-731-medenine-djerbahoumtsouk-150836,Maison/Villa,750000,2026-01-10,Médenine,Djerba-Houmt Souk,Mezraya Djerba,4180,200,Oui,Non,Non précisé,Moyen standing,3,3,Oui,Non,Oui,Oui,Non,Oui,Oui,1,Oui
menzili,https://www.menzili.tn/annonce/villa-avec-piscine-a-houmt-souk-djerba-zu-v-733-medenine-djerbahoumtsouk-150833,Maison/Villa,800000,2026-01-10,Médenine,Djerba-Houmt Souk,Houmt Souk Djerba,4180,265,Oui,Non,Non précisé,Moyen standing,4,4,Oui,Non,Oui,Oui,Non,Oui,Oui,,Oui
menzili,https://www.menzili.tn/annonce/vente-de-villa-plain-pied-a-tezdaine-djerba-za-v-736-medenine-djerbamidoun-150832,Maison/Villa,620000,2026-01-10,Médenine,Djerba - Midoun,Tezdaine Djerba,4180,143,Non,Non,Non précisé,Moyen standing,3,2,Oui,Non,Oui,Oui,Non,Oui,Oui,1,Oui
menzili,https://www.menzili.tn/annonce/vente-de-villa-avec-piscine-a-midoun-djerba-za-v-737-medenine-djerbamidoun-150830,Maison/Villa,650000,2026-01-10,Médenine,Djerba - Midoun,Chebabia Djerba,4180,155,Non,Non,Non précisé,Moyen standing,3,2,Oui,Non,Oui,Oui,Non,Oui,Oui,1,Oui
menzili,https://www.menzili.tn/annonce/vente-de-villa-haut-standing-a-houmt-souk-djerba-zu-v-738-medenine-djerbahoumtsouk-150829,Maison/Villa,660000,2026-01-10,Médenine,Djerba-Houmt Souk,Houmt Souk Djerba,4180,230,Non,Non,Non précisé,Haut standing,3,2,Oui,Non,Oui,Oui,Non,Oui,Oui,1,Non
menzili,https://www.menzili.tn/annonce/villa-neuve-avec-piscine-a-vendre-a-houmt-souk-djerba-v-740-medenine-djerbahoumtsouk-150828,Maison/Villa,750000,2026-01-10,Médenine,Djerba-Houmt Souk,Houmt Souk Djerba,4180,260,Oui,Non,Non précisé,Haut standing,3,3,Oui,Non,Oui,Oui,Non,Oui,Oui,1,Oui
menzili,https://www.menzili.tn/annonce/duplex-a-vendre-a-midoun-djerba-zu-v-746-medenine-djerbamidoun-150826,Maison/Villa,450000,2026-01-10,Médenine,Djerba - Midoun,Midoun Djerba,4180,150,Oui,Non,Non précisé,Moyen standing,2,2,Non,Non,Oui,Non,Non,Oui,Oui,1,Oui
menzili,https://www.menzili.tn/annonce/grande-villa-a-vendre-a-djerba-zone-touristique-zu-v-747-medenine-djerbamidoun-150823,Maison/Villa,1200000,2026-01-10,Médenine,Djerba - Midoun,Zone touristique Djerba,4180,540,Oui,Non,Non précisé,Moyen standing,4,5,Oui,Non,Oui,Oui,Non,Oui,Oui,1,Oui
menzili,https://www.menzili.tn/annonce/vente-de-villa-avec-piscine-a-houmt-souk-djerba-zu-v-749-medenine-djerbahoumtsouk-150821,Maison/Villa,560000,2026-01-10,Médenine,Djerba-Houmt Souk,Houmt Souk Djerba,4180,165,Non,Non,Non précisé,Moyen standing,4,3,Oui,Non,Oui,Oui,Non,Oui,Oui,1,Non
menzili,https://www.menzili.tn/annonce/vente-d-une-villa-neuve-avec-piscine-a-djerba-midoun-za-v-750-medenine-djerbamidoun-150820,Maison/Villa,650000,2026-01-10,Médenine,Djerba - Midoun,Midoun Djerba,4180,182,Non,Non,Non précisé,Moyen standing,3,2,Oui,Non,Oui,Oui,Non,Oui,Oui,,Non
menzili,https://www.menzili.tn/annonce/a-vendre-maison-de-166-m2-a-ariana-ariana-arianaville-140735,Maison/Villa,950000,2025-03-18,Ariana,Ariana Ville,ariana,2080,166,Non,Non,Non précisé,Non précisé,2,2,Oui,Non,Oui,Non,Non,Non,Oui,,Non
menzili,https://www.menzili.tn/annonce/une-belle-villa-r-1-a-vendre-tunis-centrevillelafayette-146759,Maison/Villa,1600000000,2025-09-12,Tunis,Centre Ville - Lafayette,Centre Ville - Lafayette,1000,380,Oui,Non,Non précisé,Luxe,6,4,Non,Oui,Oui,Non,Oui,Oui,Oui,2,Non
menzili,https://www.menzili.tn/annonce/villa-a-vendre-avec-piscine-jardin-grand-terrain-medenine-djerbahoumtsouk-145153,Maison/Villa,680000,2025-07-22,Médenine,Djerba-Houmt Souk,Sedghiane,4180,360,Non,Non,Non précisé,Moyen standing,3,2,Non,Oui,Oui,Oui,Oui,Oui,Oui,,Oui
menzili,https://www.menzili.tn/annonce/a-vendre-villa-2-s5-neuve-a-medina-jadida-3-benarous-medinajedida-130318,Maison/Villa,750000,2024-04-08,Ben Arous,Medina Jedida,Medina Jedida,2013,324,Oui,Non,Non précisé,Haut standing,7,3,Oui,Non,Oui,Non,Oui,Oui,Oui,3,Non
menzili,https://www.menzili.tn/annonce/maison-a-vendre-medenine-djerbahoumtsouk-150231,Maison/Villa,370000,2025-12-19,Médenine,Djerba-Houmt Souk,Erryadh djerbahood,4180,125,Oui,Non,Non précisé,Non précisé,3,2,Oui,Non,Oui,Non,Non,Non,Oui,,Non
menzili,https://www.menzili.tn/annonce/villa-blanche-medenine-djerbamidoun-150144,Maison/Villa,,2025-12-17,Médenine,Djerba - Midoun,Midoun,4180,198,Oui,Non,Non précisé,Moyen standing,3,3,Oui,Non,Oui,Oui,Non,Oui,Oui,,Oui
menzili,https://www.menzili.tn/annonce/villa-ibiza-medenine-djerbamidoun-150143,Maison/Villa,910000,2025-12-17,Médenine,Djerba - Midoun,AZMOUNI,4180,210,Oui,Non,Non précisé,Moyen standing,3,4,Oui,Non,Oui,Oui,Non,Oui,Oui,,Oui
menzili,https://www.menzili.tn/annonce/villa-cyrene-medenine-djerbamidoun-150142,Maison/Villa,750000,2025-12-17,Médenine,Djerba - Midoun,Tedzdaine,4180,250,Oui,Non,Non précisé,Moyen standing,4,3,Non,Non,Oui,Oui,Oui,Oui,Oui,,Oui
menzili,https://www.menzili.tn/annonce/une-maison-s-2-a-midoun-5-min-du-centre-ville-medenine-djerbamidoun-150033,Maison/Villa,290000,2025-12-13,Médenine,Djerba - Midoun,Djerba - Midoun,4180,120,Oui,Non,Non précisé,Non précisé,2,1,Non,Non,Oui,Non,Non,Oui,Oui,,Non
menzili,https://www.menzili.tn/annonce/villa-a-sidi-bouzid-avec-vue-mer-meublee-sidibouzid-sidibouzidouest-149958,Maison/Villa,1690000,2025-12-11,Sidi Bouzid,Sidi Bouzid Ouest,Sidi Bouzid Ouest,9100,170,Non,Oui,Bon état,Moyen standing,3,2,Oui,Non,Oui,Non,Non,Oui,Oui,,Oui
menzili,https://www.menzili.tn/annonce/villa-a-vendre-manouba-douar-hicher-manouba-douarhicher-124732,Maison/Villa,350000,2023-11-02,Manouba,Douar Hicher,MANOUBA DOUAR HICHER PRES DE ENDA,2010,130,Non,Non,Non précisé,Non précisé,4,1,Non,Non,Oui,Non,Non,Oui,Oui,,Non
menzili,https://www.menzili.tn/annonce/villa-plein-pied-a-vendre-medenine-djerbamidoun-149542,Maison/Villa,,2025-11-28,Médenine,Djerba - Midoun,21773691,4180,220,Non,Non,Non précisé,Moyen standing,3,3,Oui,Non,Oui,Oui,Non,Oui,Oui,1,Oui
menzili,https://www.menzili.tn/annonce/un-houch-5-suites-avec-piscine-su-cite-erriadh-proche-dar-dhiafa-medenine-djerbamidoun-149529,Maison/Villa,720000,2025-11-28,Médenine,Djerba - Midoun,Djerba - Midoun,4180,180,Non,Non,Rénové,Haut standing,5,3,Oui,Oui,Oui,Oui,Non,Oui,Non,1,Oui
menzili,https://www.menzili.tn/annonce/villa-inachevee-a-soukra-parc-ariana-lasoukra-147353,Maison/Villa,820000,2025-09-29,Ariana,La Soukra,La Soukra Parc,2036,250,Non,Non,Non précisé,Moyen standing,3,3,Oui,Non,Oui,Oui,Non,Oui,Oui,2,Oui
menzili,https://www.menzili.tn/annonce/un-houch-2-suites-avec-piscine-a-houmt-souk-village-erriadh-medenine-djerbamidoun-149447,Maison/Villa,470000,2025-11-26,Médenine,Djerba - Midoun,Djerba - Midoun,4180,119,Non,Non,Non précisé,Haut standing,2,2,Oui,Non,Oui,Oui,Non,Oui,Non,,Oui
menzili,https://www.menzili.tn/annonce/une-maison-7-chambres-avec-piscine-a-mahboubine-medenine-djerbamidoun-149388,Maison/Villa,884000,2025-11-25,Médenine,Djerba - Midoun,tdimmobilier@yahoo.fr,4180,410,Oui,Non,Non précisé,Moyen standing,7,5,Non,Non,Oui,Oui,Non,Oui,Oui,,Oui
menzili,https://www.menzili.tn/annonce/une-maison-4-chambres-avec-piscine-a-tezdaine-vue-sur-mer-medenine-djerbamidoun-149354,Maison/Villa,600000,2025-11-25,Médenine,Djerba - Midoun,tdimmobilier@yahoo.fr,4180,232,Non,Oui,Non précisé,Haut standing,4,4,Oui,Oui,Oui,Oui,Non,Oui,Oui,,Oui
menzili,https://www.menzili.tn/annonce/une-maison-2-chambres-en-cours-du-construction-a-houmt-souk-proche-du-centre-ville-medenine-djerbamidoun-149343,Maison/Villa,440000,2025-11-25,Médenine,Djerba - Midoun,tdimmobilier@yahoo.fr,4180,87,Non,Non,Neuf,Non précisé,2,2,Oui,Non,Oui,Non,Non,Non,Oui,1,Non
menzili,https://www.menzili.tn/annonce/une-maison-3-chambres-a-tezdaine-5-min-de-la-mer-medenine-djerbamidoun-149320,Maison/Villa,399000,2025-11-24,Médenine,Djerba - Midoun,tdimmobilier@yahoo.fr,4180,135,Oui,Non,Non précisé,Non précisé,3,1,Non,Oui,Oui,Non,Non,Oui,Oui,1,Oui
menzili,https://www.menzili.tn/annonce/une-maison-3-chambres-5-min-de-la-centre-ville-midoun-medenine-djerbamidoun-149311,Maison/Villa,350000,2025-11-24,Médenine,Djerba - Midoun,tdimmobilier@yahoo.fr,4180,180,Oui,Non,Non précisé,Moyen standing,3,3,Oui,Non,Oui,Non,Non,Oui,Oui,1,Oui
menzili,https://www.menzili.tn/annonce/une-maison-2-chambres-situee-a-midoun-sur-la-route-du-phare-medenine-djerbamidoun-149107,Maison/Villa,468000,2025-11-19,Médenine,Djerba - Midoun,tdimmobilier@yahoo.fr,4180,100,Non,Non,Non précisé,Moyen standing,2,2,Oui,Non,Oui,Non,Non,Oui,Oui,1,Oui
menzili,https://www.menzili.tn/annonce/une-maison-2-chambres-situee-a-midoun-sur-la-route-du-phare-medenine-djerbamidoun-149080,Maison/Villa,320000,2025-11-18,Médenine,Djerba - Midoun,Djerba - Midoun,4180,130,Non,Non,Non précisé,Non précisé,2,2,Non,Non,Oui,Non,Non,Oui,Oui,1,Non
menzili,https://www.menzili.tn/annonce/a-vendre-villa-recemment-construite-nabeul-hammametsud-146909,Maison/Villa,750000,2025-09-16,Nabeul,Hammamet Sud,Hammamet Sud,8050,250,Non,Non,Non précisé,Moyen standing,4,3,Oui,Oui,Oui,Oui,Non,Oui,Oui,1,Non
menzili,https://www.menzili.tn/annonce/v577-villa-luna-1-sidi-hamed-nabeul-hammametsud-148735,Maison/Villa,680000,2025-11-10,Nabeul,Hammamet Sud,HAMMAMET,8050,235,Oui,Non,Neuf,Haut standing,4,3,Oui,Non,Oui,Oui,Oui,Oui,Oui,1,Oui
menzili,https://www.menzili.tn/annonce/v578-villa-veronique-monchar-nabeul-hammametsud-148734,Maison/Villa,870000,2025-11-10,Nabeul,Hammamet Sud,HAMMAMET,8050,280,Non,Non,Neuf,Haut standing,4,3,Oui,Non,Oui,Oui,Oui,Non,Oui,1,Oui
menzili,https://www.menzili.tn/annonce/v581-villa-linda-hammamet-nabeul-hammametsud-148733,Maison/Villa,595000,2025-11-10,Nabeul,Hammamet Sud,HAMMAMET,8050,220,Non,Non,Neuf,Haut standing,3,2,Oui,Non,Oui,Oui,Oui,Non,Oui,,Oui
menzili,https://www.menzili.tn/annonce/v579-appartement-l-eden-nabeul-mrezga-148732,Maison/Villa,395000,2025-11-10,Nabeul,Mrezga,MREZGA,8058,114,Non,Non,Non précisé,Haut standing,3,2,Non,Non,Oui,Oui,Oui,Oui,Non,1,Oui
menzili,https://www.menzili.tn/annonce/v564-villa-la-citronnelle-citronnelle-villa-nabeul-hammametsud-148700,Maison/Villa,775000,2025-11-08,Nabeul,Hammamet Sud,HAMMAMET,8050,300,Non,Non,Non précisé,Haut standing,4,3,Oui,Non,Oui,Oui,Oui,Oui,Oui,1,Oui
menzili,https://www.menzili.tn/annonce/a-vendre-villa-de-luxe-avec-piscine-a-midoun-djerba-medenine-djerbamidoun-148670,Maison/Villa,400000,2025-11-07,Médenine,Djerba - Midoun,Djerba - Midoun,4180,120,Non,Non,Non précisé,Luxe,3,2,Non,Non,Oui,Oui,Non,Oui,Oui,,Non
menzili,https://www.menzili.tn/annonce/villa-moderne-avec-piscine-a-midoun-djerba-medenine-djerbamidoun-148666,Maison/Villa,650000,2025-11-07,Médenine,Djerba - Midoun,Djerba - Midoun,4180,180,Oui,Non,Non précisé,Moyen standing,2,2,Oui,Non,Oui,Oui,Non,Oui,Oui,,Oui
menzili,https://www.menzili.tn/annonce/v253-villa-hedi-villa-hammamet-yesmine-nabeul-hammametsud-148577,Maison/Villa,2000000,2025-11-05,Nabeul,Hammamet Sud,HAMMAMET,8050,480,Non,Non,Non précisé,Luxe,5,5,Oui,Oui,Oui,Oui,Oui,Oui,Oui,1,Oui
menzili,https://www.menzili.tn/annonce/v387-villa-elena-la-villa-hammamet-yasmine-nabeul-hammametsud-148554,Maison/Villa,1300000,2025-11-04,Nabeul,Hammamet Sud,HAMMAMET,8050,320,Non,Non,Non précisé,Haut standing,3,3,Oui,Non,Oui,Oui,Oui,Non,Oui,1,Oui
menzili,https://www.menzili.tn/annonce/v566-maison-d-hote-celina-la-villa-sud-nabeul-hammametsud-148553,Maison/Villa,6000000,2025-11-04,Nabeul,Hammamet Sud,HAMMAMET,8050,,Non,Non,Non précisé,Haut standing,4,5,Oui,Non,Oui,Oui,Oui,Oui,Oui,1,Oui
menzili,https://www.menzili.tn/annonce/v563-villa-versace-la-bella-hammamet-nabeul-hammametsud-148390,Maison/Villa,990000,2025-10-30,Nabeul,Hammamet Sud,HAMMAMET,8050,,Non,Oui,Neuf,Haut standing,4,4,Oui,Non,Oui,Oui,Oui,Oui,Oui,1,Oui
menzili,https://www.menzili.tn/annonce/v559-villa-dorra-3-la-bella-villa-nabeul-hammametsud-148389,Maison/Villa,1250000,2025-10-30,Nabeul,Hammamet Sud,HAMMAMET,8050,650,Non,Non,Neuf,Haut standing,4,5,Oui,Non,Oui,Oui,Oui,Oui,Oui,1,Oui
menzili,https://www.menzili.tn/annonce/v562-villa-sierre-zone-chraf-belle-villa-nabeul-hammamet-148388,Maison/Villa,1020000,2025-10-30,Nabeul,Hammamet,HAMMAMET,8050,450,Non,Oui,Non précisé,Haut standing,7,5,Oui,Non,Oui,Oui,Oui,Oui,Oui,3,Oui
menzili,https://www.menzili.tn/annonce/v564-villa-la-citronnelle-la-bella-hammamet-nabeul-hammametsud-148387,Maison/Villa,775000,2025-10-30,Nabeul,Hammamet Sud,HAMMAMET,8050,300,Non,Non,Non précisé,Haut standing,4,3,Oui,Non,Oui,Oui,Oui,Oui,Oui,1,Oui
menzili,https://www.menzili.tn/annonce/v566-maison-d-hote-celina-zone-monchar-nabeul-hammametsud-148386,Maison/Villa,6000000,2025-10-30,Nabeul,Hammamet Sud,HAMMAMET,8050,,Non,Non,Non précisé,Haut standing,4,5,Oui,Non,Oui,Oui,Oui,Oui,Oui,1,Oui
menzili,https://www.menzili.tn/annonce/v565-villa-madera-la-villa-bir-bouregba-nabeul-hammamet-148385,Maison/Villa,695000,2025-10-30,Nabeul,Hammamet,HAMMAMET,8050,170,Non,Non,Neuf,Haut standing,3,2,Oui,Non,Oui,Oui,Oui,Oui,Oui,,Oui
menzili,https://www.menzili.tn/annonce/v569-villa-saly-la-villa-saly-nabeul-hammamet-148384,Maison/Villa,1050000,2025-10-30,Nabeul,Hammamet,HAMMAMET,8050,350,Non,Non,Non précisé,Haut standing,5,5,Oui,Non,Oui,Oui,Oui,Non,Oui,1,Oui
menzili,https://www.menzili.tn/annonce/v404-villa-ricci-la-villa-ricci-beni-khiar-nabeul-benikhiar-148383,Maison/Villa,3900000,2025-10-30,Nabeul,Béni Khiar,NABEUL,8000,500,Non,Oui,Non précisé,Luxe,4,4,Oui,Non,Oui,Oui,Oui,Oui,Oui,2,Oui
menzili,https://www.menzili.tn/annonce/v169-villa-guess-la-villa-yasmine-hammamet-nabeul-hammametsud-148376,Maison/Villa,1350000,2025-10-30,Nabeul,Hammamet Sud,HAMMAMET,8050,732,Non,Non,Non précisé,Haut standing,3,3,Oui,Non,Oui,Oui,Oui,Oui,Oui,1,Oui
menzili,https://www.menzili.tn/annonce/v253-villa-hedi-la-villa-yasmine-hammamet-nabeul-hammametsud-148375,Maison/Villa,2000000,2025-10-30,Nabeul,Hammamet Sud,HAMMAMET,8050,480,Non,Non,Non précisé,Luxe,5,5,Oui,Oui,Oui,Oui,Oui,Oui,Oui,1,Oui
menzili,https://www.menzili.tn/annonce/v268-villa-panorama-la-villa-yesmine-hammamet-nabeul-hammametsud-148374,Maison/Villa,1500000,2025-10-30,Nabeul,Hammamet Sud,HAMMAMET,8050,420,Non,Non,Non précisé,Haut standing,4,4,Oui,Oui,Oui,Oui,Oui,Oui,Oui,1,Oui
menzili,https://www.menzili.tn/annonce/v339-villa-aicha-la-bella-aicha-nabeul-hammametsud-148373,Maison/Villa,3900000,2025-10-30,Nabeul,Hammamet Sud,HAMMAMET,8050,700,Non,Non,Non précisé,Haut standing,5,6,Oui,Non,Oui,Oui,Oui,Oui,Oui,1,Oui
menzili,https://www.menzili.tn/annonce/v342-villa-happy-la-bella-sousse-bouficha-148371,Maison/Villa,800000,2025-10-30,Sousse,Bouficha,BOUFICHA,4000,400,Non,Oui,Non précisé,Haut standing,4,4,Oui,Non,Oui,Oui,Oui,Non,Oui,1,Oui
menzili,https://www.menzili.tn/annonce/v387-villa-elena-la-villa-yasmine-hammamet-nabeul-hammametsud-148370,Maison/Villa,1300000,2025-10-30,Nabeul,Hammamet Sud,HAMMAMET,8050,770,Non,Non,Non précisé,Haut standing,3,2,Oui,Non,Oui,Oui,Oui,Non,Oui,1,Oui
menzili,https://www.menzili.tn/annonce/v390-villa-pepsi-la-villa-yesmine-hammamet-nabeul-hammametsud-148369,Maison/Villa,1600000,2025-10-30,Nabeul,Hammamet Sud,HAMMAMET,8050,480,Non,Non,Non précisé,Haut standing,4,5,Oui,Non,Oui,Oui,Oui,Non,Oui,1,Oui
menzili,https://www.menzili.tn/annonce/v391-villa-kare-la-villa-nord-nabeul-hammametnord-148368,Maison/Villa,760000,2025-10-30,Nabeul,Hammamet Nord,HAMMAMET,8050,240,Non,Non,Non précisé,Haut standing,4,5,Oui,Non,Oui,Oui,Oui,Oui,Oui,1,Oui
menzili,https://www.menzili.tn/annonce/v412-villa-majorelle-la-bella-villa-nabeul-hammametsud-148366,Maison/Villa,1030000,2025-10-30,Nabeul,Hammamet Sud,HAMMAMET,8050,400,Non,Non,Non précisé,Haut standing,5,3,Oui,Non,Oui,Oui,Oui,Oui,Oui,1,Oui
menzili,https://www.menzili.tn/annonce/v421-villa-tia-la-belle-villa-tia-nabeul-hammametsud-148365,Maison/Villa,720000,2025-10-30,Nabeul,Hammamet Sud,HAMMAMET,8050,400,Non,Non,Neuf,Non précisé,5,3,Oui,Non,Oui,Oui,Non,Oui,Oui,1,Non
menzili,https://www.menzili.tn/annonce/v524-villa-phenicia-la-villa-phenicia-nabeul-hammametnord-148363,Maison/Villa,1200000,2025-10-30,Nabeul,Hammamet Nord,HAMMAMET,8050,700,Oui,Non,Non précisé,Haut standing,7,4,Non,Non,Oui,Oui,Oui,Non,Oui,3,Oui
menzili,https://www.menzili.tn/annonce/v521-villa-coco-la-villa-hammamet-nabeul-hammametnord-148361,Maison/Villa,1300000,2025-10-30,Nabeul,Hammamet Nord,HAMMAMET,8050,400,Non,Non,Non précisé,Haut standing,5,5,Oui,Non,Oui,Oui,Oui,Non,Oui,1,Oui
menzili,https://www.menzili.tn/annonce/v536-villa-suisse-2-la-villa-suisse-nabeul-hammametnord-148358,Maison/Villa,750000,2025-10-30,Nabeul,Hammamet Nord,HAMMAMET,8050,210,Non,Non,Non précisé,Haut standing,3,3,Oui,Non,Oui,Oui,Oui,Oui,Oui,1,Oui
menzili,https://www.menzili.tn/annonce/v482-villa-royale-la-villa-mahersi-nabeul-nabeul-148345,Maison/Villa,2000000,2025-10-29,Nabeul,Nabeul,NABEUL,8000,870,Non,Oui,Non précisé,Haut standing,5,3,Oui,Non,Oui,Oui,Oui,Oui,Oui,3,Oui
menzili,https://www.menzili.tn/annonce/a-vendre-maison-arabe-s2-a-centre-ville-nabeul-nabeul-nabeul-148338,Maison/Villa,220000,2025-10-29,Nabeul,Nabeul,Nabeul,8000,135,Oui,Non,Non précisé,Non précisé,2,,Non,Non,Oui,Non,Non,Non,Non,,Non
menzili,https://www.menzili.tn/annonce/a-vendre-maison-a-maakel-ezzaiem-tunis-sidielbechir-148336,Maison/Villa,360000,2025-10-29,Tunis,Sidi El Béchir,Maakel Ezzaiem,1002,,Oui,Non,Non précisé,Non précisé,7,1,Non,Non,Oui,Non,Non,Oui,Oui,2,Non
menzili,https://www.menzili.tn/annonce/maison-arabesque-s-3-avec-patio-et-jardin-a-vendre-51355351-nabeul-nabeul-148334,Maison/Villa,370000,2025-10-29,Nabeul,Nabeul,Nabeul,8000,200,Non,Non,Non précisé,Non précisé,3,1,Non,Non,Oui,Non,Non,Non,Oui,,Non
menzili,https://www.menzili.tn/annonce/v535-villa-suisse-1-la-villa-nord-nabeul-hammametnord-148332,Maison/Villa,780000,2025-10-29,Nabeul,Hammamet Nord,HAMMAMET,8050,240,Non,Oui,Non précisé,Haut standing,3,3,Oui,Non,Oui,Oui,Oui,Oui,Oui,1,Oui
menzili,https://www.menzili.tn/annonce/v547-villa-folla-2-la-villa-chraf-nabeul-hammamet-148327,Maison/Villa,1500000,2025-10-29,Nabeul,Hammamet,HAMMAMET,8050,300,Oui,Non,Neuf,Haut standing,4,5,Oui,Non,Oui,Oui,Oui,Non,Oui,1,Oui
menzili,https://www.menzili.tn/annonce/v545-villa-paradise-la-villa-hammamet-nabeul-hammametsud-148325,Maison/Villa,750000,2025-10-29,Nabeul,Hammamet Sud,HAMMAMET,8050,380,Non,Non,Neuf,Haut standing,3,2,Oui,Non,Oui,Oui,Oui,Non,Oui,,Oui
menzili,https://www.menzili.tn/annonce/a-vendre-une-villa-s4-nabeul-hammametcentre-148324,Maison/Villa,695000,2025-10-29,Nabeul,Hammamet Centre,deximmo1716@gmail.com,8050,264,Oui,Non,Non précisé,Moyen standing,4,4,Oui,Non,Oui,Non,Oui,Oui,Oui,,Oui
menzili,https://www.menzili.tn/annonce/v554-villa-la-fontaine-la-fontaine-villa-nabeul-hammametsud-148323,Maison/Villa,1250000,2025-10-29,Nabeul,Hammamet Sud,HAMMAMET,8050,380,Non,Oui,Neuf,Haut standing,5,6,Oui,Non,Oui,Oui,Oui,Oui,Oui,1,Oui
menzili,https://www.menzili.tn/annonce/v562-villa-sierre-la-villa-chraf-nabeul-hammamet-148321,Maison/Villa,1020000,2025-10-29,Nabeul,Hammamet,HAMMAMET,8050,450,Non,Oui,Non précisé,Haut standing,7,5,Oui,Non,Oui,Oui,Oui,Oui,Oui,3,Oui
menzili,https://www.menzili.tn/annonce/v559-villa-dorra-3-la-villa-bella-nabeul-hammametsud-148320,Maison/Villa,1250000,2025-10-29,Nabeul,Hammamet Sud,HAMMAMET,8050,650,Non,Non,Neuf,Haut standing,4,5,Oui,Non,Oui,Oui,Oui,Oui,Oui,1,Oui
menzili,https://www.menzili.tn/annonce/v564-villa-la-citronnelle-la-bella-nabeul-hammametsud-148318,Maison/Villa,775000,2025-10-29,Nabeul,Hammamet Sud,HAMMAMET,8050,300,Non,Non,Non précisé,Haut standing,4,3,Oui,Non,Oui,Oui,Oui,Oui,Oui,1,Oui
menzili,https://www.menzili.tn/annonce/maison-s-2-avec-jardin-a-vendre-a-hammamet-sud-51355351-nabeul-hammametsud-148317,Maison/Villa,180000,2025-10-29,Nabeul,Hammamet Sud,Hammamet Sud,8050,120,Oui,Non,Non précisé,Non précisé,2,1,Non,Non,Oui,Non,Non,Oui,Oui,,Non
menzili,https://www.menzili.tn/annonce/v558-villa-ruby-la-bella-villa-nabeul-hammamet-148316,Maison/Villa,4000000,2025-10-29,Nabeul,Hammamet,HAMMAMET,8050,1200,Non,Non,Non précisé,Haut standing,7,6,Oui,Non,Oui,Oui,Oui,Non,Oui,1,Oui
menzili,https://www.menzili.tn/annonce/v563-villa-versace-la-bella-villa-nabeul-hammametsud-148315,Maison/Villa,990000,2025-10-29,Nabeul,Hammamet Sud,HAMMAMET,8050,,Non,Oui,Neuf,Haut standing,4,4,Oui,Non,Oui,Oui,Oui,Oui,Oui,1,Oui
menzili,https://www.menzili.tn/annonce/v566-maison-d-hote-celina-la-bella-nabeul-hammametsud-148312,Maison/Villa,6000000,2025-10-29,Nabeul,Hammamet Sud,HAMMAMET,8050,,Non,Non,Non précisé,Haut standing,4,5,Oui,Non,Oui,Oui,Oui,Oui,Oui,1,Oui
menzili,https://www.menzili.tn/annonce/v565-villa-madera-la-bella-nabeul-hammamet-148311,Maison/Villa,695000,2025-10-29,Nabeul,Hammamet,HAMMAMET,8050,170,Non,Non,Neuf,Haut standing,3,2,Oui,Non,Oui,Oui,Oui,Oui,Oui,,Oui
menzili,https://www.menzili.tn/annonce/v567-les-villas-venise-la-bella-nabeul-hammametsud-148310,Maison/Villa,1150000,2025-10-29,Nabeul,Hammamet Sud,HAMMAMET,8050,250,Non,Non,Non précisé,Haut standing,4,4,Oui,Non,Oui,Oui,Oui,Non,Oui,,Oui
menzili,https://www.menzili.tn/annonce/v569-villa-saly-la-belle-villa-nabeul-hammamet-148309,Maison/Villa,1050000,2025-10-29,Nabeul,Hammamet,HAMMAMET,8050,350,Non,Non,Non précisé,Haut standing,5,5,Oui,Non,Oui,Oui,Oui,Non,Oui,1,Oui
menzili,https://www.menzili.tn/annonce/maison-studio-a-ain-jloula-kairouan-kairouan-elouslatia-148305,Maison/Villa,65000,2025-10-28,Kairouan,El Ouslatia,Ain jloula,3100,,Non,Non,Non précisé,Non précisé,3,1,Non,Non,Oui,Non,Non,Non,Non,,Non
menzili,https://www.menzili.tn/annonce/villa-sans-piscine-a-vendre-nabeul-hammamet-141934,Maison/Villa,1100000,2025-05-02,Nabeul,Hammamet,jinen hammamet,8050,300,Non,Non,À rénover,Haut standing,4,3,Oui,Non,Oui,Oui,Oui,Oui,Oui,,Oui
menzili,https://www.menzili.tn/annonce/v404-villa-ricci-la-bella-villa-nabeul-benikhiar-148294,Maison/Villa,3900000,2025-10-28,Nabeul,Béni Khiar,NABEUL,8000,500,Non,Oui,Non précisé,Luxe,4,4,Oui,Non,Oui,Oui,Oui,Oui,Oui,2,Oui
menzili,https://www.menzili.tn/annonce/v169-villa-guess-la-bella-villa-nabeul-hammametsud-148292,Maison/Villa,1350000,2025-10-28,Nabeul,Hammamet Sud,HAMMAMET,8050,732,Non,Non,Non précisé,Haut standing,3,3,Oui,Non,Oui,Oui,Oui,Oui,Oui,1,Oui
menzili,https://www.menzili.tn/annonce/v526-villa-blue-berry-la-belle-villa-nabeul-hammametsud-148291,Maison/Villa,980000,2025-10-28,Nabeul,Hammamet Sud,HAMMAMET,8050,360,Non,Non,Neuf,Haut standing,5,3,Oui,Non,Oui,Oui,Oui,Non,Oui,1,Oui
menzili,https://www.menzili.tn/annonce/v253-villa-hedi-la-bella-nabeul-hammametsud-148284,Maison/Villa,2000000,2025-10-28,Nabeul,Hammamet Sud,HAMMAMET,8050,480,Non,Non,Non précisé,Luxe,5,5,Oui,Oui,Oui,Oui,Oui,Oui,Oui,1,Oui
menzili,https://www.menzili.tn/annonce/v268-villa-panorama-la-villa-yasmine-hammamet-nabeul-hammametsud-148283,Maison/Villa,1500000,2025-10-28,Nabeul,Hammamet Sud,HAMMAMET,8050,420,Non,Non,Non précisé,Haut standing,4,4,Oui,Oui,Oui,Oui,Oui,Oui,Oui,1,Oui
menzili,https://www.menzili.tn/annonce/v339-villa-aicha-la-villa-hammamet-nabeul-hammametsud-148282,Maison/Villa,3900000,2025-10-28,Nabeul,Hammamet Sud,HAMMAMET,8050,700,Non,Non,Non précisé,Haut standing,5,6,Oui,Non,Oui,Oui,Oui,Oui,Oui,1,Oui
menzili,https://www.menzili.tn/annonce/v342-villa-happy-la-villa-bouficha-sousse-bouficha-148279,Maison/Villa,800000,2025-10-28,Sousse,Bouficha,SOUSSE,4000,400,Non,Oui,Non précisé,Haut standing,4,4,Oui,Non,Oui,Oui,Oui,Non,Oui,1,Oui
menzili,https://www.menzili.tn/annonce/v390-villa-pepsi-la-villa-yasmine-hammamet-nabeul-hammametsud-148277,Maison/Villa,1600000,2025-10-28,Nabeul,Hammamet Sud,HAMMAMET,8050,480,Non,Non,Non précisé,Haut standing,4,5,Oui,Non,Oui,Oui,Oui,Non,Oui,1,Oui
menzili,https://www.menzili.tn/annonce/v391-villa-kare-la-villa-hammamet-nabeul-hammametnord-148275,Maison/Villa,760000,2025-10-28,Nabeul,Hammamet Nord,HAMMAMET,8050,240,Non,Non,Non précisé,Haut standing,4,5,Oui,Non,Oui,Oui,Oui,Oui,Oui,1,Oui
menzili,https://www.menzili.tn/annonce/v387-villa-elena-la-belle-villa-nabeul-hammametsud-148274,Maison/Villa,1300000,2025-10-28,Nabeul,Hammamet Sud,HAMMAMET,8050,320,Non,Non,Non précisé,Haut standing,3,3,Oui,Non,Oui,Oui,Oui,Non,Oui,1,Oui
menzili,https://www.menzili.tn/annonce/v412-villa-majorelle-la-villa-sud-nabeul-hammametsud-148272,Maison/Villa,1030000,2025-10-28,Nabeul,Hammamet Sud,HAMMAMET,8050,400,Non,Non,Non précisé,Haut standing,5,3,Oui,Non,Oui,Oui,Oui,Oui,Oui,1,Oui
menzili,https://www.menzili.tn/annonce/v421-villa-tia-la-villa-bella-nabeul-hammametsud-148271,Maison/Villa,720000,2025-10-28,Nabeul,Hammamet Sud,HAMMAMET,8050,400,Non,Non,Neuf,Non précisé,5,3,Oui,Non,Oui,Oui,Non,Oui,Oui,1,Non
menzili,https://www.menzili.tn/annonce/v434-villa-zina-la-villa-yesmine-hammamet-nabeul-hammametsud-148268,Maison/Villa,1100000,2025-10-28,Nabeul,Hammamet Sud,HAMMAMET,8050,400,Non,Non,Non précisé,Haut standing,5,3,Oui,Non,Oui,Oui,Oui,Oui,Oui,1,Oui
menzili,https://www.menzili.tn/annonce/v482-villa-royale-la-villa-sidi-mahrsi-nabeul-nabeul-148267,Maison/Villa,2000000,2025-10-28,Nabeul,Nabeul,NABEUL,8000,870,Non,Oui,Non précisé,Haut standing,5,3,Oui,Non,Oui,Oui,Oui,Oui,Oui,3,Oui
menzili,https://www.menzili.tn/annonce/v521-villa-coco-villa-coco-nabeul-hammametnord-148265,Maison/Villa,1300000,2025-10-28,Nabeul,Hammamet Nord,HAMMAMET,8050,400,Non,Non,Non précisé,Haut standing,5,5,Oui,Non,Oui,Oui,Oui,Non,Oui,1,Oui
menzili,https://www.menzili.tn/annonce/v524-villa-phenicia-la-villa-hammamet-nabeul-hammametnord-148260,Maison/Villa,1200000,2025-10-27,Nabeul,Hammamet Nord,HAMMAMET,8050,700,Oui,Non,Non précisé,Haut standing,7,4,Non,Non,Oui,Oui,Oui,Non,Oui,3,Oui
menzili,https://www.menzili.tn/annonce/villa-en-cours-de-finition-jardin-menzah-2-ariana-mnihla-148255,Maison/Villa,900000,2025-10-27,Ariana,Mnihla,Mnihla,2094,1,Oui,Non,Non précisé,Non précisé,4,2,Oui,Oui,Oui,Non,Non,Non,Oui,1,Non
menzili,https://www.menzili.tn/annonce/v547-villa-folla-2-la-villa-zone-chraf-nabeul-hammamet-148253,Maison/Villa,1500000,2025-10-27,Nabeul,Hammamet,HAMMAMET,8050,300,Oui,Non,Neuf,Haut standing,4,5,Oui,Non,Oui,Oui,Oui,Non,Oui,1,Oui
menzili,https://www.menzili.tn/annonce/v554-villa-la-fontaine-la-bella-nabeul-hammametsud-148251,Maison/Villa,1250000,2025-10-27,Nabeul,Hammamet Sud,HAMMAMET,8050,380,Non,Oui,Neuf,Haut standing,5,6,Oui,Non,Oui,Oui,Oui,Oui,Oui,1,Oui
menzili,https://www.menzili.tn/annonce/v562-villa-sierre-la-villa-zone-chraf-nabeul-hammamet-148250,Maison/Villa,1020000,2025-10-27,Nabeul,Hammamet,HAMMAMET,8050,450,Non,Oui,Non précisé,Haut standing,7,5,Oui,Non,Oui,Oui,Oui,Oui,Oui,3,Oui
menzili,https://www.menzili.tn/annonce/v564-villa-la-citronnelle-la-bella-nabeul-hammametsud-148248,Maison/Villa,775000,2025-10-27,Nabeul,Hammamet Sud,HAMMAMET,8050,300,Non,Non,Non précisé,Haut standing,4,3,Oui,Non,Oui,Oui,Oui,Oui,Oui,1,Oui
menzili,https://www.menzili.tn/annonce/2-etages-de-villa-a-vendre-avec-un-prix-imbattable-bizerte-bizertenord-148247,Maison/Villa,160000,2025-10-27,Bizerte,Bizerte Nord,Prés stade 15 octobre - Bizerte,7000,150,Non,Non,Non précisé,Non précisé,4,1,Non,Non,Oui,Non,Non,Non,Non,,Non
menzili,https://www.menzili.tn/annonce/v559-villa-dorra-3-la-bella-nabeul-hammametsud-148246,Maison/Villa,1250000,2025-10-27,Nabeul,Hammamet Sud,HAMMAMET,8050,650,Non,Non,Neuf,Haut standing,4,5,Oui,Non,Oui,Oui,Oui,Oui,Oui,1,Oui
menzili,https://www.menzili.tn/annonce/v563-villa-versace-la-villa-hammamet-nabeul-hammametsud-148244,Maison/Villa,990000,2025-10-27,Nabeul,Hammamet Sud,HAMMAMET,8050,,Non,Oui,Neuf,Haut standing,4,4,Oui,Non,Oui,Oui,Oui,Oui,Oui,1,Oui
menzili,https://www.menzili.tn/annonce/v558-villa-ruby-la-villa-miramar-nabeul-hammamet-148242,Maison/Villa,4000000,2025-10-27,Nabeul,Hammamet,HAMMAMET,8050,1200,Non,Non,Non précisé,Haut standing,7,6,Oui,Non,Oui,Oui,Oui,Non,Oui,1,Oui
menzili,https://www.menzili.tn/annonce/v565-villa-madera-la-villa-hammamet-nabeul-hammamet-148240,Maison/Villa,695000,2025-10-27,Nabeul,Hammamet,HAMMAMET,8050,170,Non,Non,Neuf,Haut standing,3,2,Oui,Non,Oui,Oui,Oui,Oui,Oui,,Oui
menzili,https://www.menzili.tn/annonce/v567-les-villas-venise-la-belle-villa-nabeul-hammametsud-148239,Maison/Villa,1150000,2025-10-27,Nabeul,Hammamet Sud,HAMMAMET,8050,250,Non,Non,Non précisé,Haut standing,4,4,Oui,Non,Oui,Oui,Oui,Non,Oui,,Oui
menzili,https://www.menzili.tn/annonce/v566-maison-d-hote-celina-la-villa-nabeul-hammametsud-148238,Maison/Villa,6000000,2025-10-27,Nabeul,Hammamet Sud,HAMMAMET,8050,,Non,Non,Non précisé,Haut standing,4,5,Oui,Non,Oui,Oui,Oui,Oui,Oui,1,Oui
menzili,https://www.menzili.tn/annonce/v404-villa-ricci-la-villa-beni-khiar-nabeul-benikhiar-148236,Maison/Villa,3900000,2025-10-27,Nabeul,Béni Khiar,NABEUL,8000,500,Non,Oui,Non précisé,Luxe,4,4,Oui,Non,Oui,Oui,Oui,Oui,Oui,2,Oui
menzili,https://www.menzili.tn/annonce/v169-villa-guess-la-villa-hammamet-nabeul-hammametsud-148235,Maison/Villa,1350000,2025-10-27,Nabeul,Hammamet Sud,HAMMAMET,8050,732,Non,Non,Non précisé,Haut standing,3,3,Oui,Non,Oui,Oui,Oui,Oui,Oui,1,Oui
menzili,https://www.menzili.tn/annonce/v253-villa-hedi-la-villa-hammamet-nabeul-hammametsud-148234,Maison/Villa,2000000,2025-10-27,Nabeul,Hammamet Sud,HAMMAMET,8050,480,Non,Non,Non précisé,Luxe,5,5,Oui,Oui,Oui,Oui,Oui,Oui,Oui,1,Oui
menzili,https://www.menzili.tn/annonce/v268-villa-panorama-la-villa-hammamet-nabeul-hammametsud-148233,Maison/Villa,1500000,2025-10-27,Nabeul,Hammamet Sud,HAMMAMET,8050,420,Non,Non,Non précisé,Haut standing,4,4,Oui,Oui,Oui,Oui,Oui,Oui,Oui,1,Oui
menzili,https://www.menzili.tn/annonce/v339-villa-aicha-sud-aicha-villa-nabeul-hammametsud-148231,Maison/Villa,3900000,2025-10-27,Nabeul,Hammamet Sud,HAMMAMET,8050,700,Non,Non,Non précisé,Haut standing,5,6,Oui,Non,Oui,Oui,Oui,Oui,Oui,1,Oui
menzili,https://www.menzili.tn/annonce/v342-villa-happy-bouficha-villa-sousse-bouficha-148230,Maison/Villa,800000,2025-10-27,Sousse,Bouficha,BOUFICHA,4000,400,Non,Oui,Non précisé,Haut standing,4,4,Oui,Non,Oui,Oui,Oui,Non,Oui,1,Oui
menzili,https://www.menzili.tn/annonce/duplex-s-3-a-cite-mora-nabeul-a-vendre-51355351-nabeul-nabeul-148226,Maison/Villa,450000,2025-10-26,Nabeul,Nabeul,Nabeul,8000,240,Non,Oui,Non précisé,Haut standing,3,4,Non,Non,Oui,Non,Oui,Oui,Non,,Oui
menzili,https://www.menzili.tn/annonce/v387-villa-elena-elena-hammamet-nabeul-hammametsud-148217,Maison/Villa,1300000,2025-10-25,Nabeul,Hammamet Sud,HAMMAMET,8050,320,Non,Non,Non précisé,Haut standing,3,3,Oui,Non,Oui,Oui,Oui,Non,Oui,1,Oui
menzili,https://www.menzili.tn/annonce/v380-villa-karam-la-bella-nabeul-hammamet-148215,Maison/Villa,2200000,2025-10-25,Nabeul,Hammamet,HAMMAMET,8050,400,Non,Non,Non précisé,Haut standing,4,4,Oui,Non,Oui,Oui,Oui,Oui,Oui,1,Oui
menzili,https://www.menzili.tn/annonce/v390-villa-pepsi-la-villa-hammamet-nabeul-hammametsud-148211,Maison/Villa,1600000,2025-10-25,Nabeul,Hammamet Sud,HAMMAMET,8050,480,Non,Non,Non précisé,Haut standing,4,5,Oui,Non,Oui,Oui,Oui,Non,Oui,1,Oui
menzili,https://www.menzili.tn/annonce/v391-villa-kare-nord-kare-nabeul-hammametnord-148210,Maison/Villa,760000,2025-10-25,Nabeul,Hammamet Nord,HAMMAMET,8050,240,Non,Non,Non précisé,Haut standing,4,5,Oui,Non,Oui,Oui,Oui,Oui,Oui,1,Oui
menzili,https://www.menzili.tn/annonce/v421-villa-tia-la-villa-hammamet-nabeul-hammametsud-148208,Maison/Villa,720000,2025-10-25,Nabeul,Hammamet Sud,HAMMAMET,8050,400,Non,Non,Neuf,Non précisé,5,3,Oui,Non,Oui,Oui,Non,Oui,Oui,1,Non
menzili,https://www.menzili.tn/annonce/v412-villa-majorelle-la-bella-nabeul-hammametsud-148207,Maison/Villa,1030000,2025-10-25,Nabeul,Hammamet Sud,HAMMAMET,8050,400,Non,Non,Non précisé,Haut standing,5,3,Oui,Non,Oui,Oui,Oui,Oui,Oui,1,Oui
menzili,https://www.menzili.tn/annonce/v434-villa-zina-la-villa-hammamet-nabeul-hammametsud-148206,Maison/Villa,1100000,2025-10-25,Nabeul,Hammamet Sud,HAMMAMET,8050,400,Non,Non,Non précisé,Haut standing,5,3,Oui,Non,Oui,Oui,Oui,Oui,Oui,1,Oui
menzili,https://www.menzili.tn/annonce/v536-villa-suisse-2-la-belle-villa-nabeul-hammametnord-148205,Maison/Villa,750000,2025-10-25,Nabeul,Hammamet Nord,HAMMAMET,8050,210,Non,Non,Non précisé,Haut standing,3,3,Oui,Non,Oui,Oui,Oui,Oui,Oui,1,Oui
menzili,https://www.menzili.tn/annonce/v535-villa-suisse-1-la-villa-hammamet-nabeul-hammametnord-148204,Maison/Villa,780000,2025-10-25,Nabeul,Hammamet Nord,HAMMAMET,8050,240,Non,Oui,Non précisé,Haut standing,3,3,Oui,Non,Oui,Oui,Oui,Oui,Oui,1,Oui
menzili,https://www.menzili.tn/annonce/v541-villa-noor-la-villa-hammamet-nabeul-hammametnord-148202,Maison/Villa,1600000,2025-10-25,Nabeul,Hammamet Nord,HAMMAMET,8050,270,Non,Oui,Neuf,Haut standing,4,3,Oui,Non,Oui,Oui,Oui,Non,Oui,1,Oui
menzili,https://www.menzili.tn/annonce/v547-villa-folla-2-la-villa-hammamet-nabeul-hammamet-148201,Maison/Villa,1500000,2025-10-25,Nabeul,Hammamet,HAMMAMET,8050,300,Oui,Non,Neuf,Haut standing,4,5,Oui,Non,Oui,Oui,Oui,Non,Oui,1,Oui
menzili,https://www.menzili.tn/annonce/v545-villa-paradise-la-villa-paradis-b-nabeul-hammametsud-148200,Maison/Villa,750000,2025-10-25,Nabeul,Hammamet Sud,HAMMAMET,8050,380,Non,Non,Neuf,Haut standing,3,2,Oui,Non,Oui,Oui,Oui,Non,Oui,,Oui
menzili,https://www.menzili.tn/annonce/duplex-s-2-avec-piscine-encours-de-finition-a-vendre51355351-nabeul-hammametsud-148199,Maison/Villa,230000,2025-10-25,Nabeul,Hammamet Sud,Hammamet Sud,8050,117,Non,Non,Non précisé,Non précisé,2,2,Non,Non,Oui,Oui,Non,Oui,Oui,,Non
menzili,https://www.menzili.tn/annonce/v554-villa-la-fontaine-la-villa-hammamet-nabeul-hammametsud-148198,Maison/Villa,1250000,2025-10-25,Nabeul,Hammamet Sud,HAMMAMET,8050,380,Non,Oui,Neuf,Haut standing,5,6,Oui,Non,Oui,Oui,Oui,Oui,Oui,1,Oui
menzili,https://www.menzili.tn/annonce/v558-villa-ruby-la-villa-hammamet-nabeul-hammamet-148197,Maison/Villa,4000000,2025-10-25,Nabeul,Hammamet,HAMMAMET,8050,1200,Non,Non,Non précisé,Haut standing,7,6,Oui,Non,Oui,Oui,Oui,Non,Oui,1,Oui
menzili,https://www.menzili.tn/annonce/v559-villa-dorra-3-la-belle-villa-nabeul-hammametsud-148196,Maison/Villa,1250000,2025-10-25,Nabeul,Hammamet Sud,HAMMAMET,8050,650,Non,Non,Neuf,Haut standing,4,5,Oui,Non,Oui,Oui,Oui,Oui,Oui,1,Oui
menzili,https://www.menzili.tn/annonce/v563-villa-versace-la-belle-villa-hammamet-nabeul-hammametsud-148195,Maison/Villa,990000,2025-10-25,Nabeul,Hammamet Sud,HAMMAMET,8050,,Non,Oui,Neuf,Haut standing,4,4,Oui,Non,Oui,Oui,Oui,Oui,Oui,1,Oui
menzili,https://www.menzili.tn/annonce/v564-villa-la-citronnelle-la-belle-villa-nabeul-hammametsud-148193,Maison/Villa,775000,2025-10-25,Nabeul,Hammamet Sud,HAMMAMET,8050,300,Non,Non,Non précisé,Haut standing,4,3,Oui,Non,Oui,Oui,Oui,Oui,Oui,1,Oui
menzili,https://www.menzili.tn/annonce/villa-a-vendre-a-douar-hicher-manouba-manouba-douarhicher-148190,Maison/Villa,,2025-10-25,Manouba,Douar Hicher,13 Rue Ali Riahi Douar Hicher Manouba,2010,130,Non,Non,Non précisé,Non précisé,4,1,Non,Non,Oui,Non,Non,Oui,Oui,,Non
menzili,https://www.menzili.tn/annonce/v562-villa-sierre-bella-sierre-nabeul-hammamet-148185,Maison/Villa,1020000,2025-10-24,Nabeul,Hammamet,HAMMAMET,8050,450,Non,Oui,Non précisé,Haut standing,7,5,Oui,Non,Oui,Oui,Oui,Oui,Non,3,Oui
menzili,https://www.menzili.tn/annonce/v565-villa-madera-bella-madera-nabeul-hammamet-148184,Maison/Villa,695000,2025-10-24,Nabeul,Hammamet,HAMMAMET,8050,170,Non,Non,Neuf,Haut standing,3,2,Oui,Non,Oui,Oui,Oui,Oui,Oui,,Oui
menzili,https://www.menzili.tn/annonce/v566-maison-d-hote-celina-bella-celina-nabeul-hammametsud-148183,Maison/Villa,6000000,2025-10-24,Nabeul,Hammamet Sud,HAMMAMET,8050,,Non,Non,Non précisé,Haut standing,4,5,Oui,Non,Oui,Oui,Oui,Oui,Oui,1,Oui
menzili,https://www.menzili.tn/annonce/v169-villa-guess-bella-bella-nabeul-hammametsud-148182,Maison/Villa,1350000,2025-10-24,Nabeul,Hammamet Sud,HAMMAMET,8050,732,Non,Non,Non précisé,Haut standing,3,3,Oui,Non,Oui,Oui,Oui,Oui,Oui,1,Oui
menzili,https://www.menzili.tn/annonce/v404-villa-ricci-bella-ricci-nabeul-benikhiar-148181,Maison/Villa,3900000,2025-10-24,Nabeul,Béni Khiar,NABEUL,8000,500,Non,Oui,Non précisé,Luxe,4,4,Oui,Non,Oui,Oui,Oui,Oui,Oui,2,Oui
menzili,https://www.menzili.tn/annonce/a-loueretage-de-villa-s3-a-afh-mrezga-cite-el-wafa-nabeul-nabeul-148176,Maison/Villa,,2025-10-24,Nabeul,Nabeul,Nabeul,8000,130,Non,Non,Non précisé,Haut standing,3,1,Oui,Oui,Oui,Non,Oui,Non,Non,,Non
menzili,https://www.menzili.tn/annonce/a-vendre-villa-s3-pied-dans-l-eau-situee-a-kelibia-nabeul-nabeul-kelibia-148174,Maison/Villa,650000,2025-10-24,Nabeul,Kélibia,Kélibia,8000,200,Non,Oui,Non précisé,Haut standing,3,1,Oui,Non,Oui,Oui,Non,Non,Oui,,Non
menzili,https://www.menzili.tn/annonce/2-duplex-jumeles-a-hammamet-sud-a-vendre-51355351-nabeul-hammametsud-148172,Maison/Villa,500000,2025-10-24,Nabeul,Hammamet Sud,Hammamet Sud,8050,270,Non,Non,Non précisé,Moyen standing,6,4,Non,Non,Oui,Non,Oui,Oui,Oui,,Oui
menzili,https://www.menzili.tn/annonce/v253-villa-hedi-bella-bella-nabeul-hammametsud-148166,Maison/Villa,2000000,2025-10-24,Nabeul,Hammamet Sud,HAMMAMET,8050,480,Non,Non,Non précisé,Luxe,5,5,Oui,Oui,Oui,Oui,Oui,Oui,Oui,1,Oui
menzili,https://www.menzili.tn/annonce/v101-villa-miel-hammamet-villa-nabeul-hammametnord-148165,Maison/Villa,1150000,2025-10-24,Nabeul,Hammamet Nord,HAMMAMET,8050,350,Non,Non,Non précisé,Haut standing,3,3,Oui,Non,Oui,Oui,Oui,Oui,Oui,2,Oui
menzili,https://www.menzili.tn/annonce/v268-villa-panorama-bella-bella-nabeul-hammametsud-148164,Maison/Villa,1500000,2025-10-24,Nabeul,Hammamet Sud,HAMMAMET,8050,420,Non,Non,Non précisé,Haut standing,4,4,Oui,Oui,Oui,Oui,Oui,Oui,Oui,1,Oui
menzili,https://www.menzili.tn/annonce/v380-villa-karam-belle-villa-nabeul-hammamet-148163,Maison/Villa,2200000,2025-10-24,Nabeul,Hammamet,HAMMAMET,8050,400,Non,Non,Non précisé,Haut standing,4,4,Oui,Non,Oui,Oui,Oui,Oui,Oui,1,Oui
menzili,https://www.menzili.tn/annonce/v339-villa-aicha-bella-bella-nabeul-hammametsud-148160,Maison/Villa,3900000,2025-10-24,Nabeul,Hammamet Sud,HAMMAMET,8050,700,Non,Non,Non précisé,Haut standing,5,6,Oui,Non,Oui,Oui,Oui,Oui,Oui,1,Oui
menzili,https://www.menzili.tn/annonce/v387-villa-elena-bella-villa-nabeul-hammametsud-148159,Maison/Villa,1300000,2025-10-24,Nabeul,Hammamet Sud,HAMMAMET,8050,320,Non,Non,Non précisé,Haut standing,3,3,Oui,Non,Oui,Oui,Oui,Non,Oui,1,Oui
menzili,https://www.menzili.tn/annonce/v390-villa-pepsi-bella-bella-nabeul-hammametsud-148158,Maison/Villa,1600000,2025-10-24,Nabeul,Hammamet Sud,HAMMAMET,8050,480,Non,Non,Non précisé,Haut standing,4,5,Oui,Non,Oui,Oui,Oui,Non,Oui,1,Oui
menzili,https://www.menzili.tn/annonce/v391-villa-kare-bella-kare-nabeul-hammametnord-148157,Maison/Villa,760000,2025-10-24,Nabeul,Hammamet Nord,HAMMAMET,8050,240,Non,Non,Non précisé,Haut standing,4,5,Oui,Non,Oui,Oui,Oui,Oui,Oui,1,Oui
menzili,https://www.menzili.tn/annonce/v412-villa-majorelle-bella-bella-nabeul-hammametsud-148156,Maison/Villa,1030000,2025-10-24,Nabeul,Hammamet Sud,HAMMAMET,8050,400,Non,Non,Non précisé,Haut standing,5,3,Oui,Non,Oui,Oui,Oui,Oui,Oui,1,Oui
menzili,https://www.menzili.tn/annonce/v421-villa-tia-la-belle-villa-nabeul-hammametsud-148155,Maison/Villa,720000,2025-10-24,Nabeul,Hammamet Sud,HAMMAMET,8050,400,Non,Non,Neuf,Non précisé,5,3,Oui,Non,Oui,Oui,Non,Oui,Oui,1,Non
menzili,https://www.menzili.tn/annonce/v434-villa-zina-la-villa-yasmine-hammamet-nabeul-hammametsud-148153,Maison/Villa,1100000,2025-10-24,Nabeul,Hammamet Sud,HAMMAMET,8050,400,Non,Non,Non précisé,Haut standing,5,3,Oui,Non,Oui,Oui,Oui,Oui,Oui,1,Oui
menzili,https://www.menzili.tn/annonce/v482-villa-royale-la-villa-mahrsi-nabeul-nabeul-148152,Maison/Villa,2000000,2025-10-24,Nabeul,Nabeul,NABEUL,8000,870,Non,Oui,Non précisé,Haut standing,5,3,Oui,Non,Oui,Oui,Oui,Oui,Oui,3,Oui
menzili,https://www.menzili.tn/annonce/v521-villa-coco-la-belle-villa-nabeul-hammametnord-148151,Maison/Villa,1300000,2025-10-24,Nabeul,Hammamet Nord,HAMMAMET,8050,400,Non,Non,Non précisé,Haut standing,5,5,Oui,Non,Oui,Oui,Oui,Non,Oui,1,Oui
menzili,https://www.menzili.tn/annonce/v535-villa-suisse-1-belle-villa-suisse-nabeul-hammametnord-148150,Maison/Villa,780000,2025-10-24,Nabeul,Hammamet Nord,HAMMAMET,8050,240,Non,Oui,Non précisé,Haut standing,3,3,Oui,Non,Oui,Oui,Oui,Oui,Oui,1,Oui
menzili,https://www.menzili.tn/annonce/duplex-avec-vue-de-mer-a-hammamet-nord-a-vendre-51355351-nabeul-hammametnord-148149,Maison/Villa,450000,2025-10-24,Nabeul,Hammamet Nord,Hammamet Nord,8050,135,Oui,Oui,Non précisé,Haut standing,3,2,Oui,Non,Oui,Non,Oui,Oui,Non,,Oui
menzili,https://www.menzili.tn/annonce/maison-a-bhira-bizerte-bizerte-bizertenord-130654,Maison/Villa,,2024-04-20,Bizerte,Bizerte Nord,Bizerte Nord,7000,200,Non,Non,Non précisé,Non précisé,4,2,Non,Non,Oui,Non,Oui,Oui,Oui,,Non
menzili,https://www.menzili.tn/annonce/a-vendre-maison-independante-a-dimess-proche-de-la-mer-monastir-bekalta-148142,Maison/Villa,140000,2025-10-23,Monastir,Bekalta,Bekalta,5014,225,Non,Non,Non précisé,Non précisé,2,1,Non,Non,Oui,Non,Non,Non,Non,,Non
menzili,https://www.menzili.tn/annonce/superbe-villa-a-vendre-a-tezdaine-proche-de-toute-commodite-et-la-plage-medenine-djerbamidoun-148141,Maison/Villa,399000,2025-10-23,Médenine,Djerba - Midoun,Djerba - Midoun,4180,135,Oui,Non,Non précisé,Moyen standing,2,,Non,Oui,Oui,Non,Oui,Oui,Oui,1,Oui
menzili,https://www.menzili.tn/annonce/maison-s-2-a-vendre-a-180-md-a-hammamet-sud-51355351-nabeul-hammametsud-148140,Maison/Villa,180000,2025-10-23,Nabeul,Hammamet Sud,Hammamet Sud,8050,100,Non,Non,Non précisé,Non précisé,2,1,Non,Non,Oui,Non,Non,Non,Oui,,Non
menzili,https://www.menzili.tn/annonce/v524-villa-phenicia-la-villa-nord-nabeul-hammametnord-148139,Maison/Villa,1200000,2025-10-23,Nabeul,Hammamet Nord,HAMMAMET,8050,700,Oui,Non,Non précisé,Haut standing,7,4,Non,Non,Oui,Oui,Oui,Non,Oui,3,Oui
menzili,https://www.menzili.tn/annonce/v536-villa-suisse-2-villa-suisse-nord-nabeul-hammametnord-148138,Maison/Villa,750000,2025-10-23,Nabeul,Hammamet Nord,HAMMAMET,8050,210,Non,Non,Non précisé,Haut standing,3,3,Oui,Non,Oui,Oui,Oui,Oui,Oui,1,Oui
menzili,https://www.menzili.tn/annonce/v547-villa-folla-2-folla-villa-nabeul-hammamet-148137,Maison/Villa,1500000,2025-10-23,Nabeul,Hammamet,HAMMAMET,8050,300,Oui,Non,Neuf,Haut standing,4,5,Oui,Non,Oui,Oui,Oui,Non,Oui,1,Oui
menzili,https://www.menzili.tn/annonce/v545-villa-paradise-paradise-villa-nabeul-hammametsud-148134,Maison/Villa,750000,2025-10-23,Nabeul,Hammamet Sud,HAMMAMET,8050,380,Non,Non,Neuf,Haut standing,3,2,Oui,Non,Oui,Oui,Oui,Non,Oui,,Oui
menzili,https://www.menzili.tn/annonce/v554-villa-la-fontaine-la-fontaine-nabeul-hammametsud-148133,Maison/Villa,1250000,2025-10-23,Nabeul,Hammamet Sud,HAMMAMET,8050,380,Non,Oui,Neuf,Haut standing,5,6,Oui,Non,Oui,Oui,Oui,Oui,Oui,1,Oui
menzili,https://www.menzili.tn/annonce/v558-villa-ruby-villa-rouby-nabeul-hammamet-148132,Maison/Villa,4000000,2025-10-23,Nabeul,Hammamet,HAMMAMET,8050,1200,Non,Non,Non précisé,Haut standing,7,6,Oui,Non,Oui,Oui,Oui,Non,Oui,1,Oui
menzili,https://www.menzili.tn/annonce/v559-villa-dorra-3-la-villa-hammamet-nabeul-hammametsud-148130,Maison/Villa,1250000,2025-10-23,Nabeul,Hammamet Sud,HAMMAMET,8050,650,Non,Non,Neuf,Haut standing,4,5,Oui,Non,Oui,Oui,Oui,Oui,Oui,1,Oui
menzili,https://www.menzili.tn/annonce/A-vendre-une-belle-maison-independante-a-elmourouj-benarous-elmourouj-148121,Maison/Villa,,2025-10-22,Ben Arous,El Mourouj,Elmourouj 3,2074,100,Non,Non,Non précisé,Non précisé,7,3,Non,Non,Oui,Non,Non,Non,Non,1,Non
menzili,https://www.menzili.tn/annonce/coquette-maison-sur-la-plage-benarous-hammamchott-123699,Maison/Villa,,2023-10-17,Ben Arous,rue de Mauritanie Hammam Chatt,13,2013,240,Non,Oui,Non précisé,Moyen standing,5,2,Non,Non,Oui,Non,Non,Oui,Non,,Oui
menzili,https://www.menzili.tn/annonce/v562-villa-sierre-la-villa-hammamet-nabeul-hammamet-148108,Maison/Villa,1020000,2025-10-22,Nabeul,Hammamet,HAMMAMET,8050,450,Non,Oui,Non précisé,Haut standing,7,5,Oui,Non,Oui,Oui,Oui,Oui,Non,3,Oui
menzili,https://www.menzili.tn/annonce/v563-villa-versace-la-villa-sud-nabeul-hammametsud-148107,Maison/Villa,990000,2025-10-22,Nabeul,Hammamet Sud,HAMMAMET,8050,,Non,Oui,Neuf,Haut standing,4,4,Oui,Non,Oui,Oui,Oui,Oui,Oui,1,Oui
menzili,https://www.menzili.tn/annonce/v564-villa-la-citronnelle-citronnelle-nabeul-hammametsud-148104,Maison/Villa,775000,2025-10-22,Nabeul,Hammamet Sud,HAMMAMET,8050,300,Non,Non,Non précisé,Haut standing,4,3,Oui,Non,Oui,Oui,Oui,Oui,Oui,1,Oui
menzili,https://www.menzili.tn/annonce/v566-maison-d-hote-celina-villa-celine-nabeul-hammametsud-148103,Maison/Villa,6000000,2025-10-22,Nabeul,Hammamet Sud,HAMMAMET,8050,,Non,Non,Non précisé,Haut standing,4,5,Oui,Non,Oui,Oui,Oui,Oui,Oui,1,Oui
menzili,https://www.menzili.tn/annonce/v565-villa-madera-la-belle-villa-nabeul-hammamet-148102,Maison/Villa,695000,2025-10-22,Nabeul,Hammamet,HAMMAMET,8050,170,Non,Non,Neuf,Haut standing,3,2,Oui,Non,Oui,Oui,Oui,Oui,Oui,,Oui
menzili,https://www.menzili.tn/annonce/v571-villa-veronique-la-belle-villa-nabeul-hammametsud-148101,Maison/Villa,870000,2025-10-22,Nabeul,Hammamet Sud,HAMMAMET,8050,,Non,Non,Neuf,Haut standing,4,3,Oui,Non,Oui,Oui,Oui,Non,Oui,1,Oui
menzili,https://www.menzili.tn/annonce/v169-villa-guess-la-belle-villa-nabeul-hammametsud-148100,Maison/Villa,1350000,2025-10-22,Nabeul,Hammamet Sud,HAMMAMET,8050,732,Non,Non,Non précisé,Haut standing,3,3,Oui,Non,Oui,Oui,Oui,Oui,Oui,1,Oui
menzili,https://www.menzili.tn/annonce/v101-villa-miel-la-villa-miel-nabeul-hammametnord-148099,Maison/Villa,1150000,2025-10-22,Nabeul,Hammamet Nord,HAMMAMET,8050,350,Non,Non,Non précisé,Haut standing,3,3,Oui,Non,Oui,Oui,Oui,Oui,Oui,2,Oui
menzili,https://www.menzili.tn/annonce/v253-villa-hedi-la-belle-villa-nabeul-hammametsud-148096,Maison/Villa,2000000,2025-10-22,Nabeul,Hammamet Sud,HAMMAMET,8050,480,Non,Non,Non précisé,Luxe,5,5,Oui,Oui,Oui,Oui,Oui,Oui,Oui,1,Oui
menzili,https://www.menzili.tn/annonce/v263-villa-smoothie-la-villa-smoothie-nabeul-hammametsud-148095,Maison/Villa,1200000,2025-10-22,Nabeul,Hammamet Sud,HAMMAMET,8050,350,Non,Non,Non précisé,Luxe,4,3,Oui,Non,Oui,Non,Oui,Non,Oui,1,Oui
menzili,https://www.menzili.tn/annonce/v268-villa-panorama-la-belle-villa-nabeul-hammametsud-148094,Maison/Villa,1500000,2025-10-22,Nabeul,Hammamet Sud,HAMMAMET,8050,420,Non,Non,Non précisé,Haut standing,4,4,Oui,Oui,Oui,Oui,Oui,Oui,Oui,1,Oui
menzili,https://www.menzili.tn/annonce/v298-villa-cycas-la-villa-cycas-nabeul-hammametsud-148093,Maison/Villa,690000,2025-10-22,Nabeul,Hammamet Sud,HAMMAMET,8050,278,Non,Non,Non précisé,Haut standing,4,3,Oui,Non,Oui,Oui,Oui,Non,Oui,1,Oui
menzili,https://www.menzili.tn/annonce/v339-villa-aicha-la-belle-villa-nabeul-hammametsud-148091,Maison/Villa,3900000,2025-10-22,Nabeul,Hammamet Sud,HAMMAMET,8050,700,Non,Non,Non précisé,Haut standing,5,6,Oui,Non,Oui,Oui,Oui,Oui,Oui,1,Oui
menzili,https://www.menzili.tn/annonce/v342-villa-happy-la-belle-villa-sousse-bouficha-148089,Maison/Villa,800000,2025-10-22,Sousse,Bouficha,SOUSSE,4000,400,Non,Oui,Non précisé,Haut standing,4,4,Oui,Non,Oui,Oui,Oui,Non,Oui,1,Oui
menzili,https://www.menzili.tn/annonce/v380-villa-karam-la-belle-villa-nabeul-hammamet-148087,Maison/Villa,2200000,2025-10-22,Nabeul,Hammamet,HAMMAMET,8050,400,Non,Non,Non précisé,Haut standing,4,4,Oui,Non,Oui,Oui,Oui,Oui,Oui,1,Oui
menzili,https://www.menzili.tn/annonce/v390-villa-pepsi-la-villa-pepsi-nabeul-hammametsud-148086,Maison/Villa,1600000,2025-10-22,Nabeul,Hammamet Sud,HAMMAMET,8050,480,Non,Non,Non précisé,Haut standing,4,5,Oui,Non,Oui,Oui,Oui,Non,Oui,1,Oui
menzili,https://www.menzili.tn/annonce/v387-villa-elena-la-villa-hammamet-nabeul-hammametsud-148083,Maison/Villa,1300000,2025-10-22,Nabeul,Hammamet Sud,HAMMAMET,8050,320,Non,Non,Non précisé,Haut standing,3,3,Oui,Non,Oui,Oui,Oui,Non,Oui,1,Oui
menzili,https://www.menzili.tn/annonce/maison-a-vendre-bizerte-bizertesud-148077,Maison/Villa,,2025-10-21,Bizerte,Bizerte Sud,Whats app 26 201 573,7000,,Non,Non,Non précisé,Non précisé,,,Non,Non,Oui,Non,Non,Non,Non,,Non
menzili,https://www.menzili.tn/annonce/villa-a-menzah-6-ariana-arianaville-148070,Maison/Villa,1500000,2025-10-21,Ariana,Ariana Ville,Ariana Ville,2080,640,Non,Non,Non précisé,Moyen standing,9,1,Oui,Oui,Oui,Non,Oui,Non,Oui,2,Non
menzili,https://www.menzili.tn/annonce/v391-villa-kare-la-villa-kare-nabeul-hammametnord-148068,Maison/Villa,760000,2025-10-21,Nabeul,Hammamet Nord,HAMMAMET,8050,240,Non,Non,Non précisé,Haut standing,4,5,Oui,Non,Oui,Oui,Oui,Oui,Oui,1,Oui
menzili,https://www.menzili.tn/annonce/v412-villa-majorelle-la-villa-hammamet-nabeul-hammametsud-148067,Maison/Villa,1030000,2025-10-21,Nabeul,Hammamet Sud,HAMMAMET,8050,400,Non,Non,Non précisé,Haut standing,5,3,Oui,Non,Oui,Oui,Oui,Oui,Oui,1,Oui
menzili,https://www.menzili.tn/annonce/v421-villa-tia-la-villa-tia-nabeul-hammametsud-148054,Maison/Villa,720000,2025-10-21,Nabeul,Hammamet Sud,HAMMAMET,8050,400,Non,Non,Neuf,Non précisé,5,3,Oui,Non,Oui,Oui,Non,Oui,Oui,1,Non
menzili,https://www.menzili.tn/annonce/v434-villa-zina-la-villa-zina-nabeul-hammametsud-148052,Maison/Villa,1100000,2025-10-21,Nabeul,Hammamet Sud,HAMMAMET,8050,400,Non,Non,Non précisé,Haut standing,5,3,Oui,Non,Oui,Oui,Oui,Oui,Oui,1,Oui
menzili,https://www.menzili.tn/annonce/v482-villa-royale-la-villa-royale-nabeul-nabeul-148051,Maison/Villa,2000000,2025-10-21,Nabeul,Nabeul,NABEUL,8000,870,Non,Oui,Non précisé,Haut standing,5,3,Oui,Non,Oui,Oui,Oui,Oui,Oui,3,Oui
menzili,https://www.menzili.tn/annonce/villa-s-4-toute-neuve-avec-jardin-et-piscine-a-hammamet-sud-nabeul-hammametsud-148050,Maison/Villa,700000,2025-10-21,Nabeul,Hammamet Sud,Hammamet Sud,8050,260,Non,Non,Non précisé,Luxe,4,3,Non,Non,Oui,Oui,Oui,Oui,Oui,,Oui
menzili,https://www.menzili.tn/annonce/v524-villa-phenicia-la-belle-villa-nabeul-hammametnord-148049,Maison/Villa,1200000,2025-10-21,Nabeul,Hammamet Nord,HAMMAMET,8050,700,Oui,Non,Non précisé,Haut standing,7,4,Non,Non,Oui,Oui,Oui,Non,Oui,3,Oui
menzili,https://www.menzili.tn/annonce/v521-villa-coco-la-villa-coco-nabeul-hammametnord-148048,Maison/Villa,1300000,2025-10-21,Nabeul,Hammamet Nord,HAMMAMET,8050,400,Non,Non,Non précisé,Haut standing,5,5,Oui,Non,Oui,Oui,Oui,Non,Oui,1,Oui
menzili,https://www.menzili.tn/annonce/v516-villa-vienne-la-villa-vienne-nabeul-hammametsud-148047,Maison/Villa,790000,2025-10-21,Nabeul,Hammamet Sud,HAMMAMET,8050,260,Non,Non,Neuf,Haut standing,5,4,Oui,Non,Oui,Oui,Oui,Non,Oui,1,Oui
menzili,https://www.menzili.tn/annonce/villa-avec-piscine-a-vendre-sur-la-route-de-phare-djerba-medenine-djerbamidoun-148046,Maison/Villa,,2025-10-21,Médenine,Djerba - Midoun,Route de phare Djerba Midoun,4180,225,Oui,Non,Non précisé,Moyen standing,,,Non,Non,Oui,Oui,Non,Oui,Oui,,Oui
menzili,https://www.menzili.tn/annonce/v535-villa-suisse-1-la-villa-nabeul-hammametnord-148045,Maison/Villa,780000,2025-10-21,Nabeul,Hammamet Nord,HAMMAMET,8050,240,Non,Oui,Non précisé,Haut standing,3,3,Oui,Non,Oui,Oui,Oui,Oui,Oui,1,Oui
menzili,https://www.menzili.tn/annonce/v547-villa-folla-2-la-villa-folla-nabeul-hammamet-148044,Maison/Villa,1500000,2025-10-21,Nabeul,Hammamet,HAMMAMET,8050,300,Oui,Non,Neuf,Haut standing,4,5,Oui,Non,Oui,Oui,Oui,Non,Oui,1,Oui
menzili,https://www.menzili.tn/annonce/v550-villa-delice-la-villa-delice-nabeul-hammametsud-148043,Maison/Villa,820000,2025-10-21,Nabeul,Hammamet Sud,HAMMAMET,8050,240,Non,Non,Non précisé,Haut standing,3,2,Oui,Non,Oui,Oui,Oui,Non,Oui,,Oui
menzili,https://www.menzili.tn/annonce/v545-villa-paradise-la-villa-paradise-nabeul-hammametsud-148042,Maison/Villa,750000,2025-10-21,Nabeul,Hammamet Sud,HAMMAMET,8050,380,Non,Non,Neuf,Haut standing,3,2,Oui,Non,Oui,Oui,Oui,Non,Oui,,Oui
menzili,https://www.menzili.tn/annonce/v554-villa-la-fontaine-la-villa-fontaine-nabeul-hammametsud-148040,Maison/Villa,1250000,2025-10-21,Nabeul,Hammamet Sud,HAMMAMET,8050,380,Non,Oui,Neuf,Haut standing,5,6,Oui,Non,Oui,Oui,Oui,Oui,Oui,1,Oui
menzili,https://www.menzili.tn/annonce/v558-villa-ruby-la-villa-ruby-nabeul-hammamet-148039,Maison/Villa,4000000,2025-10-21,Nabeul,Hammamet,HAMMAMET,8050,1200,Non,Non,Non précisé,Haut standing,7,6,Oui,Non,Oui,Oui,Oui,Non,Oui,1,Oui
menzili,https://www.menzili.tn/annonce/villa-a-vendre-a-el-manzah-6-ariana-menzah-148030,Maison/Villa,,2025-10-20,Ariana,Menzah,Le bardo,1004,630,Non,Non,Non précisé,Non précisé,6,4,Non,Non,Oui,Non,Oui,Oui,Oui,,Non
menzili,https://www.menzili.tn/annonce/maison-a-bouhsina-proche-de-toutes-commodites-prix-d-achat-est-negociable-sousse-soussejawhara-148027,Maison/Villa,,2025-10-20,Sousse,Sousse Jawhara,sousse,4000,142,Non,Non,Non précisé,Non précisé,3,1,Non,Non,Oui,Non,Non,Non,Non,,Non
menzili,https://www.menzili.tn/annonce/charmante-villa-a-naasen-benarous-fouchana-148024,Maison/Villa,250000,2025-10-20,Ben Arous,Fouchana,NAASEN,2082,120,Non,Non,Non précisé,Non précisé,3,1,Oui,Non,Oui,Non,Non,Oui,Oui,,Non
menzili,https://www.menzili.tn/annonce/v559-villa-dorra-3-la-villa-dorra-nabeul-hammametsud-148017,Maison/Villa,1250000,2025-10-20,Nabeul,Hammamet Sud,HAMMAMET,8050,650,Non,Non,Neuf,Haut standing,4,5,Oui,Non,Oui,Oui,Oui,Oui,Oui,1,Oui
menzili,https://www.menzili.tn/annonce/v563-villa-versace-la-villa-versace-nabeul-hammametsud-148015,Maison/Villa,990000,2025-10-20,Nabeul,Hammamet Sud,HAMMAMET,8050,,Non,Oui,Neuf,Haut standing,4,4,Oui,Non,Oui,Oui,Oui,Oui,Oui,1,Oui
menzili,https://www.menzili.tn/annonce/v564-villa-la-citronnelle-la-villa-nabeul-hammametsud-148014,Maison/Villa,775000,2025-10-20,Nabeul,Hammamet Sud,HAMMAMET,8050,300,Non,Non,Non précisé,Haut standing,4,3,Oui,Non,Oui,Oui,Oui,Oui,Oui,1,Oui
menzili,https://www.menzili.tn/annonce/v562-villa-sierre-la-villa-sierre-nabeul-hammamet-148013,Maison/Villa,1020000,2025-10-20,Nabeul,Hammamet,HAMMAMET,8050,450,Non,Oui,Non précisé,Haut standing,7,5,Oui,Non,Oui,Oui,Oui,Oui,Oui,3,Oui
menzili,https://www.menzili.tn/annonce/v566-maison-d-hote-celina-bella-c-nabeul-hammametsud-148010,Maison/Villa,6000000,2025-10-20,Nabeul,Hammamet Sud,HAMMAMET,8050,,Non,Non,Non précisé,Haut standing,4,5,Oui,Non,Oui,Oui,Oui,Oui,Oui,1,Oui
menzili,https://www.menzili.tn/annonce/v565-villa-madera-la-villa-madera-nabeul-hammamet-148009,Maison/Villa,695000,2025-10-20,Nabeul,Hammamet,HAMMAMET,8050,170,Non,Non,Neuf,Haut standing,3,2,Oui,Non,Oui,Oui,Oui,Oui,Oui,,Oui
menzili,https://www.menzili.tn/annonce/v571-villa-veronique-la-villa-veronique-nabeul-hammametsud-148008,Maison/Villa,870000,2025-10-20,Nabeul,Hammamet Sud,HAMMAMET,8050,,Non,Non,Neuf,Haut standing,4,3,Oui,Non,Oui,Oui,Oui,Non,Oui,1,Oui
menzili,https://www.menzili.tn/annonce/v169-villa-guess-la-villa-guess-nabeul-hammametsud-148007,Maison/Villa,1350000,2025-10-20,Nabeul,Hammamet Sud,HAMMAMET,8050,732,Non,Non,Non précisé,Haut standing,3,3,Oui,Non,Oui,Oui,Oui,Oui,Oui,1,Oui
menzili,https://www.menzili.tn/annonce/v404-villa-ricci-la-villa-ricci-nabeul-benikhiar-148006,Maison/Villa,3900000,2025-10-20,Nabeul,Béni Khiar,NABEUL,8000,500,Non,Oui,Non précisé,Luxe,4,4,Oui,Non,Oui,Oui,Oui,Oui,Oui,2,Oui
menzili,https://www.menzili.tn/annonce/v526-villa-blue-berry-la-villa-blue-nabeul-hammametsud-148005,Maison/Villa,980000,2025-10-20,Nabeul,Hammamet Sud,HAMMAMET,8050,360,Non,Non,Neuf,Haut standing,5,3,Oui,Non,Oui,Oui,Oui,Non,Oui,1,Oui
menzili,https://www.menzili.tn/annonce/v268-villa-panorama-la-villa-panorama-nabeul-hammametsud-148004,Maison/Villa,1500000,2025-10-20,Nabeul,Hammamet Sud,HAMMAMET,8050,420,Non,Non,Non précisé,Haut standing,4,4,Oui,Oui,Oui,Oui,Oui,Oui,Oui,1,Oui
menzili,https://www.menzili.tn/annonce/v268-villa-panorama-la-villa-panorama-nabeul-hammametsud-148003,Maison/Villa,1500000,2025-10-20,Nabeul,Hammamet Sud,HAMMAMET,8050,420,Non,Non,Non précisé,Haut standing,4,4,Oui,Oui,Oui,Oui,Oui,Oui,Oui,1,Oui
menzili,https://www.menzili.tn/annonce/v264-villa-smoothie-1-sud-villa-nabeul-hammametsud-148002,Maison/Villa,1200000,2025-10-20,Nabeul,Hammamet Sud,HAMMAMET,8050,350,Non,Non,Non précisé,Luxe,4,3,Oui,Non,Oui,Non,Oui,Non,Oui,1,Oui
menzili,https://www.menzili.tn/annonce/v253-villa-hedi-la-villa-hedi-nabeul-hammametsud-148001,Maison/Villa,2000000,2025-10-20,Nabeul,Hammamet Sud,HAMMAMET,8050,,Non,Non,Non précisé,Luxe,5,5,Oui,Oui,Oui,Oui,Oui,Oui,Oui,1,Oui
menzili,https://www.menzili.tn/annonce/a-vendre-maison-de-compagne-s4-avec-piscine-a-bir-bouregba-hammamet-nabeul-hammamet-147985,Maison/Villa,550000,2025-10-18,Nabeul,Hammamet,https://maps.app.goo.gl/SD4GUE8s1uu5E1Ts7,8050,400,Non,Non,Neuf,Moyen standing,4,8,Oui,Non,Oui,Oui,Non,Oui,Non,,Non
menzili,https://www.menzili.tn/annonce/v339-villa-aicha-la-villa-aicha-nabeul-hammametsud-147973,Maison/Villa,3900000,2025-10-18,Nabeul,Hammamet Sud,HAMMAMET,8050,700,Non,Non,Non précisé,Haut standing,5,6,Oui,Non,Oui,Oui,Oui,Oui,Oui,1,Oui
menzili,https://www.menzili.tn/annonce/v342-villa-happy-la-villa-happy-sousse-bouficha-147972,Maison/Villa,800000,2025-10-18,Sousse,Bouficha,SOUSSE,4000,400,Non,Oui,Non précisé,Haut standing,4,4,Oui,Non,Oui,Oui,Oui,Non,Oui,1,Oui
menzili,https://www.menzili.tn/annonce/v380-villa-karam-la-villa-karam-nabeul-hammamet-147969,Maison/Villa,2200000,2025-10-18,Nabeul,Hammamet,HAMMAMET,8050,400,Non,Non,Non précisé,Haut standing,4,4,Oui,Non,Oui,Oui,Oui,Oui,Oui,1,Oui
menzili,https://www.menzili.tn/annonce/une-maison-a-vendre-s-3-a-jinen-mansourah-kelibia-nabeul-kelibia-147968,Maison/Villa,410000,2025-10-18,Nabeul,Kélibia,kélibia Nabeul,8000,137,Non,Non,Non précisé,Haut standing,3,1,Oui,Non,Oui,Non,Non,Non,Oui,,Non
menzili,https://www.menzili.tn/annonce/v387-villa-elena-la-villa-elena-nabeul-hammametsud-147966,Maison/Villa,1300000,2025-10-18,Nabeul,Hammamet Sud,HAMMAMET,8050,320,Non,Non,Non précisé,Haut standing,3,3,Oui,Non,Oui,Oui,Oui,Non,Oui,1,Oui
menzili,https://www.menzili.tn/annonce/v390-villa-pepsi-la-belle-villa-nabeul-hammametsud-147965,Maison/Villa,1600000,2025-10-18,Nabeul,Hammamet Sud,HAMMAMET,8050,480,Non,Non,Non précisé,Haut standing,4,5,Oui,Non,Oui,Oui,Oui,Non,Oui,1,Oui
menzili,https://www.menzili.tn/annonce/v391-villa-kare-la-belle-villa-nabeul-hammametnord-147964,Maison/Villa,760000,2025-10-18,Nabeul,Hammamet Nord,HAMMAMET,8050,240,Non,Non,Non précisé,Haut standing,4,5,Oui,Non,Oui,Oui,Oui,Oui,Oui,1,Oui
menzili,https://www.menzili.tn/annonce/v404-villa-ricci-la-belle-villa-nabeul-benikhiar-147963,Maison/Villa,3900000,2025-10-18,Nabeul,Béni Khiar,NABEUL,8000,500,Non,Oui,Non précisé,Luxe,4,4,Oui,Non,Oui,Oui,Oui,Oui,Oui,2,Oui
menzili,https://www.menzili.tn/annonce/v412-villa-majorelle-la-villa-majorelle-nabeul-hammametsud-147962,Maison/Villa,1030000,2025-10-18,Nabeul,Hammamet Sud,HAMMAMET,8050,400,Non,Non,Non précisé,Haut standing,5,3,Oui,Non,Oui,Oui,Oui,Oui,Oui,1,Oui
menzili,https://www.menzili.tn/annonce/v421-villa-tia-zone-el-bassbessia-nabeul-hammametsud-147954,Maison/Villa,720000,2025-10-17,Nabeul,Hammamet Sud,Hammamet Sud,8050,,Non,Non,Neuf,Non précisé,4,3,Oui,Non,Oui,Oui,Non,Oui,Oui,1,Non
menzili,https://www.menzili.tn/annonce/a-vendre-maison-traditionnelle-rEnovEe-tunis-medina-147953,Maison/Villa,,2025-10-17,Tunis,Médina,Médina,1008,170,Oui,Non,Rénové,Non précisé,3,2,Oui,Non,Oui,Non,Non,Oui,Non,,Oui
menzili,https://www.menzili.tn/annonce/vente-maison-a-mansoura-kairouan-kairouan-kairouansud-147951,Maison/Villa,519000,2025-10-17,Kairouan,Kairouan Sud,Mansoura,3100,440,Non,Non,Non précisé,Non précisé,3,1,Non,Non,Oui,Non,Non,Non,Oui,1,Non
menzili,https://www.menzili.tn/annonce/villa-s-2-sur-terrain-540m2-ons-1-sfax-sakietezzit-147950,Maison/Villa,370000,2025-10-17,Sfax,Sakiet Ezzit,Ons1 Sekit Ezzit Sfax,3021,,Non,Non,Non précisé,Non précisé,,,Non,Non,Oui,Non,Oui,Non,Non,,Non
menzili,https://www.menzili.tn/annonce/v482-villa-royale-zone-sidi-mahrsi-nabeul-nabeul-147949,Maison/Villa,2000000,2025-10-17,Nabeul,Nabeul,NABEUL,8000,870,Non,Oui,Non précisé,Haut standing,5,3,Oui,Non,Oui,Oui,Oui,Oui,Oui,3,Oui
menzili,https://www.menzili.tn/annonce/v524-villa-phenicia-nord-hammamet-c-nabeul-hammametnord-147948,Maison/Villa,1200000,2025-10-17,Nabeul,Hammamet Nord,HAMMAMET,8050,700,Oui,Non,Non précisé,Haut standing,7,4,Non,Non,Oui,Oui,Oui,Non,Oui,3,Oui
menzili,https://www.menzili.tn/annonce/v526-villa-blue-berry-zone-sud-nabeul-hammametsud-147947,Maison/Villa,980000,2025-10-17,Nabeul,Hammamet Sud,HAMMAMET,8050,360,Non,Non,Neuf,Haut standing,5,3,Oui,Non,Oui,Oui,Oui,Non,Oui,1,Oui
menzili,https://www.menzili.tn/annonce/v516-villa-vienne-zone-monchar-nabeul-hammametsud-147946,Maison/Villa,790000,2025-10-17,Nabeul,Hammamet Sud,HAMMAMET,8050,260,Non,Non,Neuf,Haut standing,5,5,Oui,Non,Oui,Oui,Oui,Non,Oui,1,Oui
menzili,https://www.menzili.tn/annonce/v535-villa-suisse-1-villa-suisse-t-nabeul-hammametnord-147945,Maison/Villa,780000,2025-10-17,Nabeul,Hammamet Nord,HAMMAMET,8050,240,Non,Oui,Non précisé,Haut standing,3,3,Oui,Non,Oui,Oui,Oui,Oui,Oui,1,Oui
menzili,https://www.menzili.tn/annonce/v547-villa-folla-2-chraf-folla-hammamet-nabeul-hammamet-147943,Maison/Villa,1500000,2025-10-17,Nabeul,Hammamet,HAMMAMET,8050,300,Oui,Non,Neuf,Haut standing,4,5,Oui,Non,Oui,Oui,Oui,Non,Oui,1,Oui
menzili,https://www.menzili.tn/annonce/v550-villa-delice-bella-villa-nabeul-hammametsud-147942,Maison/Villa,780000,2025-10-17,Nabeul,Hammamet Sud,HAMMAMET,8050,240,Non,Non,Non précisé,Haut standing,3,2,Oui,Non,Oui,Oui,Oui,Non,Oui,,Oui
menzili,https://www.menzili.tn/annonce/v558-villa-ruby-bella-zone-miramar-nabeul-hammamet-147941,Maison/Villa,4000000,2025-10-17,Nabeul,Hammamet,HAMMAMET,8050,1200,Non,Non,Non précisé,Haut standing,7,6,Oui,Non,Oui,Oui,Oui,Non,Oui,1,Oui
menzili,https://www.menzili.tn/annonce/v559-villa-dorra-3-dorra-villa-hammamet-nabeul-hammametsud-147939,Maison/Villa,1250000,2025-10-17,Nabeul,Hammamet Sud,HAMMAMET,8050,650,Non,Non,Neuf,Haut standing,4,5,Oui,Non,Oui,Oui,Oui,Oui,Oui,1,Oui
menzili,https://www.menzili.tn/annonce/v563-villa-versace-versace-hammamet-nabeul-hammametsud-147938,Maison/Villa,990000,2025-10-17,Nabeul,Hammamet Sud,HAMMAMET,8050,,Non,Oui,Neuf,Haut standing,4,4,Oui,Non,Oui,Oui,Oui,Oui,Oui,1,Oui
menzili,https://www.menzili.tn/annonce/v565-villa-madera-belle-villa-c-nabeul-hammamet-147936,Maison/Villa,695000,2025-10-17,Nabeul,Hammamet,HAMMAMET,8050,170,Non,Non,Neuf,Haut standing,3,2,Oui,Non,Oui,Oui,Oui,Oui,Oui,,Oui
menzili,https://www.menzili.tn/annonce/villa-a-vendre-inachevee-ou-finie-djerba-route-d-aghir-medenine-djerbamidoun-145783,Maison/Villa,450000,2025-08-12,Médenine,Djerba - Midoun,route d'aghir,4180,140,Non,Non,Neuf,Moyen standing,3,2,Oui,Non,Oui,Oui,Non,Oui,Oui,,Oui
menzili,https://www.menzili.tn/annonce/v569-villa-saly-saly-villa-nabeul-hammamet-147932,Maison/Villa,1050000,2025-10-17,Nabeul,Hammamet,HAMMAMET,8050,350,Non,Non,Non précisé,Haut standing,5,5,Oui,Non,Oui,Oui,Oui,Non,Oui,1,Oui
menzili,https://www.menzili.tn/annonce/v564-villa-la-citronnelle-sud-sud-nabeul-hammametsud-147930,Maison/Villa,775000,2025-10-17,Nabeul,Hammamet Sud,HAMMAMET,8050,300,Non,Non,Non précisé,Haut standing,4,3,Oui,Non,Oui,Oui,Oui,Oui,Oui,1,Oui
menzili,https://www.menzili.tn/annonce/v566-maison-d-hote-celina-monchar-sud-nabeul-hammametsud-147929,Maison/Villa,6000000,2025-10-17,Nabeul,Hammamet Sud,HAMMAMET,8050,,Non,Non,Non précisé,Haut standing,4,5,Oui,Non,Oui,Oui,Oui,Oui,Oui,1,Oui
menzili,https://www.menzili.tn/annonce/v571-villa-veronique-sud-el-monchar-nabeul-hammametsud-147927,Maison/Villa,870000,2025-10-17,Nabeul,Hammamet Sud,HAMMAMET,8050,,Non,Non,Neuf,Haut standing,4,3,Oui,Non,Oui,Oui,Oui,Non,Oui,1,Oui
menzili,https://www.menzili.tn/annonce/A-vendre-a-hay-ennour-gafsa-2-maisons-independantes-avec-titres-bleus-gafsa-gafsanord-147919,Maison/Villa,,2025-10-16,Gafsa,Gafsa Nord,Gafsa Nord,2100,,Non,Non,Non précisé,Non précisé,3,2,Non,Oui,Oui,Non,Non,Oui,Non,,Non
menzili,https://www.menzili.tn/annonce/v169-villa-guess-yassmin-hammamet-villa-nabeul-hammametsud-147908,Maison/Villa,1350000,2025-10-16,Nabeul,Hammamet Sud,HAMMAMET,8050,732,Non,Non,Non précisé,Haut standing,3,3,Oui,Non,Oui,Oui,Oui,Oui,Oui,1,Oui
menzili,https://www.menzili.tn/annonce/v253-villa-hedi-yassmin-hammamet-villa-nabeul-hammametsud-147907,Maison/Villa,2000000,2025-10-16,Nabeul,Hammamet Sud,HAMMAMET,8050,480,Non,Non,Non précisé,Luxe,5,5,Oui,Oui,Oui,Oui,Oui,Oui,Oui,1,Oui
menzili,https://www.menzili.tn/annonce/v264-villa-smoothie-1-hammamet-yassmine-nabeul-hammametsud-147905,Maison/Villa,1200000,2025-10-16,Nabeul,Hammamet Sud,HAMMAMET,8050,350,Non,Non,Non précisé,Luxe,4,3,Oui,Non,Oui,Non,Oui,Non,Oui,1,Oui
menzili,https://www.menzili.tn/annonce/v268-villa-panorama-villa-yassmine-hammamet-nabeul-hammametsud-147904,Maison/Villa,1500000,2025-10-16,Nabeul,Hammamet Sud,HAMMAMET,8050,420,Non,Non,Non précisé,Haut standing,4,4,Oui,Oui,Oui,Oui,Oui,Oui,Oui,1,Oui
menzili,https://www.menzili.tn/annonce/v339-villa-aicha-belle-villa-nabeul-hammametsud-147903,Maison/Villa,3900000,2025-10-16,Nabeul,Hammamet Sud,HAMMAMET,8050,700,Non,Non,Non précisé,Haut standing,5,6,Oui,Non,Oui,Oui,Oui,Oui,Oui,1,Oui
menzili,https://www.menzili.tn/annonce/v342-villa-happy-villa-happy-bouficha-sousse-bouficha-147902,Maison/Villa,800000,2025-10-16,Sousse,Bouficha,SOUSSE,4000,400,Non,Oui,Non précisé,Haut standing,4,4,Oui,Non,Oui,Oui,Oui,Non,Oui,1,Oui
menzili,https://www.menzili.tn/annonce/v380-villa-karam-el-corniche-villa-nabeul-hammamet-147899,Maison/Villa,2200000,2025-10-16,Nabeul,Hammamet,HAMMAMET,8050,400,Non,Non,Non précisé,Haut standing,4,4,Oui,Non,Oui,Oui,Oui,Oui,Oui,1,Oui
menzili,https://www.menzili.tn/annonce/v387-villa-elena-hammamet-villa-nabeul-hammametsud-147898,Maison/Villa,1300000,2025-10-16,Nabeul,Hammamet Sud,HAMMAMET,8050,320,Non,Non,Non précisé,Haut standing,3,3,Oui,Non,Oui,Oui,Oui,Non,Oui,1,Oui
menzili,https://www.menzili.tn/annonce/v391-villa-kare-bella-villa-v-nabeul-hammametnord-147897,Maison/Villa,760000,2025-10-16,Nabeul,Hammamet Nord,HAMMAMET,8050,240,Non,Non,Non précisé,Haut standing,4,5,Oui,Non,Oui,Oui,Oui,Oui,Oui,1,Oui
menzili,https://www.menzili.tn/annonce/v391-villa-kare-bella-villa-v-nabeul-hammametnord-147896,Maison/Villa,760000,2025-10-16,Nabeul,Hammamet Nord,HAMMAMET,8050,240,Non,Non,Non précisé,Haut standing,4,5,Oui,Non,Oui,Oui,Oui,Oui,Oui,1,Oui
menzili,https://www.menzili.tn/annonce/v404-villa-ricci-ricci-beni-khiar-nabeul-benikhiar-147894,Maison/Villa,3900000,2025-10-16,Nabeul,Béni Khiar,NABEUL,8000,500,Non,Oui,Non précisé,Luxe,4,4,Oui,Non,Oui,Oui,Oui,Oui,Oui,2,Oui
menzili,https://www.menzili.tn/annonce/v390-villa-pepsi-pepsi-yasmine-hammamet-nabeul-hammametsud-147893,Maison/Villa,1600000,2025-10-16,Nabeul,Hammamet Sud,HAMMAMET,8050,480,Non,Non,Non précisé,Haut standing,4,5,Oui,Non,Oui,Oui,Oui,Non,Oui,1,Oui
menzili,https://www.menzili.tn/annonce/v412-villa-majorelle-sud-villa-p-nabeul-hammametsud-147892,Maison/Villa,1030000,2025-10-16,Nabeul,Hammamet Sud,HAMMAMET,8050,400,Non,Non,Non précisé,Haut standing,5,3,Oui,Non,Oui,Oui,Oui,Oui,Oui,1,Oui
menzili,https://www.menzili.tn/annonce/v421-villa-tia-sud-villa-hammamet-nabeul-hammametsud-147890,Maison/Villa,720000,2025-10-16,Nabeul,Hammamet Sud,HAMMAMET,8050,400,Non,Non,Neuf,Non précisé,5,3,Oui,Non,Oui,Oui,Non,Oui,Oui,1,Non
menzili,https://www.menzili.tn/annonce/v434-villa-zina-yassmine-hammamet-nabeul-hammametsud-147888,Maison/Villa,1100000,2025-10-16,Nabeul,Hammamet Sud,HAMMAMET,8050,400,Non,Non,Non précisé,Haut standing,5,3,Oui,Non,Oui,Oui,Oui,Oui,Oui,1,Oui
menzili,https://www.menzili.tn/annonce/maison-a-hergla-proche-de-toutes-commodites-sousse-hergla-147876,Maison/Villa,349000,2025-10-15,Sousse,Hergla,rue Hassen ben said 4051 khzema ouest,4000,220,Non,Non,Non précisé,Non précisé,4,2,Non,Non,Oui,Non,Non,Oui,Non,,Non
menzili,https://www.menzili.tn/annonce/maison-arabe-s-2-renouvelee-a-vendre-a-hammamet-51355351-nabeul-hammamet-147855,Maison/Villa,235000,2025-10-15,Nabeul,Hammamet,Hammamet,8050,100,Non,Non,Non précisé,Moyen standing,2,1,Non,Non,Oui,Non,Oui,Non,Non,,Oui
menzili,https://www.menzili.tn/annonce/opportunite-de-vente-villa-a-cite-hidhab-408-m-benarous-fouchana-147850,Maison/Villa,450000,2025-10-14,Ben Arous,Fouchana,Fouchana,2082,408,Non,Non,Non précisé,Moyen standing,5,2,Non,Oui,Oui,Non,Non,Oui,Oui,3,Non
menzili,https://www.menzili.tn/annonce/v482-villa-royale-sidii-mahrsi-nabeul-nabeul-147839,Maison/Villa,2000000,2025-10-14,Nabeul,Nabeul,NABEUL,8000,870,Non,Oui,Non précisé,Haut standing,5,3,Oui,Non,Oui,Oui,Oui,Oui,Oui,3,Oui
menzili,https://www.menzili.tn/annonce/v524-villa-phenicia-villa-nord-d-nabeul-hammametnord-147838,Maison/Villa,1200000,2025-10-14,Nabeul,Hammamet Nord,HAMMAMET,8050,700,Oui,Non,Non précisé,Haut standing,7,4,Non,Non,Oui,Oui,Oui,Non,Oui,3,Oui
menzili,https://www.menzili.tn/annonce/v526-villa-blue-berry-villa-blue-hammamet-nabeul-hammametsud-147837,Maison/Villa,980000,2025-10-14,Nabeul,Hammamet Sud,HAMMAMET,8050,360,Non,Non,Neuf,Haut standing,5,3,Oui,Non,Oui,Oui,Oui,Non,Oui,1,Oui
menzili,https://www.menzili.tn/annonce/v516-villa-vienne-vienne-villa-nabeul-hammametsud-147835,Maison/Villa,790000,2025-10-14,Nabeul,Hammamet Sud,HAMMAMET,8050,260,Non,Non,Neuf,Haut standing,5,5,Oui,Non,Oui,Oui,Oui,Non,Oui,1,Oui
menzili,https://www.menzili.tn/annonce/v535-villa-suisse-1-la-belle-villa-nabeul-hammametnord-147831,Maison/Villa,780000,2025-10-14,Nabeul,Hammamet Nord,HAMMAMET,8050,240,Non,Oui,Non précisé,Haut standing,3,3,Oui,Non,Oui,Oui,Oui,Oui,Oui,1,Oui
menzili,https://www.menzili.tn/annonce/v541-villa-noor-nord-villa-s-nabeul-hammametnord-147827,Maison/Villa,1600000,2025-10-14,Nabeul,Hammamet Nord,HAMMAMET,8050,270,Non,Oui,Neuf,Haut standing,4,3,Oui,Non,Oui,Oui,Oui,Non,Oui,1,Oui
menzili,https://www.menzili.tn/annonce/v545-villa-paradise-paradise-nabeul-hammametsud-147825,Maison/Villa,750000,2025-10-14,Nabeul,Hammamet Sud,HAMMAMET,8050,380,Non,Non,Neuf,Haut standing,3,2,Oui,Non,Oui,Oui,Oui,Non,Oui,,Oui
menzili,https://www.menzili.tn/annonce/v550-villa-delice-sud-belle-vila-nabeul-hammametsud-147824,Maison/Villa,820000,2025-10-14,Nabeul,Hammamet Sud,HAMMAMET,8050,240,Non,Non,Non précisé,Haut standing,3,2,Oui,Non,Oui,Oui,Oui,Non,Oui,,Oui
menzili,https://www.menzili.tn/annonce/v547-villa-folla-2-chraf-villa-d-nabeul-hammamet-147822,Maison/Villa,1500000,2025-10-14,Nabeul,Hammamet,HAMMAMET,8050,300,Oui,Non,Neuf,Haut standing,4,5,Oui,Non,Oui,Oui,Oui,Non,Oui,1,Oui
menzili,https://www.menzili.tn/annonce/v558-villa-ruby-hammamet-villa-d-nabeul-hammamet-147821,Maison/Villa,4000000,2025-10-14,Nabeul,Hammamet,HAMMAMET,8050,1200,Non,Non,Non précisé,Haut standing,7,6,Oui,Non,Oui,Oui,Oui,Non,Oui,1,Oui
menzili,https://www.menzili.tn/annonce/v555-villa-cendrillon-sud-hammamet-s-nabeul-hammametsud-147816,Maison/Villa,920000,2025-10-14,Nabeul,Hammamet Sud,HAMMAMET,8050,250,Non,Non,Neuf,Haut standing,4,3,Oui,Non,Oui,Oui,Oui,Oui,Oui,1,Oui
menzili,https://www.menzili.tn/annonce/v554-villa-la-fontaine-sud-hammamet-nabeul-hammametsud-147814,Maison/Villa,1250000,2025-10-14,Nabeul,Hammamet Sud,HAMMAMET,8050,380,Non,Oui,Neuf,Haut standing,5,6,Oui,Non,Oui,Oui,Oui,Oui,Oui,1,Oui
menzili,https://www.menzili.tn/annonce/villa-inacheve-ennasr-2-ariana-ennasr-147811,Maison/Villa,950000,2025-10-14,Ariana,Ennasr,Ennasr 2,2037,300,Non,Non,Neuf,Non précisé,7,3,Non,Non,Oui,Oui,Non,Non,Oui,2,Non
menzili,https://www.menzili.tn/annonce/maison-inachevee-projet-immeuble-tunis-gammarth-147809,Maison/Villa,375000,2025-10-13,Tunis,Gammarth,Bhar Lazreg cite el khalil,2078,340,Non,Non,Neuf,Non précisé,3,,Non,Non,Oui,Non,Non,Non,Non,,Non
menzili,https://www.menzili.tn/annonce/v559-villa-dorra-3-sud-hammamet-nabeul-hammametsud-147786,Maison/Villa,1250000,2025-10-13,Nabeul,Hammamet Sud,HAMMAMET,8050,650,Non,Non,Neuf,Haut standing,4,5,Oui,Non,Oui,Oui,Oui,Oui,Oui,1,Oui
menzili,https://www.menzili.tn/annonce/v563-villa-versace-villa-versace-hammamet-nabeul-hammametsud-147785,Maison/Villa,990000,2025-10-13,Nabeul,Hammamet Sud,HAMMAMET,8050,,Non,Oui,Neuf,Haut standing,4,4,Oui,Non,Oui,Oui,Oui,Oui,Oui,1,Oui
menzili,https://www.menzili.tn/annonce/v562-villa-sierre-hammamet-villa-chraf-nabeul-hammamet-147784,Maison/Villa,1020000,2025-10-13,Nabeul,Hammamet,HAMMAMET,8050,450,Non,Oui,Non précisé,Haut standing,7,5,Oui,Non,Oui,Oui,Oui,Oui,Non,3,Oui
menzili,https://www.menzili.tn/annonce/v565-villa-madera-belle-villa-madera-nabeul-hammamet-147783,Maison/Villa,695000,2025-10-13,Nabeul,Hammamet,HAMMAMET,8050,170,Non,Non,Neuf,Haut standing,3,2,Oui,Non,Oui,Oui,Oui,Oui,Oui,,Oui
menzili,https://www.menzili.tn/annonce/v564-villa-la-citronnelle-sud-belle-villa-nabeul-hammametsud-147782,Maison/Villa,775000,2025-10-13,Nabeul,Hammamet Sud,HAMMAMET,8050,300,Non,Non,Non précisé,Haut standing,4,3,Oui,Non,Oui,Oui,Oui,Oui,Oui,1,Oui
menzili,https://www.menzili.tn/annonce/v566-maison-d-hote-celina-sud-belle-villa-nabeul-hammametsud-147781,Maison/Villa,6000000,2025-10-13,Nabeul,Hammamet Sud,HAMMAMET,8050,,Non,Non,Non précisé,Haut standing,4,5,Oui,Non,Oui,Oui,Oui,Oui,Oui,1,Oui
menzili,https://www.menzili.tn/annonce/v567-les-villas-venise-sud-belle-villa-nabeul-hammametsud-147780,Maison/Villa,1150000,2025-10-13,Nabeul,Hammamet Sud,HAMMAMET,8050,250,Non,Non,Non précisé,Haut standing,4,4,Oui,Non,Oui,Oui,Oui,Non,Oui,,Oui
menzili,https://www.menzili.tn/annonce/v571-villa-veronique-sud-villa-nabeul-hammametsud-147779,Maison/Villa,870000,2025-10-13,Nabeul,Hammamet Sud,HAMMAMET,8050,,Non,Non,Neuf,Haut standing,4,3,Oui,Non,Oui,Oui,Oui,Non,Oui,1,Oui
menzili,https://www.menzili.tn/annonce/v253-villa-hedi-villa-hedi-hammamet-nabeul-hammametsud-147778,Maison/Villa,2000000,2025-10-13,Nabeul,Hammamet Sud,HAMMAMET,8050,480,Non,Non,Non précisé,Luxe,5,5,Oui,Oui,Oui,Oui,Oui,Oui,Oui,1,Oui
menzili,https://www.menzili.tn/annonce/v263-villa-smoothie-bella-villa-nabeul-hammametsud-147777,Maison/Villa,1200000,2025-10-13,Nabeul,Hammamet Sud,HAMMAMET,8050,350,Non,Non,Non précisé,Luxe,4,3,Oui,Non,Oui,Non,Oui,Non,Oui,1,Oui
menzili,https://www.menzili.tn/annonce/v268-villa-panorama-yessmine-hammamet-t-nabeul-hammametsud-147776,Maison/Villa,1500000,2025-10-13,Nabeul,Hammamet Sud,HAMMAMET,8050,420,Non,Non,Non précisé,Haut standing,4,4,Oui,Oui,Oui,Oui,Oui,Oui,Oui,1,Oui
menzili,https://www.menzili.tn/annonce/v339-villa-aicha-el-bassbessiya-nabeul-hammametsud-147775,Maison/Villa,3900000,2025-10-13,Nabeul,Hammamet Sud,HAMMAMET,8050,700,Non,Non,Non précisé,Haut standing,5,6,Oui,Non,Oui,Oui,Oui,Oui,Oui,1,Oui
menzili,https://www.menzili.tn/annonce/v342-villa-happy-bella-villa-sousse-bouficha-147774,Maison/Villa,800000,2025-10-13,Sousse,Bouficha,SOUSSE,4000,400,Non,Oui,Non précisé,Haut standing,4,4,Oui,Non,Oui,Oui,Oui,Non,Oui,1,Oui
menzili,https://www.menzili.tn/annonce/une-villa-avec-piscine-a-kerkouane-nabeul-kelibia-135943,Maison/Villa,550000,2024-11-01,Nabeul,Kélibia,Plage Kerkouane,8000,130,Non,Oui,Non précisé,Haut standing,3,3,Oui,Non,Oui,Oui,Non,Oui,Oui,,Oui
menzili,https://www.menzili.tn/annonce/villa-440m2-tinja-bizerte-menzelbourguiba-147766,Maison/Villa,430000,2025-10-12,Bizerte,Menzel Bourguiba,Tinja,7050,160,Non,Non,Non précisé,Non précisé,6,2,Non,Non,Oui,Oui,Non,Oui,Oui,,Non
menzili,https://www.menzili.tn/annonce/villa-440m2-tinja-bizerte-menzelbourguiba-147765,Maison/Villa,430000,2025-10-12,Bizerte,Menzel Bourguiba,Tinja,7050,160,Non,Non,Non précisé,Non précisé,6,2,Non,Non,Oui,Oui,Non,Oui,Oui,,Non
menzili,https://www.menzili.tn/annonce/villa-440m2-tinja-bizerte-menzelbourguiba-147764,Maison/Villa,430000,2025-10-12,Bizerte,Menzel Bourguiba,Tinja,7050,160,Non,Non,Non précisé,Non précisé,6,2,Non,Non,Oui,Oui,Non,Oui,Oui,,Non
menzili,https://www.menzili.tn/annonce/v380-villa-karam-villa-corniche-nabeul-hammamet-147760,Maison/Villa,2200000,2025-10-11,Nabeul,Hammamet,HAMMAMET,8050,400,Non,Non,Non précisé,Haut standing,4,4,Oui,Non,Oui,Oui,Oui,Oui,Oui,1,Oui
menzili,https://www.menzili.tn/annonce/v391-villa-kare-hammamet-nord-l-nabeul-hammametnord-147758,Maison/Villa,760000,2025-10-11,Nabeul,Hammamet Nord,HAMMAMET,8050,240,Non,Non,Non précisé,Haut standing,4,5,Oui,Non,Oui,Oui,Oui,Oui,Oui,1,Oui
menzili,https://www.menzili.tn/annonce/v390-villa-pepsi-villa-yassmine-hammamet-nabeul-hammametsud-147757,Maison/Villa,1600000,2025-10-11,Nabeul,Hammamet Sud,HAMMAMET,8050,480,Non,Non,Non précisé,Haut standing,4,5,Oui,Non,Oui,Oui,Oui,Non,Oui,1,Oui
menzili,https://www.menzili.tn/annonce/v412-villa-majorelle-la-belle-villa-nabeul-hammametsud-147756,Maison/Villa,1030000,2025-10-11,Nabeul,Hammamet Sud,HAMMAMET,8050,400,Non,Non,Non précisé,Haut standing,5,3,Oui,Non,Oui,Oui,Oui,Oui,Oui,1,Oui
menzili,https://www.menzili.tn/annonce/v421-villa-tia-el-bassbessia-nabeul-hammametsud-147754,Maison/Villa,720000,2025-10-11,Nabeul,Hammamet Sud,HAMMAMET,8050,400,Non,Non,Neuf,Non précisé,5,3,Oui,Non,Oui,Oui,Non,Oui,Oui,1,Non
menzili,https://www.menzili.tn/annonce/v434-villa-zina-bella-yasmine-hammamet-nabeul-hammametsud-147752,Maison/Villa,1100000,2025-10-11,Nabeul,Hammamet Sud,HAMMAMET,8050,400,Non,Non,Non précisé,Haut standing,5,3,Oui,Non,Oui,Oui,Oui,Oui,Oui,1,Oui
menzili,https://www.menzili.tn/annonce/v447-villa-narjes-la-belle-villa-nabeul-hammametnord-147751,Maison/Villa,2200000,2025-10-11,Nabeul,Hammamet Nord,HAMMAMET,8050,,Non,Oui,Non précisé,Haut standing,4,3,Oui,Non,Oui,Oui,Oui,Oui,Oui,1,Oui
menzili,https://www.menzili.tn/annonce/v482-villa-royale-la-belle-villa-nabeul-nabeul-147749,Maison/Villa,2000000,2025-10-11,Nabeul,Nabeul,NABEUL,8000,870,Non,Oui,Non précisé,Haut standing,5,3,Oui,Non,Oui,Oui,Oui,Oui,Oui,3,Oui
menzili,https://www.menzili.tn/annonce/v524-villa-phenicia-bella-villa-nabeul-hammametnord-147748,Maison/Villa,1200000,2025-10-11,Nabeul,Hammamet Nord,HAMMAMET,8050,700,Oui,Non,Non précisé,Haut standing,7,4,Non,Non,Oui,Oui,Oui,Non,Oui,3,Oui
menzili,https://www.menzili.tn/annonce/construction-villa-en-zone-urbaine-djerba-rEf-p694-medenine-djerbahoumtsouk-138127,Maison/Villa,,2025-01-02,Médenine,Djerba-Houmt Souk,Djerba-Houmt Souk,4180,195,Oui,Non,Non précisé,Moyen standing,3,3,Oui,Non,Oui,Oui,Non,Oui,Oui,2,Non
menzili,https://www.menzili.tn/annonce/v535-villa-suisse-1-hammamet-belle-villa-nabeul-hammametnord-147746,Maison/Villa,780000,2025-10-11,Nabeul,Hammamet Nord,HAMMAMET,8050,240,Non,Oui,Non précisé,Haut standing,3,3,Oui,Non,Oui,Oui,Oui,Oui,Oui,1,Oui
menzili,https://www.menzili.tn/annonce/villa-plain-pied-s-2-manouba-manoubaville-147738,Maison/Villa,450000,2025-10-10,Manouba,Manouba Ville,sirynetecnocasa@gmail.com,2010,110,Non,Non,Non précisé,Moyen standing,2,2,Non,Non,Oui,Non,Oui,Oui,Oui,1,Oui
menzili,https://www.menzili.tn/annonce/v516-villa-vienne-la-bella-nabeul-hammametsud-147734,Maison/Villa,790000,2025-10-10,Nabeul,Hammamet Sud,HAMMAMET,8050,260,Non,Non,Neuf,Haut standing,5,5,Oui,Non,Oui,Oui,Oui,Non,Oui,1,Oui
menzili,https://www.menzili.tn/annonce/v536-villa-suisse-2-la-bella-nabeul-hammametnord-147733,Maison/Villa,750000,2025-10-10,Nabeul,Hammamet Nord,HAMMAMET,8050,210,Non,Non,Non précisé,Haut standing,3,3,Oui,Non,Oui,Oui,Oui,Oui,Oui,1,Oui
menzili,https://www.menzili.tn/annonce/v541-villa-noor-la-belle-villa-nabeul-hammametnord-147731,Maison/Villa,1600000,2025-10-10,Nabeul,Hammamet Nord,HAMMAMET,8050,270,Non,Oui,Neuf,Haut standing,4,2,Oui,Non,Oui,Oui,Oui,Non,Oui,1,Oui
menzili,https://www.menzili.tn/annonce/v547-villa-folla-2-la-belle-villa-nabeul-hammamet-147730,Maison/Villa,1500000,2025-10-10,Nabeul,Hammamet,HAMMAMET,8050,300,Oui,Non,Neuf,Haut standing,4,3,Oui,Non,Oui,Oui,Oui,Non,Oui,1,Oui
menzili,https://www.menzili.tn/annonce/v545-villa-paradise-villa-paradise-hammamet-nabeul-hammametsud-147729,Maison/Villa,750000,2025-10-10,Nabeul,Hammamet Sud,HAMMAMET,8050,380,Non,Non,Neuf,Haut standing,3,2,Oui,Non,Oui,Oui,Oui,Non,Oui,,Oui
menzili,https://www.menzili.tn/annonce/v550-villa-delice-belle-villa-nabeul-hammametsud-147728,Maison/Villa,820000,2025-10-10,Nabeul,Hammamet Sud,HAMMAMET,8050,240,Non,Non,Non précisé,Haut standing,3,2,Oui,Non,Oui,Oui,Oui,Non,Oui,,Oui
menzili,https://www.menzili.tn/annonce/v555-villa-cendrillon-bella-cendrillon-nabeul-hammametsud-147726,Maison/Villa,920000,2025-10-10,Nabeul,Hammamet Sud,HAMMAMET,8050,250,Non,Non,Neuf,Haut standing,4,3,Oui,Non,Oui,Oui,Oui,Oui,Oui,1,Oui
menzili,https://www.menzili.tn/annonce/v554-villa-la-fontaine-la-belle-villa-nabeul-hammametsud-147725,Maison/Villa,1250000,2025-10-10,Nabeul,Hammamet Sud,HAMMAMET,8050,380,Non,Oui,Neuf,Haut standing,5,6,Oui,Non,Oui,Oui,Oui,Oui,Oui,1,Oui
menzili,https://www.menzili.tn/annonce/v558-villa-ruby-la-belle-villa-nabeul-hammamet-147724,Maison/Villa,4000000,2025-10-10,Nabeul,Hammamet,HAMMAMET,8050,1200,Non,Non,Non précisé,Haut standing,7,6,Oui,Non,Oui,Oui,Oui,Non,Oui,1,Oui
menzili,https://www.menzili.tn/annonce/v562-villa-sierre-la-belle-villa-nabeul-hammamet-147723,Maison/Villa,1020000,2025-10-10,Nabeul,Hammamet,HAMMAMET,8050,450,Non,Oui,Non précisé,Haut standing,7,5,Oui,Non,Oui,Oui,Oui,Oui,Oui,3,Oui
menzili,https://www.menzili.tn/annonce/v564-villa-la-citronnelle-bella-villa-nabeul-hammametsud-147722,Maison/Villa,775000,2025-10-10,Nabeul,Hammamet Sud,HAMMAMET,8050,300,Non,Non,Non précisé,Haut standing,4,3,Oui,Non,Oui,Oui,Oui,Oui,Oui,1,Oui
menzili,https://www.menzili.tn/annonce/v569-villa-saly-bella-villa-nabeul-hammamet-147721,Maison/Villa,1050000,2025-10-10,Nabeul,Hammamet,HAMMAMET,8050,350,Non,Non,Non précisé,Haut standing,5,5,Oui,Non,Oui,Oui,Oui,Non,Oui,1,Oui
menzili,https://www.menzili.tn/annonce/vente-duplex-el-mourouj-2-benarous-elmourouj-147715,Maison/Villa,250000,2025-10-09,Ben Arous,El Mourouj,El Mourouj,2074,,Non,Non,Non précisé,Non précisé,2,1,Non,Non,Oui,Non,Non,Non,Oui,,Non
menzili,https://www.menzili.tn/annonce/v559-villa-dorra-3-dorra-villa-nabeul-hammametsud-147714,Maison/Villa,1250000,2025-10-09,Nabeul,Hammamet Sud,HAMMAMET,8050,650,Non,Non,Neuf,Haut standing,4,5,Oui,Non,Oui,Oui,Oui,Oui,Oui,1,Oui
menzili,https://www.menzili.tn/annonce/v563-villa-versace-la-belle-villa-nabeul-hammametsud-147713,Maison/Villa,990000,2025-10-09,Nabeul,Hammamet Sud,HAMMAMET,8050,,Non,Oui,Neuf,Haut standing,4,4,Oui,Non,Oui,Oui,Oui,Oui,Oui,1,Oui
menzili,https://www.menzili.tn/annonce/Av-villa-avec-piscine-la-soukra-ariana-lasoukra-147711,Maison/Villa,1200000,2025-10-09,Ariana,La Soukra,LA SOUKRA,2036,250,Non,Non,Non précisé,Haut standing,6,3,Oui,Non,Oui,Oui,Oui,Non,Oui,1,Oui
menzili,https://www.menzili.tn/annonce/cause-depart-a-vendre-villa-menzah-9b-tunis-citeolympique-147709,Maison/Villa,2800,2025-10-09,Tunis,Cité Olympique,VILLA A EL MENZAH 9B,1004,600,Non,Non,Non précisé,Non précisé,7,3,Non,Non,Oui,Non,Non,Non,Oui,,Non
menzili,https://www.menzili.tn/annonce/v565-villa-madera-bir-bouregba-hammamet-nabeul-hammamet-147708,Maison/Villa,695000,2025-10-09,Nabeul,Hammamet,HAMMAMET,8050,170,Non,Non,Neuf,Haut standing,3,2,Oui,Non,Oui,Oui,Oui,Oui,Oui,,Oui
menzili,https://www.menzili.tn/annonce/v566-maison-d-hote-celina-bella-nabeul-hammametsud-147707,Maison/Villa,6000000,2025-10-09,Nabeul,Hammamet Sud,HAMMAMET,8050,,Non,Non,Non précisé,Haut standing,4,5,Oui,Non,Oui,Oui,Oui,Oui,Oui,1,Oui
menzili,https://www.menzili.tn/annonce/v169-villa-guess-belle-villa-s-nabeul-hammametsud-147706,Maison/Villa,1350000,2025-10-09,Nabeul,Hammamet Sud,HAMMAMET,8050,732,Non,Non,Non précisé,Haut standing,3,3,Oui,Non,Oui,Oui,Oui,Oui,Oui,1,Oui
menzili,https://www.menzili.tn/annonce/v404-villa-ricci-belle-villa-v-nabeul-benikhiar-147705,Maison/Villa,3900000,2025-10-09,Nabeul,Béni Khiar,NABEUL,8000,500,Non,Oui,Non précisé,Luxe,4,4,Oui,Non,Oui,Oui,Oui,Oui,Oui,2,Oui
menzili,https://www.menzili.tn/annonce/v526-villa-blue-berry-belle-villa-s-nabeul-hammametsud-147704,Maison/Villa,980000,2025-10-09,Nabeul,Hammamet Sud,HAMMAMET,8050,360,Non,Non,Neuf,Haut standing,5,3,Oui,Non,Oui,Oui,Oui,Non,Oui,1,Oui
menzili,https://www.menzili.tn/annonce/v253-villa-hedi-belle-villa-c-nabeul-hammametsud-147703,Maison/Villa,2000000,2025-10-09,Nabeul,Hammamet Sud,HAMMAMET,8050,480,Non,Non,Non précisé,Luxe,5,5,Oui,Oui,Oui,Oui,Oui,Oui,Oui,1,Oui
menzili,https://www.menzili.tn/annonce/v263-villa-smoothie-belle-villa-nabeul-hammametsud-147702,Maison/Villa,1200000,2025-10-09,Nabeul,Hammamet Sud,HAMMAMET,8050,350,Non,Non,Non précisé,Luxe,4,3,Oui,Non,Oui,Non,Oui,Non,Oui,1,Oui
menzili,https://www.menzili.tn/annonce/v268-villa-panorama-belle-villa-r-nabeul-hammametsud-147701,Maison/Villa,1500000,2025-10-09,Nabeul,Hammamet Sud,HAMMAMET,8050,420,Non,Non,Non précisé,Haut standing,4,4,Oui,Oui,Oui,Oui,Oui,Oui,Oui,1,Oui
menzili,https://www.menzili.tn/annonce/v339-villa-aicha-villa-bessbessia-nabeul-hammametsud-147700,Maison/Villa,3900000,2025-10-09,Nabeul,Hammamet Sud,HAMMAMET,8050,700,Non,Non,Non précisé,Haut standing,5,6,Oui,Non,Oui,Oui,Oui,Oui,Oui,1,Oui
menzili,https://www.menzili.tn/annonce/v342-villa-happy-belle-villa-sousse-bouficha-147699,Maison/Villa,800000,2025-10-09,Sousse,Bouficha,SOUSSE,4000,400,Non,Oui,Non précisé,Haut standing,4,4,Oui,Non,Oui,Oui,Oui,Non,Oui,1,Oui
menzili,https://www.menzili.tn/annonce/villa-a-vendre-a-chotrana-3-ariana-lasoukra-147693,Maison/Villa,,2025-10-08,Ariana,La Soukra,La Soukra,2036,1000,Non,Non,Non précisé,Haut standing,6,3,Oui,Non,Oui,Non,Oui,Non,Oui,1,Non
menzili,https://www.menzili.tn/annonce/villa-avec-piscine-a-vendre-a-gammarth-tunis-lamarsa-147692,Maison/Villa,1580000,2025-10-08,Tunis,La Marsa,La Marsa,2070,236,Non,Oui,Rénové,Non précisé,3,2,Oui,Non,Oui,Oui,Non,Oui,Oui,1,Non
menzili,https://www.menzili.tn/annonce/v412-villa-majorelle-sud-el-monchar-nabeul-hammametsud-147681,Maison/Villa,1030000,2025-10-08,Nabeul,Hammamet Sud,HAMMAMET,8050,400,Non,Non,Non précisé,Haut standing,5,3,Oui,Non,Oui,Oui,Oui,Oui,Oui,1,Oui
menzili,https://www.menzili.tn/annonce/v421-villa-tia-zone-bessbessiya-nabeul-hammametsud-147679,Maison/Villa,720000,2025-10-08,Nabeul,Hammamet Sud,HAMMAMET,8050,400,Non,Non,Neuf,Non précisé,5,3,Oui,Non,Oui,Oui,Non,Oui,Oui,1,Non
menzili,https://www.menzili.tn/annonce/v434-villa-zina-villa-zina-c-nabeul-hammametsud-147678,Maison/Villa,1100000,2025-10-08,Nabeul,Hammamet Sud,HAMMAMET,8050,400,Non,Non,Non précisé,Haut standing,5,3,Oui,Non,Oui,Oui,Oui,Oui,Oui,1,Oui
menzili,https://www.menzili.tn/annonce/v482-villa-royale-mahrsi-villa-d-nabeul-nabeul-147677,Maison/Villa,2000000,2025-10-08,Nabeul,Nabeul,NABEUL,8000,870,Non,Oui,Non précisé,Haut standing,5,3,Oui,Non,Oui,Oui,Oui,Oui,Oui,3,Oui
menzili,https://www.menzili.tn/annonce/v516-villa-vienne-sud-villa-c-nabeul-hammametsud-147675,Maison/Villa,790000,2025-10-08,Nabeul,Hammamet Sud,HAMMAMET,8050,260,Non,Non,Neuf,Haut standing,5,5,Oui,Non,Oui,Oui,Oui,Non,Oui,1,Oui
menzili,https://www.menzili.tn/annonce/v535-villa-suisse-1-nord-villa-c-nabeul-hammametnord-147673,Maison/Villa,780000,2025-10-08,Nabeul,Hammamet Nord,HAMMAMET,8050,240,Non,Oui,Non précisé,Luxe,3,3,Oui,Non,Oui,Oui,Oui,Oui,Oui,1,Oui
menzili,https://www.menzili.tn/annonce/v547-villa-folla-2-hammamet-chraf-c-nabeul-hammamet-147672,Maison/Villa,1500000,2025-10-08,Nabeul,Hammamet,HAMMAMET,8050,300,Oui,Non,Neuf,Haut standing,4,5,Oui,Non,Oui,Oui,Oui,Non,Oui,1,Oui
menzili,https://www.menzili.tn/annonce/v545-villa-paradise-hammamet-sud-t-nabeul-hammametsud-147670,Maison/Villa,750000,2025-10-08,Nabeul,Hammamet Sud,HAMMAMET,8050,380,Non,Non,Neuf,Haut standing,3,2,Oui,Non,Oui,Oui,Oui,Non,Oui,,Oui
menzili,https://www.menzili.tn/annonce/v550-villa-delice-hammamet-sud-c-nabeul-hammametsud-147669,Maison/Villa,820000,2025-10-08,Nabeul,Hammamet Sud,HAMMAMET,8050,240,Non,Non,Non précisé,Haut standing,3,2,Oui,Non,Oui,Oui,Oui,Non,Oui,,Oui
menzili,https://www.menzili.tn/annonce/v554-villa-la-fontaine-sud-villa-t-nabeul-hammametsud-147668,Maison/Villa,1250000,2025-10-08,Nabeul,Hammamet Sud,HAMMAMET,8050,380,Non,Oui,Neuf,Haut standing,5,6,Oui,Non,Oui,Oui,Oui,Oui,Oui,1,Oui
menzili,https://www.menzili.tn/annonce/v558-villa-ruby-hammamet-miramar-t-nabeul-hammamet-147667,Maison/Villa,4000000,2025-10-08,Nabeul,Hammamet,HAMMAMET,8050,1200,Non,Non,Non précisé,Haut standing,7,6,Oui,Non,Oui,Oui,Oui,Non,Oui,1,Oui
menzili,https://www.menzili.tn/annonce/v564-villa-la-citronnelle-hammamet-t-nabeul-hammametsud-147665,Maison/Villa,775000,2025-10-08,Nabeul,Hammamet Sud,HAMMAMET,8050,300,Non,Non,Non précisé,Haut standing,4,3,Oui,Non,Oui,Oui,Oui,Oui,Oui,1,Oui
menzili,https://www.menzili.tn/annonce/v555-villa-cendrillon-hammamet-t-nabeul-hammametsud-147664,Maison/Villa,920000,2025-10-08,Nabeul,Hammamet Sud,HAMMAMET,8050,250,Non,Non,Neuf,Haut standing,4,3,Oui,Non,Oui,Oui,Oui,Oui,Oui,1,Oui
menzili,https://www.menzili.tn/annonce/a-vendre-villa-triplex-s5-a-afh-mrezga-nabeul-nabeul-nabeul-147650,Maison/Villa,590000,2025-10-07,Nabeul,Nabeul,Nabeul,8000,213,Oui,Non,Non précisé,Moyen standing,5,4,Oui,Oui,Oui,Non,Oui,Oui,Non,1,Non
menzili,https://www.menzili.tn/annonce/v563-villa-versace-villa-sud-nabeul-hammametsud-147642,Maison/Villa,990000,2025-10-07,Nabeul,Hammamet Sud,HAMMAMET,8050,,Non,Oui,Neuf,Haut standing,4,4,Oui,Non,Oui,Oui,Oui,Oui,Oui,1,Oui
menzili,https://www.menzili.tn/annonce/v562-villa-sierre-zone-chraf-d-nabeul-hammamet-147641,Maison/Villa,1020000,2025-10-07,Nabeul,Hammamet,HAMMAMET,8050,450,Non,Oui,Non précisé,Haut standing,7,5,Oui,Non,Oui,Oui,Oui,Oui,Non,3,Oui
menzili,https://www.menzili.tn/annonce/v559-villa-dorra-3-villa-hammamet-nabeul-hammametsud-147640,Maison/Villa,1250000,2025-10-07,Nabeul,Hammamet Sud,HAMMAMET,8050,650,Non,Non,Neuf,Haut standing,4,5,Oui,Non,Oui,Oui,Oui,Oui,Oui,1,Oui
menzili,https://www.menzili.tn/annonce/v566-maison-d-hote-celina-celina-nabeul-hammametsud-147637,Maison/Villa,6000000,2025-10-07,Nabeul,Hammamet Sud,HAMMAMET,8050,,Non,Non,Non précisé,Haut standing,4,5,Oui,Non,Oui,Oui,Oui,Oui,Oui,1,Oui
menzili,https://www.menzili.tn/annonce/v567-les-villas-venise-hammamet-sud-d-nabeul-hammametsud-147636,Maison/Villa,1150000,2025-10-07,Nabeul,Hammamet Sud,HAMMAMET,8050,250,Non,Non,Non précisé,Haut standing,4,4,Oui,Non,Oui,Oui,Oui,Non,Oui,,Oui
menzili,https://www.menzili.tn/annonce/v565-villa-madera-birbouregba-hammamet-nabeul-hammamet-147634,Maison/Villa,695000,2025-10-07,Nabeul,Hammamet,HAMMAMET,8050,170,Non,Non,Neuf,Haut standing,3,2,Oui,Non,Oui,Oui,Oui,Oui,Oui,,Oui
menzili,https://www.menzili.tn/annonce/v569-villa-saly-hammamet-d-nabeul-hammamet-147633,Maison/Villa,1050000,2025-10-07,Nabeul,Hammamet,HAMMAMET,8050,350,Non,Non,Non précisé,Haut standing,5,5,Oui,Non,Oui,Oui,Oui,Non,Oui,1,Oui
menzili,https://www.menzili.tn/annonce/v169-villa-guess-yesmin-hammamet-nabeul-hammametsud-147632,Maison/Villa,1350000,2025-10-07,Nabeul,Hammamet Sud,HAMMAMET,8050,732,Non,Non,Non précisé,Haut standing,3,3,Oui,Non,Oui,Oui,Oui,Oui,Oui,1,Oui
menzili,https://www.menzili.tn/annonce/v404-villa-ricci-villa-ricci-s-nabeul-benikhiar-147630,Maison/Villa,3900000,2025-10-07,Nabeul,Béni Khiar,NABEUL,8000,500,Non,Oui,Non précisé,Luxe,4,4,Oui,Non,Oui,Oui,Oui,Oui,Oui,2,Oui
menzili,https://www.menzili.tn/annonce/v571-villa-veronique-hammamet-sud-d-nabeul-hammametsud-147629,Maison/Villa,870000,2025-10-07,Nabeul,Hammamet Sud,HAMMAMET,8050,,Non,Non,Neuf,Haut standing,4,3,Oui,Non,Oui,Oui,Oui,Non,Oui,1,Oui
menzili,https://www.menzili.tn/annonce/v526-villa-blue-berry-hammamet-sud-p-nabeul-hammametsud-147628,Maison/Villa,980000,2025-10-07,Nabeul,Hammamet Sud,HAMMAMET,8050,360,Non,Non,Neuf,Haut standing,5,3,Oui,Non,Oui,Oui,Oui,Non,Oui,1,Oui
menzili,https://www.menzili.tn/annonce/maison-a-vendre-mhamdia-benarous-mohamedia-139777,Maison/Villa,,2025-02-18,Ben Arous,Mohamedia,LOTTISEMENT EZOUHOUR N°35 LOTISSEMENT ELHANA,2084,130,Oui,Non,Non précisé,Non précisé,3,1,Non,Non,Oui,Non,Non,Oui,Non,,Non
menzili,https://www.menzili.tn/annonce/v253-villa-hedi-yesmine-hammamet-villa-nabeul-hammametsud-147613,Maison/Villa,2000000,2025-10-06,Nabeul,Hammamet Sud,HAMMAMET,8050,480,Non,Non,Non précisé,Luxe,5,5,Oui,Oui,Oui,Oui,Oui,Oui,Oui,1,Oui
menzili,https://www.menzili.tn/annonce/v264-villa-smoothie-1-yesmine-hammamet-nabeul-hammametsud-147612,Maison/Villa,1200000,2025-10-06,Nabeul,Hammamet Sud,HAMMAMET,8050,350,Non,Non,Non précisé,Luxe,4,3,Oui,Non,Oui,Non,Oui,Non,Oui,1,Oui
menzili,https://www.menzili.tn/annonce/-villa-de-reve-a-vendre-a-la-soukra--ariana-arianaville-147610,Maison/Villa,2200000,2025-10-06,Ariana,Ariana Ville,Ariana Ville,2080,700,Non,Non,Non précisé,Haut standing,3,2,Oui,Non,Oui,Oui,Oui,Oui,Oui,2,Oui
menzili,https://www.menzili.tn/annonce/maison-a-vendre-sousse-sousse-kalaakebira-147609,Maison/Villa,,2025-10-06,Sousse,Kalaâ Kebira,Proximité mall sousse,4000,150,Non,Non,Non précisé,Non précisé,2,2,Non,Non,Oui,Non,Non,Oui,Non,,Non
menzili,https://www.menzili.tn/annonce/v268-villa-panorama-yessmine-hammamet-nabeul-hammametsud-147602,Maison/Villa,1500000,2025-10-06,Nabeul,Hammamet Sud,HAMMAMET,8050,420,Non,Non,Non précisé,Haut standing,4,4,Oui,Oui,Oui,Oui,Oui,Oui,Oui,1,Oui
menzili,https://www.menzili.tn/annonce/v298-villa-cycas-hammamet-cycas-nabeul-hammametsud-147599,Maison/Villa,690000,2025-10-06,Nabeul,Hammamet Sud,HAMMAMET,8050,278,Non,Non,Non précisé,Haut standing,4,3,Oui,Non,Oui,Oui,Oui,Non,Oui,1,Oui
menzili,https://www.menzili.tn/annonce/v342-villa-happy-villa-bouficha-sousse-bouficha-147596,Maison/Villa,800000,2025-10-06,Sousse,Bouficha,SOUSSE,4000,400,Non,Oui,Non précisé,Haut standing,4,4,Oui,Non,Oui,Oui,Oui,Non,Oui,1,Oui
menzili,https://www.menzili.tn/annonce/v339-villa-aicha-villa-aicha-nabeul-hammametsud-147595,Maison/Villa,3900000,2025-10-06,Nabeul,Hammamet Sud,HAMMAMET,8050,700,Non,Non,Non précisé,Haut standing,5,6,Oui,Non,Oui,Oui,Oui,Oui,Oui,1,Oui
menzili,https://www.menzili.tn/annonce/v380-villa-karam-hammamet-corniche-t-nabeul-hammamet-147592,Maison/Villa,2200000,2025-10-06,Nabeul,Hammamet,HAMMAMET,8050,380,Non,Non,Non précisé,Haut standing,4,4,Oui,Non,Oui,Oui,Oui,Oui,Oui,1,Oui
menzili,https://www.menzili.tn/annonce/v390-villa-pepsi-hammamet-villa-nabeul-hammametsud-147585,Maison/Villa,1600000,2025-10-06,Nabeul,Hammamet Sud,HAMMAMET,8050,480,Non,Non,Non précisé,Haut standing,4,5,Oui,Non,Oui,Oui,Oui,Non,Oui,1,Oui
menzili,https://www.menzili.tn/annonce/v391-villa-kare-nord-hammamet-nabeul-hammametnord-147584,Maison/Villa,760000,2025-10-06,Nabeul,Hammamet Nord,HAMMAMET,8050,240,Non,Non,Non précisé,Haut standing,4,5,Oui,Non,Oui,Oui,Oui,Oui,Oui,1,Oui
menzili,https://www.menzili.tn/annonce/v387-villa-elena-villa-hammamet-nabeul-hammametsud-147583,Maison/Villa,1300000,2025-10-06,Nabeul,Hammamet Sud,HAMMAMET,8050,320,Non,Non,Non précisé,Haut standing,3,3,Oui,Non,Oui,Oui,Oui,Non,Oui,1,Oui
menzili,https://www.menzili.tn/annonce/v412-villa-majorelle-sud-villa-el-monchar-nabeul-hammametsud-147582,Maison/Villa,1030000,2025-10-06,Nabeul,Hammamet Sud,HAMMAMET,8050,400,Non,Non,Non précisé,Haut standing,5,3,Oui,Non,Oui,Oui,Oui,Oui,Oui,1,Oui
menzili,https://www.menzili.tn/annonce/v421-villa-tia-hammamet-sud-tia-villa-nabeul-hammametsud-147581,Maison/Villa,720000,2025-10-06,Nabeul,Hammamet Sud,HAMMAMET,8050,400,Non,Non,Neuf,Non précisé,5,3,Oui,Non,Oui,Oui,Non,Oui,Oui,1,Non
menzili,https://www.menzili.tn/annonce/villa-r-2-nabeul-korba-147578,Maison/Villa,600000,2025-10-05,Nabeul,Korba,Korba,8070,380,Non,Non,Non précisé,Non précisé,3,2,Non,Non,Oui,Non,Non,Oui,Oui,3,Non
menzili,https://www.menzili.tn/annonce/a-vendre-superbe-villa-moderne-a-boumhal-benarous-boumhel-147574,Maison/Villa,,2025-10-05,Ben Arous,Boumhel,Boumhal rue Al jinan,2013,200,Non,Non,Neuf,Moyen standing,3,2,Non,Non,Oui,Non,Oui,Oui,Oui,1,Oui
menzili,https://www.menzili.tn/annonce/v545-villa-paradise-villa-paradise-nabeul-hammametsud-147543,Maison/Villa,750000,2025-10-04,Nabeul,Hammamet Sud,HAMMAMET,8050,380,Non,Non,Neuf,Haut standing,3,2,Oui,Non,Oui,Oui,Oui,Non,Oui,,Oui
menzili,https://www.menzili.tn/annonce/v547-villa-folla-2-zone-chraf-c-nabeul-hammamet-147541,Maison/Villa,1500000,2025-10-04,Nabeul,Hammamet,HAMMAMET,8050,300,Oui,Non,Neuf,Haut standing,4,5,Oui,Non,Oui,Oui,Oui,Non,Oui,1,Oui
menzili,https://www.menzili.tn/annonce/v550-villa-delice-sud-hammamet-c-nabeul-hammametsud-147540,Maison/Villa,820000,2025-10-04,Nabeul,Hammamet Sud,HAMMAMET,8050,240,Non,Non,Non précisé,Haut standing,3,2,Oui,Non,Oui,Oui,Oui,Non,Oui,,Oui
menzili,https://www.menzili.tn/annonce/v555-villa-cendrillon-sidi-hammed-c-nabeul-hammametsud-147537,Maison/Villa,920000,2025-10-04,Nabeul,Hammamet Sud,HAMMAMET,8050,250,Non,Non,Neuf,Haut standing,4,3,Oui,Non,Oui,Oui,Oui,Oui,Oui,1,Oui
menzili,https://www.menzili.tn/annonce/v554-villa-la-fontaine-sud-villa-c-nabeul-hammametsud-147534,Maison/Villa,1250000,2025-10-04,Nabeul,Hammamet Sud,HAMMAMET,8050,380,Non,Oui,Neuf,Haut standing,5,6,Oui,Non,Oui,Oui,Oui,Oui,Oui,1,Oui
menzili,https://www.menzili.tn/annonce/v564-villa-la-citronnelle-sud-villa-nabeul-hammametsud-147533,Maison/Villa,775000,2025-10-04,Nabeul,Hammamet Sud,HAMMAMET,8050,300,Non,Non,Non précisé,Haut standing,4,3,Oui,Non,Oui,Oui,Oui,Oui,Oui,1,Oui
menzili,https://www.menzili.tn/annonce/v558-villa-ruby-zone-miramar-c-nabeul-hammamet-147531,Maison/Villa,4000000,2025-10-04,Nabeul,Hammamet,HAMMAMET,8050,1200,Non,Non,Non précisé,Haut standing,7,6,Oui,Non,Oui,Oui,Oui,Non,Oui,1,Oui
menzili,https://www.menzili.tn/annonce/v559-villa-dorra-3-hammamet-sud-c-nabeul-hammametsud-147529,Maison/Villa,1250000,2025-10-04,Nabeul,Hammamet Sud,HAMMAMET,8050,650,Non,Non,Neuf,Haut standing,4,5,Oui,Non,Oui,Oui,Oui,Oui,Oui,1,Oui
menzili,https://www.menzili.tn/annonce/v562-villa-sierre-chraf-hammamet-c-nabeul-hammamet-147528,Maison/Villa,1020000,2025-10-04,Nabeul,Hammamet,HAMMAMET,8050,450,Non,Oui,Non précisé,Haut standing,7,5,Oui,Non,Oui,Oui,Oui,Oui,Non,3,Oui
menzili,https://www.menzili.tn/annonce/v563-villa-versace-sud-hammamet-c-nabeul-hammametsud-147527,Maison/Villa,990000,2025-10-04,Nabeul,Hammamet Sud,HAMMAMET,8050,,Non,Oui,Neuf,Haut standing,4,4,Oui,Non,Oui,Oui,Oui,Oui,Oui,1,Oui
menzili,https://www.menzili.tn/annonce/maison-spacieux-s2-sidibouzid-sidibouzidouest-147524,Maison/Villa,120000,2025-10-03,Sidi Bouzid,Sidi Bouzid Ouest,Sidi Bouzid Ouest,9100,220,Non,Non,Non précisé,Non précisé,3,1,Non,Non,Oui,Non,Non,Oui,Oui,,Non
menzili,https://www.menzili.tn/annonce/villa-a-vendre-a-hammam-sousse-ghrabi-sousse-hammamsousse-147520,Maison/Villa,1500000000,2025-10-03,Sousse,Hammam Sousse,Hammam Sousse,4011,667,Non,Non,Non précisé,Non précisé,12,,Non,Non,Oui,Non,Non,Non,Oui,,Non
menzili,https://www.menzili.tn/annonce/v169-villa-guess-yasmine-hammamet-q-nabeul-hammametsud-147517,Maison/Villa,1350000,2025-10-03,Nabeul,Hammamet Sud,HAMMAMET,8050,732,Non,Non,Non précisé,Haut standing,3,3,Oui,Non,Oui,Oui,Oui,Oui,Oui,1,Oui
menzili,https://www.menzili.tn/annonce/maison-a-hergla-proche-de-toutes-commodites-sousse-hergla-147508,Maison/Villa,349000,2025-10-03,Sousse,Hergla,rue Hassen ben said 4051 khzema ouest,4000,220,Non,Non,Non précisé,Non précisé,4,2,Non,Non,Oui,Non,Non,Oui,Non,,Non
menzili,https://www.menzili.tn/annonce/v404-villa-ricci-beni-khiar-q-nabeul-benikhiar-147507,Maison/Villa,3900000,2025-10-03,Nabeul,Béni Khiar,NABEUL,8000,500,Non,Oui,Non précisé,Luxe,4,4,Oui,Non,Oui,Oui,Oui,Oui,Oui,2,Oui
menzili,https://www.menzili.tn/annonce/v253-villa-hedi-yasmine-hammamet-p-nabeul-hammametsud-147506,Maison/Villa,2000000,2025-10-03,Nabeul,Hammamet Sud,HAMMAMET,8050,480,Non,Non,Non précisé,Luxe,5,5,Oui,Oui,Oui,Oui,Oui,Oui,Oui,1,Oui
menzili,https://www.menzili.tn/annonce/v263-villa-smoothie-hammamet-yesmine-nabeul-hammametsud-147504,Maison/Villa,1200000,2025-10-03,Nabeul,Hammamet Sud,HAMMAMET,8050,350,Non,Non,Non précisé,Luxe,4,3,Oui,Non,Oui,Non,Oui,Non,Oui,1,Oui
menzili,https://www.menzili.tn/annonce/v268-villa-panorama-yasmine-hammamet-s-nabeul-hammametsud-147499,Maison/Villa,1500000,2025-10-03,Nabeul,Hammamet Sud,HAMMAMET,8050,420,Non,Non,Non précisé,Haut standing,4,4,Oui,Oui,Oui,Oui,Oui,Oui,Oui,1,Oui
menzili,https://www.menzili.tn/annonce/v298-villa-cycas-hammamet-sud-c-nabeul-hammametsud-147497,Maison/Villa,690000,2025-10-03,Nabeul,Hammamet Sud,HAMMAMET,8050,278,Non,Non,Non précisé,Haut standing,4,3,Oui,Non,Oui,Oui,Oui,Non,Oui,1,Oui
menzili,https://www.menzili.tn/annonce/v339-villa-aicha-el-bassbessia-v-nabeul-hammametsud-147496,Maison/Villa,3900000,2025-10-03,Nabeul,Hammamet Sud,HAMMAMET,8050,700,Non,Non,Non précisé,Haut standing,5,6,Oui,Non,Oui,Oui,Oui,Oui,Oui,1,Oui
menzili,https://www.menzili.tn/annonce/v342-villa-happy-bouficha-sousse-bouficha-147495,Maison/Villa,800000,2025-10-03,Sousse,Bouficha,BOUFICHA,4000,400,Non,Oui,Non précisé,Haut standing,4,4,Oui,Non,Oui,Oui,Oui,Non,Oui,1,Oui
menzili,https://www.menzili.tn/annonce/v391-villa-kare-hammamet-nord-s-nabeul-hammametnord-147493,Maison/Villa,760000,2025-10-03,Nabeul,Hammamet Nord,HAMMAMET,8050,240,Non,Non,Non précisé,Haut standing,4,5,Oui,Non,Oui,Oui,Oui,Oui,Oui,1,Oui
menzili,https://www.menzili.tn/annonce/v387-villa-elena-yasmine-hammamet-f-nabeul-hammametsud-147492,Maison/Villa,1300000,2025-10-03,Nabeul,Hammamet Sud,HAMMAMET,8050,320,Non,Non,Non précisé,Haut standing,3,3,Oui,Non,Oui,Oui,Oui,Non,Oui,1,Oui
menzili,https://www.menzili.tn/annonce/v390-villa-pepsi-yassmine-hammamet-s-nabeul-hammametsud-147491,Maison/Villa,1600000,2025-10-03,Nabeul,Hammamet Sud,HAMMAMET,8050,480,Non,Non,Non précisé,Haut standing,4,5,Oui,Non,Oui,Oui,Oui,Non,Oui,1,Oui
menzili,https://www.menzili.tn/annonce/v412-villa-majorelle-el-monchar-villa-nabeul-hammametsud-147487,Maison/Villa,1030000,2025-10-02,Nabeul,Hammamet Sud,HAMMAMET,8050,400,Non,Non,Non précisé,Haut standing,5,3,Oui,Non,Oui,Oui,Oui,Oui,Oui,1,Oui
menzili,https://www.menzili.tn/annonce/v421-villa-tia-el-bessbessiya-villa-nabeul-hammametsud-147484,Maison/Villa,720000,2025-10-02,Nabeul,Hammamet Sud,HAMMAMET,8050,400,Non,Non,Neuf,Non précisé,5,3,Oui,Non,Oui,Oui,Non,Oui,Oui,1,Non
menzili,https://www.menzili.tn/annonce/v434-villa-zina-yasmine-hammamet-c-nabeul-hammametsud-147483,Maison/Villa,1100000,2025-10-02,Nabeul,Hammamet Sud,HAMMAMET,8050,400,Non,Non,Non précisé,Haut standing,5,3,Oui,Non,Oui,Oui,Oui,Oui,Oui,1,Oui
menzili,https://www.menzili.tn/annonce/villa-de-charme-a-vendre-a-mutuelle-ville-tunis-mutuelleville-147480,Maison/Villa,1900000,2025-10-02,Tunis,Mutuelleville,Mutuelleville,1082,500,Non,Non,Non précisé,Haut standing,6,4,Oui,Non,Oui,Oui,Oui,Oui,Oui,2,Oui
menzili,https://www.menzili.tn/annonce/villa-a-vendre-a-chatt-mariem-sousse-akouda-147478,Maison/Villa,1200000,2025-10-02,Sousse,Akouda,Akouda,4022,1200,Non,Non,Non précisé,Moyen standing,7,1,Non,Oui,Oui,Non,Non,Oui,Oui,1,Non
menzili,https://www.menzili.tn/annonce/v541-villa-noor-hammamet-nord-d-nabeul-hammametnord-147477,Maison/Villa,1600000,2025-10-02,Nabeul,Hammamet Nord,HAMMAMET,8050,270,Non,Oui,Neuf,Haut standing,4,3,Oui,Non,Oui,Oui,Oui,Non,Oui,1,Oui
menzili,https://www.menzili.tn/annonce/v544-villa-soft-hammamet-sud-v-nabeul-hammametsud-147472,Maison/Villa,690000,2025-10-02,Nabeul,Hammamet Sud,HAMMAMET,8050,180,Non,Non,Non précisé,Haut standing,3,2,Oui,Non,Oui,Oui,Oui,Non,Oui,1,Oui
menzili,https://www.menzili.tn/annonce/v545-villa-paradise-hammamet-sud-r-nabeul-hammametsud-147471,Maison/Villa,750000,2025-10-02,Nabeul,Hammamet Sud,HAMMAMET,8050,380,Non,Non,Neuf,Haut standing,3,2,Oui,Non,Oui,Oui,Oui,Non,Oui,,Oui
menzili,https://www.menzili.tn/annonce/v550-villa-delice-hammamet-sud-nabeul-hammametsud-147469,Maison/Villa,820000,2025-10-02,Nabeul,Hammamet Sud,HAMMAMET,8050,240,Non,Non,Non précisé,Haut standing,3,2,Oui,Non,Oui,Oui,Oui,Non,Oui,,Oui
menzili,https://www.menzili.tn/annonce/villa-neuve-avec-piscine-titre-bleu-tezdaine-djerba-za-medenine-djerbamidoun-147468,Maison/Villa,780000,2025-10-02,Médenine,Djerba - Midoun,www.visavis-immobilier.com,4180,256,Oui,Non,Non précisé,Haut standing,4,5,Oui,Non,Oui,Oui,Non,Oui,Oui,1,Non
menzili,https://www.menzili.tn/annonce/belle-villa-avec-jardin-a-hammamet-sud-a-vendre-51355351-nabeul-hammametsud-147466,Maison/Villa,500000,2025-10-02,Nabeul,Hammamet Sud,Hammamet Sud,8050,435,Oui,Non,Non précisé,Moyen standing,5,3,Non,Non,Oui,Non,Oui,Oui,Oui,2,Oui
menzili,https://www.menzili.tn/annonce/villa-de-plain-pied-a-vendre-a-houmt-souk-djerba-zu-medenine-djerbahoumtsouk-147465,Maison/Villa,480000,2025-10-02,Médenine,Djerba-Houmt Souk,contact@visavis-immobilier.com,4180,200,Non,Non,Non précisé,Moyen standing,3,2,Oui,Non,Oui,Oui,Non,Oui,Oui,1,Non
menzili,https://www.menzili.tn/annonce/v554-villa-la-fontaine-hammamet-sud-v-nabeul-hammametsud-147463,Maison/Villa,1250000,2025-10-02,Nabeul,Hammamet Sud,HAMMAMET,8050,380,Non,Oui,Neuf,Haut standing,5,6,Oui,Non,Oui,Oui,Oui,Oui,Oui,1,Oui
menzili,https://www.menzili.tn/annonce/v516-villa-vienne-villa-vienne-b-nabeul-hammametsud-147461,Maison/Villa,790000,2025-10-02,Nabeul,Hammamet Sud,HAMMAMET,8050,260,Non,Non,Neuf,Haut standing,5,5,Oui,Non,Oui,Oui,Oui,Non,Oui,1,Oui
menzili,https://www.menzili.tn/annonce/v535-villa-suisse-1-hammamet-nord-v-nabeul-hammametnord-147460,Maison/Villa,780000,2025-10-02,Nabeul,Hammamet Nord,HAMMAMET,8050,240,Non,Oui,Non précisé,Haut standing,3,3,Oui,Non,Oui,Oui,Oui,Oui,Oui,1,Oui
menzili,https://www.menzili.tn/annonce/v559-villa-dorra-3-el-bessbessiya-a-nabeul-hammametsud-147441,Maison/Villa,1250000,2025-10-01,Nabeul,Hammamet Sud,HAMMAMET,8050,650,Non,Non,Neuf,Haut standing,4,5,Oui,Non,Oui,Oui,Oui,Oui,Oui,1,Oui
menzili,https://www.menzili.tn/annonce/v563-villa-versace-hammamet-sud-versace-nabeul-hammametsud-147440,Maison/Villa,990000,2025-10-01,Nabeul,Hammamet Sud,HAMMAMET,8050,,Non,Oui,Neuf,Haut standing,4,4,Oui,Non,Oui,Oui,Oui,Oui,Oui,1,Oui
menzili,https://www.menzili.tn/annonce/v558-villa-ruby-villa-ruby-c-nabeul-hammamet-147439,Maison/Villa,4000000,2025-10-01,Nabeul,Hammamet,HAMMAMET,8050,1200,Non,Non,Non précisé,Haut standing,7,6,Oui,Non,Oui,Oui,Oui,Non,Oui,1,Oui
menzili,https://www.menzili.tn/annonce/v564-villa-la-citronnelle-elmonchar-nabeul-hammametsud-147437,Maison/Villa,775000,2025-10-01,Nabeul,Hammamet Sud,HAMMAMET,8050,300,Non,Non,Non précisé,Haut standing,4,3,Oui,Non,Oui,Oui,Oui,Oui,Oui,1,Oui
menzili,https://www.menzili.tn/annonce/v562-villa-sierre-hammamet-sierre-nabeul-hammamet-147436,Maison/Villa,1020000,2025-10-01,Nabeul,Hammamet,HAMMAMET,8050,450,Non,Oui,Non précisé,Haut standing,7,5,Oui,Non,Oui,Oui,Oui,Oui,Non,3,Oui
menzili,https://www.menzili.tn/annonce/v567-les-villas-venise-yassmine-hammamet-nabeul-hammametsud-147435,Maison/Villa,1150000,2025-10-01,Nabeul,Hammamet Sud,HAMMAMET,8050,250,Non,Non,Non précisé,Haut standing,4,4,Oui,Non,Oui,Oui,Oui,Non,Oui,,Oui
menzili,https://www.menzili.tn/annonce/v565-villa-madera-hammamet-villa-b-nabeul-hammamet-147434,Maison/Villa,695000,2025-10-01,Nabeul,Hammamet,HAMMAMET,8050,170,Non,Non,Neuf,Haut standing,3,2,Oui,Non,Oui,Oui,Oui,Oui,Oui,,Oui
menzili,https://www.menzili.tn/annonce/v568-les-villas-azed-villa-hammamet-nabeul-hammametsud-147432,Maison/Villa,690000,2025-10-01,Nabeul,Hammamet Sud,HAMMAMET,8050,200,Non,Non,Non précisé,Haut standing,4,4,Oui,Non,Oui,Oui,Oui,Non,Oui,1,Oui
menzili,https://www.menzili.tn/annonce/v570-villa-costa-villa-nord-nabeul-hammametnord-147430,Maison/Villa,700000,2025-10-01,Nabeul,Hammamet Nord,HAMMAMET,8050,200,Non,Non,Non précisé,Moyen standing,3,2,Non,Oui,Oui,Non,Oui,Oui,Oui,1,Oui
menzili,https://www.menzili.tn/annonce/v571-villa-veronique-hammamet-sud-c-nabeul-hammametsud-147428,Maison/Villa,870000,2025-10-01,Nabeul,Hammamet Sud,HAMMAMET,8050,,Non,Non,Neuf,Haut standing,4,3,Oui,Non,Oui,Oui,Oui,Non,Oui,1,Oui
menzili,https://www.menzili.tn/annonce/v169-villa-guess-hammamet-yasmine-c-nabeul-hammametsud-147427,Maison/Villa,1350000,2025-10-01,Nabeul,Hammamet Sud,HAMMAMET,8050,732,Non,Non,Non précisé,Haut standing,3,3,Oui,Non,Oui,Oui,Oui,Oui,Oui,1,Oui
menzili,https://www.menzili.tn/annonce/v404-villa-ricci-beni-khiar-c-nabeul-benikhiar-147426,Maison/Villa,3900000,2025-10-01,Nabeul,Béni Khiar,NABEUL,8000,500,Non,Oui,Non précisé,Luxe,4,4,Oui,Non,Oui,Oui,Oui,Oui,Oui,2,Oui
menzili,https://www.menzili.tn/annonce/v526-villa-blue-berry-hammamet-sud-c-nabeul-hammametsud-147425,Maison/Villa,980000,2025-10-01,Nabeul,Hammamet Sud,HAMMAMET,8050,360,Non,Non,Neuf,Haut standing,5,3,Oui,Non,Oui,Oui,Oui,Non,Oui,1,Oui
menzili,https://www.menzili.tn/annonce/maison-s-5-a-vendre-omran-superieur-tunis-elomranesuperieur-147422,Maison/Villa,429000,2025-09-30,Tunis,El Omrane supérieur,Omran.sup,1091,240,Non,Non,Neuf,Moyen standing,3,2,Oui,Oui,Oui,Non,Oui,Oui,Non,1,Oui
menzili,https://www.menzili.tn/annonce/v566-maison-d-hote-celina-villa-el-monchar-nabeul-hammametsud-147416,Maison/Villa,6000000,2025-09-30,Nabeul,Hammamet Sud,HAMMAMET,8050,,Non,Non,Non précisé,Haut standing,4,5,Oui,Non,Oui,Oui,Oui,Oui,Oui,1,Oui
menzili,https://www.menzili.tn/annonce/v563-villa-versace-hammamet-sud-r-nabeul-hammametsud-147415,Maison/Villa,990000,2025-09-30,Nabeul,Hammamet Sud,HAMMAMET,8050,,Non,Oui,Neuf,Haut standing,4,4,Oui,Non,Oui,Oui,Oui,Oui,Oui,1,Oui
menzili,https://www.menzili.tn/annonce/v545-villa-paradise-hammamet-sud-c-nabeul-hammametsud-147414,Maison/Villa,750000,2025-09-30,Nabeul,Hammamet Sud,HAMMAMET,8050,380,Non,Non,Neuf,Haut standing,3,2,Oui,Non,Oui,Oui,Oui,Non,Oui,,Oui
menzili,https://www.menzili.tn/annonce/v547-villa-folla-2-hammamet-villa-c-nabeul-hammamet-147413,Maison/Villa,1500000,2025-09-30,Nabeul,Hammamet,HAMMAMET,8050,300,Oui,Non,Neuf,Haut standing,4,5,Oui,Non,Oui,Oui,Oui,Non,Oui,1,Oui
menzili,https://www.menzili.tn/annonce/v516-villa-vienne-villa-vienne-c-nabeul-hammametsud-147412,Maison/Villa,790000,2025-09-30,Nabeul,Hammamet Sud,HAMMAMET,8050,260,Non,Non,Neuf,Haut standing,5,5,Oui,Non,Oui,Oui,Oui,Non,Oui,1,Oui
menzili,https://www.menzili.tn/annonce/v390-villa-pepsi-hammamet-yesmine-b-nabeul-hammametsud-147392,Maison/Villa,1600000,2025-09-30,Nabeul,Hammamet Sud,HAMMAMET,8050,480,Non,Non,Non précisé,Haut standing,4,5,Oui,Non,Oui,Oui,Oui,Non,Oui,1,Oui
menzili,https://www.menzili.tn/annonce/v412-villa-majorelle-hammamet-sud-b-nabeul-hammametsud-147391,Maison/Villa,1030000,2025-09-30,Nabeul,Hammamet Sud,HAMMAMET,8050,400,Non,Non,Non précisé,Haut standing,5,3,Oui,Non,Oui,Oui,Oui,Oui,Oui,1,Oui
menzili,https://www.menzili.tn/annonce/v421-villa-tia-hammamet-sud-b-nabeul-hammametsud-147389,Maison/Villa,720000,2025-09-30,Nabeul,Hammamet Sud,HAMMAMET,8050,400,Non,Non,Neuf,Non précisé,5,3,Oui,Non,Oui,Oui,Non,Oui,Oui,1,Non
menzili,https://www.menzili.tn/annonce/une-maison-a-vendre-a-140-md-a-hammamet-sud-51355351-nabeul-hammametsud-147387,Maison/Villa,140000,2025-09-30,Nabeul,Hammamet Sud,Hammamet Sud,8050,140,Non,Non,Non précisé,Non précisé,2,2,Non,Non,Oui,Non,Non,Non,Non,,Non
menzili,https://www.menzili.tn/annonce/v434-villa-zina-hammamet-yesmine-nabeul-hammametsud-147386,Maison/Villa,1100000,2025-09-30,Nabeul,Hammamet Sud,HAMMAMET,8050,400,Non,Non,Non précisé,Haut standing,5,3,Oui,Non,Oui,Oui,Oui,Oui,Oui,1,Oui
menzili,https://www.menzili.tn/annonce/v482-villa-royale-sidi-el-mahrsi-nabeul-nabeul-147377,Maison/Villa,2000000,2025-09-29,Nabeul,Nabeul,NABEUL,8000,870,Non,Oui,Non précisé,Luxe,5,3,Oui,Non,Oui,Oui,Oui,Oui,Oui,3,Oui
menzili,https://www.menzili.tn/annonce/v524-villa-phenicia-hammamet-nord-c-nabeul-hammametnord-147375,Maison/Villa,1200000,2025-09-29,Nabeul,Hammamet Nord,HAMMAMET,8050,700,Oui,Non,Non précisé,Haut standing,7,4,Non,Non,Oui,Oui,Oui,Non,Oui,3,Oui
menzili,https://www.menzili.tn/annonce/v516-villa-vienne-hammamet-sud-c-nabeul-hammametsud-147373,Maison/Villa,790000,2025-09-29,Nabeul,Hammamet Sud,HAMMAMET,8050,260,Non,Non,Neuf,Haut standing,5,5,Oui,Non,Oui,Oui,Oui,Non,Oui,1,Oui
menzili,https://www.menzili.tn/annonce/vente-villa-avec-piscine-a-houmt-souk-zu-medenine-djerbahoumtsouk-147370,Maison/Villa,890000,2025-09-29,Médenine,Djerba-Houmt Souk,Djerba-Houmt Souk,4180,185,Oui,Oui,Non précisé,Moyen standing,3,3,Oui,Non,Oui,Oui,Non,Oui,Oui,1,Oui
menzili,https://www.menzili.tn/annonce/maison-fi-sidi-amor-raoued-ariana-raoued-147364,Maison/Villa,128000,2025-09-29,Ariana,Raoued,Raoued,2083,,Non,Non,Non précisé,Non précisé,3,1,Non,Non,Oui,Non,Non,Non,Non,,Non
menzili,https://www.menzili.tn/annonce/v556-villa-plumette-les-deux-oueds-nabeul-nabeul-147360,Maison/Villa,2500000,2025-09-29,Nabeul,Nabeul,NABEUL,8000,260,Oui,Non,Non précisé,Moyen standing,5,4,Oui,Non,Oui,Non,Oui,Oui,Oui,1,Oui
menzili,https://www.menzili.tn/annonce/v555-villa-cendrillon-hammamet-sud-o-nabeul-hammametsud-147359,Maison/Villa,920000,2025-09-29,Nabeul,Hammamet Sud,HAMMAMET,8050,250,Non,Non,Neuf,Haut standing,4,3,Oui,Non,Oui,Oui,Oui,Oui,Oui,1,Oui
menzili,https://www.menzili.tn/annonce/v564-villa-la-citronnelle-hammamet-sud-c-nabeul-hammametsud-147349,Maison/Villa,775000,2025-09-29,Nabeul,Hammamet Sud,HAMMAMET,8050,300,Non,Non,Non précisé,Haut standing,4,3,Oui,Non,Oui,Oui,Oui,Oui,Oui,1,Oui
menzili,https://www.menzili.tn/annonce/maison-haute-standing-a-vendre-benarous-ezzahra-147344,Maison/Villa,,2025-09-28,Ben Arous,Ezzahra,Ezzahra,2034,105,Non,Non,Non précisé,Haut standing,5,2,Non,Non,Oui,Non,Non,Oui,Oui,1,Non
menzili,https://www.menzili.tn/annonce/maison-a-louer-nouvelle-medina-benarous-medinajedida-147331,Maison/Villa,,2025-09-27,Ben Arous,Medina Jedida,Medina Jedida,2013,150,Non,Non,Non précisé,Non précisé,3,1,Non,Non,Oui,Non,Non,Oui,Non,,Non
menzili,https://www.menzili.tn/annonce/a-vendre-villa-duplex-s4-avec-piscine-a-benikhiar-nabeul-nabeul-benikhiar-147318,Maison/Villa,530000,2025-09-27,Nabeul,Béni Khiar,Béni Khiar,8000,240,Oui,Non,Non précisé,Haut standing,4,2,Oui,Oui,Oui,Oui,Non,Oui,Oui,1,Non
menzili,https://www.menzili.tn/annonce/a-vendre-maison-en-bois-s4-avec-piscine-a-hammamet-nabeul-hammamet-147317,Maison/Villa,520000,2025-09-27,Nabeul,Hammamet,Hammamet,8050,400,Non,Oui,Non précisé,Moyen standing,4,2,Oui,Non,Oui,Oui,Non,Oui,Oui,,Non
menzili,https://www.menzili.tn/annonce/a-vendre-villa-s4-avec-piscine-vue-sur-mer-a-hammamet-nabeul-hammamet-147316,Maison/Villa,950000,2025-09-27,Nabeul,Hammamet,Hammamet,8050,420,Non,Oui,Non précisé,Haut standing,4,4,Oui,Non,Oui,Oui,Oui,Oui,Oui,,Non
menzili,https://www.menzili.tn/annonce/villa-duplex-s3-avec-piscine-situee-a-lido-nabeul-nabeul-nabeul-147314,Maison/Villa,1500000,2025-09-27,Nabeul,Nabeul,Nabeul,8000,600,Non,Non,Non précisé,Haut standing,3,2,Oui,Oui,Oui,Oui,Oui,Non,Oui,,Non
menzili,https://www.menzili.tn/annonce/a-vendre-villa-s6-avec-jardin-a-nabeul-nabeul-nabeul-147313,Maison/Villa,1300000,2025-09-27,Nabeul,Nabeul,Nabeul,8000,640,Oui,Non,Non précisé,Moyen standing,6,3,Non,Non,Oui,Non,Oui,Oui,Oui,,Non
menzili,https://www.menzili.tn/annonce/a-vendre-villa-duplex-s3-a-benikhiar-nabeul-nabeul-benikhiar-147312,Maison/Villa,470000,2025-09-27,Nabeul,Béni Khiar,Béni Khiar,8000,245,Oui,Non,Non précisé,Non précisé,3,1,Oui,Oui,Oui,Non,Non,Oui,Oui,1,Non
menzili,https://www.menzili.tn/annonce/a-vendre-villa-s4-avec-piscine-a-afh-mrezga-nabeul-nabeul-nabeul-147311,Maison/Villa,895000,2025-09-27,Nabeul,Nabeul,Nabeul,8000,216,Oui,Non,Non précisé,Haut standing,4,1,Oui,Non,Oui,Oui,Oui,Oui,Oui,3,Non
menzili,https://www.menzili.tn/annonce/a-vendre-villa-2s6-pied-dans-l-eau-a-jinene-dans-l-eau-nabeul-nabeul-benikhiar-147310,Maison/Villa,2600000,2025-09-27,Nabeul,Béni Khiar,Béni Khiar,8000,1029,Non,Non,Non précisé,Haut standing,6,6,Oui,Non,Oui,Oui,Oui,Non,Oui,1,Non
menzili,https://www.menzili.tn/annonce/v559-villa-dorra-3-hammamet-villa-nabeul-hammametsud-147299,Maison/Villa,1250000,2025-09-27,Nabeul,Hammamet Sud,HAMMAMET,8050,650,Non,Non,Neuf,Haut standing,4,5,Oui,Non,Oui,Oui,Oui,Oui,Oui,1,Oui
menzili,https://www.menzili.tn/annonce/v562-villa-sierre-hammamet-chraf-g-nabeul-hammamet-147297,Maison/Villa,1020000,2025-09-27,Nabeul,Hammamet,HAMMAMET,8050,450,Non,Oui,Non précisé,Haut standing,7,5,Oui,Non,Oui,Oui,Oui,Oui,Oui,3,Oui
menzili,https://www.menzili.tn/annonce/v569-villa-saly-hammamet-f-nabeul-hammamet-147294,Maison/Villa,1050000,2025-09-27,Nabeul,Hammamet,HAMMAMET,8050,350,Non,Non,Non précisé,Haut standing,5,5,Oui,Non,Oui,Oui,Oui,Non,Oui,1,Oui
menzili,https://www.menzili.tn/annonce/duplex-de-207-m-a-aouina-tunis-lamarsa-147292,Maison/Villa,540000,2025-09-27,Tunis,La Marsa,La Marsa,2070,207,Non,Non,Non précisé,Moyen standing,2,3,Oui,Oui,Oui,Non,Non,Non,Oui,2,Oui
menzili,https://www.menzili.tn/annonce/v571-villa-veronique-hammamet-sud-nabeul-hammametsud-147291,Maison/Villa,870000,2025-09-27,Nabeul,Hammamet Sud,HAMMAMET,8050,,Non,Non,Neuf,Haut standing,4,3,Oui,Non,Oui,Oui,Oui,Non,Oui,1,Oui
menzili,https://www.menzili.tn/annonce/v169-villa-guess-yasmine-hammamet-f-nabeul-hammametsud-147289,Maison/Villa,1350000,2025-09-27,Nabeul,Hammamet Sud,HAMMAMET,8050,732,Non,Non,Non précisé,Haut standing,3,3,Oui,Non,Oui,Oui,Oui,Oui,Oui,1,Oui
menzili,https://www.menzili.tn/annonce/v526-villa-blue-berry-hammamet-g-nabeul-hammametsud-147288,Maison/Villa,,2026-03-29,a 503 Service Unavailable error was encountered while trying to use an ErrorDocument to handle the request.,Additionally,Additionally,,,Non,Non,Non précisé,Non précisé,,,Non,Non,Non,Non,Non,Non,Non,,Non
menzili,https://www.menzili.tn/annonce/maison-a-louer-ariana-arianaville-147284,Maison/Villa,,2025-09-26,Ariana,Ariana Ville,Ariana cité nozha,2080,100,Non,Non,À rénover,Moyen standing,3,1,Non,Non,Oui,Non,Non,Non,Non,,Non
menzili,https://www.menzili.tn/annonce/une-villa-s4-a-gammarth-avec-piscine-et-jardin-tunis-gammarth-147271,Maison/Villa,1680000,2025-09-26,Tunis,Gammarth,contact@agencevilla.com,2078,,Non,Non,Non précisé,Haut standing,4,2,Oui,Oui,Oui,Oui,Oui,Oui,Oui,3,Oui
menzili,https://www.menzili.tn/annonce/A-vendre-maison-inachevee-a-hammam-sousse-sousse-hammamsousse-147270,Maison/Villa,390000,2025-09-26,Sousse,Hammam Sousse,Hammam Sousse,4011,380,Oui,Non,Non précisé,Non précisé,3,2,Non,Non,Oui,Non,Non,Non,Non,1,Non
menzili,https://www.menzili.tn/annonce/v253-villa-hedi-yassmine-hammamet-c-nabeul-hammametsud-147269,Maison/Villa,2000000,2025-09-26,Nabeul,Hammamet Sud,HAMMAMET,8050,480,Non,Non,Non précisé,Luxe,5,5,Oui,Oui,Oui,Oui,Oui,Oui,Oui,1,Oui
menzili,https://www.menzili.tn/annonce/v380-villa-karam-el-corniche-r-nabeul-hammamet-147263,Maison/Villa,2200000,2025-09-26,Nabeul,Hammamet,HAMMAMET,8050,400,Non,Non,Non précisé,Haut standing,4,4,Oui,Non,Oui,Oui,Oui,Oui,Oui,1,Oui
menzili,https://www.menzili.tn/annonce/v387-villa-elena-yassmine-hammamet-nabeul-hammametsud-147262,Maison/Villa,1300000,2025-09-26,Nabeul,Hammamet Sud,HAMMAMET,8050,320,Non,Non,Non précisé,Haut standing,3,3,Oui,Non,Oui,Oui,Oui,Non,Oui,1,Oui
menzili,https://www.menzili.tn/annonce/v391-villa-kare-hammamet-nord-c-nabeul-hammametnord-147261,Maison/Villa,760000,2025-09-26,Nabeul,Hammamet Nord,HAMMAMET,8050,240,Non,Non,Non précisé,Haut standing,4,5,Oui,Non,Oui,Oui,Oui,Oui,Oui,1,Oui
menzili,https://www.menzili.tn/annonce/maison-s-2-avec-jardin-a-vendre-a-hammamet-sud-51355351-nabeul-hammametsud-147260,Maison/Villa,180000,2025-09-26,Nabeul,Hammamet Sud,Hammamet Sud,8050,120,Oui,Non,Non précisé,Non précisé,2,1,Non,Non,Oui,Non,Non,Non,Oui,,Non
menzili,https://www.menzili.tn/annonce/superbe-maison-de-charme-a-hammamet-nabeul-hammamet-147254,Maison/Villa,375000,2025-09-25,Nabeul,Hammamet,Kiosque weli,8050,120,Non,Oui,Non précisé,Moyen standing,5,4,Oui,Non,Oui,Oui,Oui,Oui,Oui,,Non
menzili,https://www.menzili.tn/annonce/maison-d-angle-manouba-ouedellil-147251,Maison/Villa,,2025-09-25,Manouba,Oued Ellil,5 rue Ali Barak cité de la rose (Warda),2021,,Non,Non,Non précisé,Non précisé,2,1,Non,Non,Oui,Non,Non,Non,Non,,Non
menzili,https://www.menzili.tn/annonce/villa-s-4-toute-neuve-avec-jardin-et-piscine-a-hammamet-sud-51355351-nabeul-hammametsud-147243,Maison/Villa,700000,2025-09-25,Nabeul,Hammamet Sud,Hammamet Sud,8050,260,Non,Oui,Non précisé,Luxe,4,3,Non,Non,Oui,Oui,Oui,Oui,Oui,,Oui
menzili,https://www.menzili.tn/annonce/villa-de-maitre-s6-avec-piscine-a-mrezge-hammamet-nabeul-hammamet-147242,Maison/Villa,2700000,2025-09-25,Nabeul,Hammamet,Hammamet,8050,1250,Oui,Non,Non précisé,Luxe,6,7,Oui,Non,Oui,Oui,Oui,Oui,Oui,1,Non
menzili,https://www.menzili.tn/annonce/maison-a-vendre-a-hammem-sousse-sousse-hammamsousse-147235,Maison/Villa,200000,2025-09-25,Sousse,Hammam Sousse,Hammam Sousse,4011,72,Non,Non,Non précisé,Non précisé,2,,Non,Non,Oui,Non,Non,Oui,Non,,Non
menzili,https://www.menzili.tn/annonce/maison-de-149-m-a-vendre-a-hammamet-sud-51355351-nabeul-hammametsud-147233,Maison/Villa,85000,2025-09-25,Nabeul,Hammamet Sud,Hammamet Sud,8050,100,Non,Non,Non précisé,Non précisé,2,1,Non,Non,Oui,Non,Non,Oui,Oui,,Non
menzili,https://www.menzili.tn/annonce/v421-villa-tia-villa-hammamet-t-nabeul-hammametsud-147231,Maison/Villa,720000,2025-09-25,Nabeul,Hammamet Sud,HAMMAMET,8050,400,Non,Non,Neuf,Non précisé,5,3,Oui,Non,Oui,Oui,Non,Oui,Oui,1,Non
menzili,https://www.menzili.tn/annonce/villa-349-m-de-haut-standing-avec-piscine-a-hammamet-mrezga-nabeul-hammamet-147221,Maison/Villa,1250000,2025-09-24,Nabeul,Hammamet,milogimmobilier@gmail.com,8050,349,Non,Non,Non précisé,Haut standing,4,2,Oui,Non,Oui,Oui,Oui,Oui,Oui,2,Oui
menzili,https://www.menzili.tn/annonce/maison-s-2-avec-un-terrain-a-vendre-a-hammamet-sud-51355351-nabeul-hammametsud-147209,Maison/Villa,185000,2025-09-24,Nabeul,Hammamet Sud,Hammamet Sud,8050,100,Non,Non,Non précisé,Non précisé,2,1,Non,Non,Oui,Non,Non,Non,Non,,Non
menzili,https://www.menzili.tn/annonce/spacieuse-maison-s-2-a-hammamet-sud-a-vendre-51355351-nabeul-hammametsud-147201,Maison/Villa,600000,2025-09-24,Nabeul,Hammamet Sud,Hammamet Sud,8050,180,Non,Non,Non précisé,Non précisé,2,2,Non,Non,Oui,Oui,Non,Non,Oui,,Non
menzili,https://www.menzili.tn/annonce/a-vendre-une-maison-situee-a-akouda-sousse-akouda-147197,Maison/Villa,600000,2025-09-24,Sousse,Akouda,Akouda,4022,200,Non,Non,Non précisé,Non précisé,8,4,Non,Non,Oui,Non,Non,Oui,Non,2,Non
menzili,https://www.menzili.tn/annonce/maison-arabe-gabes-gabessud-135589,Maison/Villa,120000,2024-10-22,Gabès,Gabès Sud,20 RUE ABBES IBN ABDELMOTALIB ZRIG,6000,120,Non,Non,Non précisé,Non précisé,2,1,Non,Non,Oui,Non,Non,Non,Non,,Non
menzili,https://www.menzili.tn/annonce/duplex-au-mourouj-3-benarous-elmourouj-147193,Maison/Villa,320000,2025-09-23,Ben Arous,El Mourouj,mourouj 3,2074,170,Oui,Non,Non précisé,Non précisé,3,1,Non,Non,Oui,Non,Non,Oui,Oui,2,Non
menzili,https://www.menzili.tn/annonce/villa-avec-piscine-a-houmt-souk-djerba-zu-medenine-djerbahoumtsouk-147189,Maison/Villa,800000,2025-09-23,Médenine,Djerba-Houmt Souk,Djerba-Houmt Souk,4180,265,Oui,Non,Non précisé,Moyen standing,4,3,Oui,Non,Oui,Oui,Non,Oui,Oui,,Oui
menzili,https://www.menzili.tn/annonce/maison-a-vendre-4-appartements-studio-ariana-ghazela-139226,Maison/Villa,,2025-02-03,Ariana,Ghazela,Ghazela,2080,250,Non,Non,Non précisé,Non précisé,10,4,Non,Non,Oui,Non,Non,Oui,Non,,Non
menzili,https://www.menzili.tn/annonce/villa-s-4-encours-de-construction-a-vendre-a-korba-51355351-nabeul-korba-147188,Maison/Villa,140000,2025-09-23,Nabeul,Korba,Korba,8070,260,Non,Non,Non précisé,Non précisé,4,2,Non,Non,Oui,Oui,Non,Non,Oui,,Non
menzili,https://www.menzili.tn/annonce/villa-de-465-m-a-hammamet-sud-a-vendre-nabeul-hammametsud-147186,Maison/Villa,450000,2025-09-23,Nabeul,Hammamet Sud,Hammamet Sud,8050,200,Non,Non,Non précisé,Non précisé,3,2,Non,Non,Oui,Non,Non,Oui,Oui,,Oui
menzili,https://www.menzili.tn/annonce/A-vendre-maison-3-niveaux-a-nouvelle-medina-ben-arous-benarous-medinajedida-147184,Maison/Villa,,2025-09-23,Ben Arous,Medina Jedida,Residance 2001,2013,120,Non,Non,Non précisé,Non précisé,4,2,Non,Non,Oui,Non,Non,Oui,Non,3,Non
menzili,https://www.menzili.tn/annonce/duplex-s-3-a-hammamet-centre-a-vendre-51355351-nabeul-hammametcentre-147180,Maison/Villa,320000,2025-09-23,Nabeul,Hammamet Centre,Hammamet Centre,8050,160,Non,Non,Non précisé,Non précisé,3,2,Non,Non,Oui,Non,Non,Oui,Non,,Non
menzili,https://www.menzili.tn/annonce/villa-de-luxe-proche-de-hammamet-sud-nabeul-hammamet-147174,Maison/Villa,920000,2025-09-23,Nabeul,Hammamet,Hammamet,8050,465,Non,Non,Non précisé,Luxe,4,3,Oui,Non,Oui,Oui,Oui,Oui,Oui,1,Non
menzili,https://www.menzili.tn/annonce/maison-a-vendre-hy-hached-siliana-siliana-silianasud-147173,Maison/Villa,450000,2025-09-23,Siliana,Siliana Sud,Siliana centre,6100,150,Non,Non,Non précisé,Non précisé,3,,Non,Non,Oui,Non,Non,Oui,Oui,,Non
menzili,https://www.menzili.tn/annonce/maison-tunis-lekram-147144,Maison/Villa,,2025-09-22,Tunis,Le Kram,16 rue kalaat andalouse kram gharbi,2015,65,Non,Non,Non précisé,Non précisé,,,Non,Non,Oui,Non,Non,Non,Non,,Non
menzili,https://www.menzili.tn/annonce/A-vendre-maison-a-deux-niveaux-independants-ariana-mnihla-147141,Maison/Villa,,2025-09-22,Ariana,Mnihla,Rue Ali Belhaouane,2094,240,Non,Non,Non précisé,Moyen standing,7,2,Oui,Non,Oui,Non,Oui,Oui,Non,2,Oui
menzili,https://www.menzili.tn/annonce/vente-villa-benarous-boumhel-130830,Maison/Villa,4000,2024-04-25,Ben Arous,Boumhel,Cite Belair,2013,600,Non,Non,Non précisé,Non précisé,10,4,Non,Non,Oui,Non,Oui,Non,Oui,,Non
menzili,https://www.menzili.tn/annonce/villa-de-1490-m-a-vendre-a-la-soukra-ariana-lasoukra-147132,Maison/Villa,,2025-09-21,Ariana,La Soukra,La Soukra,2036,750,Oui,Non,Non précisé,Moyen standing,10,6,Non,Non,Oui,Non,Oui,Oui,Oui,1,Oui
menzili,https://www.menzili.tn/annonce/maison-a-vendre-a-ariana-ville-ariana-arianaville-147129,Maison/Villa,75000,2025-09-21,Ariana,Ariana Ville,Ariana Ville,2080,40,Non,Non,Non précisé,Non précisé,,1,Non,Non,Oui,Non,Non,Non,Non,,Non
menzili,https://www.menzili.tn/annonce/maison-arabe-s-2-meublee-a-vendre-a-hammamet-centre-ville-51355351-nabeul-hammametcentre-147126,Maison/Villa,520000,2025-09-21,Nabeul,Hammamet Centre,Hammamet Centre,8050,120,Oui,Oui,Non précisé,Haut standing,,,Non,Non,Oui,Non,Oui,Oui,Oui,,Oui
menzili,https://www.menzili.tn/annonce/une-villa-meublee-avec-piscine-a-vendre-a-hammamet-51355351-nabeul-hammamet-147125,Maison/Villa,550000,2025-09-21,Nabeul,Hammamet,Hammamet,8050,140,Non,Non,Non précisé,Haut standing,3,2,Non,Non,Oui,Oui,Oui,Oui,Oui,,Oui
menzili,https://www.menzili.tn/annonce/joli-duplex-a-gammarth-tunis-gammarth-147120,Maison/Villa,850000,2025-09-21,Tunis,Gammarth,Route du relais -gammarth,2078,147,Oui,Non,Non précisé,Moyen standing,3,2,Non,Non,Oui,Non,Oui,Non,Oui,,Oui
menzili,https://www.menzili.tn/annonce/immeuble-a-vendre-dar-chaabane-el-fehri-nabeul-darchaabaneelfehri-147100,Maison/Villa,,2025-09-20,Nabeul,Dar Châabane El Fehri,Dar Châabane El Fehri,8000,,Non,Oui,Non précisé,Moyen standing,,1,Non,Non,Oui,Non,Oui,Oui,Oui,4,Non
menzili,https://www.menzili.tn/annonce/v482-villa-royale-mahrsi-d-nabeul-nabeul-147099,Maison/Villa,2000000,2025-09-20,Nabeul,Nabeul,NABEUL,8000,870,Non,Oui,Non précisé,Haut standing,5,3,Oui,Non,Oui,Oui,Oui,Oui,Oui,3,Oui
menzili,https://www.menzili.tn/annonce/v524-villa-phenicia-hammamet-nord-d-nabeul-hammametnord-147098,Maison/Villa,1200000,2025-09-20,Nabeul,Hammamet Nord,HAMMAMET,8050,700,Oui,Non,Non précisé,Haut standing,7,4,Non,Non,Oui,Oui,Oui,Non,Oui,3,Oui
menzili,https://www.menzili.tn/annonce/v516-villa-vienne-hammamet-sud-d-nabeul-hammametsud-147097,Maison/Villa,790000,2025-09-20,Nabeul,Hammamet Sud,HAMMAMET,8050,260,Non,Non,Neuf,Haut standing,5,5,Oui,Non,Oui,Oui,Oui,Non,Oui,1,Oui
menzili,https://www.menzili.tn/annonce/v547-villa-folla-2-zone-chraf-d-nabeul-hammamet-147096,Maison/Villa,1500000,2025-09-20,Nabeul,Hammamet,HAMMAMET,8050,300,Oui,Non,Neuf,Haut standing,4,5,Oui,Non,Oui,Oui,Oui,Non,Oui,1,Oui
menzili,https://www.menzili.tn/annonce/v554-villa-la-fontaine-hammamet-el-bessbessia-nabeul-hammametsud-147095,Maison/Villa,1250000,2025-09-20,Nabeul,Hammamet Sud,HAMMAMET,8050,380,Non,Oui,Neuf,Haut standing,5,6,Oui,Non,Oui,Oui,Oui,Oui,Oui,1,Oui
menzili,https://www.menzili.tn/annonce/vendre-maison-laaouina-sousse-sousseriadh-147075,Maison/Villa,150000,2025-09-19,Sousse,Sousse Riadh,cite laaouina,4000,100,Non,Non,Non précisé,Non précisé,2,1,Non,Non,Oui,Non,Non,Non,Non,,Non
menzili,https://www.menzili.tn/annonce/maison-arabesque-a-beni-khiar-a-vendre-51355351-nabeul-benikhiar-147068,Maison/Villa,140000,2025-09-19,Nabeul,Béni Khiar,Béni Khiar,8000,155,Non,Non,Non précisé,Non précisé,3,1,Non,Non,Oui,Non,Non,Non,Non,,Non
menzili,https://www.menzili.tn/annonce/une-villa-de-haut-standing-pour-la-location-a-rades-benarous-rades-147066,Maison/Villa,2000,2025-09-19,Ben Arous,Radès,Radès,2013,380,Non,Non,Non précisé,Haut standing,4,2,Oui,Non,Oui,Non,Oui,Oui,Non,1,Non
menzili,https://www.menzili.tn/annonce/v558-villa-ruby-zone-miramar-d-nabeul-hammamet-147059,Maison/Villa,4000000,2025-09-19,Nabeul,Hammamet,HAMMAMET,8050,1200,Non,Non,Non précisé,Haut standing,7,6,Oui,Non,Oui,Oui,Oui,Non,Oui,1,Oui
menzili,https://www.menzili.tn/annonce/v559-villa-dorra-3-hammamet-sud-nabeul-hammametsud-147058,Maison/Villa,1250000,2025-09-19,Nabeul,Hammamet Sud,HAMMAMET,8050,,Non,Non,Neuf,Haut standing,4,5,Oui,Non,Oui,Oui,Oui,Oui,Oui,1,Oui
menzili,https://www.menzili.tn/annonce/v563-villa-versace-hammamet-sud-s-nabeul-hammametsud-147056,Maison/Villa,990000,2025-09-19,Nabeul,Hammamet Sud,HAMMAMET,8050,,Non,Oui,Neuf,Haut standing,4,4,Oui,Non,Oui,Oui,Oui,Oui,Oui,1,Oui
menzili,https://www.menzili.tn/annonce/v562-villa-sierre-zone-chraf-f-nabeul-hammamet-147054,Maison/Villa,1020000,2025-09-19,Nabeul,Hammamet,HAMMAMET,8050,450,Non,Oui,Non précisé,Haut standing,7,5,Oui,Non,Oui,Oui,Oui,Oui,Non,3,Oui
menzili,https://www.menzili.tn/annonce/v567-les-villas-venise-hammamet-sud-nabeul-hammametsud-147052,Maison/Villa,1150000,2025-09-19,Nabeul,Hammamet Sud,HAMMAMET,8050,250,Non,Non,Non précisé,Haut standing,4,4,Oui,Non,Oui,Oui,Oui,Non,Oui,,Oui
menzili,https://www.menzili.tn/annonce/v566-maison-d-hote-celina-hammamet-f-nabeul-hammametsud-147049,Maison/Villa,6000000,2025-09-19,Nabeul,Hammamet Sud,HAMMAMET,8050,,Non,Non,Non précisé,Haut standing,4,5,Oui,Non,Oui,Oui,Oui,Oui,Oui,1,Oui
menzili,https://www.menzili.tn/annonce/maison-arabesque-s-4-a-vendre-a-beni-khiar-51355351-nabeul-benikhiar-147048,Maison/Villa,225000,2025-09-19,Nabeul,Béni Khiar,Béni Khiar,8000,170,Non,Non,Non précisé,Moyen standing,4,1,Non,Non,Oui,Non,Oui,Oui,Non,,Oui
menzili,https://www.menzili.tn/annonce/v569-villa-saly-villa-saly-g-nabeul-hammamet-147044,Maison/Villa,1050000,2025-09-19,Nabeul,Hammamet,HAMMAMET,8050,350,Non,Non,Non précisé,Haut standing,5,5,Oui,Non,Oui,Oui,Oui,Non,Oui,1,Oui
menzili,https://www.menzili.tn/annonce/v169-villa-guess-villa-guess-v-nabeul-hammametsud-147039,Maison/Villa,1350000,2025-09-19,Nabeul,Hammamet Sud,HAMMAMET,8050,732,Non,Non,Non précisé,Haut standing,3,3,Oui,Non,Oui,Oui,Oui,Oui,Oui,1,Oui
menzili,https://www.menzili.tn/annonce/villa-ouled-bouali-sfax-kerkennah-147032,Maison/Villa,,2025-09-18,Sfax,Kerkennah,dalendarakrouki@gmail.com,3070,260,Non,Non,Non précisé,Non précisé,3,1,Non,Non,Oui,Non,Non,Oui,Oui,,Non
menzili,https://www.menzili.tn/annonce/v263-villa-smoothie-hammamet-yasmine-nabeul-hammametsud-147020,Maison/Villa,1200000,2025-09-18,Nabeul,Hammamet Sud,HAMMAMET,8050,350,Non,Non,Non précisé,Luxe,4,3,Oui,Non,Oui,Oui,Oui,Non,Oui,1,Oui
menzili,https://www.menzili.tn/annonce/v268-villa-panorama-hammamet-villa-sud-nabeul-hammametsud-147019,Maison/Villa,1500000,2025-09-18,Nabeul,Hammamet Sud,HAMMAMET,8050,420,Non,Non,Non précisé,Haut standing,4,3,Oui,Oui,Oui,Oui,Oui,Oui,Oui,1,Oui
menzili,https://www.menzili.tn/annonce/a-vendre-villa-de-style-americain-monastir-ksibetelmediouni-147017,Maison/Villa,560000,2025-09-18,Monastir,Ksibet el-Médiouni,Ksibet el-Médiouni,5000,485,Oui,Oui,Non précisé,Non précisé,6,3,Non,Oui,Oui,Non,Non,Oui,Oui,1,Non
menzili,https://www.menzili.tn/annonce/v339-villa-aicha-zone-elbessbessia-nabeul-hammametsud-147009,Maison/Villa,3900000,2025-09-18,Nabeul,Hammamet Sud,HAMMAMET,8050,700,Non,Non,Non précisé,Haut standing,5,6,Oui,Non,Oui,Oui,Oui,Oui,Oui,1,Oui
menzili,https://www.menzili.tn/annonce/v380-villa-karam-hammamet-villa-corniche-nabeul-hammamet-147006,Maison/Villa,2200000,2025-09-18,Nabeul,Hammamet,HAMMAMET,8050,400,Non,Non,Non précisé,Haut standing,4,4,Oui,Non,Oui,Oui,Oui,Oui,Oui,1,Oui
