source,url_annonce,type_bien,prix,date_insertion,gouvernorat,delegation,localite,code_postal,superficie,titre_foncier,vue_mer,terrain_viabilise,constructible,dimensions_terrain,facade,acces_route,acces_electricite,acces_eau,vocation
menzili,https://www.menzili.tn/annonce/vente-terrain-agricole-dar-bidha-mozrane-adjim-medenine-djerbaajim-141913,Terrain,140000,2025-05-01,Médenine,Djerba - Ajim,Mezrane-Adjim Djerba,4180,5820,Oui,Non,Non,Non,,153,Oui,Non,Non,Commerciale
menzili,https://www.menzili.tn/annonce/terrain-a-vendre-a-mezrane-medenine-djerbaajim-138558,Terrain,,2025-01-14,Médenine,Djerba - Ajim,Mezrane-Adjim Djerba,4180,4000,Oui,Non,Non,Non,,,Oui,Non,Non,Commerciale
menzili,https://www.menzili.tn/annonce/terrain-vue-de-mer-a-vendre-a-adjim-medenine-djerbaajim-136945,Terrain,,2024-11-26,Médenine,Djerba - Ajim,Adjim-Djerba,4180,7000,Non,Oui,Non,Oui,,,Oui,Oui,Oui,Commerciale
menzili,https://www.menzili.tn/annonce/terrain-a-vendre-a-proximite-de-la-plage-chikh-yahya-medenine-djerbaajim-138199,Terrain,,2025-01-03,Médenine,Djerba - Ajim,Mozran-Adjim Djerba,4180,2768,Non,Non,Non,Oui,,,Oui,Non,Non,Commerciale
menzili,https://www.menzili.tn/annonce/terrain-a-vendre-a-medenine-djerbahoumtsouk-150695,Terrain,,2026-01-05,Médenine,Djerba-Houmt Souk,Djerba-Houmt Souk,4180,749,Non,Non,Non,Oui,,,Non,Non,Non,Résidentielle
menzili,https://www.menzili.tn/annonce/terrain-a-vendre-a-djerba-zone-touristique-medenine-djerbahoumtsouk-136475,Terrain,350000,2024-11-15,Médenine,Djerba-Houmt Souk,Mezraya,4180,605,Non,Non,Non,Oui,,,Oui,Non,Non,Résidentielle
menzili,https://www.menzili.tn/annonce/opportunite-a-saisir-un-terrain-a-vendre-a-sedghiane-medenine-djerbamidoun-137642,Terrain,,2024-12-16,Médenine,Djerba - Midoun,Sedghiane-Midoun-Djerba,4180,4341,Non,Non,Non,Oui,,,Non,Non,Non,Commerciale
menzili,https://www.menzili.tn/annonce/terrains-disponibles-a-la-vente-saisissez-cette-chance-sans-attendre-medenine-djerbahoumtsouk-132531,Terrain,,2024-07-01,Médenine,Djerba-Houmt Souk,Djerba,4180,,Non,Non,Non,Oui,,,Non,Oui,Oui,Résidentielle
menzili,https://www.menzili.tn/annonce/a-vendre-terrains-a-kerkennah-titre-foncier-individuel-sfax-kerkennah-132745,Terrain,,2024-07-07,Sfax,Kerkennah,Ouled Kacem - Kerkennah,3070,588,Oui,Non,Non,Non,,,Oui,Non,Non,Commerciale
menzili,https://www.menzili.tn/annonce/terrain-constructible-a-vendre-a-borj-ghammez-bizerte-bizertenord-144514,Terrain,,2025-07-08,Bizerte,Bizerte Nord,à Borj Ghammez Bizerte,7000,430,Oui,Non,Non,Oui,,,Non,Non,Non,Commerciale
menzili,https://www.menzili.tn/annonce/terrain-a-les-grottes-bizerte-belle-vue-foret-et-mer-bizerte-bizertenord-144690,Terrain,,2025-07-10,Bizerte,Bizerte Nord,à Les Grottes Bizerte Nord,7000,900,Oui,Oui,Non,Oui,,,Non,Non,Non,Commerciale
menzili,https://www.menzili.tn/annonce/terrain-constructible-a-vendre-a-borj-taleb-bizerte-bizerte-bizertesud-138255,Terrain,,2025-01-05,Bizerte,Bizerte Sud,situé à Borj Taleb Bizerte,7000,635,Titre Individuel,Non,Non,Oui,,,Non,Non,Non,Commerciale
menzili,https://www.menzili.tn/annonce/terrain-agricole-titre-a-borj-taleb-bizerte-bizerte-bizertesud-138643,Terrain,,2025-01-17,Bizerte,Bizerte Sud,à Borj Taleb Bizerte,7000,3721,Oui,Non,Non,Non,,,Oui,Non,Non,Commerciale
menzili,https://www.menzili.tn/annonce/terrain-de-lotissement-r-plus-8-a-ezzahra-benarous-ezzahra-146718,Terrain,21000,2025-09-11,Ben Arous,Ezzahra,ezzahra,2034,46600,Oui,Non,Non,Non,,,Oui,Non,Non,Résidentielle
menzili,https://www.menzili.tn/annonce/super-terrain-620-m-a-menzah-9-ariana-menzah-148258,Terrain,1240000,2025-10-27,Ariana,Menzah,Menzah 9,1004,620,Non,Non,Non,Oui,,,Oui,Non,Non,Commerciale
menzili,https://www.menzili.tn/annonce/beau-terrain-rdc-4-a-la-goulette-tunis-lagoulette-52949,Terrain,4600000,2021-02-18,Tunis,La Goulette,la goulette,2060,1202,Oui,Non,Non,Non,,,Oui,Non,Non,Commerciale
menzili,https://www.menzili.tn/annonce/terrain-pour-promoteur-jinene-ennassr2-ariana-ennasr-120741,Terrain,1650000,2023-08-16,Ariana,Ennasr,ENNASSR 2,2037,1100,Non,Non,Non,Non,,,Non,Non,Non,Commerciale
menzili,https://www.menzili.tn/annonce/terrain-pour-promoteur-ennassr-2-ariana-ennasr-116984,Terrain,1540000,2023-06-08,Ariana,Ennasr,Ennassr,2037,1100,Non,Non,Non,Non,,,Non,Non,Non,Commerciale
menzili,https://www.menzili.tn/annonce/terrain-a-vendre-ennassr-2-ariana-ennasr-116944,Terrain,320000,2023-06-08,Ariana,Ennasr,Ennassr 2,2037,400,Non,Non,Oui,Non,,,Non,Non,Non,Commerciale
menzili,https://www.menzili.tn/annonce/ferme-de-3-hectares-a-mornag-benarous-mornag-147152,Terrain,,2025-09-22,Ben Arous,Mornag,Ferme de 3 Hectares à Mornag,2090,30000,Non,Non,Non,Non,60x9,,Non,Oui,Oui,Résidentielle
menzili,https://www.menzili.tn/annonce/terrain-a-la-grotte-bizerte-bizerte-bizertenord-94644,Terrain,,2022-08-29,Bizerte,Bizerte Nord,La Grotte - Bizerte,7000,1000,Non,Oui,Non,Oui,,,Oui,Non,Non,Commerciale
menzili,https://www.menzili.tn/annonce/super-terrain-21950-m-a-sousse-riadh-sousse-sousseriadh-141833,Terrain,32650000,2025-04-29,Sousse,Sousse Riadh,Sousse Riadh,4000,21950,Non,Non,Non,Non,,,Oui,Non,Non,Résidentielle
menzili,https://www.menzili.tn/annonce/super-terrain-13337-m-a-djerba-midoun-medenine-djerbamidoun-86299,Terrain,4000000,2022-05-17,Médenine,Djerba - Midoun,Djerba midoun,4180,13337,Titre Bleu,Non,Non,Non,,,Oui,Non,Non,Résidentielle
menzili,https://www.menzili.tn/annonce/super-terrain-de-lotissement-approuve-a-sousse-riadh-sousse-sousseriadh-81874,Terrain,41250000,2022-03-09,Sousse,Sousse Riadh,Sousse Riadh,4000,41127,Non,Non,Non,Non,,,Oui,Non,Non,Résidentielle
menzili,https://www.menzili.tn/annonce/terrain-tres-bon-emplacement-a-choutrana-soukra-ariana-lasoukra-65071,Terrain,4500000,2021-08-20,Ariana,Délégation Soukra,Soukra,2036,4500,Titre Bleu,Non,Non,Non,,,Oui,Non,Non,Résidentielle
menzili,https://www.menzili.tn/annonce/tres-beau-terrain-pour-lotissement-a-la-soukra-tunis-lamarsa-116808,Terrain,19800000,2023-06-06,Tunis,La Marsa,Soukra,2070,33000,Non,Non,Non,Non,,,Oui,Non,Non,Résidentielle
menzili,https://www.menzili.tn/annonce/beau-terrain-pour-villa-a-gammart-touristique-tunis-lamarsa-52955,Terrain,1497000,2021-02-18,Tunis,La Marsa,gammart touristique,2070,624,Titre Bleu,Non,Non,Non,,,Oui,Non,Non,Commerciale
menzili,https://www.menzili.tn/annonce/terrain-titre-foncier-au-bord-de-la-mer-de-bizerte-bizerte-bizertenord-147576,Terrain,,2025-10-05,Bizerte,à EL Ksiba,Bizerte,7000,254,Oui,Non,Non,Oui,,,Non,Non,Non,Commerciale
menzili,https://www.menzili.tn/annonce/beau-terrain-2346-m-pour-promotion-a-soukra-tunis-lamarsa-114536,Terrain,1760000,2023-04-28,Tunis,La Marsa,Soukra yakout el hamaoui,2070,2346,Non,Non,Non,Non,,,Oui,Non,Non,Commerciale
menzili,https://www.menzili.tn/annonce/terrain-quot-aziza-quot-6-lots-disponible-nabeul-hammamet-147027,Terrain,150000,2025-09-18,Nabeul,Hammamet,Hammamet,8050,271,Non,Non,Non,Non,,,Non,Non,Non,Commerciale
menzili,https://www.menzili.tn/annonce/super-terrain-4792-m2-a-sousse-riadh-sousse-sousseriadh-141834,Terrain,6843000,2025-04-29,Sousse,Sousse Riadh,Sousse Riadh,4000,4792,Non,Non,Non,Non,,,Oui,Non,Non,Résidentielle
menzili,https://www.menzili.tn/annonce/super-terrain-730-m-loti-viabilise-a-choutrana-2-soukra-ariana-lasoukra-147040,Terrain,1022000,2025-09-19,Ariana,La Soukra,Choutrana 2 la soukra,2036,730,Non,Non,Oui,Non,,,Oui,Oui,Oui,Résidentielle
menzili,https://www.menzili.tn/annonce/beau-terrain-avec-vue-mer-degagee-a-hammamet-tunis-lamarsa-114537,Terrain,4800000,2023-04-28,Tunis,La Marsa,hammamet,2070,1200,Non,Oui,Non,Non,,,Oui,Non,Non,Commerciale
menzili,https://www.menzili.tn/annonce/A-vendre-terrain-pour-promotion-immobiliere-riadh-l-andalous-ariana-ariana-ghazela-148354,Terrain,2983400,2025-10-29,Ariana,Ghazela,Riadh l'Andalous - Ariana,2080,2132,Titre Individuel,Non,Non,Oui,,,Non,Non,Non,Commerciale
menzili,https://www.menzili.tn/annonce/terrain-constructible-a-hay-jalaa-bizerte-bizerte-bizertenord-139735,Terrain,,2025-02-17,Bizerte,Bizerte Nord,située à Hay Jalaa Bizerte,7000,315,Non,Non,Non,Oui,,,Non,Non,Non,Commerciale
menzili,https://www.menzili.tn/annonce/terrain-situe-a-ain-el-berda-bizerte-bizertenord-105566,Terrain,,2022-12-28,Bizerte,Bizerte Nord,Bizerte Nord,7000,1000,Non,Oui,Non,Non,,,Non,Non,Non,Commerciale
menzili,https://www.menzili.tn/annonce/terrains-a-vendre-a-hachen-djerba-medenine-djerbahoumtsouk-145501,Terrain,160820,2025-08-04,Médenine,Djerba-Houmt Souk,Hachène Djerba,4180,1892,Non,Non,Non,Oui,,,Oui,Non,Non,Commerciale
menzili,https://www.menzili.tn/annonce/terrain-jinene-hammamet-nabeul-hammamet-142612,Terrain,59900,2025-05-20,Nabeul,Hammamet,Hammamet,8050,200,Non,Non,Non,Non,,,Non,Non,Non,Commerciale
menzili,https://www.menzili.tn/annonce/beau-terrain-780-m-a-soukra-parc-tunis-lamarsa-114530,Terrain,856000,2023-04-28,Tunis,La Marsa,Soukra parc,2070,780,Non,Non,Oui,Non,,29,Oui,Non,Non,Commerciale
menzili,https://www.menzili.tn/annonce/terrain-1046-m-bon-emplacement-a-soukra-parc-tunis-lamarsa-114528,Terrain,1046000,2023-04-28,Tunis,La Marsa,Soukra parc,2070,1046,Non,Non,Non,Non,,,Oui,Non,Non,Commerciale
menzili,https://www.menzili.tn/annonce/terrain-a-vendre-jinene-ennassr2-ariana-ennasr-117208,Terrain,320000,2023-06-13,Ariana,Ennasr,JINENE ENNASSR 2,2037,400,Non,Non,Oui,Non,,,Non,Non,Non,Commerciale
menzili,https://www.menzili.tn/annonce/terrain-pour-promoteur-bardo-centre-tunis-lebardo-120746,Terrain,1950000,2023-08-16,Tunis,Le Bardo,Le Bardo,2000,1300,Non,Non,Non,Non,,,Non,Non,Non,Commerciale
menzili,https://www.menzili.tn/annonce/terrain-constructible-medenine-djerbahoumtsouk-151190,Terrain,,2026-01-28,Médenine,Djerba-Houmt Souk,Offre pour investir,4180,2470,Titre Bleu,Non,Non,Oui,,,Oui,Non,Non,Commerciale
menzili,https://www.menzili.tn/annonce/terrain-constructible-titre-foncier-individuel-bizerte-bizertesud-147133,Terrain,,2025-09-21,Bizerte,Bizerte Sud,à Borj jaberi beni nafaa Bizerte,7000,176,Oui,Non,Non,Oui,,,Non,Non,Non,Commerciale
menzili,https://www.menzili.tn/annonce/terrain-agricole-titre-foncier-bizerte-mateur-147136,Terrain,,2025-09-21,Bizerte,Mateur,mateur bizerte,7030,55000,Oui,Non,Non,Non,,,Non,Oui,Oui,Résidentielle
menzili,https://www.menzili.tn/annonce/terrain-agricole-titre-de-70000-m-a-bizerte-bizerte-bizertenord-142411,Terrain,850000000,2025-05-14,Bizerte,bizerte,a Magheraoua,7000,70000,Oui,Non,Non,Non,,,Non,Non,Oui,Commerciale
menzili,https://www.menzili.tn/annonce/super-terrain-608-m-a-alain-savary-tunis-citeelkhadra-147047,Terrain,1115000,2025-09-19,Tunis,Cité El Khadra,Alain Savary,1003,608,Non,Non,Non,Oui,,,Oui,Non,Non,Commerciale
menzili,https://www.menzili.tn/annonce/studio-et-terrain-medenine-djerbaajim-150801,Terrain,119000,2026-01-10,Médenine,Djerba - Ajim,Ajim 4135 devant station sevice,4180,,Non,Non,Non,Non,,,Oui,Oui,Oui,Commerciale
menzili,https://www.menzili.tn/annonce/terrain-ajim-djerba-medenine-djerbaajim-150582,Terrain,550000,2025-12-31,Médenine,Djerba - Ajim,Ajim djerba route de l aéroport,4180,5800,Non,Non,Non,Oui,,,Oui,Oui,Non,Commerciale
menzili,https://www.menzili.tn/annonce/terrain-a-vendre-mezraya-centre-1512-m-permis-de-batir-medenine-djerbahoumtsouk-150424,Terrain,,2025-12-26,Médenine,Djerba-Houmt Souk,Mezraya Djerba,4180,1512,Non,Non,Non,Oui,,,Non,Non,Non,Résidentielle
menzili,https://www.menzili.tn/annonce/vente-un-lot-de-terrain-viabilise-494-m-a-mornag-benarous-mornag-146364,Terrain,,2025-08-28,Ben Arous,Mornag,Mornag,2090,494,Oui,Non,Oui,Non,,,Non,Non,Non,Résidentielle
menzili,https://www.menzili.tn/annonce/3-lots-de-terrain-a-vendre-medenine-medeninenord-146595,Terrain,,2025-09-07,Médenine,Médenine Nord,route tataouine km 03 pres de l'ecole primaire cit,4100,400,Non,Non,Non,Non,,,Oui,Non,Non,Commerciale
menzili,https://www.menzili.tn/annonce/terrain-azmouni-medenine-djerbamidoun-150147,Terrain,301560,2025-12-17,Médenine,Djerba - Midoun,Azmouni,4180,1077,Non,Non,Non,Non,,,Non,Non,Non,Commerciale
menzili,https://www.menzili.tn/annonce/terrain-a-azmouni-medenine-djerbamidoun-150146,Terrain,145260,2025-12-17,Médenine,Djerba - Midoun,Azmouni,4180,807,Non,Non,Non,Non,,,Non,Non,Non,Commerciale
menzili,https://www.menzili.tn/annonce/terrain-arkou-medenine-djerbamidoun-150145,Terrain,,2025-12-17,Médenine,Djerba - Midoun,Arkou,4180,1542,Non,Non,Non,Non,,,Non,Non,Non,Résidentielle
menzili,https://www.menzili.tn/annonce/super-terrain-r-plus-a-mourouj-6-benarous-elmourouj-147073,Terrain,2868000,2025-09-19,Ben Arous,El Mourouj,Mourouj 6,2074,2019,Non,Non,Non,Non,,,Oui,Non,Non,Commerciale
menzili,https://www.menzili.tn/annonce/terrain-agricole-11-000-m-avec-50-oliviers-medenine-djerbamidoun-149854,Terrain,160000,2025-12-08,Médenine,Djerba - Midoun,Djerba - Midoun,4180,11173,Non,Non,Non,Oui,,,Non,Non,Non,Résidentielle
menzili,https://www.menzili.tn/annonce/terrain-a-vendre-besoin-dargent-urgent-medenine-medeninenord-149083,Terrain,,2025-11-18,Médenine,Médenine Nord,Rue de gabes,4100,500,Non,Non,Non,Non,,,Non,Non,Non,Commerciale
menzili,https://www.menzili.tn/annonce/super-terrain-r-plus-5-a-mourouj-5-benarous-elmourouj-138343,Terrain,3000000,2025-01-07,Ben Arous,El Mourouj,Mourouj 6,2074,2206,Non,Non,Non,Non,,,Oui,Non,Non,Commerciale
menzili,https://www.menzili.tn/annonce/tres-beau-terrain-2206-m-pour-promotion-a-mourouj-6-benarous-elmourouj-117849,Terrain,2868000,2023-06-22,Ben Arous,El Mourouj,Mourouj 6,2074,2206,Non,Non,Non,Non,,,Oui,Non,Non,Commerciale
menzili,https://www.menzili.tn/annonce/un-terrain-de-661-m-situe-a-midoun-zone-touristique-proche-terrain-du-golf-medenine-djerbamidoun-149424,Terrain,595000,2025-11-26,Médenine,Djerba - Midoun,Djerba - Midoun,4180,661,Titre Bleu,Oui,Oui,Non,,,Non,Oui,Oui,Résidentielle
menzili,https://www.menzili.tn/annonce/un-terrain-de-549-m-situe-a-midoun-en-face-residence-tanit-medenine-djerbamidoun-149317,Terrain,312000,2025-11-24,Médenine,Djerba - Midoun,tdimmobilier@yahoo.fr,4180,549,Titre Bleu,Non,Non,Non,,,Non,Oui,Oui,Résidentielle
menzili,https://www.menzili.tn/annonce/grand-terrain-5598-m-aghir-midoun-djerba-medenine-djerbamidoun-149091,Terrain,,2025-11-19,Médenine,Djerba - Midoun,Djerba - Midoun,4180,,Non,Non,Non,Non,,,Non,Non,Non,Commerciale
menzili,https://www.menzili.tn/annonce/terrain-de-1119-m-situee-a-midoun-proche-mosquee-fadhloun-medenine-djerbamidoun-149041,Terrain,140000,2025-11-18,Médenine,Midoun,Djerba,4116,1119,Titre Bleu,Non,Non,Non,,,Oui,Oui,Oui,Commerciale
menzili,https://www.menzili.tn/annonce/terrain-a-a-vendre-benarous-elmourouj-148714,Terrain,55000,2025-11-08,Ben Arous,El Mourouj,El Mourouj,2074,,Non,Non,Non,Non,,,Non,Non,Non,Commerciale
menzili,https://www.menzili.tn/annonce/terrain-fait-l-angle-a-bouhsina-dans-un-quartier-residentiel-sousse-soussejawhara-148685,Terrain,488000,2025-11-07,Sousse,bouhsina,sousse,4000,488,Non,Non,Non,Non,,,Non,Non,Non,Résidentielle
menzili,https://www.menzili.tn/annonce/terrain-route-tataouine-pres-de-lycee-ibn-sina-medenine-medeninenord-146044,Terrain,,2025-08-19,Médenine,Médenine Nord,Médenine Nord,4100,559,Oui,Non,Non,Non,,,Oui,Non,Non,Commerciale
menzili,https://www.menzili.tn/annonce/A-vendre-terrain-a-ghizen-djerba-medenine-djerbahoumtsouk-138169,Terrain,328860,2025-01-03,Médenine,Djerba-Houmt Souk,Ghizen Djerba,4180,1827,Oui,Non,Non,Oui,,,Oui,Non,Non,Résidentielle
menzili,https://www.menzili.tn/annonce/terrain-a-250m-de-la-plage-ariana-raoued-148394,Terrain,,2025-10-30,Ariana,Raoued,tahaseghaier@gmail.com,2083,374,Oui,Non,Non,Non,,,Non,Non,Oui,Commerciale
menzili,https://www.menzili.tn/annonce/terrain-constructible-medenine-djerbamidoun-148377,Terrain,350000,2025-10-30,Médenine,Djerba - Midoun,Mehrab km6 Midoun Djerba,4180,2202,Titre Bleu,Non,Non,Oui,,,Non,Non,Non,Commerciale
menzili,https://www.menzili.tn/annonce/terrain-de-1-800-m-a-mahdia-emplacement-strategique-proche-du-port-mahdia-mahdia-148351,Terrain,2700000,2025-10-29,Mahdia,Mahdia,Mahdia,5100,1800,Non,Non,Non,Oui,,,Non,Non,Non,Résidentielle
menzili,https://www.menzili.tn/annonce/terrain-a-vendre-a-utique-bizerte-lotissement-de-9-695-m-bizerte-utique-148350,Terrain,1939000,2025-10-29,Bizerte,Utique,Utique,7020,9695,Non,Non,Non,Oui,,,Non,Non,Non,Résidentielle
menzili,https://www.menzili.tn/annonce/a-vendre-un-terrain-nabeul-hammamet-148344,Terrain,1200,2025-10-29,Nabeul,Hammamet,Hammamet Sud,8050,889,Titre Individuel,Non,Non,Non,,,Non,Non,Non,Résidentielle
menzili,https://www.menzili.tn/annonce/a-vendre-des-lots-de-terrains-nabeul-hammamet-148343,Terrain,,2025-10-29,Nabeul,Hammamet,Hammamet centre,8050,396,Titre Individuel,Non,Non,Non,,,Non,Non,Non,Commerciale
menzili,https://www.menzili.tn/annonce/terrain-a-vendre-400m-de-la-plage-ezzahra-kelibia-nabeul-hammamghezeze-147978,Terrain,125000,2025-10-18,Nabeul,Hammam Ghezèze,Ezzahra Hammem Ghzez,2034,278,Titre Bleu,Non,Non,Non,,,Non,Oui,Oui,Commerciale
menzili,https://www.menzili.tn/annonce/a-vendre-terrain-4-hectares-a-el-marja-paradise-tunisie-nabeul-soliman-148286,Terrain,4100000,2025-10-28,Nabeul,Soliman,Soliman,8020,39383,Non,Oui,Non,Non,,,Oui,Non,Oui,Résidentielle
menzili,https://www.menzili.tn/annonce/terrain-1000-m-destine-pour-une-promotion-immobiliere-a-cite-riadh-sousse-sousseriadh-148285,Terrain,700000,2025-10-28,Sousse,Sousse Riadh,newway.vente@gmail.com,4000,1000,Non,Non,Non,Non,,,Non,Non,Non,Commerciale
menzili,https://www.menzili.tn/annonce/terrain-agricole-a-vendre-2000-m-mornag-benarous-mornag-148173,Terrain,,2025-10-24,Ben Arous,Mornag,Mornag,2090,2000,Titre Bleu,Non,Non,Non,,,Oui,Oui,Oui,Commerciale
menzili,https://www.menzili.tn/annonce/terrain-constructible-vue-mer-bizerte-bizertenord-130653,Terrain,,2024-04-20,Bizerte,Bizerte Nord,Bizerte Nord,7000,675,Non,Oui,Non,Oui,,,Non,Non,Non,Commerciale
menzili,https://www.menzili.tn/annonce/terrain-agricole-titre-route-de-mateur-bizerte-bizertesud-138645,Terrain,,2025-01-17,Bizerte,Bizerte Sud,à Sidi Othman ( route de Mateur),7000,50000,Oui,Non,Non,Non,,,Oui,Non,Non,Commerciale
menzili,https://www.menzili.tn/annonce/terrain-a-chott-mariem-sousse-akouda-148144,Terrain,,2025-10-23,Sousse,Akouda,Choot Mariem 4042 Sousse,4022,1582,Titre Individuel,Non,Non,Non,,,Non,Non,Non,Commerciale
menzili,https://www.menzili.tn/annonce/terrain-a-vendre-borj-al-amri-manouba-borjelamri-148143,Terrain,280000,2025-10-23,Manouba,Borj El Amri,Borj El Amri,2010,2000,Non,Non,Non,Non,,,Non,Non,Non,Résidentielle
menzili,https://www.menzili.tn/annonce/terrain-de-238-m-a-vendre-a-hammamet-nord-51355351-nabeul-hammamet-148123,Terrain,155000,2025-10-23,Nabeul,Hammamet,Hammamet,8050,238,Oui,Non,Non,Non,,,Non,Non,Non,Commerciale
menzili,https://www.menzili.tn/annonce/A-vendre-ferme-oleicole-de-16-hectares-manouba-tebourba-148119,Terrain,1750000,2025-10-22,Manouba,Tebourba,milogimmobilier@gmail.com,1130,160000,Non,Non,Non,Non,10x10,,Non,Oui,Non,Commerciale
menzili,https://www.menzili.tn/annonce/terrain-commercial-448-m-sur-avenue-principale-titre-foncier-individuel-zone-r-4-nabeul-korba-148114,Terrain,,2025-10-22,Nabeul,Korba,en face de kiosque Ola,8070,448,Oui,Non,Non,Oui,,,Non,Non,Non,Résidentielle
menzili,https://www.menzili.tn/annonce/vends-terrain-en-face-de-l-Ecovillage-sousse-sidibouali-148079,Terrain,,2025-10-21,Sousse,Sidi Bou Ali,Zone industrielle GP1 KM9 4022 Akouda,4040,1920,Non,Non,Non,Non,,,Oui,Non,Non,Commerciale
menzili,https://www.menzili.tn/annonce/terrain-a-vendre-bizerte-bizertesud-148074,Terrain,,2025-10-21,Bizerte,Bizerte Sud,imenjemili6@gmail.com,7000,515,Non,Non,Non,Non,,,Non,Non,Non,Commerciale
menzili,https://www.menzili.tn/annonce/terrain-a-vendre-benarous-rades-148073,Terrain,2000,2025-10-21,Ben Arous,Radès,Chouchet rades,2040,575,Non,Non,Non,Non,,,Non,Non,Non,Résidentielle
menzili,https://www.menzili.tn/annonce/terrain-de-4018-m-a-vendre-a-200-dt-m-a-hammamet-sud-nabeul-hammametsud-148055,Terrain,,2025-10-21,Nabeul,Hammamet Sud,Hammamet Sud,8050,4018,Non,Non,Non,Non,,,Non,Non,Non,Commerciale
menzili,https://www.menzili.tn/annonce/superbe-lot-de-terrain-de-380-m-a-afh-mrezga-a-vendre-51355351-nabeul-mrezga-148038,Terrain,1200,2025-10-21,Nabeul,Mrezga,Mrezga,8058,380,Oui,Non,Non,Non,,,Non,Non,Non,Commerciale
menzili,https://www.menzili.tn/annonce/terrain-a-lebna-plage-nabeul-elmida-148035,Terrain,115000,2025-10-20,Nabeul,El Mida,Lebna plage,8000,500,Non,Non,Non,Non,,,Non,Non,Non,Commerciale
menzili,https://www.menzili.tn/annonce/A-vendre-terrain-commercial-d-exception-a-la-marsa-tunis-lamarsa-148034,Terrain,,2025-10-20,Tunis,La Marsa,La Marsa,2070,490,Oui,Non,Non,Non,,,Non,Non,Non,Commerciale
menzili,https://www.menzili.tn/annonce/terrain-agricole-a-sidi-bouali-pres-de-l-autoroute-et-gp1-sousse-sidibouali-148029,Terrain,270000,2025-10-20,Sousse,bouhsina,sousse,4000,5400,Non,Non,Non,Non,,,Non,Non,Non,Commerciale
menzili,https://www.menzili.tn/annonce/A-vendre-terrain-200-m-a-raoued-ariana-raoued-148023,Terrain,58000,2025-10-20,Ariana,Raoued,Raoued,2083,200,Non,Non,Non,Oui,,,Non,Non,Non,Résidentielle
menzili,https://www.menzili.tn/annonce/A-vendre-terrain-200-m-a-raoued-ariana-raoued-148022,Terrain,58000,2025-10-20,Ariana,Raoued,Raoued,2083,200,Non,Non,Non,Oui,,,Non,Non,Non,Résidentielle
menzili,https://www.menzili.tn/annonce/terrain-a-rafraf-ville-bizerte-rasjebel-148000,Terrain,,2025-10-19,Bizerte,Ras Jebel,rafraf,7025,835,Titre Bleu,Non,Non,Non,,,Non,Non,Oui,Résidentielle
menzili,https://www.menzili.tn/annonce/un-lot-de-terrain-de-304-m-a-vendre-a-korba-51355351-nabeul-korba-147996,Terrain,175000,2025-10-19,Nabeul,Korba,Korba,8070,304,Oui,Non,Non,Non,,,Non,Non,Non,Commerciale
menzili,https://www.menzili.tn/annonce/terrain-r-2-a-sidi-abdelhamid-proche-de-toutes-commodites-sousse-soussesidiabdelhamid-147990,Terrain,57000,2025-10-18,Sousse,bouhsina,sousse,4000,152,Non,Non,Oui,Non,,,Non,Non,Non,Résidentielle
menzili,https://www.menzili.tn/annonce/a-vendre-terrain-2000m-agricole-a-route-de-tunis-nabeul-nabeul-nabeul-147987,Terrain,150000,2025-10-18,Nabeul,Nabeul,Nabeul,8000,2000,Non,Non,Non,Non,,,Oui,Non,Non,Commerciale
menzili,https://www.menzili.tn/annonce/terrain-a-vendre-a-200-dt-m-a-hammamet-sud-51355351-nabeul-hammametsud-147982,Terrain,,2025-10-18,Nabeul,Hammamet Sud,Hammamet Sud,8050,2900,Non,Non,Non,Non,,,Non,Non,Non,Commerciale
menzili,https://www.menzili.tn/annonce/terrain-de-348-m-a-vendre-a-la-zone-touristique-mrezga-51355351-nabeul-mrezga-147925,Terrain,420000,2025-10-17,Nabeul,Mrezga,Mrezga,8058,348,Non,Non,Oui,Non,,,Non,Non,Non,Résidentielle
menzili,https://www.menzili.tn/annonce/maison-de-300-m-carre-avec-un-terrain-de-300-m-carre-nabeul-korba-147922,Terrain,450000,2025-10-16,Nabeul,Korba,avenue habib bourguiba korba ville,8070,300,Non,Non,Non,Non,,,Non,Non,Non,Commerciale
menzili,https://www.menzili.tn/annonce/terrain-a-vendre-hammamet-el-menchar-nabeul-hammametsud-147911,Terrain,,2025-10-16,Nabeul,Hammamet Sud,Hammamet Sud,8050,6442,Non,Non,Non,Oui,,,Oui,Oui,Oui,Commerciale
menzili,https://www.menzili.tn/annonce/a-vendre-terrain-agricole-a-bekalta-chaibat-monastir-bekalta-147909,Terrain,445000,2025-10-16,Monastir,Bekalta,Bekalta,5014,13000,Non,Non,Non,Non,,,Non,Non,Oui,Commerciale
menzili,https://www.menzili.tn/annonce/terrain-fait-l-angle-a-bouhsina-dans-un-quartier-residentiel-sousse-soussejawhara-147886,Terrain,488000,2025-10-16,Sousse,bouhsina,sousse,4000,488,Non,Non,Non,Non,,,Non,Non,Non,Résidentielle
menzili,https://www.menzili.tn/annonce/un-terrain-a-ne-pas-rater-nabeul-hammamghezeze-147885,Terrain,63000,2025-10-16,Nabeul,Hammam Ghezèze,Hammam Ghezèze,8000,1000,Oui,Non,Non,Non,,,Non,Non,Non,Commerciale
menzili,https://www.menzili.tn/annonce/terrain-de-350-m2-mahdia-ksouressef-147882,Terrain,65000,2025-10-16,Mahdia,Ksour Essef,ksour essaf,5180,350,Non,Non,Non,Non,,,Non,Non,Non,Commerciale
menzili,https://www.menzili.tn/annonce/terrain-a-vendre-plage-tazarka-nabeul-korba-147853,Terrain,380000,2025-10-15,Nabeul,Korba,tazarka,8070,1266,Non,Non,Non,Oui,,,Oui,Non,Non,Résidentielle
menzili,https://www.menzili.tn/annonce/terrain-a-vendre-chotrana-soukra-ariana-chotrana-147841,Terrain,,2025-10-14,Ariana,Chotrana,Chotrana,2086,390,Non,Non,Non,Non,,,Non,Non,Non,Commerciale
menzili,https://www.menzili.tn/annonce/terrain-industriel-ou-commercial-a-vendre-kairouan-kairouannord-147828,Terrain,,2025-10-14,Kairouan,Km 6,Route Elbaten (MC99),3100,6500,Non,Non,Non,Non,,,Oui,Oui,Oui,Commerciale
menzili,https://www.menzili.tn/annonce/terrain-pour-les-investisseurs-nabeul-kelibia-147819,Terrain,63000,2025-10-14,Nabeul,Kélibia,Kélibia,8000,1000,Oui,Non,Non,Non,,,Non,Non,Non,Commerciale
menzili,https://www.menzili.tn/annonce/terrain-a-vendre-a-khazroun-djerba-medenine-djerbamidoun-147804,Terrain,,2025-10-13,Médenine,Djerba - Midoun,Khazroun,4180,,Titre Bleu,Non,Non,Non,,,Non,Non,Non,Commerciale
menzili,https://www.menzili.tn/annonce/--terrain-a-vendre-raoued-plage-ariana-raoued-147802,Terrain,,2025-10-13,Ariana,Raoued,Raoued plage,2083,200,Non,Oui,Non,Non,,,Non,Non,Non,Commerciale
menzili,https://www.menzili.tn/annonce/A-vendre-terrain-a-monastir-stah-jabeur-monastir-monastir-147800,Terrain,258100,2025-10-13,Monastir,Monastir,Monastir,5000,145,Oui,Non,Non,Non,,,Non,Non,Non,Résidentielle
menzili,https://www.menzili.tn/annonce/terrain-ferme-couvert-45m2-ariana-raoued-147799,Terrain,160000,2025-10-13,Ariana,Raoued,Cité Chaker,2083,420,Non,Non,Non,Non,,,Non,Oui,Oui,Commerciale
menzili,https://www.menzili.tn/annonce/terrain-exceptionnel-de-503-m-a-la-soukra-ariana-lasoukra-147796,Terrain,905400,2025-10-13,Ariana,La Soukra,La Soukra,2036,503,Non,Non,Non,Non,,,Non,Non,Non,Résidentielle
menzili,https://www.menzili.tn/annonce/a-vendre-terrain-de-419-m-a-la-soukra-ariana-lasoukra-147795,Terrain,755000,2025-10-13,Ariana,La Soukra,La Soukra,2036,419,Non,Non,Non,Non,,,Non,Non,Non,Résidentielle
menzili,https://www.menzili.tn/annonce/vente-terrain-agricole-monastir-bekalta-147773,Terrain,,2025-10-13,Monastir,Bekalta,Bekalta,5014,17000,Non,Non,Non,Non,,,Non,Oui,Oui,Commerciale
menzili,https://www.menzili.tn/annonce/terrain-a-vendre-a-cote-closerie-ariana-lasoukra-147761,Terrain,1450,2025-10-11,Ariana,La Soukra,La Soukra,2036,559,Non,Non,Non,Non,,18,Non,Non,Non,Commerciale
menzili,https://www.menzili.tn/annonce/vente-terrain-viabilise-ariana-raoued-147745,Terrain,160000,2025-10-11,Ariana,Raoued,Cité Chaker,2083,420,Non,Non,Oui,Non,,,Non,Oui,Oui,Résidentielle
menzili,https://www.menzili.tn/annonce/terrain-a-vendre-a-nabeul-nabeul-nabeul-147719,Terrain,,2025-10-09,Nabeul,Nabeul,Nabeul,8000,2391,Non,Non,Non,Non,,,Non,Non,Non,Commerciale
menzili,https://www.menzili.tn/annonce/%D8%A7%D8%B1%D8%B6-%D9%84%D9%84%D8%A8%D9%8A%D8%B9-%D8%A8%D8%AA%D9%82%D8%B3%D9%8A%D9%85-%D8%A7%D9%84%D9%8A%D8%A7%D8%AA%D9%88%D8%AC%D9%8A-terrain-bizerte-menzelbourguiba-147718,Terrain,,2025-10-09,Bizerte,Menzel Bourguiba,Menzel Bourguiba,7050,,Non,Non,Non,Non,,,Non,Non,Non,Commerciale
menzili,https://www.menzili.tn/annonce/terrain-a-vendre-a-bazim-medenine-djerbahoumtsouk-147710,Terrain,289068,2025-10-09,Médenine,Djerba-Houmt Souk,BAZIM,4180,5559,Non,Non,Non,Oui,,,Oui,Non,Non,Résidentielle
menzili,https://www.menzili.tn/annonce/3-hectares-plantes-d-oliviers-a-hammamet-sud-a-vendre-51355351-nabeul-hammametsud-147663,Terrain,,2025-10-08,Nabeul,Hammamet Sud,Hammamet Sud,8050,30000,Oui,Non,Non,Non,,,Oui,Oui,Oui,Commerciale
menzili,https://www.menzili.tn/annonce/terrain-374-m-au-bardo-derriere-forum-rue-20-mars-tunis-lebardo-147660,Terrain,580000,2025-10-07,Tunis,Le Bardo,Rue des Glycines,2000,374,Oui,Non,Non,Oui,,,Non,Non,Non,Résidentielle
menzili,https://www.menzili.tn/annonce/terrain-a-vendre-32-000-dt-opportunite-a-saisir-nabeul-hammamet-147655,Terrain,32000,2025-10-07,Nabeul,Hammamet,Hammamet sud - Douikhla,8050,200,Oui,Non,Non,Oui,,,Oui,Oui,Oui,Commerciale
menzili,https://www.menzili.tn/annonce/terrain-a-vendre-manouba-borjelamri-147653,Terrain,,2025-10-07,Manouba,Borj El Amri,borj el amri manouba,2010,1000,Non,Non,Non,Non,,,Non,Non,Non,Commerciale
menzili,https://www.menzili.tn/annonce/terrain-de-500-m-a-daroufaa-a-vendre-51355351-nabeul-benikhiar-147646,Terrain,120000,2025-10-07,Nabeul,Béni Khiar,Daroufa,8000,500,Oui,Non,Non,Non,,,Non,Oui,Oui,Commerciale
menzili,https://www.menzili.tn/annonce/terrain-fait-l-angle-a-bouhsina-dans-un-quartier-residentiel-sousse-soussejawhara-147601,Terrain,488000,2025-10-06,Sousse,bouhsina,sousse,4000,488,Non,Non,Non,Non,,,Non,Non,Non,Résidentielle
menzili,https://www.menzili.tn/annonce/vente-terrain-avec-un-studio-ariana-ghazela-147593,Terrain,145000,2025-10-06,Ariana,Ghazela,Nour jaafar,2080,101,Oui,Non,Non,Non,,,Non,Non,Non,Commerciale
menzili,https://www.menzili.tn/annonce/vente-terrain-a-la-goulette-tunis-lagoulette-147591,Terrain,840000,2025-10-06,Tunis,La Goulette,goulette,2060,269,Oui,Non,Non,Non,,,Non,Non,Non,Commerciale
menzili,https://www.menzili.tn/annonce/A-vendre-terrain-de-427m-a-chott-mariem-sousse-akouda-147551,Terrain,310000,2025-10-04,Sousse,Akouda,Akouda,4022,427,Oui,Non,Non,Oui,,,Oui,Oui,Oui,Résidentielle
menzili,https://www.menzili.tn/annonce/A-vendre-terrain-de-1492m-a-daroufa-nabeul-nabeul-nabeul-147547,Terrain,224000,2025-10-04,Nabeul,Nabeul,Nabeul,8000,1492,Titre Individuel,Non,Non,Non,,,Non,Non,Non,Commerciale
menzili,https://www.menzili.tn/annonce/terrain-de-347-m-a-vendre-a-hammamet-centre-ville-51355351-nabeul-hammametcentre-147545,Terrain,200000,2025-10-04,Nabeul,Hammamet Centre,Hammamet Centre,8050,347,Non,Non,Non,Non,,,Non,Oui,Oui,Commerciale
menzili,https://www.menzili.tn/annonce/terrain-de-1316-m-a-vendre-a-70-md-a-hammamet-sud-51355351-nabeul-hammametsud-147479,Terrain,70000,2025-10-02,Nabeul,Hammamet Sud,Hammamet Sud,8050,1316,Oui,Non,Non,Non,,,Non,Oui,Non,Commerciale
menzili,https://www.menzili.tn/annonce/--A-vendre-terrain-avec-titre-foncier-individuel-a-ariana-ariana-arianaville-147459,Terrain,,2025-10-02,Ariana,Ariana Ville,Ariana Ville,2080,509,Oui,Non,Non,Non,,,Non,Non,Non,Résidentielle
menzili,https://www.menzili.tn/annonce/terrain-a-vendre-tabarka-sidi-badr-jendouba-tabarka-147421,Terrain,,2025-09-30,Jendouba,Tabarka,Tabarka sidi badr,8110,3505,Non,Non,Non,Non,,,Non,Non,Non,Commerciale
menzili,https://www.menzili.tn/annonce/terrain-a-batir-de-317-m-a-el-mourouj-6-benarous-elmourouj-147411,Terrain,,2025-09-30,Ben Arous,El Mourouj,El Mourouj 6,2074,317,Non,Non,Non,Non,,,Non,Non,Non,Commerciale
menzili,https://www.menzili.tn/annonce/terrain-a-vendre-dans-une-emplacement-agreable-sousse-bouficha-147356,Terrain,31000,2025-09-29,Sousse,Bouficha,salloum,4000,200,Non,Non,Non,Non,,,Non,Non,Non,Commerciale
menzili,https://www.menzili.tn/annonce/a-vendre-terrain-576m-a-afh-mrezga-nabeul-nabeul-nabeul-147355,Terrain,600000,2025-09-29,Nabeul,Nabeul,Nabeul,8000,576,Oui,Non,Non,Non,,21,Non,Non,Non,Commerciale
menzili,https://www.menzili.tn/annonce/terrain-de-450-m2-a-vendre-a-kerkennah-sfax-kerkennah-147342,Terrain,100000,2025-09-28,Sfax,Kerkennah,Remla kerkennah,3070,450,Non,Non,Non,Non,,,Non,Non,Non,Commerciale
menzili,https://www.menzili.tn/annonce/a-vendre-terrain-2360m-commercial-a-sidi-mahersi-nabeul-nabeul-nabeul-147329,Terrain,2360000,2025-09-27,Nabeul,Nabeul,Nabeul,8000,2360,Oui,Non,Non,Non,20x90,,Oui,Non,Non,Résidentielle
menzili,https://www.menzili.tn/annonce/lot-de-280m-a-dar-allouche-nabeul-nabeul-kelibia-147328,Terrain,75000,2025-09-27,Nabeul,Kélibia,Kélibia,8000,280,Non,Non,Non,Oui,,,Non,Oui,Oui,Commerciale
menzili,https://www.menzili.tn/annonce/terrain-297m-a-mrezga-hammamet-nabeul-hammamet-147327,Terrain,237000,2025-09-27,Nabeul,Hammamet,Hammamet,8050,297,Non,Non,Non,Oui,,12,Oui,Non,Non,Commerciale
menzili,https://www.menzili.tn/annonce/terrain-86m-a-borj-2-nabeul-nabeul-nabeul-147326,Terrain,35000,2025-09-27,Nabeul,Nabeul,Nabeul,8000,86,Oui,Non,Non,Non,9x9,,Non,Non,Non,Commerciale
menzili,https://www.menzili.tn/annonce/a-vendre-terrain-pied-dans-l-eau-a-sidi-slimane-nabeul-nabeul-nabeul-147325,Terrain,1700000,2025-09-27,Nabeul,Nabeul,Nabeul,8000,3400,Titre Collectif,Non,Non,Non,,,Non,Non,Oui,Commerciale
menzili,https://www.menzili.tn/annonce/a-vendre-terrain-280m-a-cite-mora-nabeul-nabeul-nabeul-147324,Terrain,310000,2025-09-27,Nabeul,Nabeul,Nabeul,8000,280,Oui,Non,Oui,Non,,14,Non,Non,Non,Commerciale
menzili,https://www.menzili.tn/annonce/a-vendre-terrain-964m-a-cite-el-riyadh-nabeul-nabeul-nabeul-147323,Terrain,1156000,2025-09-27,Nabeul,Nabeul,Nabeul,8000,964,Oui,Non,Non,Oui,,10,Non,Non,Non,Commerciale
menzili,https://www.menzili.tn/annonce/a-vendre-terrain-331m-sur-double-facades-a-sidi-mahersi-nabeul-nabeul-nabeul-147322,Terrain,497000,2025-09-27,Nabeul,Nabeul,Nabeul,8000,331,Oui,Non,Non,Non,,,Non,Non,Non,Résidentielle
menzili,https://www.menzili.tn/annonce/a-vendre-terrain-240m-double-facades-a-sidi-mahersi-nabeul-nabeul-nabeul-147321,Terrain,360000,2025-09-27,Nabeul,Nabeul,Nabeul,8000,240,Oui,Non,Non,Non,,,Non,Non,Non,Résidentielle
menzili,https://www.menzili.tn/annonce/--A-vendre-terrain-a-borj-touil-ariana-raoued-147276,Terrain,,2025-09-26,Ariana,Raoued,Raoued,2083,600,Non,Non,Non,Non,,,Non,Non,Non,Résidentielle
menzili,https://www.menzili.tn/annonce/un-terrain-de-650-m-dans-la-zone-de-sidi-mahressi-a-vendre-51355351-nabeul-nabeul-147257,Terrain,,2025-09-26,Nabeul,Nabeul,Nabeul,8000,650,Non,Non,Non,Non,,,Non,Oui,Oui,Résidentielle
menzili,https://www.menzili.tn/annonce/terrain-de-2000-m-a-tamezrat-kelibia-nabeul-kelibia-147245,Terrain,85000,2025-09-25,Nabeul,Kélibia,Tamezrat-kelibia,8090,1000,Oui,Non,Non,Oui,,,Non,Oui,Oui,Commerciale
menzili,https://www.menzili.tn/annonce/terrain-de-454-m-a-cote-villa-verde-a-vendre-51355351-nabeul-hammamet-147237,Terrain,,2025-09-25,Nabeul,Hammamet,Hammamet,8050,454,Oui,Non,Non,Non,,,Oui,Oui,Oui,Commerciale
menzili,https://www.menzili.tn/annonce/a-vendre-terrain-a-suisse-sousse-soussemedina-147227,Terrain,125000,2025-09-25,Sousse,Sousse Médina,Sousse Médina,1008,207,Non,Non,Non,Non,,,Non,Non,Non,Commerciale
menzili,https://www.menzili.tn/annonce/terrain-constructible-manouba-tebourba-147223,Terrain,,2025-09-24,Manouba,Tebourba,Tebourba,1130,,Non,Non,Non,Oui,,,Oui,Non,Non,Résidentielle
menzili,https://www.menzili.tn/annonce/ferme-3-hektar-a-chraf-el-haouaria-nabeul-elhaouaria-147219,Terrain,30000,2025-09-24,Nabeul,El Haouaria,chraf el Haouaria Nabeul,8045,30000,Non,Non,Non,Non,,,Non,Non,Oui,Commerciale
menzili,https://www.menzili.tn/annonce/terrain-de-150-m-a-hammamet-nord-a-vendre-51355351-nabeul-hammamet-147216,Terrain,180000,2025-09-24,Nabeul,Hammamet,Hammamet,8050,150,Non,Non,Non,Non,,,Non,Non,Non,Commerciale
menzili,https://www.menzili.tn/annonce/terrain-700m-pied-dans-l-eau-a-sidi-slimane-nabeul-nabeul-nabeul-147215,Terrain,350000,2025-09-24,Nabeul,Nabeul,Nabeul,8000,700,Titre Collectif,Non,Non,Non,,,Non,Non,Oui,Commerciale
menzili,https://www.menzili.tn/annonce/terrain-cloture-de-658-m-a-hammamet-nord-a-vendre-51355351-nabeul-hammametnord-147203,Terrain,400000,2025-09-24,Nabeul,Hammamet Nord,Hammamet Nord,8050,658,Non,Non,Non,Non,,,Non,Oui,Oui,Résidentielle
menzili,https://www.menzili.tn/annonce/terrain-vue-de-mer-de-1122-m-a-vendre-a-hammamet-nord-nabeul-hammametnord-147196,Terrain,,2025-09-24,Nabeul,Hammamet Nord,Hammamet Nord,8050,1122,Non,Oui,Non,Non,,,Non,Non,Non,Commerciale
menzili,https://www.menzili.tn/annonce/terrain-a-vendre-a-mourouj-3-benarous-elmourouj-147194,Terrain,60000,2025-09-23,Ben Arous,El Mourouj,El Mourouj,2074,150,Non,Non,Non,Non,,,Oui,Non,Non,Commerciale
menzili,https://www.menzili.tn/annonce/terrain-agricole-commerciale-zaghouan-elfahs-147192,Terrain,,2025-09-23,Zaghouan,El Fahs,El fahs sidi salah,1140,1665,Non,Non,Non,Non,,,Non,Non,Non,Commerciale
menzili,https://www.menzili.tn/annonce/terrain-cloture-de-876-m-a-hammamet-sud-a-vendre-51355351-nabeul-hammametsud-147182,Terrain,360000,2025-09-23,Nabeul,Hammamet Sud,Hammamet Sud,8050,876,Titre Bleu,Non,Non,Non,,,Non,Non,Non,Commerciale
menzili,https://www.menzili.tn/annonce/terrain-a-cham-nacim-pres-de-jardin-d-el-menzah-ariana-jardinsdelmenzah-147169,Terrain,,2025-09-22,Ariana,Jardins D'el Menzah,cham nacim prés de jardin d'el menzah,1004,957,Non,Non,Non,Non,,,Oui,Non,Non,Commerciale
menzili,https://www.menzili.tn/annonce/terrain-a-sidi-abdelhamid-pres-de-la-mer-sousse-soussesidiabdelhamid-147162,Terrain,170000,2025-09-22,Sousse,Sousse Sidi Abdelhamid,Sousse Sidi Abdelhamid,4000,286,Non,Non,Oui,Non,,,Non,Non,Non,Résidentielle
menzili,https://www.menzili.tn/annonce/terrain-fait-le-coin-a-hammem-sousse-en-face-mosquee-sahaba-sousse-hammamsousse-147161,Terrain,237000,2025-09-22,Sousse,Hammam Sousse,Hammam Sousse,4011,364,Non,Non,Oui,Non,,,Non,Non,Non,Résidentielle
menzili,https://www.menzili.tn/annonce/terrain-767-m-de-a-vendre-a-monastir-monastir-monastir-147146,Terrain,1035000,2025-09-22,Monastir,Monastir,Monastir,5000,764,Titre Individuel,Non,Non,Oui,,,Non,Non,Non,Résidentielle
menzili,https://www.menzili.tn/annonce/terrain-titrE-A-vendre-a-bhar-lazreg-tunis-lamarsa-129557,Terrain,3200000000,2024-02-26,Tunis,La Marsa,La Marsa,2070,,Titre Bleu,Non,Non,Oui,,,Non,Non,Non,Résidentielle
menzili,https://www.menzili.tn/annonce/terrain-titre-foncier-bizerte-menzelbourguiba-137421,Terrain,,2024-12-08,Bizerte,Menzel Bourguiba,située à BIZERTE Menzel Bourguiba,7050,480000,Oui,Non,Non,Non,,,Non,Non,Non,Commerciale
menzili,https://www.menzili.tn/annonce/terrain-agricole-titre-de-70000-m-bizerte-menzelbourguiba-137420,Terrain,,2024-12-08,Bizerte,Tunisie,située sur la Route Menzel Bourguiba,1000,70000,Oui,Non,Non,Non,,,Oui,Non,Non,Commerciale
menzili,https://www.menzili.tn/annonce/terrain-agricole-titre-bizerte-menzelbourguiba-147137,Terrain,,2025-09-21,Bizerte,Menzel Bourguiba,menzel bourguiba bizerte,7050,500000,Oui,Non,Non,Non,,,Non,Non,Non,Commerciale
menzili,https://www.menzili.tn/annonce/terrain-agricole-titre-a-mateur-bizerte-bizerte-mateur-147135,Terrain,,2025-09-21,Bizerte,Mateur,mateur bizerte,7030,260000,Oui,Non,Non,Non,,,Non,Non,Non,Commerciale
menzili,https://www.menzili.tn/annonce/terrain-titre-foncier-individuel-bizerte-bizertesud-147134,Terrain,,2025-09-21,Bizerte,Bizerte,à Beni Nafaa,7000,147,Oui,Non,Non,Non,,,Non,Non,Non,Commerciale
menzili,https://www.menzili.tn/annonce/terrain-a-hamem-leghzez-sur-la-route-de-la-plage-nabeul-hammamghezeze-147131,Terrain,,2025-09-21,Nabeul,Hammam Ghezèze,Hamem leghzez Nabeul,8000,397,Oui,Non,Non,Non,,,Oui,Oui,Oui,Commerciale
menzili,https://www.menzili.tn/annonce/terrain-constructible-de-520-m-a-mrezga-a-vendre-51355351-nabeul-mrezga-147124,Terrain,520000,2025-09-21,Nabeul,Mrezga,Mrezga,8058,520,Non,Non,Oui,Oui,,,Non,Non,Non,Résidentielle
menzili,https://www.menzili.tn/annonce/superbe-terrain-de-1000-m-a-mrezga-a-vendre-51355351-nabeul-mrezga-147118,Terrain,800000,2025-09-21,Nabeul,Mrezga,Mrezga,8058,1000,Oui,Non,Oui,Oui,,,Non,Non,Non,Résidentielle
menzili,https://www.menzili.tn/annonce/un-terrain-cloture-de-348-m-a-vendre-a-la-zone-touristique-51355351-nabeul-mrezga-147112,Terrain,420000,2025-09-20,Nabeul,Mrezga,Mrezga,8058,348,Non,Non,Oui,Non,,,Non,Non,Non,Résidentielle
menzili,https://www.menzili.tn/annonce/A-vendre-terrain-a-raoued-avec-titre-foncier-individuel-ariana-raoued-147104,Terrain,900000,2025-09-20,Ariana,Raoued,Raoued,2083,5000,Oui,Non,Non,Non,,,Non,Non,Non,Résidentielle
menzili,https://www.menzili.tn/annonce/terrain-pieds-dans-l-eau-de-9716-m-a-korba-a-vendre-51355351-nabeul-korba-147101,Terrain,,2025-09-20,Nabeul,Korba,Korba,8070,9716,Non,Non,Non,Non,,,Non,Non,Oui,Commerciale
menzili,https://www.menzili.tn/annonce/un-lot-de-terrain-de-354-m-a-vendre-a-korba-51355351-nabeul-korba-147090,Terrain,,2025-09-20,Nabeul,Korba,Korba,8070,354,Oui,Non,Non,Non,,,Non,Non,Non,Commerciale
menzili,https://www.menzili.tn/annonce/terrain-a-vendre-a-menzel-abderrahmane-bizerte-bizerte-menzeljemil-146995,Terrain,600000,2025-09-18,Bizerte,Menzel Jemil,Menzel Abderrahmane Bizerte,7080,4000,Non,Non,Non,Non,,,Non,Non,Non,Commerciale
menzili,https://www.menzili.tn/annonce/un-terrain-vue-de-mer-a-vendre-a-beni-khiar-51355351-nabeul-benikhiar-147035,Terrain,,2025-09-19,Nabeul,Béni Khiar,Béni Khiar,8000,2461,Oui,Oui,Non,Non,,,Non,Non,Non,Commerciale
menzili,https://www.menzili.tn/annonce/terrain-agricole-18-hectares-titre-a-mateur-bizerte-bizerte-mateur-139739,Terrain,,2025-02-17,Bizerte,Mateur,située à mateur Bizerte sud,7030,180000,Oui,Non,Non,Non,,,Non,Non,Non,Commerciale
menzili,https://www.menzili.tn/annonce/terrain-agricole-de-12-hectares-titre-a-mateur-bizerte-bizerte-mateur-139740,Terrain,,2025-02-17,Bizerte,Mateur,situé sur la Route de Mateur.bizerte,7030,120000,Oui,Non,Non,Non,,,Oui,Non,Non,Commerciale
menzili,https://www.menzili.tn/annonce/A-vendre-terrain-d-habitation-situe-a-bekalta-charaf-monastir-bekalta-147015,Terrain,80000,2025-09-18,Monastir,Bekalta,Bekalta,5014,140,Titre Individuel,Non,Non,Non,,,Non,Non,Non,Résidentielle
menzili,https://www.menzili.tn/annonce/un-terrain-de-1000-m-a-km71-cote-plage-a-vendre-51355351-nabeul-hammametsud-147008,Terrain,180000,2025-09-18,Nabeul,Hammamet Sud,Hammamet Sud,8050,1000,Oui,Non,Non,Non,,,Non,Oui,Oui,Commerciale
menzili,https://www.menzili.tn/annonce/terrain-a-vendre-akouda-sousse-akouda-146999,Terrain,,2025-09-18,Sousse,Akouda,https://maps.app.goo.gl/i5EpUqqFMiDQtKJr6,4022,1150,Non,Non,Non,Non,,,Non,Non,Non,Commerciale
menzili,https://www.menzili.tn/annonce/terrain-de-376-m-a-vendre-a-manaret-hammamet-51355351-nabeul-hammametsud-146986,Terrain,,2025-09-18,Nabeul,Hammamet Sud,Hammamet Sud,8050,376,Oui,Non,Non,Non,,,Non,Non,Non,Commerciale
menzili,https://www.menzili.tn/annonce/A-vendre-terrain-agricole-et-constructible-a-hammem-jebli-kelibia-nabeul-hammamghezeze-146982,Terrain,150000,2025-09-17,Nabeul,Hammam Ghezèze,Hammam Ghezèze,8000,,Oui,Non,Non,Oui,,,Non,Non,Non,Commerciale
menzili,https://www.menzili.tn/annonce/terrain-a-vendre-de-830-m2-nabeul-kelibia-146941,Terrain,,2025-09-17,Nabeul,Kélibia,oued el khatef kelibia,8090,830,Non,Non,Non,Non,,,Non,Non,Non,Commerciale
menzili,https://www.menzili.tn/annonce/A-vendre-terrain-a-ariana-ville-ariana-arianaville-146933,Terrain,458100,2025-09-17,Ariana,Ariana Ville,Ariana Ville,2080,900,Non,Non,Non,Non,,,Non,Non,Non,Résidentielle
menzili,https://www.menzili.tn/annonce/terrain-r-3-vue-mer-hammamet-nord-zone-touristique-nabeul-hammamet-146926,Terrain,6980000,2025-09-17,Nabeul,Hammamet,Hammamet nord,8050,5370,Oui,Oui,Non,Non,,,Non,Non,Non,Résidentielle
menzili,https://www.menzili.tn/annonce/terrains-r-2-avec-facade-sur-golf-ariana-lasoukra-146925,Terrain,7442000,2025-09-17,Ariana,La Soukra,Rue des fruits chotrana 3,2036,6202,Oui,Non,Non,Non,,,Non,Non,Non,Commerciale
menzili,https://www.menzili.tn/annonce/a-vendre-un-terrain-r-4-cite-riadh-5-sousse-sousse-sousseriadh-146881,Terrain,,2025-09-15,Sousse,Sousse Riadh,Sousse Riadh,4000,620,Titre Individuel,Non,Non,Non,,,Non,Non,Non,Commerciale
menzili,https://www.menzili.tn/annonce/A-vendre-terrain-coin-de-368m-a-neapolis-nabeul-nabeul-nabeul-146924,Terrain,1200,2025-09-16,Nabeul,Nabeul,Nabeul,8000,368,Oui,Non,Non,Non,,,Non,Non,Non,Commerciale
menzili,https://www.menzili.tn/annonce/terrain-r-5-a-bouhsina-destine-pour-une-promotion-immobiliere-sousse-soussejawhara-146875,Terrain,550000,2025-09-15,Sousse,Sousse Jawhara,Sousse Jawhara,4000,544,Non,Non,Non,Non,,,Non,Non,Non,Résidentielle
menzili,https://www.menzili.tn/annonce/terrain-pied-dans-l-eau-a-sidi_mansour_hammem_ghezaz-nabeul-hammamghezeze-146859,Terrain,,2025-09-15,Nabeul,Hammam Ghezèze,hammem ghzez Nabeul,8000,1000,Titre Bleu,Non,Non,Non,,,Non,Non,Oui,Commerciale
menzili,https://www.menzili.tn/annonce/terrain-de-400-m-avec-vue-de-mer-a-hammamet-sud-a-vendre-nabeul-hammametsud-146848,Terrain,60000,2025-09-15,Nabeul,Hammamet Sud,Hammamet Sud,8050,400,Non,Oui,Non,Non,,,Non,Oui,Oui,Commerciale
menzili,https://www.menzili.tn/annonce/un-terrain-de-220-m-a-birbouragba-a-vendre-51355351-nabeul-hammametsud-146827,Terrain,100000,2025-09-15,Nabeul,Hammamet Sud,Hammamet Sud,8050,220,Oui,Non,Non,Non,,,Oui,Oui,Oui,Commerciale
menzili,https://www.menzili.tn/annonce/terrain-de-1932-m-a-birbouragba-a-vendre-51355351-nabeul-hammametsud-146816,Terrain,,2025-09-14,Nabeul,Hammamet Sud,Hammamet Sud,8050,1932,Oui,Non,Non,Non,,,Non,Oui,Oui,Commerciale
menzili,https://www.menzili.tn/annonce/terrain-a-vendre-a-sousse-double-facade-emplacement-interessant-sousse-sousseriadh-146810,Terrain,,2025-09-13,Sousse,Sousse Riadh,sousse bouhsina 5,4000,477,Non,Non,Non,Non,,,Non,Non,Non,Commerciale
menzili,https://www.menzili.tn/annonce/terrain-agricole-d-avenir-a-vendre-sousse-soussemedina-146800,Terrain,614000,2025-09-13,Sousse,Avenue de la République 4000 sousse Tunisie,2,1000,1981,Non,Non,Non,Non,,,Oui,Non,Non,Commerciale
menzili,https://www.menzili.tn/annonce/lot-de-terrain-de-481m-a-vendre-khzema-ouest-sousse-hammamsousse-146731,Terrain,481000,2025-09-11,Sousse,Hammam Sousse,Hammam Sousse,4011,481,Oui,Non,Oui,Oui,,,Non,Oui,Oui,Résidentielle
menzili,https://www.menzili.tn/annonce/terrain-de-466m-a-vendre-khzema-ouest-sousse-hammamsousse-146729,Terrain,466000,2025-09-11,Sousse,Hammam Sousse,Hammam Sousse,4011,466,Oui,Non,Oui,Oui,,,Non,Oui,Oui,Résidentielle
menzili,https://www.menzili.tn/annonce/terrain-de-646m-a-vendre-khzema-ouest-sousse-hammamsousse-146727,Terrain,646000,2025-09-11,Sousse,Hammam Sousse,Hammam Sousse,4011,646,Oui,Non,Oui,Oui,,,Non,Oui,Oui,Résidentielle
menzili,https://www.menzili.tn/annonce/terrain-a-cite-des-nymphes-zaghouan-zaghouan-zaghouan-146435,Terrain,,2025-09-01,Zaghouan,Zaghouan,Cité des nymphes,1100,415,Non,Non,Non,Non,,,Non,Non,Non,Commerciale
menzili,https://www.menzili.tn/annonce/terrain-de-773-m-a-hammamet-sud-a-vendre-a-150-md-51355351-nabeul-hammametsud-146660,Terrain,150000,2025-09-10,Nabeul,Hammamet Sud,Hammamet Sud,8050,668,Non,Non,Non,Non,,,Non,Non,Non,Commerciale
menzili,https://www.menzili.tn/annonce/superbe-lot-de-terrain-de-224-m-a-afh-mrezga-a-vendre-51355351-nabeul-mrezga-146650,Terrain,240000,2025-09-09,Nabeul,Mrezga,Mrezga,8058,224,Oui,Non,Non,Non,,,Non,Non,Non,Commerciale
menzili,https://www.menzili.tn/annonce/un-lot-de-terrain-de-500-m-a-vendre-a-55-md-a-hammamet-sud-nabeul-hammametsud-146633,Terrain,55000,2025-09-09,Nabeul,Hammamet Sud,Hammamet Sud,8050,500,Non,Non,Non,Non,,,Non,Non,Non,Commerciale
menzili,https://www.menzili.tn/annonce/terrain-300-m-face-college-skalba-mezel-tmime-nabeul-menzeltemime-146631,Terrain,65000,2025-09-08,Nabeul,Menzel Temime,Menzel Temime,8080,300,Non,Non,Non,Non,,,Non,Non,Non,Commerciale
menzili,https://www.menzili.tn/annonce/vente-de-terrain-sfax-kerkennah-146625,Terrain,12000,2025-09-08,Sfax,Kerkennah,Ennajet kerkennah,3070,475,Non,Non,Non,Non,,,Oui,Non,Non,Commerciale
menzili,https://www.menzili.tn/annonce/1-hectare-plante-d-oliviers-a-hammamet-sud-a-vendre-51355351-nabeul-hammametsud-146612,Terrain,170000,2025-09-08,Nabeul,Hammamet Sud,Hammamet Sud,8050,,Oui,Non,Non,Non,,,Oui,Oui,Oui,Commerciale
menzili,https://www.menzili.tn/annonce/ferme-a-vendre-A-quelques-minutes-du-sousse-mall-proche-Eco-village-sousse-sidibouali-146607,Terrain,300000,2025-09-08,Sousse,Sidi Bou Ali,Sidi Bou Ali,4040,3014,Non,Non,Non,Non,,,Oui,Oui,Oui,Résidentielle
menzili,https://www.menzili.tn/annonce/terrain-clotuire-de-2400-m-a-beni-khiar-a-vendre-51355351-nabeul-benikhiar-146589,Terrain,300000,2025-09-07,Nabeul,Béni Khiar,Béni Khiar,8000,2400,Non,Non,Non,Non,,,Non,Non,Non,Commerciale
menzili,https://www.menzili.tn/annonce/terrain-magnifique-a-demna-metline-bizerte-bizerte-rasjebel-146583,Terrain,300000,2025-09-06,Bizerte,Ras Jebel,demna métline - Bizerte,7025,,Titre Bleu,Non,Non,Non,,,Non,Oui,Oui,Commerciale
menzili,https://www.menzili.tn/annonce/un-terrain-cloture-de-327-m-a-vendre-a-la-zone-touristique-51355351-nabeul-mrezga-146545,Terrain,420000,2025-09-05,Nabeul,Mrezga,Mrezga,8058,327,Non,Non,Oui,Non,,,Non,Non,Non,Résidentielle
menzili,https://www.menzili.tn/annonce/une-ferme-a-soliman-pour-la-vente-benarous-borjcedria-146534,Terrain,800000,2025-09-04,Ben Arous,Borj Cedria,Borj Cedria,2013,2000,Non,Non,Non,Non,,,Oui,Non,Non,Commerciale
menzili,https://www.menzili.tn/annonce/terrain-exceptionnel-au-bardo-emplacement-strategique-tunis-lebardo-146521,Terrain,1290,2025-09-03,Tunis,Le Bardo,rue des orangers,2000,806,Oui,Non,Oui,Oui,,,Oui,Oui,Oui,Résidentielle
menzili,https://www.menzili.tn/annonce/terrain-647m-a-vendre-a-le-bardo-tunis-lebardo-146518,Terrain,900000,2025-09-03,Tunis,Le Bardo,sweethome.tunisia@gmail.com,2000,647,Non,Non,Non,Non,,,Non,Non,Non,Commerciale
menzili,https://www.menzili.tn/annonce/2-terrains-a-vendre-a-korba-nabeul-korba-146516,Terrain,56000,2025-09-03,Nabeul,Korba,Korba,8070,420,Non,Non,Non,Non,,,Oui,Non,Non,Commerciale
menzili,https://www.menzili.tn/annonce/terrain-habitation-ariana-raoued-146514,Terrain,225000,2025-09-03,Ariana,Raoued,Raoued,2083,266,Non,Non,Non,Non,,,Non,Non,Non,Résidentielle
menzili,https://www.menzili.tn/annonce/terrain-viabilise-de-600-m-a-vendre-a-hammamet-51355351-nabeul-hammamet-146500,Terrain,390000,2025-09-03,Nabeul,Hammamet,Hammamet,8050,600,Non,Non,Oui,Non,,,Non,Oui,Oui,Commerciale
menzili,https://www.menzili.tn/annonce/terrain-a-vendre-hathat-%D8%A3%D8%B1%D8%B6-%D9%84%D9%84%D8%A8%D9%8A%D8%B9-%D8%A8%D8%A7%D9%84%D8%AD%D8%AA%D8%AD%D8%A7%D8%AA-bizerte-menzelbourguiba-146497,Terrain,,2025-09-02,Bizerte,Menzel Bourguiba,هنشير الحتحات,7050,2000,Non,Non,Non,Non,30x66,,Oui,Non,Non,Commerciale
menzili,https://www.menzili.tn/annonce/terrain-a-vendre-saida-manouba-ouedellil-146490,Terrain,,2025-09-02,Manouba,Saida,Route de Zone F,2010,200,Non,Non,Non,Non,,,Oui,Non,Non,Commerciale
menzili,https://www.menzili.tn/annonce/terrain-titre-lotis-a-batir-pour-villa-monastir-sahline-146455,Terrain,245000,2025-09-01,Monastir,Sahline,Boulevard de l'envirronnement,5012,309,Non,Non,Non,Non,,,Oui,Non,Non,Commerciale
menzili,https://www.menzili.tn/annonce/terrain-route-montazeh-a-vendre-jendouba-jendoubanord-146432,Terrain,,2025-08-31,Jendouba,Jendouba Nord,Bellarigia,8100,560,Non,Non,Non,Non,,,Oui,Oui,Oui,Commerciale
menzili,https://www.menzili.tn/annonce/terrain-pieds-dans-l-eau-de-9716-m-a-korba-a-vendre-51355351-nabeul-korba-146422,Terrain,,2025-08-31,Nabeul,Korba,Korba,8070,9716,Non,Non,Non,Non,,,Non,Non,Oui,Commerciale
menzili,https://www.menzili.tn/annonce/terrain-pieds-dans-l-eau-de-3333-m-a-korba-a-vendre-51355351-nabeul-korba-146415,Terrain,430000,2025-08-30,Nabeul,Korba,Korba,8070,3333,Non,Non,Non,Non,,,Non,Non,Oui,Commerciale
menzili,https://www.menzili.tn/annonce/terrain-habitation-a-vendre-teboulba-fadhline-monastir-teboulba-146408,Terrain,401000,2025-08-30,Monastir,Téboulba,Téboulba,5000,1146,Titre Bleu,Non,Non,Non,,,Non,Non,Non,Résidentielle
menzili,https://www.menzili.tn/annonce/A-vendre-lot-de-terrain-de-314m-a-chott-mariem-sousse-akouda-146399,Terrain,100480,2025-08-29,Sousse,Akouda,Akouda,4022,314,Oui,Non,Non,Oui,,,Oui,Non,Non,Résidentielle
menzili,https://www.menzili.tn/annonce/terrain-de-424m-a-chott-mariem-sousse-akouda-146397,Terrain,135680,2025-08-29,Sousse,Akouda,Akouda,4022,424,Oui,Non,Non,Oui,,,Oui,Non,Non,Résidentielle
menzili,https://www.menzili.tn/annonce/A-vendre-terrain-de-250m-a-chott-mariem-sousse-akouda-146396,Terrain,70000,2025-08-29,Sousse,Akouda,Akouda,4022,250,Oui,Non,Non,Oui,,,Oui,Non,Non,Résidentielle
menzili,https://www.menzili.tn/annonce/%D8%B9%D9%82%D8%A7%D8%B1-%D8%A8%D9%87-%D8%B4%D9%82%D8%AA%D9%8A%D9%86-s-2-sfax-sfaxville-146390,Terrain,125000,2025-08-29,Sfax,Sfax Ville,centre ville,3000,115,Non,Non,Non,Non,,,Non,Non,Non,Commerciale
menzili,https://www.menzili.tn/annonce/terrain-jardins-menzah-2-afh-ariana-jardinsdelmenzah-146386,Terrain,,2025-08-29,Ariana,Jardins D'el Menzah,https://share.google/qkt6Z5JXHCo0RwkgT,1004,203,Non,Non,Non,Non,,,Non,Non,Non,Commerciale
menzili,https://www.menzili.tn/annonce/terrain-viabilise-dans-la-zone-afh-ajim-medenine-djerbaajim-146339,Terrain,,2025-08-28,Médenine,Djerba - Ajim,Djerba - Ajim,4180,300,Non,Oui,Oui,Non,,,Non,Non,Non,Résidentielle
menzili,https://www.menzili.tn/annonce/terrain-de-4000-m-a-vendre-a-100-md-a-hammamet-sud-51355351-nabeul-hammametsud-146321,Terrain,100000,2025-08-27,Nabeul,Hammamet Sud,Hammamet Sud,8050,,Non,Non,Non,Non,,,Non,Non,Non,Commerciale
menzili,https://www.menzili.tn/annonce/un-terrain-de-950-m-a-hammamet-a-vendre-51355351-nabeul-hammamet-146306,Terrain,,2025-08-27,Nabeul,Hammamet,Hammamet,8050,950,Titre Bleu,Non,Non,Non,,,Non,Non,Non,Commerciale
menzili,https://www.menzili.tn/annonce/a-vendre-terrain-de-476m-a-chott-mariem-sousse-akouda-146288,Terrain,135000,2025-08-26,Sousse,Akouda,Akouda,4022,476,Non,Non,Non,Non,,,Non,Non,Non,Commerciale
menzili,https://www.menzili.tn/annonce/terrain-cloture-a-bir-bouregba-a-louer-nabeul-hammamet-146256,Terrain,2500,2025-08-25,Nabeul,Hammamet,Hammamet,8050,2839,Non,Non,Non,Non,,,Non,Non,Non,Commerciale
menzili,https://www.menzili.tn/annonce/excellente-opportunite-terrain-a-l-grotte-bizerte-bizerte-bizertenord-146245,Terrain,,2025-08-25,Bizerte,Bizerte Nord,Bizerte la grotte,7000,,Titre Bleu,Oui,Non,Non,,,Non,Non,Non,Commerciale
menzili,https://www.menzili.tn/annonce/terrain-agricole-titre-a-menzel-bourguiba-bizerte-menzelbourguiba-139736,Terrain,,2025-02-17,Bizerte,Menzel Bourguiba,située à Menzel Bourguiba bizerte,7050,33000,Oui,Non,Non,Non,,,Non,Non,Non,Commerciale
menzili,https://www.menzili.tn/annonce/terrain-agricole-titre-a-sejnen-bizerte-bizerte-sejenane-139737,Terrain,,2025-02-17,Bizerte,Sejenane,située à Sejnen bizerte,7040,75000,Oui,Non,Non,Non,,,Non,Non,Non,Commerciale
menzili,https://www.menzili.tn/annonce/terrain-a-vendre-pied-dans-l-eau-a-ain-garinz-kelibia-nabeul-kelibia-146228,Terrain,,2025-08-24,Nabeul,Kélibia,Kélibia,8000,312,Titre Bleu,Non,Non,Non,,,Non,Non,Oui,Commerciale
menzili,https://www.menzili.tn/annonce/terrain-de-240-m-a-hammamet-a-vendre-a-110-md-51355351-nabeul-hammamet-146221,Terrain,110000,2025-08-24,Nabeul,Hammamet,Hammamet,8050,240,Non,Non,Non,Non,,,Non,Non,Non,Commerciale
menzili,https://www.menzili.tn/annonce/terrain-en-bord-de-lagune-ghar-el-meleh-bizerte-gharelmelh-146199,Terrain,204000,2025-08-23,Bizerte,Ghar El Melh,karim.turki@arcanepnl.com,7023,2038,Titre Bleu,Non,Non,Non,,,Oui,Non,Non,Commerciale
menzili,https://www.menzili.tn/annonce/terrain-pieds-dans-l-eau-de-9716-m-a-korba-a-vendre-51355351-nabeul-korba-146185,Terrain,,2025-08-23,Nabeul,Korba,Korba,8070,9716,Non,Non,Non,Non,,,Non,Non,Oui,Commerciale
menzili,https://www.menzili.tn/annonce/terrain-a-naasen-benarous-fouchana-146169,Terrain,,2025-08-22,Ben Arous,Fouchana,Citè Al Ahed Aljadid,2082,200,Non,Non,Non,Non,,,Non,Non,Non,Commerciale
menzili,https://www.menzili.tn/annonce/terrain-pieds-dans-l-eau-de-3333-m-a-korba-a-vendre-51355351-nabeul-hammamet-146156,Terrain,430000,2025-08-22,Nabeul,Hammamet,Hammamet,8050,3333,Non,Non,Non,Non,,,Non,Non,Oui,Commerciale
menzili,https://www.menzili.tn/annonce/terrain-fait-le-coin-a-bouhsina-sousse-soussejawhara-146112,Terrain,880000,2025-08-21,Sousse,Sousse Jawhara,Sousse Jawhara,4000,606,Non,Non,Non,Non,,,Non,Non,Non,Résidentielle
menzili,https://www.menzili.tn/annonce/terrain-de-350-m2-a-vendre-ariana-raoued-146106,Terrain,87500,2025-08-21,Ariana,Raoued,Raoued,2083,350,Non,Non,Non,Non,,,Non,Non,Non,Résidentielle
menzili,https://www.menzili.tn/annonce/terrain-a-ksar-helllel-monastir-monastir-146104,Terrain,135000,2025-08-21,Monastir,Monastir,Ksar hellel,5000,337,Non,Non,Non,Non,,,Non,Non,Non,Commerciale
menzili,https://www.menzili.tn/annonce/terrain-a-vendre-ain-garci-enfidha-sousse-sousse-enfidha-146090,Terrain,,2025-08-21,Sousse,Enfidha,Enfidha,4030,3500,Non,Non,Non,Non,,,Oui,Non,Non,Commerciale
menzili,https://www.menzili.tn/annonce/vente-terrain-4057m-sedghiene-titre-bleu-medenine-djerbamidoun-146088,Terrain,,2025-08-20,Médenine,Djerba - Midoun,Djerba - Midoun,4180,4057,Titre Bleu,Non,Non,Non,,,Non,Non,Non,Commerciale
menzili,https://www.menzili.tn/annonce/terrain-exceptionnel-plage-privee-bizerte-gharelmelh-146079,Terrain,1468800,2025-08-20,Bizerte,Ghar El Melh,My Maldives,7023,1632,Non,Oui,Non,Non,,,Non,Non,Oui,Résidentielle
menzili,https://www.menzili.tn/annonce/terrain-bizerte-kef-abbed-bizerte-sejenane-146060,Terrain,110000,2025-08-19,Bizerte,Sejenane,Kef abbed sejenane bizerte,7040,700,Non,Non,Non,Non,,,Non,Non,Non,Commerciale
menzili,https://www.menzili.tn/annonce/av-terrain-de-660m-a-chotrana3-la-soukra-ariana-chotrana-137708,Terrain,627000,2024-12-18,Ariana,Chotrana,Chotrana3,2086,660,Oui,Non,Non,Non,,,Non,Non,Non,Commerciale
menzili,https://www.menzili.tn/annonce/terrain-fait-le-coin-a-bouhsina-destine-pour-une-promotion-immobiliere-sousse-soussejawhara-145815,Terrain,880000,2025-08-12,Sousse,Sousse Jawhara,Sousse Jawhara,4000,606,Non,Non,Non,Non,,,Non,Non,Non,Résidentielle
menzili,https://www.menzili.tn/annonce/terrain-r-5-a-bouhsina-sousse-soussejawhara-145804,Terrain,550000,2025-08-12,Sousse,Sousse Jawhara,Sousse Jawhara,4000,544,Non,Non,Non,Non,,,Non,Non,Non,Résidentielle
menzili,https://www.menzili.tn/annonce/terrain-a-vendre-raoued-1000m-constructible-ariana-raoued-145754,Terrain,,2025-08-11,Ariana,Raoued,Raoued,2083,1000,Oui,Non,Oui,Oui,,,Non,Non,Non,Résidentielle
menzili,https://www.menzili.tn/annonce/terrain-pres-de-la-mer-nabeul-kelibia-145760,Terrain,,2025-08-11,Nabeul,Kélibia,kerkouane-kélibia-nabeul,8000,500,Titre Bleu,Oui,Non,Non,,,Non,Oui,Oui,Commerciale
menzili,https://www.menzili.tn/annonce/-terrain-a-vendre-golf-el-kantaoui-350-m-sousse-kantaoui-145755,Terrain,262000,2025-08-11,Sousse,Kantaoui,Elkantaoui Hammam-Sousse,4089,350,Non,Non,Non,Oui,,,Non,Non,Non,Commerciale
menzili,https://www.menzili.tn/annonce/terrain-a-chaffar-mahares-sfax-sfax-mahres-145752,Terrain,65000,2025-08-11,Sfax,Mahrès,Chaffar Jdid Mahrès Sfax,3000,828,Non,Non,Non,Non,,,Non,Non,Oui,Commerciale
menzili,https://www.menzili.tn/annonce/vente-terrain-de-5000-m2-sousse-kalaakebira-145652,Terrain,,2025-08-07,Sousse,Kalaâ Kebira,eddarak kalaa kebira,4060,5000,Non,Non,Non,Non,,,Non,Non,Non,Commerciale
menzili,https://www.menzili.tn/annonce/lot-de-terrain-a-chebaou-oued-ellil-manouba-ouedellil-145649,Terrain,,2025-08-07,Manouba,Oued Ellil,Chebbaou oued ellil,2021,253,Titre Bleu,Non,Oui,Non,,,Oui,Non,Oui,Commerciale
menzili,https://www.menzili.tn/annonce/terrain-a-vendre-pres-du-college-chebbi-et-gp5-manouba-mornaguia-145623,Terrain,215000,2025-08-07,Manouba,Mornaguia,Mornaguia,1110,500,Non,Non,Non,Non,,,Oui,Non,Non,Résidentielle
menzili,https://www.menzili.tn/annonce/terrain-de-4018-m-a-vendre-a-200-dt-m-a-hammamet-sud-51355351-nabeul-hammametsud-145621,Terrain,,2025-08-07,Nabeul,Hammamet Sud,Hammamet Sud,8050,4018,Non,Non,Non,Non,,,Non,Non,Non,Commerciale
menzili,https://www.menzili.tn/annonce/terrain-a-mnihla-ariana-mnihla-145620,Terrain,,2025-08-07,Ariana,Mnihla,Mnihla,2094,377,Non,Non,Non,Non,,,Non,Non,Non,Commerciale
menzili,https://www.menzili.tn/annonce/terrain-a-vendre-au-raoued-ariana-raoued-145618,Terrain,225000,2025-08-06,Ariana,Raoued,Raoued,2083,,Non,Non,Non,Non,,,Non,Non,Non,Commerciale
menzili,https://www.menzili.tn/annonce/terrain-a-vocation-commercial-et-habitation-kairouan-kairouannord-145578,Terrain,,2025-08-06,Kairouan,Kairouan Nord,Route principale Kairouan - Elbaten,3100,300,Non,Non,Non,Non,,,Oui,Non,Non,Résidentielle
menzili,https://www.menzili.tn/annonce/terrain-a-vendre-zone-touristique-mahdia-mahdia-mahdia-145576,Terrain,,2025-08-06,Mahdia,Mahdia,Mahdia,5100,900,Non,Non,Non,Non,,,Non,Non,Non,Commerciale
menzili,https://www.menzili.tn/annonce/offre-speciale-terrain-constructible-a-vendre-bizerte-bizertenord-131011,Terrain,80000,2024-05-03,Bizerte,Ain El Berda,Bizerte,7000,7500,Non,Oui,Non,Oui,,,Oui,Non,Non,Commerciale
menzili,https://www.menzili.tn/annonce/terrain-a-bareket-essahel-135-m-nabeul-hammamet-145519,Terrain,,2025-08-04,Nabeul,Hammamet,25279251,8050,135,Non,Non,Non,Non,,,Oui,Non,Non,Commerciale
menzili,https://www.menzili.tn/annonce/deux-terrains-riadh-landalous-ariana-arianaville-145518,Terrain,470000,2025-08-04,Ariana,Ariana Ville,Ariana Ville,2080,281,Titre Individuel,Non,Oui,Non,,,Non,Non,Non,Commerciale
menzili,https://www.menzili.tn/annonce/terrain-azmour-nabeul-kelibia-145502,Terrain,9900,2025-08-04,Nabeul,Kélibia,azmour,8000,100,Non,Non,Non,Non,,,Non,Non,Non,Commerciale
menzili,https://www.menzili.tn/annonce/terrain-de-279-m2-commercial-hawaria-nabeul-elhaouaria-145491,Terrain,37000,2025-08-03,Nabeul,El Haouaria,hawaria,8045,279,Non,Non,Non,Non,,,Non,Non,Non,Commerciale
menzili,https://www.menzili.tn/annonce/terrain-bou-ficha-sousse-bouficha-145490,Terrain,,2025-08-03,Sousse,Sousse,Bouficha,4000,175,Non,Non,Non,Non,,,Non,Non,Non,Commerciale
menzili,https://www.menzili.tn/annonce/terrain-hawaria-nabeul-elhaouaria-145489,Terrain,23000,2025-08-03,Nabeul,El Haouaria,hawaria,8045,,Non,Non,Non,Non,,,Non,Non,Non,Commerciale
menzili,https://www.menzili.tn/annonce/terrain-azmour-tunis-ainzaghouan-145488,Terrain,9900,2025-08-03,Tunis,Aïn Zaghouan,azmour kelibia,1100,,Non,Non,Non,Non,,,Non,Non,Non,Commerciale
menzili,https://www.menzili.tn/annonce/terrain-a-vendre-ariana-lasoukra-145478,Terrain,,2025-08-03,Ariana,La Soukra,impasse jaoudet el hayette chotrana 1 soukra arian,2036,180,Non,Non,Non,Non,,,Non,Non,Non,Commerciale
menzili,https://www.menzili.tn/annonce/excellente-opportunite-terrain-a-la-grotte-a-bizerte-bizerte-bizertenord-145473,Terrain,295000,2025-08-02,Bizerte,Bizerte Nord,La grotte Bizerte,7000,,Titre Bleu,Oui,Non,Non,,,Non,Non,Non,Commerciale
menzili,https://www.menzili.tn/annonce/vente-terrain-pour-promotion-immobiliere-6000m2-ariana-lasoukra-145441,Terrain,,2025-08-01,Ariana,La Soukra,La Soukra,2036,6000,Non,Non,Non,Non,,,Non,Non,Non,Commerciale
menzili,https://www.menzili.tn/annonce/vente-terrain-400-m2-avec-duplex-inacheve-ariana-lasoukra-145439,Terrain,470000,2025-08-01,Ariana,La Soukra,La Soukra,2036,400,Non,Non,Non,Non,,,Non,Non,Non,Commerciale
menzili,https://www.menzili.tn/annonce/vente-12-lots-de-terrain-a-la-soukra-ariana-lasoukra-145438,Terrain,,2025-08-01,Ariana,La Soukra,La Soukra,2036,300,Non,Non,Non,Non,,,Non,Non,Non,Commerciale
menzili,https://www.menzili.tn/annonce/terrain-de-660m-a-la-soukra-ariana-lasoukra-95090,Terrain,627000,2022-09-05,Ariana,La Soukra,chotrana 3,2036,660,Non,Non,Non,Non,,,Non,Non,Non,Commerciale
menzili,https://www.menzili.tn/annonce/lot-de-terrain-a-djerba-medenine-djerbahoumtsouk-125480,Terrain,,2023-11-16,Médenine,Djerba-Houmt Souk,Hachene,4180,800,Titre Individuel,Non,Non,Non,,,Oui,Non,Non,Commerciale
menzili,https://www.menzili.tn/annonce/terrain-nu-medenine-djerbahoumtsouk-145218,Terrain,,2025-07-25,Médenine,Djerba-Houmt Souk,Djerba-Houmt Souk,4180,1018,Titre Bleu,Non,Oui,Oui,,,Non,Oui,Oui,Résidentielle
menzili,https://www.menzili.tn/annonce/terrain-a-vendre-a-gammarth-tunis-gammarth-104055,Terrain,2586000,2022-12-10,Tunis,Gammarth,Gammarth,2078,2586,Non,Non,Non,Non,,,Non,Non,Non,Commerciale
menzili,https://www.menzili.tn/annonce/terrain-a-vendre-de-480-m2-a-rue-de-parc-la-soukra-ariana-lasoukra-104069,Terrain,480000,2022-12-10,Ariana,La Soukra,La Soukra,2036,480,Non,Non,Non,Non,,,Oui,Non,Non,Commerciale
menzili,https://www.menzili.tn/annonce/terrain-a-vendre-a-l-aouina-tunis-laouina-104737,Terrain,2000,2022-12-20,Tunis,L'aouina,L'aouina,1000,1670,Non,Non,Oui,Non,,,Oui,Non,Non,Commerciale
menzili,https://www.menzili.tn/annonce/terrain-a-vendre-a-rue-de-parc-tunis-laouina-102120,Terrain,1495000,2022-11-16,Tunis,L'aouina,L'aouina,1000,1150,Non,Non,Non,Non,,,Non,Non,Non,Commerciale
menzili,https://www.menzili.tn/annonce/ferme-de-18-hectares-a-zaghouan-zaghouan-zaghouan-139987,Terrain,1500000,2025-02-24,Zaghouan,Zaghouan,Zaghouan,1100,180000,Non,Non,Non,Non,,20,Non,Non,Oui,Commerciale
menzili,https://www.menzili.tn/annonce/terrain-a-vendre-789m-a-ksar-hellal-avenue-habib-bourguiba-monastir-ksarhellal-133107,Terrain,1650000,2024-07-24,Monastir,Ksar Hellal,MV2J+9W6 Ksar Hellal,5070,789,Oui,Non,Non,Non,,,Non,Non,Non,Commerciale
menzili,https://www.menzili.tn/annonce/terrain-a-vendre-a-l-aouina-tunis-laouina-101822,Terrain,630000,2022-11-12,Tunis,L'aouina,L'aouina,1000,400,Non,Non,Non,Non,,,Non,Non,Non,Commerciale
menzili,https://www.menzili.tn/annonce/lot-de-terrain-pour-habitation-ariana-mnihla-144887,Terrain,,2025-07-15,Ariana,Mnihla,Mnihla,2094,249,Non,Non,Non,Oui,,,Non,Non,Non,Résidentielle
menzili,https://www.menzili.tn/annonce/1-hectare-plante-d-oliviers-a-hammamet-sud-a-vendre-51355351-nabeul-hammametsud-144851,Terrain,,2025-07-15,Nabeul,Hammamet Sud,Hammamet Sud,8050,30000,Oui,Non,Non,Non,,,Oui,Oui,Oui,Commerciale
menzili,https://www.menzili.tn/annonce/terrain-ennaser-1-ariana-arianaville-144810,Terrain,595000,2025-07-14,Ariana,Ariana Ville,Ariana Ville,2080,705,Titre Individuel,Non,Oui,Non,,248,Non,Non,Non,Commerciale
menzili,https://www.menzili.tn/annonce/vente-terrain-a-cebalet-ben-ammar-ariana-sidithabet-144787,Terrain,350000,2025-07-14,Ariana,Sidi Thabet,Sidi Thabet,2080,1072,Non,Non,Non,Non,,,Non,Non,Non,Résidentielle
menzili,https://www.menzili.tn/annonce/terrain-titre-situe-a-100m-de-route-principal-matar-sfax-routematar-144777,Terrain,98000,2025-07-13,Sfax,Route Matar,route matar KM 9,3000,726,Non,Non,Non,Non,,,Oui,Non,Non,Commerciale
menzili,https://www.menzili.tn/annonce/a-vendre-terrain-a-matmata-jadida-henchir-el-aradh-gabes-matmata-144765,Terrain,,2025-07-12,Gabès,Matmata,TEL 94 266 686,6015,500,Non,Non,Non,Non,,,Non,Non,Non,Commerciale
menzili,https://www.menzili.tn/annonce/terrain-a-vendre-a-sanheji-mnihla-ariana-mnihla-144754,Terrain,105000,2025-07-12,Ariana,Mnihla,Sanheji,2094,315,Non,Non,Non,Non,,,Non,Non,Non,Commerciale
menzili,https://www.menzili.tn/annonce/affaire-a-saisir-terrain-a-salakta-mahdia-ksouressef-144750,Terrain,280000,2025-07-12,Mahdia,Ksour Essef,Salakta,5180,350,Non,Non,Non,Non,,,Non,Non,Non,Commerciale
menzili,https://www.menzili.tn/annonce/terrain-constructible-de-250-m-a-mrezga-a-vendre-51355351-nabeul-mrezga-144740,Terrain,250000,2025-07-12,Nabeul,Mrezga,Mrezga,8058,250,Non,Non,Oui,Oui,,,Non,Non,Non,Résidentielle
menzili,https://www.menzili.tn/annonce/terrain-jedidi-hammamet-nabeul-hammamet-144739,Terrain,42000,2025-07-11,Nabeul,Hammamet,Hammamet,8050,150,Non,Non,Non,Non,,,Non,Non,Non,Commerciale
menzili,https://www.menzili.tn/annonce/terrain-a-vendre-borj-cedria-benarous-borjcedria-144721,Terrain,,2025-07-11,Ben Arous,Borj Cedria,palmaresimmo@gmail.com,2013,,Non,Non,Oui,Non,,,Non,Non,Non,Résidentielle
menzili,https://www.menzili.tn/annonce/terrain-a-vendre-a-la-marsa-tunis-lamarsa-144674,Terrain,230000,2025-07-10,Tunis,La Marsa,marsa souesse,2070,115,Non,Non,Non,Non,,,Non,Non,Non,Commerciale
menzili,https://www.menzili.tn/annonce/terrain-de-240-m-a-hammamet-a-vendre-a-105-md-51355351-nabeul-hammamet-144566,Terrain,110000,2025-07-09,Nabeul,Hammamet,Hammamet,8050,240,Non,Non,Non,Non,,,Non,Non,Non,Commerciale
menzili,https://www.menzili.tn/annonce/terrain-de-959-m-a-bouzeguem-kasserine-kasserine-kasserinenord-144564,Terrain,52800,2025-07-09,Kasserine,bouzguem,près de villa ahmed haggui,1200,959,Non,Non,Non,Non,,,Non,Non,Non,Commerciale
menzili,https://www.menzili.tn/annonce/terrain-a-vendre-de-1000m2-a-yasmine-hammamet-nabeul-hammametsud-144556,Terrain,130000,2025-07-08,Nabeul,Hammamet Sud,Bessbassia,8050,1000,Non,Non,Non,Non,,,Non,Non,Non,Commerciale
menzili,https://www.menzili.tn/annonce/terrain-1000m2-titre-bleu-ain-damous-bizerte-bizerte-bizertenord-131565,Terrain,,2024-05-26,Bizerte,ain damous,bizerte,7000,1000,Titre Bleu,Oui,Non,Non,,,Non,Non,Non,Commerciale
menzili,https://www.menzili.tn/annonce/terrain-774-m-constructible-el-methline-bizerte-bizerte-bizertesud-131835,Terrain,,2024-06-05,Bizerte,Bizerte Sud,EL Methline,7000,774,Titre Bleu,Non,Non,Oui,,,Non,Non,Non,Commerciale
menzili,https://www.menzili.tn/annonce/terrain-a-vendre-a-la-soukra-ariana-lasoukra-115664,Terrain,,2023-05-18,Ariana,La Soukra,La Soukra,2036,400,Non,Non,Non,Non,,,Non,Non,Non,Commerciale
menzili,https://www.menzili.tn/annonce/proposition-de-vente-terrain-exceptionnel-de-570-m-bizerte-menzelbourguiba-144477,Terrain,,2025-07-07,Bizerte,Menzel Bourguiba,avenue taieb mhiri,7050,570,Non,Non,Non,Non,,,Non,Non,Non,Commerciale
menzili,https://www.menzili.tn/annonce/a-vendre-terrain-a-ezzahra-benarous-ezzahra-135504,Terrain,,2024-10-20,Ben Arous,Ezzahra,Ezzahra,2034,340,Non,Non,Non,Non,,,Non,Non,Non,Commerciale
menzili,https://www.menzili.tn/annonce/terrain-de-222-m-a-vendre-a-beni-khiar-51355351-nabeul-benikhiar-144453,Terrain,160000,2025-07-06,Nabeul,Béni Khiar,Béni Khiar,8000,222,Oui,Non,Non,Non,,,Non,Non,Non,Commerciale
menzili,https://www.menzili.tn/annonce/terrain-a-vendre-a-rue-de-parc-tunis-laouina-102115,Terrain,345000,2022-11-16,Tunis,L'aouina,L'aouina,1000,3000,Non,Non,Non,Non,,,Non,Non,Non,Commerciale
menzili,https://www.menzili.tn/annonce/terrain-mourouj-jendouba-jendouba-jendouba-144451,Terrain,,2025-07-05,Jendouba,Jendouba,Jendouba,8100,,Titre Individuel,Non,Non,Non,,,Non,Non,Non,Résidentielle
menzili,https://www.menzili.tn/annonce/un-terrain-de-669-m-a-maamoura-a-vendre-51355351-nabeul-benikhiar-144389,Terrain,165000,2025-07-04,Nabeul,Béni Khiar,Béni Khiar,8000,669,Non,Non,Non,Non,,,Non,Oui,Oui,Commerciale
menzili,https://www.menzili.tn/annonce/terrain-cloture-de-251-m-a-maamoura-a-vendre-51355351-nabeul-benikhiar-144372,Terrain,,2025-07-04,Nabeul,Béni Khiar,Béni Khiar,8000,251,Oui,Non,Non,Oui,,,Non,Oui,Oui,Résidentielle
menzili,https://www.menzili.tn/annonce/terrain-pour-villa-ariana-lasoukra-144361,Terrain,423000,2025-07-03,Ariana,La Soukra,Avenue des fruits.,2036,432,Non,Non,Non,Non,,,Non,Non,Non,Commerciale
menzili,https://www.menzili.tn/annonce/terrain-a-jardin-elmenzah-2-ariana-jardinsdelmenzah-116985,Terrain,195000,2023-06-08,Ariana,Jardins D'el Menzah,Jardin Menzah 2,1004,358,Non,Non,Non,Non,,,Non,Non,Non,Commerciale
menzili,https://www.menzili.tn/annonce/A-vendre-terrain-d-exception-pieds-dans-l-eau-chott-meriem-sousse-akouda-144220,Terrain,1050,2025-06-30,Sousse,AKouda,Chott Mariem,4022,620,Oui,Non,Non,Non,,,Non,Non,Oui,Commerciale
menzili,https://www.menzili.tn/annonce/terrain-a-vendre-tborba-manouba-tebourba-144183,Terrain,,2025-06-29,Manouba,Tebourba,Manouba,1130,1000,Non,Non,Non,Non,,,Non,Non,Non,Commerciale
menzili,https://www.menzili.tn/annonce/terrain-agricole-titre-situee-a-magharawa-bizerte-menzelbourguiba-142410,Terrain,300000000,2025-05-14,Bizerte,Menzel Bourguiba,située à magharawa,7050,30000,Oui,Non,Non,Non,,,Oui,Non,Non,Commerciale
menzili,https://www.menzili.tn/annonce/terrain-avec-titre-blue-tozeur-tozeur-143533,Terrain,,2025-06-16,Tozeur,Tozeur,cite de route degueshe,2200,1000,Non,Non,Non,Oui,,,Oui,Non,Non,Commerciale
menzili,https://www.menzili.tn/annonce/grand-terrain-vue-sur-mer-a-aghir-djerba-titre-bleu-medenine-djerbamidoun-143450,Terrain,,2025-06-13,Médenine,Djerba - Midoun,Djerba - Midoun,4180,9600,Titre Bleu,Oui,Non,Non,,,Non,Non,Oui,Commerciale
menzili,https://www.menzili.tn/annonce/terrain-a-vendre-de-1486-m2-nabeul-hammamet-141944,Terrain,280000,2025-05-02,Nabeul,Hammamet,Hammamet,8050,1486,Titre Individuel,Non,Non,Non,,,Non,Non,Non,Commerciale
menzili,https://www.menzili.tn/annonce/terrain-de-792-m2-a-vendre-nabeul-hammamet-142997,Terrain,1300,2025-05-29,Nabeul,Hammamet,Hammamet,8050,792,Titre Individuel,Non,Non,Non,,,Non,Non,Non,Résidentielle
menzili,https://www.menzili.tn/annonce/tres-beau-terrain-2341-m-a-notre-dame-el-manar-tunis-mutuelleville-81827,Terrain,6670000,2022-03-08,Tunis,Mutuelleville,Notre Dame El Manar,1082,2341,Titre Bleu,Non,Non,Non,,,Oui,Non,Non,Commerciale
menzili,https://www.menzili.tn/annonce/terrain-clotue-de-520-m-a-mrezga-a-vendre-51355351-nabeul-mrezga-143268,Terrain,520000,2025-06-08,Nabeul,Mrezga,Mrezga,8058,520,Non,Non,Non,Non,,,Non,Non,Non,Résidentielle
menzili,https://www.menzili.tn/annonce/un-terrain-agricole-a-vendre-situe-a-sidi-bou-ali-knena-sousse-sidibouali-143232,Terrain,600000,2025-06-04,Sousse,Sidi Bou Ali,Sidi Bou Ali,4040,70000,Non,Non,Non,Non,,,Non,Non,Non,Commerciale
menzili,https://www.menzili.tn/annonce/un-terrain-a-vendre-situe-a-cite-olympique-sousse-soussemedina-143089,Terrain,1200,2025-05-30,Sousse,Sousse Médina,Sousse Médina,1008,295,Non,Non,Non,Non,,,Non,Non,Non,Commerciale
menzili,https://www.menzili.tn/annonce/av-terrain-de-1084m-a-bab-saadoun-tunis-citeelkhadra-143078,Terrain,1600000,2025-05-30,Tunis,Cité El Khadra,Bab Saadoun,1003,1084,Non,Non,Non,Oui,,,Non,Non,Non,Résidentielle
menzili,https://www.menzili.tn/annonce/terrain-cloture-de-540-m-a-hammamet-sud-a-vendre-51355351-nabeul-hammametsud-143060,Terrain,85000,2025-05-30,Nabeul,Hammamet Sud,Hammamet Sud,8050,540,Oui,Non,Non,Non,,,Non,Oui,Oui,Commerciale
menzili,https://www.menzili.tn/annonce/terrain-de-250-m-a-hammamet-nord-a-vendre-51355351-nabeul-hammametnord-143014,Terrain,250000,2025-05-29,Nabeul,Hammamet Nord,Hammamet Nord,8050,250,Oui,Non,Oui,Non,,,Non,Non,Non,Résidentielle
menzili,https://www.menzili.tn/annonce/terrain-clotue-de-250-m-a-mrezga-a-vendre-51355351-nabeul-mrezga-142974,Terrain,250000,2025-05-28,Nabeul,Mrezga,Mrezga,8058,250,Non,Non,Non,Non,,,Non,Non,Non,Résidentielle
menzili,https://www.menzili.tn/annonce/vente-d-un-terrain-a-menzeljemil-bizerte-menzeljemil-142935,Terrain,,2025-05-27,Bizerte,Menzel Jemil,Menzel Jemil,7080,198,Non,Non,Non,Non,,,Non,Non,Non,Commerciale
menzili,https://www.menzili.tn/annonce/terrain-avec-petite-maison-titre-medenine-djerbamidoun-142933,Terrain,280000,2025-05-27,Médenine,Djerba - Midoun,Khazroun,4180,2050,Titre Individuel,Non,Non,Non,,,Non,Non,Non,Commerciale
menzili,https://www.menzili.tn/annonce/lot-de-terrain-de-240-m-a-hammamet-a-vendre-a-100-md-51355351-nabeul-hammamet-142875,Terrain,100000,2025-05-27,Nabeul,Hammamet,Hammamet,8050,240,Non,Non,Non,Non,,,Non,Non,Non,Commerciale
menzili,https://www.menzili.tn/annonce/terrain-400-m-avec-vue-mer-plage-lebna-nabeul-nabeul-menzeltemime-142873,Terrain,,2025-05-26,Nabeul,Menzel Temime,Lebna,8080,400,Oui,Oui,Non,Non,4x3,,Non,Non,Non,Commerciale
menzili,https://www.menzili.tn/annonce/un-terrain-au-lac1-tunis-lesbergesdulac-142868,Terrain,2350000,2025-05-26,Tunis,Les Berges Du Lac,Les Berges Du Lac,1053,542,Non,Non,Non,Non,,,Non,Non,Non,Commerciale
menzili,https://www.menzili.tn/annonce/terrain-industriel-17000m-a-messadine-sousse-msaken-142832,Terrain,,2025-05-25,Sousse,M'saken,Zone industrielle Messadine,4070,17000,Non,Non,Non,Oui,,,Non,Non,Non,Commerciale
menzili,https://www.menzili.tn/annonce/un-terrain-de-300-m-a-el-menchar-a-vendre-51355351-nabeul-hammametsud-142831,Terrain,50000,2025-05-25,Nabeul,Hammamet Sud,Hammamet Sud,8050,300,Non,Non,Non,Non,,,Non,Non,Non,Commerciale
menzili,https://www.menzili.tn/annonce/a-vendre-terrain-a-nouvelle-medina-benarous-medinajedida-142351,Terrain,184100,2025-05-13,Ben Arous,Medina Jedida,Medina Jedida,2013,263,Non,Non,Oui,Non,,,Non,Non,Non,Résidentielle
menzili,https://www.menzili.tn/annonce/terrain-de-340-m2-a-vendre-benarous-ezzahra-142816,Terrain,,2025-05-24,Ben Arous,Ezzahra,Ezzahra,2034,340,Non,Non,Non,Non,,,Non,Non,Non,Commerciale
menzili,https://www.menzili.tn/annonce/A-vendre-terrain-pied-dans-l-eau-a-kantaoui-sousse-kantaoui-142743,Terrain,2500,2025-05-23,Sousse,Kantaoui,Kantaoui,4089,1360,Non,Oui,Non,Non,,,Non,Non,Oui,Commerciale
menzili,https://www.menzili.tn/annonce/terrain-a-vendre-de-222-m2-nabeul-menzelbouzelfa-142723,Terrain,,2025-05-23,Nabeul,Menzel Bouzelfa,manzel bouzalfa,8010,222,Oui,Non,Non,Non,,,Non,Non,Non,Commerciale
menzili,https://www.menzili.tn/annonce/un-terrain-agricole-a-vendre-situe-a-zaghouan-el-fahs-zaghouan-elfahs-142714,Terrain,22000,2025-05-22,Zaghouan,El Fahs,El Fahs,1140,,Non,Non,Non,Non,,,Oui,Non,Non,Commerciale
menzili,https://www.menzili.tn/annonce/un-terrain-agricole-a-vendre-situe-a-zaghouan-el-fahs-sousse-soussejawhara-142713,Terrain,22000,2025-05-22,Sousse,Sousse Jawhara,Sousse Jawhara,4000,880000,Non,Non,Non,Non,,,Oui,Non,Non,Commerciale
menzili,https://www.menzili.tn/annonce/vente-de-terrain-a-mateur-bizerte-mateur-142711,Terrain,,2025-05-22,Bizerte,Mateur,Mateur,7030,200,Non,Non,Non,Non,,,Non,Non,Non,Commerciale
menzili,https://www.menzili.tn/annonce/terrain-de-7500-m-a-vendre-a-hammamet-sud-51355351-nabeul-hammametsud-142700,Terrain,150000,2025-05-22,Nabeul,Hammamet Sud,Hammamet Sud,8050,7500,Non,Non,Non,Non,,,Non,Non,Non,Commerciale
menzili,https://www.menzili.tn/annonce/terrain-a-vendre-medenine-djerbamidoun-142635,Terrain,,2025-05-21,Médenine,Djerba - Midoun,chokri.wat@gmail.com,4180,2000,Titre Bleu,Non,Non,Non,,,Non,Non,Non,Commerciale
menzili,https://www.menzili.tn/annonce/terrain-titre-bleu-bizerte-gharelmelh-115185,Terrain,,2023-05-11,Bizerte,Ghar El Melh,Ghar El Melh,7023,250,Titre Bleu,Non,Non,Oui,,,Non,Non,Non,Commerciale
menzili,https://www.menzili.tn/annonce/terrain-titre-bleu-ain-damous-bizerte-bizerte-bizertenord-139198,Terrain,,2025-02-01,Bizerte,Ain Damous,situé à Ain el berda,7000,1000,Titre Bleu,Oui,Non,Non,,,Non,Non,Non,Commerciale
menzili,https://www.menzili.tn/annonce/terrain-agricole-titre-a-magharawa-bizerte-bizerte-menzelbourguiba-142409,Terrain,500000000,2025-05-14,Bizerte,bizerte,située à magharawa,7000,10000,Oui,Non,Non,Non,,,Non,Non,Oui,Commerciale
menzili,https://www.menzili.tn/annonce/terrain-agricole-titre-200-hectares-bizerte-bizertesud-138998,Terrain,,2025-01-26,Bizerte,Bizerte Sud,située à Bizerte Sud,7000,2000000,Oui,Non,Non,Non,,,Non,Non,Non,Commerciale
menzili,https://www.menzili.tn/annonce/terrain-agricole-titre-45-hectares-a-mateur-bizerte-bizerte-mateur-139741,Terrain,,2025-02-17,Bizerte,Mateur,située à mateur Bizerte sud,7030,450000,Oui,Non,Non,Non,,,Non,Oui,Oui,Commerciale
menzili,https://www.menzili.tn/annonce/lot-de-terrain-de-240-m-a-hammamet-a-vendre-a-110-md-51355351-nabeul-hammamet-142572,Terrain,110000,2025-05-20,Nabeul,Hammamet,Hammamet,8050,240,Non,Non,Non,Non,,,Non,Non,Non,Commerciale
menzili,https://www.menzili.tn/annonce/terrain-promotion-investissement-a-sahloul-4-sousse-sahloul-142570,Terrain,1700,2025-05-20,Sousse,Sahloul,Sahloul 4,4054,1700,Non,Non,Non,Non,,,Non,Non,Non,Commerciale
menzili,https://www.menzili.tn/annonce/terrain-850m2-a-sahloul-4-et-commercial-sousse-sahloul-142569,Terrain,3400,2025-05-19,Sousse,Sahloul,Sahloul 4 université de sousse,4054,850,Non,Non,Non,Non,,,Non,Non,Non,Commerciale
menzili,https://www.menzili.tn/annonce/le-terrain-de-la-marsa-tunis-lamarsa-142540,Terrain,2700000,2025-05-19,Tunis,La Marsa,La Marsa à coté le Relais,2070,1524,Oui,Non,Non,Non,,,Non,Non,Non,Commerciale
menzili,https://www.menzili.tn/annonce/terrain-de-600-m2-a-vendre-a-monastir-monastir-monastir-142520,Terrain,,2025-05-17,Monastir,Monastir,Monastir,5000,600,Non,Non,Non,Non,,,Non,Non,Non,Commerciale
menzili,https://www.menzili.tn/annonce/terrain-de-3789-m-a-hammamet-sud-a-vendre-51355351-nabeul-hammametsud-142512,Terrain,,2025-05-17,Nabeul,Hammamet Sud,Hammamet Sud,8050,3789,Non,Non,Non,Non,,,Non,Oui,Oui,Commerciale
menzili,https://www.menzili.tn/annonce/terrain-d-habitation-a-vendre-a-monastir-monastir-monastir-142504,Terrain,258000,2025-05-16,Monastir,Monastir,Monastir,5000,215,Non,Non,Non,Non,,,Non,Non,Non,Résidentielle
menzili,https://www.menzili.tn/annonce/une-ferme-a-vendre-situe-a-foukaiya-chatt-mariem-sousse-akouda-142408,Terrain,600000,2025-05-14,Sousse,Akouda,Akouda,4022,15000,Non,Non,Non,Non,,,Non,Oui,Oui,Commerciale
menzili,https://www.menzili.tn/annonce/terrain-mornaguia-manouba-mornaguia-142392,Terrain,1012000,2025-05-14,Manouba,Mornaguia,Mornaguia,1110,12650,Non,Non,Non,Non,,,Oui,Non,Non,Commerciale
menzili,https://www.menzili.tn/annonce/terrain-cloture-de-315-m-a-km71-cote-plage-a-vendre-51355351-nabeul-hammametsud-142374,Terrain,115000,2025-05-14,Nabeul,Hammamet Sud,Hammamet Sud,8050,315,Oui,Non,Non,Non,,,Non,Oui,Oui,Commerciale
menzili,https://www.menzili.tn/annonce/a-v-terrain-cite-jomhoriya-mnihla-ariana-mnihla-142373,Terrain,,2025-05-13,Ariana,Mnihla,Mnihla,2094,294,Titre Bleu,Non,Non,Non,,,Oui,Non,Non,Commerciale
menzili,https://www.menzili.tn/annonce/100-hectares-zaghouan-birmchergua-142372,Terrain,,2025-05-13,Zaghouan,Bir Mchergua,Bir Mchergua,1100,10000,Non,Non,Non,Non,,,Non,Non,Non,Commerciale
menzili,https://www.menzili.tn/annonce/terrain-mornag-1000m2-benarous-mornag-142367,Terrain,250000,2025-05-13,Ben Arous,Mornag,Mornag,2090,1000,Non,Non,Non,Non,,,Non,Oui,Oui,Commerciale
menzili,https://www.menzili.tn/annonce/a-vendre-un-terrain-a-salakta-mahdia-mahdia-ksouressef-141482,Terrain,75000,2025-04-17,Mahdia,Ksour Essef,Salakta,5180,235,Non,Non,Non,Non,,,Non,Non,Non,Commerciale
menzili,https://www.menzili.tn/annonce/a-vendre-tres-beau-terrain-a-el-mourouj-4-benarous-elmourouj-142328,Terrain,688000,2025-05-12,Ben Arous,El Mourouj,RUE D'HAMBOURG_ EL MOUROUJ 4,2074,573,Non,Non,Non,Non,,,Non,Non,Oui,Résidentielle
menzili,https://www.menzili.tn/annonce/terrain-a-vendre-sfax-%D8%A3%D8%B1%D8%B6-%D9%84%D9%84%D8%A8%D9%8A%D8%B9-sfax-thyna-142326,Terrain,,2025-05-12,Sfax,Thyna,Thyna,3040,,Non,Non,Non,Non,,,Non,Non,Non,Commerciale
menzili,https://www.menzili.tn/annonce/un-terrain-afh-a-hidhab-mornagia-225-m-manouba-mornaguia-142303,Terrain,123000,2025-05-12,Manouba,Cité Aicha,Hidhab mornaguia,2090,225,Oui,Non,Non,Non,,,Oui,Oui,Oui,Résidentielle
menzili,https://www.menzili.tn/annonce/terrain-de-1546-m-a-hammamet-sud-a-vendre-a-190-dt-m-51355351-nabeul-hammametsud-142280,Terrain,,2025-05-11,Nabeul,Hammamet Sud,Hammamet Sud,8050,1546,Oui,Non,Non,Non,,30,Non,Oui,Oui,Commerciale
menzili,https://www.menzili.tn/annonce/A-vendre-terrain-pret-a-construire-de-950-m-a-tabarka-jendouba-tabarka-142278,Terrain,190000,2025-05-11,Jendouba,En face de l'école primaire de la Vi,Cité Slaimia,8100,950,Non,Non,Non,Oui,,,Oui,Non,Oui,Résidentielle
menzili,https://www.menzili.tn/annonce/terrain-6667-m2-a-jbel-ouest-zaghouan-birmchergua-142259,Terrain,,2026-03-30,,,,,,Non,Non,Non,Non,,,Non,Non,Non,
menzili,https://www.menzili.tn/annonce/terrain-a-vendre-a-monastir-cite-riadh-monastir-monastir-142241,Terrain,405000,2025-05-09,Monastir,Monastir,Monastir,5000,385,Titre Bleu,Non,Non,Non,,,Non,Non,Non,Commerciale
menzili,https://www.menzili.tn/annonce/terrain-a-vendre-de-145-m2-nabeul-kelibia-139072,Terrain,,2025-01-29,Nabeul,Kélibia,Kélibia,8000,145,Non,Non,Non,Non,,,Non,Oui,Oui,Résidentielle
menzili,https://www.menzili.tn/annonce/terrain-constructible-de-300-m-a-la-soukra-ref-ar1027-ariana-ghazela-142237,Terrain,270000,2025-05-09,Ariana,Ghazela,Ghazela,2080,300,Non,Non,Non,Oui,,,Non,Oui,Oui,Résidentielle
menzili,https://www.menzili.tn/annonce/A-vendre-terrain-constructible-a-chotrana-1-ariana-ariana-ghazela-142236,Terrain,528000,2025-05-09,Ariana,Ghazela,Ghazela,2080,660,Titre Bleu,Non,Non,Oui,,,Non,Oui,Oui,Résidentielle
menzili,https://www.menzili.tn/annonce/terrain-viabilise-a-chotrana-1-404-m-titre-collectif-ariana-ghazela-142234,Terrain,283000,2025-05-09,Ariana,Ghazela,Ghazela,2080,404,Titre Collectif,Non,Oui,Oui,,15,Non,Oui,Oui,Commerciale
menzili,https://www.menzili.tn/annonce/lot-de-terrain-de-200-m-a-hammamet-sud-a-vendre-51355351-nabeul-hammametsud-142217,Terrain,32000,2025-05-09,Nabeul,Hammamet Sud,Hammamet Sud,8050,200,Non,Non,Non,Non,,,Non,Non,Non,Commerciale
menzili,https://www.menzili.tn/annonce/terrain-pour-promoteur-sfax-sakieteddaier-142215,Terrain,528000,2025-05-08,Sfax,Sakiet Eddaïer,Habena 2 RTE sidi Mansour km 6.5,3011,1015,Non,Non,Non,Non,,,Oui,Non,Non,Commerciale
menzili,https://www.menzili.tn/annonce/a-vendre-un-magnifique-terrain-a-sedghiane-midoun-djerba-2660-m-carre-medenine-djerbamidoun-142209,Terrain,,2025-05-08,Médenine,Djerba - Midoun,Djerba - Midoun,4180,2660,Non,Non,Non,Non,,,Oui,Non,Oui,Commerciale
menzili,https://www.menzili.tn/annonce/un-terrain-de-700m-a-la-soukra-ariana-lasoukra-142132,Terrain,770000,2025-05-07,Ariana,La Soukra,La Soukra,2036,700,Non,Non,Non,Non,,30,Non,Non,Non,Commerciale
menzili,https://www.menzili.tn/annonce/terrain-de-1000-m-a-vendre-a-200-md-a-hammamet-sud-51355351-nabeul-hammametsud-142131,Terrain,,2025-05-07,Nabeul,Hammamet Sud,Hammamet Sud,8050,4018,Non,Non,Non,Non,,,Non,Non,Non,Commerciale
menzili,https://www.menzili.tn/annonce/terrain-a-vendre-99-101-201-98-547-676-benarous-rades-142107,Terrain,1200,2025-05-06,Ben Arous,Radès,Radès Méliane 2,2013,120,Non,Non,Non,Non,,,Non,Non,Non,Commerciale
menzili,https://www.menzili.tn/annonce/vente-terrain-a-usage-d-habitation-titre-kef-kefouest-142049,Terrain,,2025-05-05,Kef,Kef Ouest,Boîte postale 502A kef 7100 Tunisie,7100,440,Non,Non,Non,Non,,,Non,Non,Non,Résidentielle
menzili,https://www.menzili.tn/annonce/vente-terrain-a-usage-d-habitation-titre-kef-kefest-142048,Terrain,,2025-05-05,Kef,Kef Est,Boîte postale 502A kef 7100 Tunisie,7100,440,Non,Non,Non,Non,,,Non,Non,Non,Résidentielle
menzili,https://www.menzili.tn/annonce/terrain-ideal-a-deux-pas-de-la-mer-el-haouaria-nabeul-elhaouaria-142006,Terrain,170000,2025-05-04,Nabeul,El Haouaria,El Haouaria,8045,728,Non,Non,Non,Oui,,,Non,Non,Non,Commerciale
menzili,https://www.menzili.tn/annonce/2-lots-de-terrain-vue-de-mer-a-vendre-a-hammamet-nord-51355351-nabeul-hammametnord-142000,Terrain,,2025-05-04,Nabeul,Hammamet Nord,Hammamet Nord,8050,1013,Oui,Oui,Non,Non,,,Oui,Non,Non,Commerciale
menzili,https://www.menzili.tn/annonce/un-lot-de-terrain-de-500-m-a-hammamet-a-vendre-51355351-nabeul-hammamet-141996,Terrain,450000,2025-05-04,Nabeul,Hammamet,Hammamet,8050,500,Oui,Non,Non,Non,,,Non,Oui,Oui,Résidentielle
menzili,https://www.menzili.tn/annonce/lot-de-terrain-de-250-m-a-hammamet-a-vendre-51355351-nabeul-hammamet-141975,Terrain,90000,2025-05-03,Nabeul,Hammamet,Hammamet,8050,250,Non,Non,Non,Non,,,Non,Non,Non,Commerciale
menzili,https://www.menzili.tn/annonce/une-ferme-de-un-hectare-et-7000m-a-vendre-situe-a-kalaa-kbira-sousse-kalaakebira-141957,Terrain,200000,2025-05-02,Sousse,Kalaâ Kebira,Kalaâ Kebira,4000,17000,Titre Bleu,Non,Non,Non,,,Non,Non,Non,Commerciale
menzili,https://www.menzili.tn/annonce/terrain-de-270-m-a-mohamadia-ben-arous-benarous-mohamedia-141927,Terrain,,2025-05-02,Ben Arous,Mohamedia,Boumhal ou Ariana,2084,270,Non,Non,Non,Non,,,Non,Non,Non,Commerciale
menzili,https://www.menzili.tn/annonce/terrain-d-habitation-a-vendre-a-monastir-cite-souani-monastir-monastir-141899,Terrain,,2025-05-01,Monastir,Monastir,Monastir,5000,366,Non,Non,Non,Non,,,Non,Non,Non,Résidentielle
menzili,https://www.menzili.tn/annonce/opportunite-unique-terrain-exceptionnel-a-vendre-nabeul-kelibia-141839,Terrain,489000,2025-04-29,Nabeul,Hammam Al Ghezaz,Tamzerat,8000,2360,Non,Non,Non,Non,,,Non,Non,Non,Commerciale
menzili,https://www.menzili.tn/annonce/terrain-de-150-m-a-vendre-a-hammamet-sud-51355351-nabeul-hammametsud-141798,Terrain,30000,2025-04-29,Nabeul,Hammamet Sud,Hammamet Sud,8050,200,Non,Non,Non,Non,,,Non,Non,Non,Commerciale
menzili,https://www.menzili.tn/annonce/terrain-cloture-de-348-m-a-vendre-a-la-zone-touristique-mrezga-51355351-nabeul-mrezga-141764,Terrain,420000,2025-04-27,Nabeul,Mrezga,Mrezga,8058,420,Non,Non,Oui,Non,,,Non,Non,Non,Résidentielle
menzili,https://www.menzili.tn/annonce/3-terrain-sfax-sur-la-rue-principale-sfax-sfaxville-141762,Terrain,,2025-04-27,Sfax,Sfax Ville,Ain torkia,3000,850,Non,Non,Non,Non,,,Non,Non,Non,Commerciale
menzili,https://www.menzili.tn/annonce/un-terrain-de-130-m-a-vendre-a-hammamet-sud-51355351-nabeul-hammametsud-141759,Terrain,25000,2025-04-27,Nabeul,Hammamet Sud,Hammamet Sud,8050,130,Non,Non,Non,Non,,,Non,Non,Non,Commerciale
menzili,https://www.menzili.tn/annonce/A-vendre-terrain-a-hammem-ghezez-proche-de-la-plage-nabeul-kelibia-140666,Terrain,120000,2025-03-15,Nabeul,Kélibia,https://maps.app.goo.gl/XQjgH1RnTGFWgUsm8,8000,450,Oui,Non,Non,Non,,,Oui,Non,Non,Commerciale
menzili,https://www.menzili.tn/annonce/terrain-a-vendre-sfax-kerkennah-141753,Terrain,,2025-04-26,Sfax,Kerkennah,Bounouma Chargui,3070,,Non,Non,Non,Non,,,Non,Non,Non,Commerciale
menzili,https://www.menzili.tn/annonce/terrain-de-1932-m-a-birbouragba-a-vendre-51355351-nabeul-hammametsud-141704,Terrain,,2025-04-25,Nabeul,Hammamet Sud,Hammamet Sud,8050,1932,Oui,Non,Non,Non,,,Non,Oui,Oui,Commerciale
menzili,https://www.menzili.tn/annonce/terrain-a-vendre-situee-a-manouba-borj-manouba-borjelamri-141700,Terrain,,2025-04-24,Manouba,Borj El Amri,Borj el amri,2010,,Non,Non,Non,Non,,,Non,Non,Non,Commerciale
menzili,https://www.menzili.tn/annonce/500-m-a-vendre-a-dar-allouche-nabeul-kelibia-141691,Terrain,160000,2025-04-24,Nabeul,Kélibia,dar allouche- kélibia- nabeul,8000,500,Titre Bleu,Non,Non,Non,,,Oui,Oui,Oui,Commerciale
menzili,https://www.menzili.tn/annonce/terrain-vue-sur-mer-dos-pour-la-foret-a-tabarka-jendouba-tabarka-141686,Terrain,,2025-04-24,Jendouba,melloula,tabarka,8110,,Non,Oui,Non,Non,,,Non,Non,Non,Commerciale
menzili,https://www.menzili.tn/annonce/terrain-de-2851-m-a-hammamet-sud-a-vendre-a-185-md-51355351-nabeul-hammametsud-141682,Terrain,185000,2025-04-24,Nabeul,Hammamet Sud,Hammamet Sud,8050,2851,Non,Non,Non,Non,,,Non,Oui,Oui,Commerciale
menzili,https://www.menzili.tn/annonce/terrain-avec-studio-a-birbouragba-a-vendre-a-85-md-51355351-nabeul-hammametsud-141671,Terrain,85000,2025-04-24,Nabeul,Hammamet Sud,Hammamet Sud,8050,680,Oui,Non,Non,Non,,,Oui,Oui,Oui,Commerciale
menzili,https://www.menzili.tn/annonce/terrain-hergla-vue-de-mer-1-km-de-la-plage-sousse-hergla-141666,Terrain,42500,2025-04-23,Sousse,Hergla,HERGLA MADFOUN,4000,500,Titre Bleu,Oui,Non,Non,,,Non,Non,Non,Commerciale
menzili,https://www.menzili.tn/annonce/terrain-et-studio-nouvelle-construction-sfax-mahres-129466,Terrain,75000,2024-02-21,Sfax,Mahrès,Cité el assil,3000,,Non,Non,Non,Oui,,,Non,Non,Non,Commerciale
menzili,https://www.menzili.tn/annonce/terrain-a-birbouragba-a-vendre-51355351-nabeul-hammametsud-141660,Terrain,,2025-04-23,Nabeul,Hammamet Sud,Hammamet Sud,8050,2000,Oui,Non,Non,Non,,,Non,Oui,Oui,Commerciale
menzili,https://www.menzili.tn/annonce/terrain-a-boumhal-benarous-boumhel-141649,Terrain,,2025-04-23,Ben Arous,Boumhel,Boumhel,2013,1000,Oui,Non,Oui,Oui,,,Oui,Oui,Oui,Résidentielle
menzili,https://www.menzili.tn/annonce/manifique-terrain-440m2-fais-le-coin-a-sahloul-4-sousse-sahloul-141640,Terrain,740000,2025-04-23,Sousse,Sahloul,Sahloul4,4054,440,Non,Non,Non,Non,,,Non,Non,Non,Résidentielle
menzili,https://www.menzili.tn/annonce/terrain-pieds-dans-l-eau-a-chott-meriam-sousse-msaken-141628,Terrain,1350,2025-04-22,Sousse,M'saken,M'saken,4070,,Oui,Oui,Non,Oui,,,Non,Non,Oui,Commerciale
menzili,https://www.menzili.tn/annonce/vente-terrain-r-2-khezama-sousse-sousse-soussejawhara-141621,Terrain,1200,2025-04-22,Sousse,Sousse Jawhara,khezama ouest sousse,4000,428,Titre Individuel,Non,Non,Oui,,,Oui,Oui,Oui,Résidentielle
menzili,https://www.menzili.tn/annonce/terrain-532-m2-route-de-tunis-km3-r-2-sfax-sfaxville-141611,Terrain,280000,2025-04-22,Sfax,10.759820,34.767604,3000,532,Non,Non,Non,Non,,,Oui,Non,Non,Commerciale
menzili,https://www.menzili.tn/annonce/lot-de-terrain-359m2-jinen-el-mohandissine-ariana-lasoukra-136489,Terrain,215000,2024-11-15,Ariana,La Soukra,ettaamir5,2036,359,Titre Individuel,Non,Non,Non,,,Non,Oui,Oui,Commerciale
menzili,https://www.menzili.tn/annonce/terrain-de-500-m-a-rmila-sousse-akouda-141581,Terrain,,2025-04-21,Sousse,Akouda,Akouda,4022,500,Non,Oui,Non,Non,,,Non,Oui,Oui,Résidentielle
menzili,https://www.menzili.tn/annonce/A-vendre-terrain-nu-de-1076-m-sousse-sahloul-141576,Terrain,188300,2025-04-21,Sousse,Sahloul,https://maps.app.goo.gl/eMsCUCnDA1Gso8E87,4054,1076,Non,Non,Non,Non,,,Non,Non,Non,Commerciale
menzili,https://www.menzili.tn/annonce/terrain-agricole-a-vendre-nabeul-kelibia-141575,Terrain,200000,2025-04-20,Nabeul,Kélibia,dar allouche- kélibia- nabeul,8000,8500,Titre Bleu,Non,Non,Non,,,Non,Oui,Oui,Commerciale
menzili,https://www.menzili.tn/annonce/terrain-route-ain-km10-sfax-routeelain-141569,Terrain,65000,2025-04-19,Sfax,Route el Ain,Route Ain km 10 Sfax,3000,670,Non,Non,Non,Non,,,Oui,Non,Non,Commerciale
menzili,https://www.menzili.tn/annonce/terrain-titre-bleu-deuxieme-position-de-la-plage-ariana-raoued-141565,Terrain,476000,2025-04-19,Ariana,Raoued,Ariana Raoued,2083,850,Titre Bleu,Non,Non,Oui,,,Non,Non,Non,Commerciale
menzili,https://www.menzili.tn/annonce/a-vendre-une-senia-de-superficie-de-trois-hectares-situee-a-kondar%D8%B7%D8%B1%D9%8A%D9%82-%D8%A7%D9%84%D9%86%D8%A7%D8%B8%D9%88%D8%B1-sousse-kondar-141542,Terrain,240000,2025-04-18,Sousse,Kondar,Kondar,4010,30000,Non,Non,Non,Non,,,Oui,Non,Oui,Commerciale
menzili,https://www.menzili.tn/annonce/a-vendre-%D8%A3%D8%B1%D8%B6-%D8%A8%D9%8A%D8%B6%D8%A7%D8%A1-d-une-superficie-de-16-hectares-situee-a-kondar-sousse-kondar-141541,Terrain,180000,2025-04-18,Sousse,Kondar,Kondar,4010,160000,Non,Non,Non,Non,,,Non,Non,Non,Commerciale
menzili,https://www.menzili.tn/annonce/a-vendre-une-ferme-de-superficie-de-deux-hectares-situe-a-kalaa-kbira-%D8%B7%D8%B1%D9%8A%D9%82-%D8%A7%D9%84%D9%82%D9%8A%D8%B1%D9%88%D8%A7%D9%86-sousse-kalaakebira-141540,Terrain,80000,2025-04-18,Sousse,Kalaâ Kebira,Kalaâ Kebira,4000,20000,Non,Non,Non,Non,,,Non,Non,Non,Commerciale
menzili,https://www.menzili.tn/annonce/une-ferme-de-superficie-de-11-hectares-situe-a-kondar-sousse-kondar-141539,Terrain,600000,2025-04-18,Sousse,Kondar,Kondar,4010,110000,Titre Individuel,Non,Non,Non,,,Non,Non,Non,Commerciale
menzili,https://www.menzili.tn/annonce/terrain-cite-el-khadra-tunis-citeelkhadra-141535,Terrain,1650,2025-04-18,Tunis,Cité El Khadra,Cité El Khadra,1003,8000,Non,Non,Non,Oui,,,Non,Non,Non,Résidentielle
menzili,https://www.menzili.tn/annonce/A-vendre-terrain-de-300-m-a-la-soukra-rue-abou-houraira-ariana-lasoukra-141518,Terrain,,2025-04-17,Ariana,près de la Rue du Parc,Rue Abou Houraira,2080,300,Non,Non,Non,Oui,,,Non,Non,Non,Résidentielle
menzili,https://www.menzili.tn/annonce/terrain-300m2-titre-bleux-khezama-_est-sousse-soussejawhara-141500,Terrain,565000,2025-04-17,Sousse,Sousse Jawhara,Khezama sousse,4000,300,Titre Bleu,Non,Non,Non,,,Non,Non,Non,Résidentielle
menzili,https://www.menzili.tn/annonce/terrain-pieds-dans-l-eau-de-3333-m-a-korba-a-vendre-51355351-nabeul-korba-141477,Terrain,430000,2025-04-17,Nabeul,Korba,Korba,8070,3333,Non,Non,Non,Non,,,Non,Non,Oui,Commerciale
menzili,https://www.menzili.tn/annonce/terrain-clotuire-de-13337-m-a-beni-khiar-a-vendre-51355351-nabeul-benikhiar-141461,Terrain,400000,2025-04-16,Nabeul,Béni Khiar,Béni Khiar,8000,13337,Non,Non,Non,Non,,,Non,Non,Non,Commerciale
menzili,https://www.menzili.tn/annonce/A-vendre-terrain-de-357m-a-jinene-beni-khiarnabeul-nabeul-benikhiar-141431,Terrain,,2025-04-15,Nabeul,Béni Khiar,Béni Khiar,8000,357,Titre Individuel,Non,Oui,Non,,,Non,Non,Non,Commerciale
menzili,https://www.menzili.tn/annonce/2-lots-de-terrain-vue-de-mer-a-vendre-a-jinen-beni-khiar-51355351-nabeul-benikhiar-141426,Terrain,,2025-04-15,Nabeul,Béni Khiar,Béni Khiar,8000,1169,Oui,Oui,Non,Non,,,Non,Non,Non,Commerciale
menzili,https://www.menzili.tn/annonce/un-terrain-constructible-centre-ville-dar-allouche-kelibia-nabeul-kelibia-141413,Terrain,,2025-04-15,Nabeul,Kélibia,kélibia,8000,230,Non,Non,Non,Oui,,,Non,Oui,Oui,Commerciale
menzili,https://www.menzili.tn/annonce/terrain-vue-panoramique-mer-tel-22801802-jendouba-tabarka-141387,Terrain,,2025-04-14,Jendouba,Tabarka,QUARTIER DERIVOO,8110,627,Non,Non,Non,Non,,,Non,Non,Non,Commerciale
menzili,https://www.menzili.tn/annonce/terrain-d-angle-exceptionnel-triple-ouverture-vue-panoramique-skanes-monastir-monastir-monastir-141380,Terrain,335000,2025-04-13,Monastir,Monastir,SKANES MONASTIR,5000,266,Titre Bleu,Non,Oui,Oui,25x18,,Oui,Non,Non,Résidentielle
menzili,https://www.menzili.tn/annonce/terrain-pres-du-stade-olympique-de-sousse-sousse-soussejawhara-141375,Terrain,400000,2025-04-12,Sousse,Sousse Jawhara,Cité Olympique de Sousse,4000,475,Oui,Non,Non,Oui,,,Non,Non,Non,Commerciale
menzili,https://www.menzili.tn/annonce/t231-terrain-laura-douikhla-nabeul-hammametsud-141322,Terrain,70000,2025-04-10,Nabeul,Hammamet Sud,HAMMAMET,8050,500,Non,Non,Non,Non,,,Non,Non,Non,Commerciale
menzili,https://www.menzili.tn/annonce/terrain-a-vendre-a-200-dt-m-a-hammamet-sud-51355351-nabeul-hammametsud-141280,Terrain,,2025-04-10,Nabeul,Hammamet Sud,Hammamet Sud,8050,2900,Non,Non,Non,Non,,,Non,Non,Non,Commerciale
menzili,https://www.menzili.tn/annonce/a-vendre-ferme-a-chott-mariem-avec-une-maison-arabesque-sousse-akouda-141277,Terrain,950000,2025-04-09,Sousse,Akouda,Akouda,4022,6250,Non,Non,Non,Non,,,Non,Oui,Non,Commerciale
menzili,https://www.menzili.tn/annonce/lots-de-terrain-a-bejaoua-1-oued-ellil-manouba-ouedellil-141245,Terrain,37500,2025-04-08,Manouba,Oued Ellil,Bejaoua 1 Route Sidi Thabet (Oued-Ellil),2021,150,Oui,Non,Non,Oui,,,Oui,Non,Non,Résidentielle
menzili,https://www.menzili.tn/annonce/une-ferme-de-un-hectare-et-3000m-a-vendre-situe-a-kalaa-kbira-en-derriere-dar-zitouna-sousse-kalaakebira-141194,Terrain,420000,2025-04-07,Sousse,Kalaâ Kebira,Kalaâ Kebira,4000,13000,Titre Bleu,Non,Non,Non,,,Non,Non,Non,Commerciale
menzili,https://www.menzili.tn/annonce/terrain-1112-m2-r-2-route-de-tunis-km3-sfax-sfax-sfaxville-141174,Terrain,580000,2025-04-06,Sfax,Sfax Ville,Route de Tunis km3 Sfax 3030,3000,1112,Non,Non,Non,Non,,,Oui,Non,Non,Commerciale
menzili,https://www.menzili.tn/annonce/terrain-faycel-ariana-lasoukra-141153,Terrain,1200,2025-04-05,Ariana,La Soukra,La Soukra,2036,530,Non,Non,Non,Non,,,Non,Non,Non,Résidentielle
menzili,https://www.menzili.tn/annonce/terrain-2260-m2-a-menzel-ben-hammouda--%D9%85%D9%86%D8%B2%D9%84-%D8%A8%D9%86-%D8%AD%D9%85%D9%88%D8%AF%D8%A9-jaabira-djerba-medenine-djerbaajim-141124,Terrain,75000,2025-04-04,Médenine,Djerba - Ajim,98 641 628,4180,2260,Non,Non,Non,Non,,,Non,Non,Non,Commerciale
menzili,https://www.menzili.tn/annonce/terrain-a-vendre-a-choutrana-2-ariana-lasoukra-141110,Terrain,742500,2025-04-04,Ariana,La Soukra,La Soukra,2036,675,Non,Non,Oui,Non,,,Non,Non,Non,Commerciale
menzili,https://www.menzili.tn/annonce/terrain-de-716-m-a-vendre-a-hammamet-sud-51355351-nabeul-hammametsud-141086,Terrain,210000,2025-04-04,Nabeul,Hammamet Sud,Hammamet Sud,8050,716,Oui,Non,Non,Non,,,Non,Oui,Oui,Commerciale
menzili,https://www.menzili.tn/annonce/A-vendre-terrain-pour-promotion-immobiliere-a-hammem-sousse-sousse-hammamsousse-141065,Terrain,2500,2025-04-03,Sousse,Hammam Sousse,Hammam Sousse,4011,780,Non,Non,Non,Oui,,,Non,Non,Non,Résidentielle
menzili,https://www.menzili.tn/annonce/quatre-lots-de-terrain-a-vendre-a-hammamet-sud-51355351-nabeul-hammametsud-141059,Terrain,,2025-04-03,Nabeul,Hammamet Sud,Hammamet Sud,8050,4173,Oui,Non,Non,Non,,,Non,Oui,Oui,Commerciale
menzili,https://www.menzili.tn/annonce/terrain-hammamet-nord-vue-sur-mer-nabeul-hammametnord-141035,Terrain,255000,2025-04-03,Nabeul,Kharrouba,Hammamet Nord,8050,300,Non,Oui,Oui,Non,,,Oui,Non,Non,Commerciale
menzili,https://www.menzili.tn/annonce/lots-de-terrain-a-vendre-a-la-manouba-vocation-r-2-manouba-manoubaville-141030,Terrain,,2025-04-02,Manouba,Manouba Ville,Manouba Cité des Orangers,2010,250,Non,Non,Non,Non,,,Oui,Non,Non,Résidentielle
menzili,https://www.menzili.tn/annonce/terrain-pour-villa-a-monastir-monastir-monastir-monastir-140965,Terrain,600000,2025-03-29,Monastir,Monastir,cité erriadh,5000,423,Non,Non,Non,Oui,,,Non,Non,Non,Commerciale
menzili,https://www.menzili.tn/annonce/A-vendre-terrain-a-chotrana-1-660m-ariana-lasoukra-140955,Terrain,,2025-03-28,Ariana,La Soukra,chotrana1,2036,660,Non,Non,Non,Oui,,,Non,Non,Non,Résidentielle
menzili,https://www.menzili.tn/annonce/un-terrain-agricole-a-vendre-situee-a-kalaa-kbira-en-derriere-mall-sousse-sousse-kalaakebira-140953,Terrain,,2025-03-28,Sousse,Kalaâ Kebira,Kalaâ Kebira,4000,21000,Non,Non,Non,Non,,,Non,Non,Non,Commerciale
menzili,https://www.menzili.tn/annonce/4-hectares-ayant-une-vue-de-mer-a-vendre-a-hammamet-sud-51355351-nabeul-hammametsud-140951,Terrain,550000,2025-03-28,Nabeul,Hammamet Sud,Hammamet Sud,8050,41400,Titre Bleu,Oui,Non,Non,,,Non,Oui,Oui,Commerciale
menzili,https://www.menzili.tn/annonce/vends-lots-de-terrain-a-sidi-khlifa-sousse-bouficha-140949,Terrain,40000,2025-03-28,Sousse,Bouficha,Sidi Khlifa,4000,1100,Non,Non,Non,Non,,,Non,Non,Non,Commerciale
menzili,https://www.menzili.tn/annonce/1-hectare-plante-d-oliviers-a-hammamet-sud-a-vendre-51355351-nabeul-hammametsud-140937,Terrain,170000,2025-03-28,Nabeul,Hammamet Sud,Hammamet Sud,8050,10000,Oui,Non,Non,Non,,,Oui,Oui,Oui,Commerciale
menzili,https://www.menzili.tn/annonce/2-terrains-vue-de-mer-a-vendre-a-beni-khiar-51355351-nabeul-benikhiar-140913,Terrain,,2025-03-27,Nabeul,Béni Khiar,Béni Khiar,8000,,Oui,Oui,Non,Non,,,Non,Non,Non,Commerciale
menzili,https://www.menzili.tn/annonce/a-vendre-terrain-a-gammarth-tunis-lamarsa-140910,Terrain,1300000,2025-03-26,Tunis,La Marsa,La Marsa,2070,567,Non,Non,Non,Non,,,Non,Non,Non,Résidentielle
menzili,https://www.menzili.tn/annonce/a-vendre-terrain-a-la-marsa-tunis-lamarsa-140908,Terrain,2499000,2025-03-26,Tunis,La Marsa,La Marsa,2070,714,Non,Non,Non,Non,,,Non,Non,Non,Résidentielle
menzili,https://www.menzili.tn/annonce/terrain-pour-batir-monastir-moknine-140889,Terrain,,2025-03-25,Monastir,Moknine,centre ville de moknine près de l'hôpital régional,5050,995,Non,Non,Non,Non,,,Non,Non,Non,Résidentielle
menzili,https://www.menzili.tn/annonce/terrain-pieds-dans-l-eau-de-3333-m-a-korba-a-vendre-51355351-nabeul-korba-140884,Terrain,430000,2025-03-25,Nabeul,Korba,Korba,8070,3333,Non,Non,Non,Non,,,Non,Non,Oui,Commerciale
menzili,https://www.menzili.tn/annonce/vente-de-terrain-vu-de-mer-et-de-foret-bizerte-mateur-140871,Terrain,,2025-03-24,Bizerte,service social de tabarka,Hedia mezni,8110,,Non,Non,Non,Non,,,Oui,Non,Non,Commerciale
menzili,https://www.menzili.tn/annonce/a-vendre-terrain-11280m-a-rte-de-tunis-nabeul-nabeul-nabeul-140842,Terrain,,2025-03-22,Nabeul,Nabeul,Nabeul Avenue de Maghreb Arabe,8000,11280,Titre Bleu,Non,Non,Non,,,Oui,Non,Non,Commerciale
menzili,https://www.menzili.tn/annonce/lot-de-terrain-de-240-m-a-hammamet-a-vendre-a-110-md-51355351-nabeul-hammamet-140794,Terrain,110000,2025-03-20,Nabeul,Hammamet,54673967,8050,240,Non,Non,Non,Non,,,Non,Non,Non,Commerciale
menzili,https://www.menzili.tn/annonce/terrain-r4-amenager-commercial-et-ou-habitation-a-150-m-de-la-plage-sousse-hergla-140789,Terrain,,2025-03-20,Sousse,Hergla,Hergla,4000,570,Titre Individuel,Non,Non,Oui,,25,Oui,Non,Non,Résidentielle
menzili,https://www.menzili.tn/annonce/opportunit-500m-pour-villa-ariana-raoued-140777,Terrain,160000,2025-03-19,Ariana,Raoued,Raoued,2083,500,Non,Oui,Non,Non,,,Non,Non,Non,Commerciale
menzili,https://www.menzili.tn/annonce/A-vendre-terrain-residentiel-a-bouhsina-sousse-soussemedina-140768,Terrain,352800,2025-03-19,Sousse,Sousse Médina,Bouhsina,1008,441,Non,Non,Non,Non,,,Non,Non,Non,Résidentielle
menzili,https://www.menzili.tn/annonce/A-vendre-terrain-residentiel-a-hergla-partager-sousse-hergla-140767,Terrain,277600,2025-03-19,Sousse,Hergla,Hergla,4000,347,Non,Non,Non,Non,,,Non,Non,Non,Résidentielle
menzili,https://www.menzili.tn/annonce/terrain-a-vendre-kairouan-%D8%A3%D8%B1%D8%B6-%D8%B5%D8%A7%D9%84%D8%AD%D8%A9-%D9%84%D9%84%D8%A8%D9%86%D8%A7%D8%A1-kairouan-kairouannord-140755,Terrain,157000,2025-03-19,Kairouan,Kairouan Nord,Kairouan Nord,3100,383,Titre Bleu,Non,Non,Non,24x15,,Non,Non,Non,Commerciale
menzili,https://www.menzili.tn/annonce/superbe-lot-de-terrain-de-380-m-a-afh-mrezga-a-vendre-51355351-nabeul-mrezga-140753,Terrain,1200,2025-03-19,Nabeul,Mrezga,Mrezga,8058,380,Oui,Non,Non,Non,,,Non,Non,Non,Commerciale
menzili,https://www.menzili.tn/annonce/terrain-tres-bien-situe-a-vendre-sfax-routegremda-140752,Terrain,,2025-03-18,Sfax,Route Gremda,Rue ibn athir route kaied Mhamed km3 à côté de cei,3000,,Non,Non,Non,Non,27x15,,Oui,Non,Non,Commerciale
menzili,https://www.menzili.tn/annonce/terrain-cloture-a-vendre-a-la-zone-touristique-mrezga-51355351-nabeul-mrezga-140748,Terrain,295000,2025-03-18,Nabeul,Mrezga,Mrezga,8058,210,Non,Non,Non,Non,,,Non,Non,Non,Résidentielle
menzili,https://www.menzili.tn/annonce/terrain-pour-villa-a-vendre-a-borj-touil-ariana-ariana-arianaville-140710,Terrain,,2025-03-17,Ariana,Ariana Ville,Borj touil ariana,2080,900,Non,Non,Non,Oui,,,Non,Oui,Oui,Commerciale
menzili,https://www.menzili.tn/annonce/terrain-tabarka-larmel-jendouba-tabarka-140685,Terrain,765000,2025-03-15,Jendouba,Tabarka,larmel,8110,2393,Non,Non,Non,Non,,,Non,Non,Non,Commerciale
menzili,https://www.menzili.tn/annonce/terrain-pieds-dans-l-eau-de-9716-m-a-korba-a-vendre-51355351-nabeul-korba-140673,Terrain,,2025-03-15,Nabeul,Korba,Korba,8070,9716,Non,Non,Non,Non,,,Non,Non,Oui,Commerciale
menzili,https://www.menzili.tn/annonce/un-lot-de-terrain-de-504-m-a-vendre-a-korba-51355351-nabeul-korba-140667,Terrain,,2025-03-15,Nabeul,Korba,Korba,8070,504,Oui,Non,Non,Non,,,Non,Non,Non,Commerciale
menzili,https://www.menzili.tn/annonce/terrain-pieds-dans-l-eau-de-3333-m-a-korba-a-vendre-51355351-nabeul-korba-140662,Terrain,430000,2025-03-14,Nabeul,Korba,Korba,8070,3333,Non,Non,Non,Non,,,Non,Non,Oui,Commerciale
menzili,https://www.menzili.tn/annonce/A-vendre-villa-style-europeen-avec-terrain-mannouba-mornagia-ref-pa-0484-manouba-mornaguia-140654,Terrain,400000,2025-03-14,Manouba,Mornaguia,Mornaguia,1110,1000,Non,Non,Non,Oui,,,Non,Non,Non,Commerciale
menzili,https://www.menzili.tn/annonce/un-terrain-de-1688-m-a-vendre-a-hammamet-sud-51355351-nabeul-hammametsud-140615,Terrain,,2025-03-13,Nabeul,Hammamet Sud,Hammamet Sud,8050,,Oui,Non,Non,Non,,,Non,Oui,Oui,Commerciale
menzili,https://www.menzili.tn/annonce/une-ferme-de-hectare-et-5000m-a-vendre-situee-a-kondar-sousse-kondar-140609,Terrain,60000,2025-03-13,Sousse,Kondar,Kondar,4010,15000,Non,Non,Non,Non,,,Non,Non,Non,Commerciale
menzili,https://www.menzili.tn/annonce/terrain-de-587-m-a-vendre-a-140-md-a-hammamet-sud-51355351-nabeul-hammametsud-140596,Terrain,140000,2025-03-13,Nabeul,Hammamet Sud,Hammamet Sud,8050,587,Oui,Non,Non,Non,,,Non,Non,Non,Commerciale
menzili,https://www.menzili.tn/annonce/terrain-a-vendre-du-superficie-330-m-a-ksar-hellal-monastir-ksarhellal-140576,Terrain,125000,2025-03-12,Monastir,Ksar Hellal,cité riadh ksar hellal,5070,330,Oui,Non,Non,Oui,,,Non,Non,Non,Résidentielle
menzili,https://www.menzili.tn/annonce/terrain-cloture-de-1000-m-a-vendre-a-110-md-a-hammamet-sud-51355351-nabeul-hammametsud-140574,Terrain,110000,2025-03-12,Nabeul,Hammamet Sud,Hammamet Sud,8050,1000,Non,Non,Non,Non,,,Non,Non,Non,Commerciale
menzili,https://www.menzili.tn/annonce/lot-de-terrain-de-3-facade-commercial-r-5-sousse-hammamsousse-140568,Terrain,530000,2025-03-12,Sousse,tunisie,hammam sousse,1000,530,Non,Non,Non,Non,,,Non,Non,Non,Commerciale
menzili,https://www.menzili.tn/annonce/un-lot-de-terrain-de-500-m-a-vendre-a-60-md-a-hammamet-sud-51355351-nabeul-hammametsud-140564,Terrain,60000,2025-03-12,Nabeul,Hammamet Sud,Hammamet Sud,8050,500,Non,Non,Non,Non,,,Non,Non,Non,Commerciale
menzili,https://www.menzili.tn/annonce/terrain-cloture-de-687-m-a-vendre-a-hammamet-sud-51355351-nabeul-hammametsud-140561,Terrain,125000,2025-03-11,Nabeul,Hammamet Sud,Hammamet Sud,8050,687,Titre Bleu,Non,Non,Non,,,Non,Oui,Oui,Commerciale
menzili,https://www.menzili.tn/annonce/un-terrain-de-423-m-dans-la-zone-de-sidi-mahressi-a-vendre-51355351-nabeul-nabeul-140546,Terrain,380000,2025-03-11,Nabeul,Nabeul,Nabeul,8000,423,Non,Non,Non,Non,,,Non,Oui,Oui,Résidentielle
menzili,https://www.menzili.tn/annonce/terrain-nabeul-hammamghezeze-140525,Terrain,,2025-03-10,Nabeul,Hammam Ghezèze,Hammam Ghezeze,8000,,Non,Non,Non,Non,,,Oui,Non,Non,Commerciale
menzili,https://www.menzili.tn/annonce/terrain-de-3789-m-a-hammamet-sud-a-vendre-51355351-nabeul-hammametsud-140518,Terrain,,2025-03-09,Nabeul,Hammamet Sud,Hammamet Sud,8050,3789,Non,Non,Non,Non,,,Non,Oui,Oui,Commerciale
menzili,https://www.menzili.tn/annonce/vend-lots-de-terrain-de-150-200--500m2-a-partir-de-18000-dt-tunis-sidihassine-140517,Terrain,18000,2025-03-09,Tunis,Sidi Hassine,Birine,1096,300,Non,Non,Non,Non,,,Non,Non,Non,Commerciale
menzili,https://www.menzili.tn/annonce/terrain-316-m2-a-15-min-de-hammamet-sud-nabeul-hammamet-140516,Terrain,60000,2025-03-09,Nabeul,Hammamet,Sidi Hamed - Hammamet,8050,316,Oui,Non,Non,Non,,,Non,Non,Non,Commerciale
menzili,https://www.menzili.tn/annonce/terrain-cloture-a-vendre-a-la-zone-touristique-mrezga-nabeul-mrezga-140514,Terrain,295000,2025-03-09,Nabeul,Mrezga,Mrezga,8058,210,Non,Non,Non,Non,,,Non,Non,Non,Résidentielle
menzili,https://www.menzili.tn/annonce/vente-terrain-rafraf-ain-mestir-bizerte-bizertesud-140511,Terrain,260000,2025-03-09,Bizerte,Bizerte Sud,Ain Mestir,7000,1200,Non,Non,Non,Oui,,,Non,Oui,Oui,Commerciale
menzili,https://www.menzili.tn/annonce/superbe-lot-de-terrain-a-afh-mrezga-a-vendre-51355351-nabeul-mrezga-140507,Terrain,1200,2025-03-08,Nabeul,Mrezga,Mrezga,8058,380,Oui,Non,Non,Non,,,Non,Non,Non,Commerciale
menzili,https://www.menzili.tn/annonce/un-terrain-de-2028-m-a-morneg-ouzra-benarous-mornag-140506,Terrain,250000,2025-03-08,Ben Arous,Mornag,Mornag,2090,2028,Oui,Non,Non,Non,,39,Non,Non,Non,Commerciale
menzili,https://www.menzili.tn/annonce/terrain-de-950-m-a-vendre-a-hammamet-zone-theatre-51355351-nabeul-hammamet-140437,Terrain,,2025-03-08,Nabeul,Hammamet,Hammamet,8050,950,Titre Bleu,Non,Non,Non,,,Non,Non,Non,Commerciale
menzili,https://www.menzili.tn/annonce/a-vendre-terrain-pour-promoteur-immobilier-ou-particulier-benarous-medinajedida-134556,Terrain,,2024-09-21,Ben Arous,Medina Jedida,Medina Jedida,2013,940,Non,Non,Non,Non,,,Oui,Non,Non,Commerciale
menzili,https://www.menzili.tn/annonce/lot-terrain-266-m2-tf-a-raoued-plage-ariana-raoued-140432,Terrain,270000,2025-03-07,Ariana,Raoued,Raoued,2083,266,Oui,Non,Oui,Non,,,Non,Non,Non,Résidentielle
menzili,https://www.menzili.tn/annonce/a-vendre-terrain-de-780m-a-oued-ellil-manouba-ouedellil-140420,Terrain,780000,2025-03-07,Manouba,Oued Ellil,Oued Ellil,2021,780,Titre Bleu,Non,Non,Non,,,Non,Non,Non,Résidentielle
menzili,https://www.menzili.tn/annonce/a-vendre-terrain-au-bardo-cite-skik-tunis-lebardo-140414,Terrain,658000,2025-03-07,Tunis,Le Bardo,Le Bardo,2000,658,Oui,Non,Non,Non,,,Non,Non,Non,Résidentielle
menzili,https://www.menzili.tn/annonce/a-vendre-terrain-au-bardo-cite-ekik-tunis-lebardo-140395,Terrain,845000,2025-03-07,Tunis,Le Bardo,Le Bardo,2000,650,Oui,Non,Non,Non,,,Non,Non,Non,Résidentielle
menzili,https://www.menzili.tn/annonce/terrain-430-m-a-hidhab-mornagia-manouba-mornaguia-140388,Terrain,301000,2025-03-07,Manouba,Mornaguia,Mornaguia,1110,430,Oui,Non,Non,Non,,20,Oui,Oui,Oui,Résidentielle
menzili,https://www.menzili.tn/annonce/a-vendre-terrain-au-bardo-tunis-lebardo-140385,Terrain,1219000,2025-03-07,Tunis,Le Bardo,Le Bardo,2000,1524,Oui,Non,Non,Oui,,,Non,Non,Non,Résidentielle
menzili,https://www.menzili.tn/annonce/terrain-de-266-m-a-bouhsina-200-000dt-sousse-hammamsousse-140378,Terrain,200000,2025-03-07,Sousse,Hammam Sousse,Hammam Sousse,4011,266,Titre Bleu,Non,Non,Non,,,Non,Non,Non,Commerciale
menzili,https://www.menzili.tn/annonce/vente-terrain-a-mannouba-manouba-manoubaville-140369,Terrain,513000,2025-03-07,Manouba,Manouba Ville,Manouba Ville,2010,513,Oui,Non,Non,Non,,,Non,Non,Non,Résidentielle
menzili,https://www.menzili.tn/annonce/terrain-viabilise-de-450-m-a-vendre-a-hammamet-51355351-nabeul-hammametnord-140358,Terrain,,2025-03-06,Nabeul,Hammamet Nord,Hammamet Nord,8050,450,Oui,Non,Oui,Non,,,Non,Non,Non,Résidentielle
menzili,https://www.menzili.tn/annonce/a-vendre-ferme-agricole-a-bir-drassen-nabeul-nabeul-benikhalled-140352,Terrain,1280000,2025-03-06,Nabeul,Béni Khalled,Béni Khalled,8000,60000,Non,Non,Non,Non,,,Oui,Non,Non,Commerciale
menzili,https://www.menzili.tn/annonce/terrain-altos-ref-t1940-nabeul-hammamet-140315,Terrain,137800,2025-03-05,Nabeul,Hammamet,Hammamet,8050,212,Non,Non,Non,Non,,,Non,Non,Non,Commerciale
menzili,https://www.menzili.tn/annonce/un-terrain-de-694m-a-vendre-situe-a-khzema-ouest-sousse-soussemedina-140312,Terrain,1350,2025-03-05,Sousse,Sousse Médina,Sousse Médina,1008,694,Titre Individuel,Non,Non,Non,,,Oui,Non,Non,Commerciale
menzili,https://www.menzili.tn/annonce/terrain-de-800-m-a-vendre-a-hammamet-sud-51355351-nabeul-hammametsud-140308,Terrain,150000,2025-03-05,Nabeul,Hammamet Sud,Hammamet Sud,8050,800,Oui,Non,Non,Non,,,Non,Oui,Oui,Commerciale
menzili,https://www.menzili.tn/annonce/un-terrain-de-1000m-a-vendre-situe-a-akouda-sousse-akouda-140306,Terrain,,2025-03-05,Sousse,Akouda,Akouda,4022,,Titre Individuel,Non,Non,Non,,,Non,Non,Non,Commerciale
menzili,https://www.menzili.tn/annonce/terrain-bochra-ref-t813-nabeul-hammamet-140305,Terrain,390000,2025-03-05,Nabeul,Hammamet,Hammamet,8050,3745,Titre Individuel,Non,Non,Non,,,Non,Non,Non,Commerciale
menzili,https://www.menzili.tn/annonce/terrain-hosni-ref-t814-nabeul-hammamet-140303,Terrain,210000,2025-03-05,Nabeul,Hammamet,Hammamet,8050,1500,Non,Non,Non,Non,,,Non,Non,Non,Commerciale
menzili,https://www.menzili.tn/annonce/terrain-sophie-2-ref-t1946-nabeul-hammamet-140299,Terrain,600000,2025-03-05,Nabeul,Hammamet,Hammamet,8050,15000,Non,Non,Non,Non,,,Non,Non,Non,Commerciale
menzili,https://www.menzili.tn/annonce/terrain-crocosmia-1-ref-t1951-nabeul-hammametnord-140298,Terrain,260400,2025-03-05,Nabeul,Hammamet Nord,Hammamet Nord,8050,465,Non,Oui,Non,Non,,,Non,Non,Non,Commerciale
menzili,https://www.menzili.tn/annonce/terrain-wissem-ref-t1956-nabeul-hammamet-140297,Terrain,187500,2025-03-05,Nabeul,Hammamet,Hammamet,8050,,Non,Non,Non,Non,,,Non,Non,Non,Commerciale
menzili,https://www.menzili.tn/annonce/terrain-sahbi-3-ref-t1959-nabeul-hammamet-140296,Terrain,225000,2025-03-05,Nabeul,Hammamet,Hammamet,8050,500,Oui,Non,Non,Non,,,Non,Non,Non,Commerciale
menzili,https://www.menzili.tn/annonce/terrain-origin-ref-t1941-nabeul-hammamet-140295,Terrain,105000,2025-03-05,Nabeul,Hammamet,Hammamet,8050,1500,Non,Non,Non,Non,,,Non,Non,Non,Commerciale
menzili,https://www.menzili.tn/annonce/terrain-108-m2-nabeul-kelibia-140284,Terrain,,2025-03-05,Nabeul,Kélibia,kelibia,8090,108,Non,Non,Non,Non,,,Non,Non,Non,Commerciale
menzili,https://www.menzili.tn/annonce/terrain-4300-m2-nabeul-kelibia-140280,Terrain,350000,2025-03-05,Nabeul,Kélibia,kelibia,8090,4300,Non,Non,Non,Non,,,Non,Non,Non,Commerciale
menzili,https://www.menzili.tn/annonce/terrain-vue-de-mer-de-1122-m-a-vendre-a-hammamet-nord-51355351-nabeul-hammametnord-140263,Terrain,,2025-03-04,Nabeul,Hammamet Nord,Hammamet Nord,8050,1122,Non,Oui,Non,Non,,,Non,Non,Non,Commerciale
menzili,https://www.menzili.tn/annonce/une-ferme-de-cinq-hectares-a-vendre-situe-a-kalaa-kbira-kondar-sousse-kalaakebira-140250,Terrain,260000,2025-03-04,Sousse,Kalaâ Kebira,Kalaâ Kebira,4000,50000,Non,Non,Non,Non,,,Non,Non,Non,Commerciale
menzili,https://www.menzili.tn/annonce/a-vendre-des-terrains-agricoles-situe-a-kalaa-kbira-sousse-kalaakebira-140237,Terrain,,2025-03-04,Sousse,Kalaâ Kebira,Kalaâ Kebira,4000,2000,Oui,Non,Non,Non,,,Non,Non,Non,Commerciale
menzili,https://www.menzili.tn/annonce/a-vendre-un-terrain-r-4-pres-clinique-concorde-sousse-hammamsousse-140234,Terrain,544800,2025-03-04,Sousse,Hammam Sousse,Hammam Sousse,4011,454,Non,Non,Non,Non,,,Non,Non,Non,Commerciale
menzili,https://www.menzili.tn/annonce/a-vendre-un-terrain-a-messadine-sousse-pres-marcus-sousse-msaken-140233,Terrain,215550,2025-03-04,Sousse,M'saken,M'saken,4070,479,Non,Non,Non,Non,,,Non,Non,Non,Commerciale
menzili,https://www.menzili.tn/annonce/A-vendre-un-terrain-de-500m2-situe-a-kalaa-essghira-sousse-sousse-kalaasghira-140220,Terrain,120000,2025-03-03,Sousse,Kalaâ Sghira,Kalaâ Sghira,4000,500,Titre Bleu,Non,Non,Non,,,Non,Non,Non,Commerciale
menzili,https://www.menzili.tn/annonce/a-vendre-terrain-situe-a-khezama-pres-l-instant-cafe-sousse-soussejawhara-140218,Terrain,,2025-03-03,Sousse,Sousse Jawhara,Sousse Jawhara,4000,500,Non,Non,Non,Non,,,Non,Non,Non,Commerciale
menzili,https://www.menzili.tn/annonce/A-vendre-un-terrain-de-608m-situe-a-khezama-ouest-sousse-soussejawhara-140215,Terrain,,2025-03-03,Sousse,Sousse Jawhara,Sousse Jawhara,4000,608,Non,Non,Non,Oui,,,Non,Non,Non,Résidentielle
menzili,https://www.menzili.tn/annonce/terrain-a-vendre-monastir-monastir-140209,Terrain,212500,2025-03-03,Monastir,Monastir,Monastir,5000,352,Non,Non,Non,Non,,,Non,Non,Non,Résidentielle
menzili,https://www.menzili.tn/annonce/A-vendre-un-terrain-de-917-m-avec-un-construction-inacheve-situe-a-la-nouvel-bouhsina-sousse-hammamsousse-140205,Terrain,,2025-03-03,Sousse,Hammam Sousse,Hammam Sousse,4011,917,Titre Bleu,Non,Non,Oui,,,Non,Non,Non,Résidentielle
menzili,https://www.menzili.tn/annonce/un-terrain-de-600-m-a-birbouragba-a-vendre-51355351-nabeul-hammametsud-140193,Terrain,80000,2025-03-02,Nabeul,Hammamet Sud,Hammamet Sud,8050,660,Oui,Non,Non,Non,,,Non,Oui,Oui,Commerciale
menzili,https://www.menzili.tn/annonce/un-superbe-lot-de-terrain-de-382-m-a-hammamet-sud-a-vendre-51355351-nabeul-hammametsud-140192,Terrain,80000,2025-03-02,Nabeul,Hammamet Sud,Hammamet Sud,8050,382,Oui,Non,Non,Non,,,Oui,Oui,Oui,Commerciale
menzili,https://www.menzili.tn/annonce/terrain-de-220-m-a-km71-a-vendre-51355351-nabeul-hammametsud-140188,Terrain,110000,2025-03-02,Nabeul,Hammamet Sud,Hammamet Sud,8050,220,Oui,Non,Non,Non,,,Non,Oui,Oui,Commerciale
menzili,https://www.menzili.tn/annonce/terrain-de-400-m-avec-vue-de-mer-a-hammamet-sud-a-vendre-51355351-nabeul-hammametsud-140185,Terrain,60000,2025-03-02,Nabeul,Hammamet Sud,Hammamet Sud,8050,400,Non,Oui,Non,Non,,,Non,Oui,Oui,Commerciale
menzili,https://www.menzili.tn/annonce/terrain-220-m2-a-ezahra-kelibia-nabeul-hammamghezeze-140182,Terrain,45000,2025-03-01,Nabeul,Hammam Ghezèze,Ezahra,8000,220,Non,Non,Non,Non,,,Non,Non,Non,Commerciale
menzili,https://www.menzili.tn/annonce/terrain-d-habitation-244-m-a-petit-paris-kelibia-nabeul-kelibia-140175,Terrain,375000,2025-03-01,Nabeul,Kélibia,Kélibia,8000,244,Oui,Non,Non,Non,,14,Non,Non,Non,Résidentielle
menzili,https://www.menzili.tn/annonce/terrain-avec-studio-a-birbouragba-vendre-a-150-md-51355351-nabeul-hammametsud-140152,Terrain,150000,2025-02-28,Nabeul,Hammamet Sud,Hammamet Sud,8050,350,Non,Non,Non,Non,,,Non,Oui,Oui,Commerciale
menzili,https://www.menzili.tn/annonce/un-terrain-de-800-m2-a-vendre-ariana-chotrana-140150,Terrain,,2025-02-28,Ariana,La Soukra,Chotrana 3,2036,800,Non,Non,Oui,Non,,,Oui,Non,Non,Commerciale
menzili,https://www.menzili.tn/annonce/a-vendre-terrain-situe-a-chat-mariem-sousse-akouda-140148,Terrain,1150,2025-02-28,Sousse,Akouda,Akouda,4022,610,Non,Non,Non,Non,,,Non,Non,Non,Commerciale
menzili,https://www.menzili.tn/annonce/terrain-sfax-kerkennah-140121,Terrain,,2025-02-27,Sfax,Kerkennah,القنطرة,3070,1000,Non,Non,Non,Non,,,Non,Non,Non,Commerciale
menzili,https://www.menzili.tn/annonce/un-terrain-de-350-m-a-vendre-situee-a-akouda-sousse-akouda-140115,Terrain,175000,2025-02-27,Sousse,Akouda,Akouda,4022,350,Titre Individuel,Non,Non,Non,,,Non,Non,Non,Commerciale
menzili,https://www.menzili.tn/annonce/terrain-avec-studio-a-birbouragba-a-vendre-a-80-md-51355351-nabeul-hammametsud-140109,Terrain,80000,2025-02-27,Nabeul,Hammamet Sud,Hammamet Sud,8050,680,Oui,Non,Non,Non,,,Oui,Oui,Oui,Commerciale
menzili,https://www.menzili.tn/annonce/terrain-de-6-5-hectares-avec-une-maison-a-vendre-51355351-nabeul-hammametsud-140088,Terrain,65000,2025-02-27,Nabeul,Hammamet Sud,Hammamet Sud,8050,65000,Titre Bleu,Non,Non,Non,,,Non,Oui,Oui,Commerciale
menzili,https://www.menzili.tn/annonce/terrain-a-vendre-pour-promoteur-immobilier-tunis-sidihassine-140079,Terrain,5167000,2025-02-27,Tunis,Sidi Hassine,AIN ZAGHOUANE NORD,1096,1316,Non,Non,Non,Oui,,,Non,Non,Non,Commerciale
menzili,https://www.menzili.tn/annonce/terrain-de-1000-m-a-birbouragba-a-vendre-51355351-nabeul-hammametsud-140076,Terrain,185000,2025-02-27,Nabeul,Hammamet Sud,Hammamet Sud,8050,1000,Oui,Non,Non,Non,,,Non,Oui,Oui,Commerciale
menzili,https://www.menzili.tn/annonce/terrain-agricole-a-vendre-d-une-superficie-de-2-hectares-nabeul-kelibia-140068,Terrain,400000,2025-02-26,Nabeul,Kélibia,dar allouche- kélibia- nabeul,8000,27000,Titre Bleu,Non,Non,Non,,,Non,Oui,Oui,Commerciale
menzili,https://www.menzili.tn/annonce/une-ferme-de-superficie-de-7-hectares-a-sidi-bou-ali-sousse-sidibouali-140064,Terrain,730000,2025-02-26,Sousse,Sidi Bou Ali,Sidi Bou Ali,4040,,Non,Non,Non,Non,,,Non,Non,Non,Commerciale
menzili,https://www.menzili.tn/annonce/un-terrain-de-200-m-sur-la-route-principale-a-hammamet-sud-51355351-nabeul-hammametsud-140062,Terrain,55000,2025-02-26,Nabeul,Hammamet Sud,Hammamet Sud,8050,200,Non,Non,Non,Non,,,Oui,Non,Non,Commerciale
menzili,https://www.menzili.tn/annonce/terrain-a-vendre-de-216-m2-ariana-raoued-140046,Terrain,,2025-02-26,Ariana,Raoued,Raoued,2083,216,Non,Non,Non,Oui,,,Non,Non,Non,Commerciale
menzili,https://www.menzili.tn/annonce/deux-lots-de-terrain-jumeles-et-clotures-de-527-m-a-vendre-51355351-nabeul-hammametsud-140044,Terrain,105000,2025-02-26,Nabeul,Hammamet Sud,Hammamet Sud,8050,527,Oui,Non,Non,Non,,,Non,Oui,Oui,Commerciale
menzili,https://www.menzili.tn/annonce/un-terrain-de-500m-a-borj-louzir-ariana-lasoukra-140034,Terrain,350000,2025-02-25,Ariana,La Soukra,La Soukra,2036,500,Non,Non,Non,Non,,35,Non,Non,Non,Commerciale
menzili,https://www.menzili.tn/annonce/terrain-de-2700-m-a-hammamet-sud-a-vendre-a-200-md-51355351-nabeul-hammametsud-140033,Terrain,200000,2025-02-25,Nabeul,Hammamet Sud,Hammamet Sud,8050,2700,Oui,Non,Non,Non,,,Non,Oui,Oui,Commerciale
menzili,https://www.menzili.tn/annonce/terrain-de-2000-m-a-hammamet-sud-a-vendre-51355351-nabeul-hammametsud-140022,Terrain,300000,2025-02-25,Nabeul,Hammamet Sud,Hammamet Sud,8050,2000,Oui,Non,Non,Non,,,Non,Oui,Oui,Commerciale
menzili,https://www.menzili.tn/annonce/terrain-a-vendre-de-542-m2-ariana-lasoukra-140008,Terrain,487800,2025-02-24,Ariana,La Soukra,La Soukra,2036,542,Non,Non,Non,Non,,,Non,Non,Non,Commerciale
menzili,https://www.menzili.tn/annonce/terrain-a-vendre-de-480-m2-ariana-lasoukra-140007,Terrain,576000,2025-02-24,Ariana,La Soukra,La Soukra,2036,480,Non,Non,Non,Non,,,Non,Non,Non,Commerciale
menzili,https://www.menzili.tn/annonce/terrain-a-vendre-de-2000-m2-ariana-kalaatelandalous-140006,Terrain,480000,2025-02-24,Ariana,Kalaât El Andalous,Kalaât El Andalous,2080,2000,Non,Non,Non,Non,,,Oui,Non,Non,Commerciale
menzili,https://www.menzili.tn/annonce/une-ferme-de-huit-hectares-a-vendre-situe-a-kalaa-kbira-henia-sousse-kalaakebira-139994,Terrain,1800000,2025-02-24,Sousse,Kalaâ Kebira,Kalaâ Kebira,4000,,Titre Individuel,Non,Non,Non,,,Non,Non,Non,Commerciale
menzili,https://www.menzili.tn/annonce/terrain-a-hammamet-nabeul-hammamet-139980,Terrain,,2025-02-23,Nabeul,Hammamet,Bir Bouregba,8050,,Non,Non,Non,Non,,,Non,Non,Non,Commerciale
menzili,https://www.menzili.tn/annonce/terrain-de-4800-m-a-sidi-mtir-a-vendre-a-270-md-51355351-sousse-bouficha-139974,Terrain,270000,2025-02-23,Sousse,Bouficha,Sidi Mtir,4000,4800,Oui,Non,Non,Non,,,Non,Oui,Oui,Commerciale
menzili,https://www.menzili.tn/annonce/terrain-cloture-de-578-m-a-vendre-a-hammamet-sud-51355351-nabeul-hammametsud-139955,Terrain,130000,2025-02-22,Nabeul,Hammamet Sud,Hammamet Sud,8050,578,Oui,Non,Non,Non,,,Non,Oui,Oui,Résidentielle
menzili,https://www.menzili.tn/annonce/un-terrain-de-1428-m-a-km71-a-vendre-51355351-nabeul-hammametsud-139942,Terrain,,2025-02-22,Nabeul,Hammamet Sud,Hammamet Sud,8050,1428,Oui,Non,Non,Non,,,Non,Oui,Oui,Commerciale
menzili,https://www.menzili.tn/annonce/a-vendre-terrain-de-promotion-sousse-sahloul-139940,Terrain,480800,2025-02-22,Sousse,Sahloul,Sahloul,4054,601,Oui,Non,Non,Non,,,Oui,Non,Non,Résidentielle
menzili,https://www.menzili.tn/annonce/terrain-a-hammamet-sud-nabeul-hammametsud-139933,Terrain,15000,2025-02-22,Nabeul,Hammamet Sud,Hammamet Nabuel,8050,150,Non,Non,Non,Non,,,Non,Non,Non,Commerciale
menzili,https://www.menzili.tn/annonce/terrain-avec-vue-de-mer-de-2000-m-a-hammamet-sud-a-vendre-51355351-nabeul-hammametsud-139930,Terrain,,2025-02-22,Nabeul,Hammamet Sud,Hammamet Sud,8050,2000,Oui,Oui,Non,Non,,,Non,Oui,Oui,Commerciale
menzili,https://www.menzili.tn/annonce/deux-lots-de-terrain-a-vendre-a-hammamet-sud-51355351-nabeul-hammametsud-139914,Terrain,,2025-02-21,Nabeul,Hammamet Sud,Hammamet Sud,8050,310,Oui,Non,Non,Non,,,Non,Non,Non,Commerciale
menzili,https://www.menzili.tn/annonce/des-terrains-a-vendre-a-rmila-sousse-sidibouali-139898,Terrain,,2025-02-21,Sousse,Sidi Bou Ali,Sidi Bou Ali,4040,,Non,Non,Non,Non,,,Non,Non,Non,Commerciale
menzili,https://www.menzili.tn/annonce/terrain-a-foret-madfoun-hergla-sousse-hergla-139887,Terrain,,2025-02-21,Sousse,Hergla,Hergla,4000,850,Oui,Non,Non,Non,,,Non,Non,Non,Commerciale
menzili,https://www.menzili.tn/annonce/terrain-de-2500-m-a-vendre-a-270-md-a-hammamet-sud-51355351-nabeul-hammametsud-139881,Terrain,270000,2025-02-21,Nabeul,Hammamet Sud,Hammamet Sud,8050,2500,Oui,Non,Non,Non,,,Non,Oui,Non,Commerciale
menzili,https://www.menzili.tn/annonce/terrain-cloture-a-vendre-a-105-md-a-hammamet-sud-51355351-nabeul-hammametsud-139875,Terrain,105000,2025-02-20,Nabeul,Hammamet Sud,Hammamet Sud,8050,500,Oui,Non,Non,Non,,,Non,Oui,Oui,Commerciale
menzili,https://www.menzili.tn/annonce/un-terrain-de-2100-m-avec-1-studio-a-hammamet-sud-a-vendre-51355351-nabeul-hammamet-139866,Terrain,400000,2025-02-20,Nabeul,Hammamet,Hammamet,8050,2100,Non,Non,Non,Non,,,Non,Non,Non,Commerciale
menzili,https://www.menzili.tn/annonce/A-vendre-terrain-nu-jardins-de-carthage-tunis-ref-pa-0441-tunis-carthage-139865,Terrain,885000,2025-02-20,Tunis,Carthage,Carthage,2016,295,Oui,Non,Non,Oui,,,Non,Non,Non,Commerciale
menzili,https://www.menzili.tn/annonce/terrain-agricole-bizerte-utique-139864,Terrain,330000,2025-02-20,Bizerte,Utique,utique Zhena,7020,13000,Non,Non,Non,Non,,,Non,Non,Non,Commerciale
menzili,https://www.menzili.tn/annonce/un-terrain-1-klm-de-la-plage-a-dar-allouche-kelibia-nabeul-kelibia-139825,Terrain,,2026-03-30,,,,,,Non,Non,Non,Non,,,Non,Non,Non,
menzili,https://www.menzili.tn/annonce/terrain-cloture-de-580-m-a-maamoura-a-vendre-51355351-nabeul-benikhiar-139817,Terrain,,2026-03-30,,,,,,Non,Non,Non,Non,,,Non,Non,Non,
menzili,https://www.menzili.tn/annonce/terrain-agricole-de-15-5-hectares-a-battan-borj-el-amri-manouba-elbattan-139799,Terrain,,2026-03-30,,,,,,Non,Non,Non,Non,,,Non,Non,Non,
menzili,https://www.menzili.tn/annonce/superbe-lot-de-terrain-de-382-m-a-hammamet-sud-a-vendre-51355351-nabeul-hammametsud-139790,Terrain,,2026-03-30,,,,,,Non,Non,Non,Non,,,Non,Non,Non,
menzili,https://www.menzili.tn/annonce/terrain-a-vendre-al-malajie-agence-immobiliere-en-tunisie-kairouan-kairouannord-139756,Terrain,34000,2025-02-17,Kairouan,Kairouan Nord,Kairouan Nord,3100,225,Non,Non,Non,Non,,,Non,Non,Non,Commerciale
menzili,https://www.menzili.tn/annonce/terrain-agricole-2-hectares-a-vendre-a-kairouan-kairouan-kairouannord-139755,Terrain,120000,2025-02-17,Kairouan,Kairouan Nord,Kairouan Nord,3100,20000,Titre Individuel,Non,Non,Non,,,Oui,Non,Oui,Commerciale
menzili,https://www.menzili.tn/annonce/terrain-agricole-20-hectares-a-vendre-a-kairouan-kairouan-kairouannord-139754,Terrain,400000,2025-02-17,Kairouan,Kairouan Nord,Kairouan Nord,3100,20000,Non,Non,Non,Non,,,Non,Non,Oui,Commerciale
menzili,https://www.menzili.tn/annonce/terrain-agricole-3-hectar-a-vendre-a-kairouan-kairouan-kairouannord-139753,Terrain,550000,2025-02-17,Kairouan,Kairouan Nord,Kairouan Nord,3100,30000,Non,Non,Non,Non,,,Non,Non,Oui,Commerciale
menzili,https://www.menzili.tn/annonce/terrain-d-investissement-strategique-mansoura-raggada-kairouan-kairouannord-139751,Terrain,120000,2025-02-17,Kairouan,Kairouan Nord,Kairouan Nord,3100,1326,Non,Non,Non,Non,,,Oui,Non,Non,Commerciale
menzili,https://www.menzili.tn/annonce/villa-a-vendre-a-el-mansoura-kairouan-kairouan-kairouannord-139750,Terrain,100000,2025-02-17,Kairouan,Kairouan Nord,Kairouan Nord,3100,200,Non,Non,Non,Non,,,Non,Non,Non,Résidentielle
menzili,https://www.menzili.tn/annonce/terrain-a-vendre-borj-touil-ariana-ariana-arianaville-139719,Terrain,,2025-02-17,Ariana,Ariana Ville,2 mn de géant borj touil,2080,572,Non,Non,Non,Non,,,Non,Non,Non,Commerciale
menzili,https://www.menzili.tn/annonce/terrain-a-vendre-titre-bleu-tunis-elouardia-139717,Terrain,,2025-02-17,Tunis,El Ouardia,ibn sina wardia tunis,1000,740,Titre Bleu,Non,Non,Non,,25,Non,Non,Non,Commerciale
menzili,https://www.menzili.tn/annonce/villa-et-terrain-agricole-a-vendre-khelidia-ben-arous-benarous-mohamedia-139698,Terrain,900000,2025-02-17,Ben Arous,Mohamedia,Mohamedia,2084,1250,Non,Non,Non,Non,,,Non,Oui,Oui,Commerciale
menzili,https://www.menzili.tn/annonce/terrain-titre-bleu-avec-permis-de-batir-medenine-djerbahoumtsouk-139690,Terrain,310000,2025-02-16,Médenine,Djerba-Houmt Souk,Route msraya,4180,,Titre Bleu,Non,Non,Non,,,Oui,Non,Non,Commerciale
menzili,https://www.menzili.tn/annonce/3-hectar-terrain-agricole-a-vendre-a-kairouan-kairouan-kairouannord-139645,Terrain,150000,2025-02-15,Kairouan,Kairouan Nord,Kairouan Nord,3100,3000,Oui,Non,Non,Non,,,Non,Non,Non,Commerciale
menzili,https://www.menzili.tn/annonce/vente-terrain-manouba-mornaguia-139637,Terrain,,2025-02-15,Manouba,Mornaguia,Mornaguia,1110,320,Non,Non,Non,Non,,,Non,Non,Non,Commerciale
menzili,https://www.menzili.tn/annonce/un-terrain-a-vendre-situee-a-hammem-sousse-sousse-hammamsousse-139581,Terrain,540000,2025-02-13,Sousse,Hammam Sousse,Hammam Sousse,4011,473,Non,Non,Non,Non,,,Non,Non,Non,Commerciale
menzili,https://www.menzili.tn/annonce/terrain-de-1380-m-a-vendre-a-hammamet-51355351-nabeul-hammamet-139576,Terrain,,2025-02-13,Nabeul,Hammamet,Hammamet,8050,1380,Non,Non,Non,Non,,,Non,Oui,Oui,Commerciale
menzili,https://www.menzili.tn/annonce/un-terrain-a-vendre-situee-a-mahdia-salakta-mahdia-mahdia-139573,Terrain,350000,2025-02-13,Mahdia,Mahdia,Mahdia,5100,1000,Non,Oui,Non,Non,,,Non,Non,Non,Commerciale
menzili,https://www.menzili.tn/annonce/un-terrain-5-min-de-la-plage-a-dar-allouche-kelibia-avec-facilite-du-paiement-nabeul-elhaouaria-139563,Terrain,32000,2025-02-13,Nabeul,El Haouaria,kélibia,8045,227,Titre Bleu,Non,Non,Non,,,Non,Oui,Oui,Commerciale
menzili,https://www.menzili.tn/annonce/terrain-agricole-a-vendre-sbikha-kairouan-kairouan-kairouannord-139545,Terrain,50000,2025-02-12,Kairouan,Kairouan Nord,Kairouan Nord,3100,1000,Non,Non,Non,Non,,,Non,Non,Non,Commerciale
menzili,https://www.menzili.tn/annonce/un-terrain-de-720m-a-vendre-situe-a-ksour-gharnata-sousse-akouda-139521,Terrain,250000,2025-02-11,Sousse,Akouda,Akouda,4022,720,Non,Non,Non,Non,,,Non,Non,Non,Commerciale
menzili,https://www.menzili.tn/annonce/terrain-commercial-4025-metre-a-vendre-a-kairouan-%D8%A3%D8%B1%D8%B6-%D9%84%D9%84%D8%A8%D9%8A%D8%B9-%D8%A8%D8%A7%D9%84%D9%82%D9%8A%D8%B1%D9%88%D8%A7%D9%86-kairouan-kairouannord-139485,Terrain,1200000,2025-02-10,Kairouan,Kairouan Nord,Kairouan Nord,3100,4025,Non,Non,Non,Non,,,Oui,Non,Non,Commerciale
menzili,https://www.menzili.tn/annonce/terrain-afh-gafsa-gafsasud-139456,Terrain,,2025-02-09,Gafsa,Gafsa Sud,AFH GAFSA,2100,491,Non,Non,Non,Non,,,Non,Non,Non,Commerciale
menzili,https://www.menzili.tn/annonce/terrain-a-midoun-centre-djerba-medenine-djerbamidoun-139455,Terrain,,2025-02-09,Médenine,Djerba - Midoun,Djerba - Midoun,4180,,Titre Bleu,Non,Non,Non,,,Non,Non,Non,Commerciale
menzili,https://www.menzili.tn/annonce/un-terrain-a-zarzis-medenine-zarzis-139451,Terrain,,2025-02-09,Médenine,Zarzis,Paris 20,4170,1500,Non,Non,Non,Non,,,Oui,Non,Non,Commerciale
menzili,https://www.menzili.tn/annonce/terrain-de-420-m-a-hammamet-zone-theatre-a-vendre-51355351-nabeul-hammamet-139446,Terrain,1100,2025-02-09,Nabeul,Hammamet,Hammamet,8050,420,Oui,Non,Non,Non,,18,Non,Oui,Oui,Résidentielle
menzili,https://www.menzili.tn/annonce/terrain-habitation-a-teboulba-monastir-teboulba-139438,Terrain,166870,2025-02-08,Monastir,Téboulba,Téboulba,5000,451,Titre Bleu,Non,Non,Oui,,16,Non,Non,Non,Résidentielle
menzili,https://www.menzili.tn/annonce/magnifique-terrain-vue-mer-a-kef-abed-bizerte-bizerte-bizertenord-139407,Terrain,,2025-02-07,Bizerte,Bizerte Nord,Kef Abed Bizerte,7000,1000,Oui,Oui,Non,Non,,,Non,Non,Oui,Commerciale
menzili,https://www.menzili.tn/annonce/298-m-a-vendre-a-dar-allouche-nabeul-kelibia-139399,Terrain,,2025-02-07,Nabeul,Kélibia,Kélibia,8000,298,Titre Bleu,Non,Non,Non,,,Non,Oui,Oui,Commerciale
menzili,https://www.menzili.tn/annonce/terrain-a-menzel-temime-nabeul-elhaouaria-139396,Terrain,80000,2025-02-07,Nabeul,El Haouaria,menzel salem -el haouaria - nabeul,8045,1000,Titre Bleu,Non,Non,Non,,,Oui,Oui,Oui,Commerciale
menzili,https://www.menzili.tn/annonce/terrain-de-250-m2-a-vendre-benarous-fouchana-139353,Terrain,,2025-02-06,Ben Arous,Fouchana,Fouchana,2082,250,Non,Non,Non,Non,,,Non,Oui,Oui,Commerciale
menzili,https://www.menzili.tn/annonce/terrain-akram-nabeul-hammamet-139350,Terrain,1400,2025-02-06,Nabeul,Hammamet,Hammamet,8050,314,Non,Non,Non,Non,,,Non,Non,Non,Commerciale
menzili,https://www.menzili.tn/annonce/terrain-de-655m-a-bhar-lazrek-tunis-lamarsa-139349,Terrain,623000,2025-02-06,Tunis,La Marsa,La Marsa,2070,655,Titre Collectif,Non,Non,Non,,,Non,Non,Non,Commerciale
menzili,https://www.menzili.tn/annonce/vente-d-un-lot-de-terrain-%D8%A7%D8%B1%D8%B6-%D9%84%D9%84%D8%A8%D9%8A%D8%B9-nabeul-menzelbouzelfa-139348,Terrain,,2025-02-06,Nabeul,Menzel Bouzelfa,Menzel bouzelfa route kelibia,8010,412,Non,Non,Non,Non,,,Oui,Non,Non,Commerciale
menzili,https://www.menzili.tn/annonce/un-terrain-a-dar-allouche-de-227-m2-nabeul-kelibia-139346,Terrain,32000,2025-02-06,Nabeul,Kélibia,kélibia,8000,227,Titre Bleu,Non,Non,Non,,,Non,Oui,Oui,Commerciale
menzili,https://www.menzili.tn/annonce/un-terrain-d-exception-a-vendre-situee-a-chatt-mariem-pres-folla-sousse-akouda-139344,Terrain,4000000,2025-02-06,Sousse,Akouda,Akouda,4022,3760,Titre Bleu,Non,Non,Non,,,Oui,Non,Non,Résidentielle
menzili,https://www.menzili.tn/annonce/terrain-total-nabeul-hammamet-139334,Terrain,,2025-02-06,Nabeul,Hammamet,Hammamet,8050,300,Non,Non,Non,Non,,,Oui,Non,Non,Résidentielle
menzili,https://www.menzili.tn/annonce/terrain-charfi-nabeul-hammamet-139323,Terrain,,2025-02-06,Nabeul,Hammamet,Hammamet,8050,500,Non,Non,Non,Non,,,Oui,Non,Non,Commerciale
menzili,https://www.menzili.tn/annonce/une-ferme-de-deux-hectares-a-vendre-situee-a-kalaa-kbira-bourra-sousse-kalaakebira-139311,Terrain,550000,2025-02-05,Sousse,Kalaâ Kebira,Kalaâ Kebira,4000,20000,Titre Bleu,Non,Non,Non,,,Non,Non,Non,Commerciale
menzili,https://www.menzili.tn/annonce/une-ferme-de-deux-hectares-et-1000m-a-vendre-situee-a-kalaa-kbira-bourra-sousse-kalaakebira-139310,Terrain,450000,2025-02-05,Sousse,Kalaâ Kebira,Kalaâ Kebira,4000,21000,Titre Bleu,Non,Non,Non,,,Non,Non,Non,Commerciale
menzili,https://www.menzili.tn/annonce/terrain-a-kelibia-nabeul-kelibia-139301,Terrain,90000,2025-02-05,Nabeul,Kélibia,route azmour Kélibia,8000,333,Non,Non,Non,Non,,,Oui,Non,Non,Commerciale
menzili,https://www.menzili.tn/annonce/terrain-de-358-m-a-route-de-tunis-nabeul-nabeul-nabeul-139291,Terrain,268500,2025-02-05,Nabeul,Nabeul,nabeul,8000,358,Titre Individuel,Non,Non,Non,,,Oui,Non,Non,Commerciale
menzili,https://www.menzili.tn/annonce/un-magnifique-terrain-a-choutrana-2-ariana-lasoukra-139274,Terrain,473000,2025-02-04,Ariana,La Soukra,La Soukra,2036,430,Non,Non,Non,Non,,,Non,Non,Non,Résidentielle
menzili,https://www.menzili.tn/annonce/terrain-constructible-nabeul-hammametsud-139255,Terrain,90000,2025-02-04,Nabeul,Hammamet Sud,Hammamet Sud,8050,300,Non,Non,Non,Oui,,,Non,Oui,Oui,Résidentielle
menzili,https://www.menzili.tn/annonce/deux-terrains-agricoles-a-vendre-situee-a-sidi-bou-ali-pres-kiosque-sousse-sidibouali-139242,Terrain,,2025-02-03,Sousse,Sidi Bou Ali,Sidi Bou Ali,4040,2861,Titre Individuel,Non,Non,Non,,,Non,Non,Non,Commerciale
menzili,https://www.menzili.tn/annonce/terrain-de-2000m-a-vendre-sur-la-route-c36-benarous-fouchana-139214,Terrain,800000,2025-02-02,Ben Arous,Fouchana,Tunisie,2082,2000,Non,Non,Non,Non,,,Oui,Non,Non,Commerciale
menzili,https://www.menzili.tn/annonce/terrain-cloture-de-153-m-a-hammamet-sud-51355351-nabeul-hammametsud-139196,Terrain,35000,2025-02-01,Nabeul,Hammamet Sud,Hammamet Sud,8050,153,Oui,Non,Non,Non,,,Non,Oui,Oui,Commerciale
menzili,https://www.menzili.tn/annonce/terrain-de-200-m-sur-la-route-principale-a-hammamet-sud-51355351-nabeul-hammametsud-139188,Terrain,55000,2025-02-01,Nabeul,Hammamet Sud,Hammamet Sud,8050,200,Non,Non,Non,Non,,,Oui,Non,Non,Commerciale
menzili,https://www.menzili.tn/annonce/terrain-de-1179-m-a-vendre-a-hammamet-nabeul-hammamet-139180,Terrain,,2025-01-31,Nabeul,Hammamet,Hammamet,8050,1179,Non,Non,Non,Non,,,Oui,Non,Non,Commerciale
menzili,https://www.menzili.tn/annonce/terrain-habitation-monastir-bekalta-139175,Terrain,91800,2025-01-31,Monastir,Bekalta,Bekalta,5014,306,Non,Non,Non,Non,,20,Non,Non,Non,Résidentielle
menzili,https://www.menzili.tn/annonce/terrain-constructible-de-367-m2-nabeul-hammametnord-139167,Terrain,202000,2025-01-31,Nabeul,Hammamet Nord,Hammamet Nord,8050,367,Non,Non,Non,Oui,,,Non,Oui,Oui,Résidentielle
menzili,https://www.menzili.tn/annonce/terrain-de-804-m-a-5-min-du-centre-ville-de-midoun-zu-medenine-djerbamidoun-139163,Terrain,,2025-01-31,Médenine,MIDOUN,DJERBA,4116,804,Non,Non,Non,Oui,,,Non,Oui,Oui,Commerciale
menzili,https://www.menzili.tn/annonce/terrain-constructible-de-296-m2-nabeul-kelibia-139155,Terrain,177600,2025-01-30,Nabeul,Kélibia,Kélibia,8000,296,Non,Non,Non,Oui,,,Non,Non,Non,Résidentielle
menzili,https://www.menzili.tn/annonce/terrain-constructible-de-312-m2-nabeul-hammametnord-139143,Terrain,187600,2025-01-30,Nabeul,Hammamet Nord,Hammamet Nord,8050,312,Non,Non,Non,Oui,,,Non,Non,Non,Commerciale
menzili,https://www.menzili.tn/annonce/terrain-ain-berda-bizerte-bizertenord-139128,Terrain,400000,2025-01-30,Bizerte,Bizerte Nord,Bizerte Nord,7000,1084,Non,Non,Non,Non,,,Oui,Non,Non,Commerciale
menzili,https://www.menzili.tn/annonce/terrain-avec-vue-de-mer-de-2000-m-a-hammamet-sud-a-vendre-nabeul-hammametsud-139096,Terrain,200000,2025-01-29,Nabeul,Hammamet Sud,Hammamet Sud,8050,2000,Oui,Oui,Non,Non,,,Oui,Oui,Oui,Commerciale
menzili,https://www.menzili.tn/annonce/terrain-a-vendre-de-290m-nabeul-hammamghezeze-139076,Terrain,139000,2025-01-29,Nabeul,Hammam Ghezèze,Kélibia,8000,290,Non,Non,Non,Non,,,Non,Oui,Oui,Commerciale
menzili,https://www.menzili.tn/annonce/terrain-cloture-a-vendre-a-105-md-a-hammamet-sud-51355351-nabeul-hammametsud-139068,Terrain,105000,2025-01-29,Nabeul,Hammamet Sud,Hammamet Sud,8050,500,Oui,Non,Non,Non,,,Non,Oui,Oui,Commerciale
menzili,https://www.menzili.tn/annonce/terrain-constructible-de-536-m2-nabeul-hammametnord-139054,Terrain,455600,2025-01-28,Nabeul,Hammamet Nord,Hammamet Nord,8050,536,Non,Non,Non,Oui,,,Non,Non,Non,Commerciale
menzili,https://www.menzili.tn/annonce/un-terrain-vue-sur-mer-a-kerkouane-avec-facilite-du-paiement-nabeul-hammamghezeze-139017,Terrain,85000,2025-01-28,Nabeul,Hammam Ghezèze,Hammam Ghezèze,8000,353,Titre Bleu,Oui,Non,Non,,,Non,Non,Non,Commerciale
menzili,https://www.menzili.tn/annonce/a-vendre-terrain-r-4-sur-la-route-principale-a-mahdia-mahdia-mahdia-137273,Terrain,537500,2024-12-04,Mahdia,Mahdia,mahdia,5100,215,Non,Non,Non,Non,,,Oui,Non,Non,Résidentielle
menzili,https://www.menzili.tn/annonce/terrain-agricole-titre-de-21000-m-bizerte-menzelbourguiba-137419,Terrain,,2024-12-08,Bizerte,Tunisie,située sur la Route Menzel Bourguiba,1000,21000,Oui,Non,Non,Non,,,Oui,Non,Non,Commerciale
menzili,https://www.menzili.tn/annonce/terrain-constructible-situe-a-bouficha-sousse-sousse-bouficha-138445,Terrain,,2025-01-10,Sousse,Bouficha,situé à Bouficha · Sousse,4000,3618,Titre Individuel,Non,Non,Oui,,,Non,Non,Non,Commerciale
menzili,https://www.menzili.tn/annonce/4-terrains-constructibles-a-lebna-nabeul-elmida-138997,Terrain,,2025-01-26,Nabeul,El Mida,El Mida,8000,832,Non,Non,Non,Oui,,,Non,Non,Non,Commerciale
menzili,https://www.menzili.tn/annonce/terrain-de-1000-m-a-hammamet-sud-a-vendre-a-60-md-51355351-nabeul-hammametsud-138975,Terrain,60000,2025-01-25,Nabeul,Hammamet Sud,Hammamet Sud,8050,1000,Oui,Non,Non,Non,,,Non,Oui,Oui,Commerciale
menzili,https://www.menzili.tn/annonce/terrain-a-sidi-abdelaziz-mtv0148-tunis-lamarsa-138950,Terrain,1600000,2025-01-24,Tunis,La Marsa,La Marsa,2070,550,Non,Non,Non,Non,,,Non,Non,Non,Résidentielle
menzili,https://www.menzili.tn/annonce/terrain-a-vendre-de-500-m2-benarous-borjcedria-138924,Terrain,,2025-01-23,Ben Arous,Borj Cedria,Borj Cedria,2013,500,Non,Non,Non,Oui,,,Oui,Non,Non,Commerciale
menzili,https://www.menzili.tn/annonce/lot-de-terrain-a-morneg-benarous-boumhel-138434,Terrain,200000,2025-01-10,Ben Arous,Boumhel,Boumhel,2013,252,Non,Non,Non,Non,,,Non,Non,Non,Résidentielle
menzili,https://www.menzili.tn/annonce/opportunite-exceptionnelle-terrain-a-kerkouane-nabeul-hammamghezeze-138886,Terrain,36800,2025-01-23,Nabeul,Hammam Ghezèze,Ecole Kerkouane,8000,160,Non,Non,Non,Non,,,Non,Non,Non,Commerciale
menzili,https://www.menzili.tn/annonce/terrain-de-1000-m-a-hammamet-sud-a-vendre-a-185-md-51355351-nabeul-hammametsud-138871,Terrain,185000,2025-01-23,Nabeul,Hammamet Sud,Hammamet Sud,8050,1000,Titre Bleu,Non,Non,Non,,20,Oui,Oui,Oui,Commerciale
menzili,https://www.menzili.tn/annonce/terrains-a-vendre-boumhel-el-bassatine-benarous-boumhel-138869,Terrain,1400,2025-01-23,Ben Arous,Boumhel,Boumhel,2013,1,Non,Non,Non,Oui,,,Non,Oui,Oui,Commerciale
menzili,https://www.menzili.tn/annonce/terrain-de-722m-mahdia-mahdia-138843,Terrain,490960,2025-01-22,Mahdia,Mahdia,Mahdia,5100,722,Oui,Non,Non,Oui,,,Non,Non,Non,Commerciale
menzili,https://www.menzili.tn/annonce/terrain-de-327m-proche-de-la-mer-mahdia-mahdia-138840,Terrain,147000,2025-01-22,Mahdia,Mahdia,Mahdia,5100,327,Oui,Non,Non,Non,,,Non,Non,Non,Commerciale
menzili,https://www.menzili.tn/annonce/terrain-5-min-de-la-plage-de-dimess-monastir-bekalta-138818,Terrain,128450,2025-01-21,Monastir,Bekalta,Bekalta,5014,367,Non,Non,Non,Non,,155,Non,Non,Non,Commerciale
menzili,https://www.menzili.tn/annonce/terrain-au-jardin-des-ingenieurs-topographes-ariana-borjlouzir-138816,Terrain,340000,2025-01-21,Ariana,Borj Louzir,rue behi ladgham cité de topgraphes,2073,400,Non,Non,Non,Non,,,Non,Oui,Non,Commerciale
menzili,https://www.menzili.tn/annonce/terrain-a-vendre-de-445m-de-superficie-a-5-minutes-de-la-plage-sousse-hergla-138812,Terrain,,2025-01-21,Sousse,Hergla,https://www.google.com/maps/place/Galaxy+caf%C3%A9,1053,445,Non,Non,Non,Non,,,Non,Non,Non,Résidentielle
menzili,https://www.menzili.tn/annonce/terrain-de-2020m-a-notre-dame-mutelle-ville-tunis-mutuelleville-138776,Terrain,6000000,2025-01-20,Tunis,Mutuelleville,Notre Dame,1082,2020,Oui,Non,Non,Non,,,Non,Non,Non,Résidentielle
menzili,https://www.menzili.tn/annonce/terrain-a-vente-manouba-mornaguia-138771,Terrain,70000,2025-01-20,Manouba,Mornaguia,Hmaiem Mornaguia manouba,1110,1000,Non,Non,Non,Non,,,Non,Non,Non,Commerciale
menzili,https://www.menzili.tn/annonce/terrain-de-6-5-hectares-avec-une-maison-a-vendre-a-hammamet-sud51355351-nabeul-hammametsud-138765,Terrain,630000,2025-01-19,Nabeul,Hammamet Sud,Hammamet Sud,8050,630000,Titre Bleu,Non,Non,Non,,,Non,Oui,Oui,Commerciale
menzili,https://www.menzili.tn/annonce/terrain-a-borj-cedria-nabeul-soliman-138755,Terrain,,2025-01-18,Nabeul,Soliman,borj cedria,8020,333,Non,Non,Non,Non,,,Non,Non,Oui,Commerciale
menzili,https://www.menzili.tn/annonce/terrain-467-m2-sidi-omer-manouba-manouba-manoubaville-138704,Terrain,,2025-01-17,Manouba,Manouba Ville,Manouba Ville,2010,467,Titre Bleu,Non,Non,Non,,,Non,Non,Non,Commerciale
menzili,https://www.menzili.tn/annonce/a-vendre-un-terrain-au-golf-palm-links-monastir-monastir-monastir-138739,Terrain,1146600,2025-01-18,Monastir,Monastir,Zone Touristique,5000,1274,Non,Non,Non,Non,,,Non,Non,Non,Commerciale
menzili,https://www.menzili.tn/annonce/a-vendre-un-terrain-en-construction-a-monastir-monastir-monastir-138733,Terrain,1200000,2025-01-18,Monastir,Monastir,Zone Touristique,5000,1141,Non,Non,Non,Oui,,,Non,Non,Non,Commerciale
menzili,https://www.menzili.tn/annonce/terrain-studio-a-quelques-metres-de-la-mer-ras-jebel-bizerte-rasjebel-138683,Terrain,180000,2025-01-17,Bizerte,Ras Jebel,Ras Jebel,7025,1400,Oui,Non,Non,Non,,,Non,Non,Non,Commerciale
menzili,https://www.menzili.tn/annonce/un-terrain-a-dar-allouche-de-454-m-nabeul-kelibia-138620,Terrain,64000,2025-01-16,Nabeul,Kélibia,kélibia,8000,454,Titre Bleu,Non,Non,Non,,,Non,Non,Non,Commerciale
menzili,https://www.menzili.tn/annonce/terrain-sid-hassine-20-mars-tunis-sidihassine-132334,Terrain,139000,2024-06-26,Tunis,Sidi Hassine,lotissement viabilisé a sidi hassine,1096,278,Titre Bleu,Non,Oui,Non,,,Non,Non,Non,Résidentielle
menzili,https://www.menzili.tn/annonce/terrain-pour-promoteur-sidi-hassine-cite-25-juillet-tunis-sidihassine-137884,Terrain,1500,2024-12-25,Tunis,immeuble yosr boutique 2,rue lac victoria,7020,3000,Non,Non,Oui,Non,,,Non,Oui,Non,Commerciale
menzili,https://www.menzili.tn/annonce/lots-de-terrains-en-vente-dans-un-lotissement-a-jedaida-manouba-tebourba-138120,Terrain,,2025-01-02,Manouba,Tebourba,Tebourba,1130,150,Non,Non,Non,Non,,,Oui,Non,Non,Résidentielle
menzili,https://www.menzili.tn/annonce/terrain-exceptionnel-pieds-dans-l-eau-a-el-haouaria-nabeul-elhaouaria-137093,Terrain,,2024-11-29,Nabeul,El Haouaria,El Haouaria,8045,411,Non,Non,Non,Non,,,Oui,Non,Oui,Résidentielle
menzili,https://www.menzili.tn/annonce/lots-de-terrains-a-vendre-a-jedaida-manouba-tebourba-137717,Terrain,,2024-12-18,Manouba,Tebourba,Tebourba,1130,200,Non,Non,Non,Non,,,Oui,Non,Non,Résidentielle
menzili,https://www.menzili.tn/annonce/terrain-a-vendre-a-chott-meriem-sousse-akouda-134922,Terrain,1262500,2024-10-02,Sousse,Akouda,Chott Meriem,4022,5050,Non,Non,Non,Non,,,Non,Non,Non,Commerciale
menzili,https://www.menzili.tn/annonce/terrain-de-2500-m-a-vendre-a-270-md-a-hammamet-sud-51355351-nabeul-hammametsud-138573,Terrain,270000,2025-01-15,Nabeul,Hammamet Sud,Hammamet Sud,8050,2500,Oui,Non,Non,Non,,,Non,Oui,Non,Commerciale
menzili,https://www.menzili.tn/annonce/terrain-benarous-mohamedia-138572,Terrain,,2025-01-15,Ben Arous,Mohamedia,https://maps.app.goo.gl/iBsSvf16FEGTR9Tj7,2084,1000,Non,Non,Non,Non,,,Oui,Non,Non,Commerciale
menzili,https://www.menzili.tn/annonce/terrain-a-kelibia-de-333-m2-nabeul-kelibia-138522,Terrain,90000,2025-01-13,Nabeul,Kélibia,route azmour Kélibia,8000,333,Non,Non,Non,Non,,,Oui,Non,Non,Commerciale
menzili,https://www.menzili.tn/annonce/un-terrain-agricole-a-vendre-situee-kalaa-kbira-sousse-kalaakebira-138504,Terrain,200000,2025-01-13,Sousse,Kalaâ Kebira,Kalaâ Kebira,4000,,Non,Non,Non,Non,,,Non,Non,Non,Commerciale
menzili,https://www.menzili.tn/annonce/terrain-a-vendre-a-chotrana-2-la-soukra-mtv0145-ariana-lasoukra-138502,Terrain,300000,2025-01-13,Ariana,La Soukra,La Soukra,2036,300,Non,Non,Non,Oui,,,Non,Non,Non,Résidentielle
menzili,https://www.menzili.tn/annonce/terrain-anis-nabeul-hammamet-138236,Terrain,,2025-01-04,Nabeul,Hammamet,Hammamet,8050,608,Non,Non,Oui,Non,,,Non,Non,Non,Commerciale
menzili,https://www.menzili.tn/annonce/terrain-a-marsa-riadh-ztv0144-tunis-lamarsa-138406,Terrain,1500,2025-01-09,Tunis,La Marsa,La Marsa,2070,529,Titre Individuel,Non,Non,Oui,,,Non,Non,Non,Résidentielle
menzili,https://www.menzili.tn/annonce/une-senia-de-7-hectare-a-vendre-situee-a-sidi-bou-ali-sousse-sidibouali-138375,Terrain,700000,2025-01-08,Sousse,Sidi Bou Ali,Sidi Bou Ali,4040,,Non,Non,Non,Non,,,Non,Non,Non,Commerciale
menzili,https://www.menzili.tn/annonce/terrain-avec-studio-a-hammamet-sud-a-vendre-a-85-md-51355351-nabeul-hammametsud-138372,Terrain,85000,2025-01-08,Nabeul,Hammamet Sud,Hammamet Sud,8050,680,Oui,Non,Non,Non,,,Oui,Oui,Oui,Commerciale
menzili,https://www.menzili.tn/annonce/terrain-400m-a-vendre-a-soukra-valley-ariana-lasoukra-138369,Terrain,400000,2025-01-08,Ariana,La Soukra,l'aouina Tunis,2036,400,Non,Non,Non,Non,,17,Non,Oui,Oui,Commerciale
menzili,https://www.menzili.tn/annonce/terrain-a-vendre-a-chotrana-3-pres-elfirma-ariana-chotrana-138368,Terrain,,2025-01-08,Ariana,Chotrana,l'aouina Tunis,2086,592,Non,Non,Non,Non,,,Non,Oui,Oui,Commerciale
menzili,https://www.menzili.tn/annonce/terrain-agricole-et-habitable-manouba-tebourba-138341,Terrain,240000,2025-01-07,Manouba,Tebourba,Tebourba,1130,20000,Non,Non,Non,Oui,,,Oui,Non,Non,Résidentielle
menzili,https://www.menzili.tn/annonce/terrain-a-vendre-a-hammem-sousse-kantaoui-sousse-hammamsousse-138327,Terrain,691080,2025-01-07,Sousse,Hammam Sousse,Hammam Sousse,4011,886,Titre Individuel,Non,Non,Non,,,Non,Non,Non,Commerciale
menzili,https://www.menzili.tn/annonce/terrain-agricole-a-vendre-mahdia-boumerdes-138323,Terrain,,2025-01-07,Mahdia,Bou Merdès,Bou Merdès,5100,22832,Oui,Non,Non,Non,,320,Oui,Oui,Oui,Commerciale
menzili,https://www.menzili.tn/annonce/terrain-a-vendre-a-borj-cedria-benarous-borjcedria-138314,Terrain,,2025-01-07,Ben Arous,Borj Cedria,Borj Cedria,2013,451,Non,Non,Oui,Non,,,Non,Non,Non,Commerciale
menzili,https://www.menzili.tn/annonce/terrain-yasmine-hammamet-nabeul-hammametsud-138310,Terrain,110000,2025-01-07,Nabeul,Hammamet Sud,Hammamet Sud,8050,240,Non,Non,Non,Non,,,Non,Non,Non,Commerciale
menzili,https://www.menzili.tn/annonce/terrain-r-4-de-639-m-a-tebourba-manouba-tebourba-138306,Terrain,600000,2025-01-06,Manouba,Tebourba,Tebourba,1130,639,Non,Non,Non,Non,,,Oui,Non,Non,Résidentielle
menzili,https://www.menzili.tn/annonce/terrain-constructible-de-324-m-a-tebourba-manouba-tebourba-138302,Terrain,80000,2025-01-06,Manouba,Tebourba,Tebourba,1130,324,Non,Non,Non,Oui,,,Oui,Non,Non,Résidentielle
menzili,https://www.menzili.tn/annonce/4-terrains-disponibles-pour-vos-projets-manouba-tebourba-138297,Terrain,,2025-01-06,Manouba,Tebourba,amira.sayaridridi@gmail.com,1130,,Non,Non,Non,Oui,,,Oui,Oui,Oui,Résidentielle
menzili,https://www.menzili.tn/annonce/exclusivite-terrain-de-9-hectares-a-vendre-a-el-battan-manouba-elbattan-137566,Terrain,80000,2024-12-13,Manouba,El Battan,El Battan,2010,90000,Non,Non,Non,Non,,,Oui,Non,Non,Commerciale
menzili,https://www.menzili.tn/annonce/terrain-titre-a-zarzouna-bizerte-bizertenord-131567,Terrain,,2024-05-26,Bizerte,Bizerte Nord,Bizerte Nord,7000,257,Non,Non,Non,Non,,,Non,Non,Non,Commerciale
menzili,https://www.menzili.tn/annonce/lot-de-terrain-a-jendouba-bulla-regia-%D9%82%D8%B7%D8%B9%D8%A9-%D8%A3%D8%B1%D8%B6-%D9%81%D9%8A-%D8%AC%D9%86%D8%AF%D9%88%D8%A8%D8%A9-%D8%A8-%D9%84-%D8%A9-%D8%B1%D9%8A%D8%AC%D9%8A%D8%A7-jendouba-jendoubanord-138252,Terrain,,2025-01-05,Jendouba,Jendouba Nord,Jendouba Nord,8100,958,Non,Non,Non,Non,,,Oui,Non,Non,Résidentielle
menzili,https://www.menzili.tn/annonce/terrain-de-1000-m-a-vendre-a-85-md-a-hammamet-sud-51355351-nabeul-hammametsud-138245,Terrain,295000,2025-01-05,Nabeul,Hammamet Sud,Hammamet Sud,8050,1000,Oui,Non,Non,Non,,,Non,Oui,Oui,Commerciale
menzili,https://www.menzili.tn/annonce/terrain-de-1282-m-a-hammamet-sud-a-vendre-51355351-nabeul-hammametsud-138235,Terrain,140000,2025-01-04,Nabeul,Hammamet Sud,Hammamet Sud,8050,1282,Oui,Non,Non,Non,,,Non,Oui,Oui,Commerciale
menzili,https://www.menzili.tn/annonce/vendre-terrain-hammam-lif-benarous-hammamlif-138223,Terrain,1100,2025-01-04,Ben Arous,Hammam Lif,Rue Mahmoud bayrem tunsi,2050,400,Non,Non,Non,Non,,,Non,Non,Non,Résidentielle
menzili,https://www.menzili.tn/annonce/2lots-de-terrain-jumeles-et-clotures-de-527-m-a-vendre-51355351-nabeul-hammametsud-138219,Terrain,105000,2025-01-04,Nabeul,Hammamet Sud,Hammamet Sud,8050,527,Oui,Non,Non,Non,,,Non,Oui,Oui,Commerciale
menzili,https://www.menzili.tn/annonce/a-vendre-un-terrain-constructible-situe-a-hammamet-sud-nabeul-hammametsud-138194,Terrain,64100,2025-01-03,Nabeul,Hammamet Sud,Hammamet Sud,8050,403,Non,Non,Non,Oui,,,Non,Non,Non,Commerciale
menzili,https://www.menzili.tn/annonce/4-lots-de-terrain-a-vendre-bizerte-bizertenord-138187,Terrain,,2025-01-03,Bizerte,Bizerte Nord,bni nefaa,7000,,Titre Individuel,Non,Non,Non,,,Non,Oui,Non,Résidentielle
menzili,https://www.menzili.tn/annonce/terrain-cloture-de-1253-m-a-vendre-a-hammamet-sud-51355351-nabeul-hammametsud-138180,Terrain,375000,2025-01-03,Nabeul,Hammamet Sud,Hammamet Sud,8050,1253,Oui,Non,Non,Non,,,Non,Oui,Oui,Commerciale
menzili,https://www.menzili.tn/annonce/terrain-a-vendre-a-chatt-mariem-sousse-akouda-138165,Terrain,225000,2025-01-02,Sousse,Akouda,Akouda,4022,390,Non,Non,Non,Oui,,,Oui,Non,Non,Résidentielle
menzili,https://www.menzili.tn/annonce/terrain-1000m-a-vendre-a-oued-lill-emplacement-ideal-devant-el-palazzo-manouba-ouedellil-138040,Terrain,250000,2024-12-30,Manouba,Oued Ellil,R3W5+VCW,2021,1000,Non,Non,Non,Non,,,Non,Non,Non,Résidentielle
menzili,https://www.menzili.tn/annonce/terrain-a-vendre-a-sidi-ali-hattab-mornaguia-manouba-mornaguia-138151,Terrain,,2025-01-02,Manouba,Mornaguia,Mornaguia,1110,183,Non,Non,Non,Non,,,Non,Non,Non,Commerciale
menzili,https://www.menzili.tn/annonce/terrain-450m-a-hammamet-sud-nabeul-kelibia-138149,Terrain,81000,2025-01-02,Nabeul,Kélibia,Hammamet,8050,450,Non,Non,Non,Non,,,Non,Non,Non,Commerciale
menzili,https://www.menzili.tn/annonce/lots-de-terrains-a-vendre-a-jedaida-manouba-tebourba-138147,Terrain,,2025-01-02,Manouba,Tebourba,Tebourba,1130,200,Non,Non,Non,Non,,,Oui,Non,Non,Résidentielle
menzili,https://www.menzili.tn/annonce/a-vendre-terrain-250m-a-hammamet-nord-nabeul-hammametnord-138146,Terrain,,2025-01-02,Nabeul,Hammamet Nord,Hammamet,8050,250,Non,Non,Non,Non,,,Non,Non,Oui,Commerciale
menzili,https://www.menzili.tn/annonce/terrain-de-2737-m-vue-de-mer-a-vendre-a-maamoura-51355351-nabeul-benikhiar-138140,Terrain,,2025-01-02,Nabeul,Béni Khiar,Béni Khiar,8000,2737,Oui,Oui,Non,Non,,,Oui,Oui,Oui,Commerciale
menzili,https://www.menzili.tn/annonce/terrain-de-15000-m-plante-d-oliviers-a-korba-a-vendre-51355351-nabeul-korba-138132,Terrain,230000,2025-01-02,Nabeul,Korba,Korba,8070,15000,Non,Non,Non,Non,,,Non,Non,Non,Commerciale
menzili,https://www.menzili.tn/annonce/6-5-hectares-avec-une-maison-a-vendre-a-hammamet-sud51355351-nabeul-hammametsud-138119,Terrain,630000,2025-01-02,Nabeul,Hammamet Sud,Hammamet Sud,8050,650000,Titre Bleu,Non,Non,Non,,,Non,Oui,Oui,Commerciale
menzili,https://www.menzili.tn/annonce/terrain-527-m-situe-a-soukra-chotrana-1-ariana-chotrana-138114,Terrain,,2025-01-02,Ariana,Chotrana,Tunisie,2086,527,Non,Non,Non,Non,,,Non,Non,Non,Commerciale
menzili,https://www.menzili.tn/annonce/terrains-superficie-900m2-avec-titre-foncier-sousse-bouficha-135730,Terrain,,2024-10-27,Sousse,Bouficha,Bouficha,4000,900,Oui,Non,Non,Non,,,Non,Non,Non,Commerciale
menzili,https://www.menzili.tn/annonce/terrain-afh-manouba-manouba-manoubaville-138108,Terrain,,2025-01-01,Manouba,Manouba Ville,Afh manouba jardin de tunis,2010,544,Titre Individuel,Non,Non,Oui,18x30,,Oui,Non,Non,Résidentielle
menzili,https://www.menzili.tn/annonce/A-vendre-terrain-de-2025-m-bizerte-elalia-138102,Terrain,151000,2024-12-31,Bizerte,El Alia,El Alia,7041,2025,Non,Non,Non,Non,,,Non,Non,Non,Commerciale
menzili,https://www.menzili.tn/annonce/terrain-pieds-dans-l-eau-de-9716-m-a-korba-a-vendre-51355351-nabeul-korba-138101,Terrain,,2024-12-31,Nabeul,Korba,Korba,8070,9716,Non,Non,Non,Non,,,Non,Non,Oui,Commerciale
menzili,https://www.menzili.tn/annonce/lot-de-terrain-de-240-m-a-hammamet-a-vendre-a-110-md-nabeul-hammamet-138099,Terrain,110000,2024-12-31,Nabeul,Hammamet,Hammamet,8050,240,Non,Non,Non,Non,,,Non,Non,Non,Commerciale
menzili,https://www.menzili.tn/annonce/terrain-rafraf-bizerte-rasjebel-138070,Terrain,95000,2024-12-31,Bizerte,Ras Jebel,Rafraf,7025,261,Non,Oui,Non,Non,,,Non,Non,Non,Commerciale
menzili,https://www.menzili.tn/annonce/a-vendre-terrain-1808-m-a-kantaoui-sousse-kantaoui-138059,Terrain,,2024-12-30,Sousse,Kantaoui,Kantaoui,4089,1808,Non,Non,Non,Oui,,,Non,Non,Non,Résidentielle
menzili,https://www.menzili.tn/annonce/terrain-pieds-dans-l-eau-de-3333-m-a-korba-a-vendre-51355351-nabeul-korba-138019,Terrain,430000,2024-12-28,Nabeul,Korba,Korba,8070,3333,Non,Non,Non,Non,,,Non,Non,Oui,Commerciale
menzili,https://www.menzili.tn/annonce/maison-d-hote-de-surface-2-hectares-pieds-dans-l-eau-nabeul-kelibia-136094,Terrain,,2024-11-06,Nabeul,Kélibia,a la plage de kerkouane kelibia,8090,20000,Non,Oui,Non,Non,,,Non,Non,Oui,Commerciale
menzili,https://www.menzili.tn/annonce/un-terrain-bizerte-bizertenord-137997,Terrain,340000,2024-12-28,Bizerte,Bizerte Nord,corniche,7000,400,Non,Non,Non,Non,,,Oui,Non,Non,Commerciale
menzili,https://www.menzili.tn/annonce/lot-de-terrains-a-vendre-monastir-moknine-137982,Terrain,,2024-12-27,Monastir,Moknine,route moknine sidi bannour,5050,5025,Non,Non,Non,Non,,,Oui,Non,Non,Commerciale
menzili,https://www.menzili.tn/annonce/terrain-avec-studio-a-hammamet-sud-a-vendre-a-85-md-51355351-nabeul-hammametsud-137977,Terrain,85000,2024-12-27,Nabeul,Hammamet Sud,Hammamet Sud,8050,680,Oui,Non,Non,Non,,,Oui,Oui,Oui,Commerciale
menzili,https://www.menzili.tn/annonce/terrain-cloture-avec-vue-de-mer-a-hammamet-sud-a-vendre-51355351-nabeul-hammametsud-137968,Terrain,220000,2024-12-27,Nabeul,Hammamet Sud,Hammamet Sud,8050,800,Oui,Oui,Non,Non,,,Oui,Oui,Oui,Commerciale
menzili,https://www.menzili.tn/annonce/a-vendre-un-terrain-a-khzema-est-sousse-soussejawhara-137950,Terrain,1500,2024-12-26,Sousse,Sousse Jawhara,immo.internationale@gmail.com,4000,500,Non,Non,Non,Non,,,Non,Non,Non,Commerciale
menzili,https://www.menzili.tn/annonce/ferme-a-manzel-bouzelfa-nabeul-menzelbouzelfa-137914,Terrain,950000,2024-12-25,Nabeul,Menzel Bouzelfa,https://maps.app.goo.gl/7AVhm3AWkMXAfAMw7,8010,36000,Titre Bleu,Non,Non,Non,,,Oui,Oui,Oui,Commerciale
menzili,https://www.menzili.tn/annonce/a-vendre-terrain-a-khzema-sousse-soussejawhara-137907,Terrain,1250,2024-12-25,Sousse,Sousse Jawhara,Sousse Jawhara,4000,343,Non,Non,Non,Non,,,Non,Non,Non,Commerciale
menzili,https://www.menzili.tn/annonce/terrain-cloture-de-687-m-a-vendre-a-125-md-a-hammamet-sud-51355351-nabeul-hammametsud-137882,Terrain,125000,2024-12-25,Nabeul,Hammamet Sud,Hammamet Sud,8050,687,Titre Bleu,Non,Non,Non,,,Non,Oui,Oui,Commerciale
menzili,https://www.menzili.tn/annonce/terrain-a-raf-raf-plage-bizerte-rasjebel-137837,Terrain,700000,2024-12-23,Bizerte,Ras Jebel,RAF RAF plage,7025,2200,Titre Bleu,Non,Non,Non,,,Non,Oui,Non,Commerciale
menzili,https://www.menzili.tn/annonce/1-hectare-plante-d-oliviers-a-hammamet-sud-a-vendre-51355351-nabeul-hammametsud-137824,Terrain,170000,2024-12-22,Nabeul,Hammamet Sud,Hammamet Sud,8050,10000,Oui,Non,Non,Non,,,Oui,Oui,Oui,Commerciale
menzili,https://www.menzili.tn/annonce/des-terrains-a-vendre-sur-la-route-de-kelibia-mc27-nabeul-menzeltemime-137818,Terrain,1000000,2024-12-22,Nabeul,Menzel Temime,route de Kélibia à coté du Club MC27,8080,,Non,Non,Non,Non,,,Oui,Non,Non,Résidentielle
menzili,https://www.menzili.tn/annonce/terrain-pieds-dans-l-eau-de-9716-m-a-korba-a-vendre-51355351-nabeul-korba-137813,Terrain,,2024-12-21,Nabeul,Korba,Korba,8070,9716,Non,Non,Non,Non,,,Non,Non,Oui,Commerciale
menzili,https://www.menzili.tn/annonce/un-terrain-vue-de-mer-a-vendre-situe-a-rmila-sousse-akouda-137796,Terrain,,2024-12-21,Sousse,Akouda,Akouda,4022,2231,Non,Oui,Non,Non,,,Non,Non,Non,Commerciale
menzili,https://www.menzili.tn/annonce/terrain-de-15000-m-plante-d-oliviers-a-korba-a-vendre-51355351-nabeul-korba-137795,Terrain,230000,2024-12-21,Nabeul,Korba,Korba,8070,15000,Non,Non,Non,Non,,,Non,Non,Non,Commerciale
menzili,https://www.menzili.tn/annonce/terrain-pieds-dans-l-eau-de-3333-m-a-korba-a-vendre-51355351-nabeul-korba-137776,Terrain,430000,2024-12-20,Nabeul,Korba,Korba,8070,3333,Non,Non,Non,Non,,,Non,Non,Oui,Commerciale
menzili,https://www.menzili.tn/annonce/terrain-cloture-de-210-m-a-vendre-a-la-zone-touristique-mrezga-51355351-nabeul-mrezga-137769,Terrain,95000,2024-12-20,Nabeul,Mrezga,Mrezga,8058,210,Non,Non,Oui,Non,,,Non,Non,Non,Résidentielle
menzili,https://www.menzili.tn/annonce/terrain-de-4800-m-a-sidi-mtir-a-vendre-a-270-md-51355351-nabeul-hammametsud-137768,Terrain,270000,2024-12-20,Nabeul,Hammamet Sud,Hammamet Sud,8050,4800,Oui,Non,Non,Non,,,Non,Oui,Oui,Commerciale
menzili,https://www.menzili.tn/annonce/terrain-de-4000m-bizerte-gharelmelh-137728,Terrain,,2024-12-19,Bizerte,Ghar El Melh,Aousja,7023,4000,Non,Non,Non,Non,,,Oui,Non,Non,Commerciale
menzili,https://www.menzili.tn/annonce/grand-terrain-partager-en-37-lots-bizerte-elalia-137723,Terrain,,2024-12-18,Bizerte,El Alia,El Alia,7041,13020,Non,Non,Non,Non,,,Non,Non,Non,Commerciale
menzili,https://www.menzili.tn/annonce/a-saisir-terrain-bord-de-route-bizerte-elalia-137721,Terrain,772000,2024-12-18,Bizerte,El Alia,El Alia,7041,644,Non,Non,Non,Oui,,,Oui,Non,Non,Commerciale
menzili,https://www.menzili.tn/annonce/terrain-a-la-manouba-manouba-manoubaville-137688,Terrain,,2024-12-18,Manouba,Manouba Ville,Sidi Amor,2010,9478,Non,Non,Non,Non,,,Non,Non,Non,Résidentielle
menzili,https://www.menzili.tn/annonce/2lots-de-terrain-jumeles-et-clotures-de-527-m-a-hammamet-sud-a-vendre-51355351-nabeul-hammametsud-137669,Terrain,105000,2024-12-17,Nabeul,Hammamet Sud,Hammamet Sud,8050,527,Oui,Non,Non,Non,,,Non,Oui,Oui,Commerciale
menzili,https://www.menzili.tn/annonce/terrain-a-vendre-a-ezzahra-benarous-boumhel-137667,Terrain,,2024-12-17,Ben Arous,Boumhel,Boumhel,2013,487,Non,Non,Non,Oui,,,Non,Non,Non,Résidentielle
menzili,https://www.menzili.tn/annonce/terrain-agricole-a-sidi-fraj-mhamdia-gouvernorat-de-ben-arous-benarous-fouchana-137644,Terrain,145400,2024-12-16,Ben Arous,Mhamdia,Sidi Fraj,2013,4183,Non,Non,Non,Non,,,Oui,Non,Oui,Commerciale
menzili,https://www.menzili.tn/annonce/terrain-viabilisee-titre-bleu-manouba-manoubaville-137633,Terrain,296000,2024-12-16,Manouba,Manouba Ville,Manouba Ville,2010,423,Titre Bleu,Non,Non,Non,,,Non,Non,Non,Commerciale
menzili,https://www.menzili.tn/annonce/terrain-constructible-a-vendre-a-borj-taleb-bizerte-bizerte-bizertenord-130970,Terrain,,2024-05-01,Bizerte,Bizerte Nord,bizerte borj taleb,7000,1380,Titre Bleu,Non,Non,Oui,,,Non,Non,Non,Commerciale
menzili,https://www.menzili.tn/annonce/terrain-agricole-d-environ-5-hectare-a-cote-de-bir-mchergua-zaghouan-birmchergua-134170,Terrain,250000,2024-09-10,Zaghouan,Bir Mchergua,Mnagaa,1100,50000,Non,Non,Non,Non,,,Oui,Non,Oui,Commerciale
menzili,https://www.menzili.tn/annonce/lot-de-terrain-a-vendre-ariana-raoued-137601,Terrain,,2024-12-14,Ariana,Borj Touil,Cité Chakeur,2080,400,Non,Non,Oui,Non,,,Non,Oui,Oui,Commerciale
menzili,https://www.menzili.tn/annonce/terrain-de-15000-m-plante-d-oliviers-a-korba-a-vendre-51355351-nabeul-korba-137591,Terrain,230000,2024-12-14,Nabeul,Korba,Korba,8070,15000,Non,Non,Non,Non,,,Non,Non,Non,Commerciale
menzili,https://www.menzili.tn/annonce/a-vendre-un-terrain-300m-a-hammamet-nord-nabeul-hammametnord-137588,Terrain,,2024-12-14,Nabeul,Hammamet Nord,Hammamet,8050,300,Non,Non,Non,Non,,,Non,Non,Non,Commerciale
menzili,https://www.menzili.tn/annonce/terrain-avec-studio-a-hammamet-sud-a-vendre-a-85-md-51355351-nabeul-hammametsud-137581,Terrain,85000,2024-12-14,Nabeul,Hammamet Sud,Hammamet Sud,8050,680,Oui,Non,Non,Non,,,Oui,Oui,Oui,Commerciale
menzili,https://www.menzili.tn/annonce/terrain-a-vendre-a-houmt-souk-medenine-djerbahoumtsouk-137572,Terrain,,2024-12-13,Médenine,Djerba-Houmt Souk,Cité Ezzaouia Djerba,4180,580,Non,Non,Non,Oui,,,Non,Non,Non,Résidentielle
menzili,https://www.menzili.tn/annonce/terrain-pieds-dans-l-eau-de-9716-m-a-korba-a-vendre-51355351-nabeul-korba-137570,Terrain,,2024-12-13,Nabeul,Korba,Korba,8070,9716,Non,Non,Non,Non,,,Non,Non,Oui,Commerciale
menzili,https://www.menzili.tn/annonce/terrain-pieds-dans-l-eau-de-3333-m-a-korba-a-vendre-51355351-nabeul-korba-137553,Terrain,430000,2024-12-13,Nabeul,Korba,Korba,8070,3333,Non,Non,Non,Non,,,Non,Non,Oui,Commerciale
menzili,https://www.menzili.tn/annonce/terrain-de-423-m-dans-la-zone-de-sidi-mahressi-a-vendre-51355351-nabeul-nabeul-137527,Terrain,380000,2024-12-12,Nabeul,Nabeul,Nabeul,8000,423,Non,Non,Non,Non,,,Non,Oui,Oui,Résidentielle
menzili,https://www.menzili.tn/annonce/terrain-a-vendre-a-sahline-monastir-sahline-137521,Terrain,133560,2024-12-12,Monastir,Sahline,Sahline,5012,318,Non,Non,Non,Oui,,,Non,Non,Non,Résidentielle
menzili,https://www.menzili.tn/annonce/vente-terrain-14000m2-vue-plage-titre-individuel-bizerte-sejenane-137514,Terrain,,2024-12-11,Bizerte,Sejenane,Sejenane,7040,14000,Titre Individuel,Non,Non,Non,,120,Oui,Oui,Non,Résidentielle
menzili,https://www.menzili.tn/annonce/vente-terrain-sousse-msaken-137474,Terrain,85000,2024-12-11,Sousse,M'saken,mseken bani rabiaa,4070,643,Non,Non,Non,Non,,,Oui,Non,Non,Commerciale
menzili,https://www.menzili.tn/annonce/terrain-de-5105-m-a-moins-de-10-min-de-houmt-souk-medenine-djerbahoumtsouk-137440,Terrain,105000,2024-12-09,Médenine,Djerba-Houmt Souk,Entre melita et hachan,4180,5105,Non,Non,Oui,Oui,,,Non,Non,Non,Commerciale
menzili,https://www.menzili.tn/annonce/terrain-exceptionnel-a-vendre-a-djerba-3717-m2-a-un-emplacement-strategique-medenine-djerbahoumtsouk-137437,Terrain,79000,2024-12-09,Médenine,Djerba-Houmt Souk,Entre hachan et melita,4180,3717,Non,Non,Non,Oui,,,Oui,Non,Non,Commerciale
menzili,https://www.menzili.tn/annonce/terrain-au-sejoumi-tunis-sidihassine-137386,Terrain,186000,2024-12-07,Tunis,Sidi Hassine,Hay belhoma-sidi hassin,1096,620,Non,Non,Non,Non,,,Non,Non,Non,Commerciale
menzili,https://www.menzili.tn/annonce/terrain-pieds-dans-l-eau-de-9716-m-a-korba-a-vendre-51355351-nabeul-korba-137385,Terrain,,2024-12-07,Nabeul,Korba,Korba,8070,9716,Non,Non,Non,Non,,,Non,Non,Oui,Commerciale
menzili,https://www.menzili.tn/annonce/av-terrain-de-610m-a-alain-savary-tunis-citeelkhadra-137362,Terrain,1891000,2024-12-06,Tunis,Cité El Khadra,Alain Savary,1003,610,Non,Non,Non,Non,,,Non,Non,Non,Commerciale
menzili,https://www.menzili.tn/annonce/terrain-pieds-dans-l-eau-de-3333-m-a-korba-a-vendre51355351-nabeul-korba-137356,Terrain,430000,2024-12-06,Nabeul,Korba,Korba,8070,3333,Non,Non,Non,Non,,,Non,Non,Oui,Commerciale
menzili,https://www.menzili.tn/annonce/a-vendre-a-korba-un-terrain-pieds-dans-l-eau-51355351-nabeul-korba-137346,Terrain,360000,2024-12-06,Nabeul,Korba,Korba,8070,2450,Non,Non,Non,Non,,,Non,Non,Oui,Commerciale
menzili,https://www.menzili.tn/annonce/1-hectare-plante-d-oliviers-a-hammamet-sud-a-vendre-51355351-nabeul-hammametsud-137334,Terrain,170000,2024-12-05,Nabeul,Hammamet Sud,Hammamet Sud,8050,10000,Oui,Non,Non,Non,,,Oui,Oui,Oui,Commerciale
menzili,https://www.menzili.tn/annonce/vente-terrain-titre-a-beja-jadida-beja-bejanord-80340,Terrain,,2022-02-14,Béja,Béja Nord,béja jadida,9000,1250,Non,Non,Non,Non,,,Non,Non,Non,Commerciale
menzili,https://www.menzili.tn/annonce/vente-terrain-titre-a-ezzahra-benarous-ezzahra-80398,Terrain,1300,2022-02-15,Ben Arous,Ezzahra,EZZAHRA,2034,864,Non,Non,Non,Non,,,Non,Non,Non,Commerciale
menzili,https://www.menzili.tn/annonce/terrain-de-3700-m-a-1-5-km-de-afh-mrezga-a-vendre-51355351-nabeul-mrezga-137285,Terrain,630000,2024-12-04,Nabeul,Mrezga,Mrezga,8058,3700,Non,Non,Non,Non,,,Non,Non,Non,Commerciale
menzili,https://www.menzili.tn/annonce/a-vendre-terrain-a-la-soukra-ariana-lasoukra-137193,Terrain,800000,2024-12-03,Ariana,La Soukra,La Soukra,2036,550,Non,Non,Non,Non,,,Non,Non,Non,Résidentielle
menzili,https://www.menzili.tn/annonce/terrain-de-430-m2-sfax-sfaxville-137191,Terrain,90000,2024-12-02,Sfax,Sfax Ville,Route sidi mansour km8.5 cité Al Mansoura,3000,430,Non,Non,Non,Oui,,,Oui,Non,Non,Résidentielle
menzili,https://www.menzili.tn/annonce/terrain-a-vendre-de-770m-sur-la-route-panoramique-corniche-bizerte-bizerte-bizertenord-137162,Terrain,123456,2024-12-02,Bizerte,Bizerte Nord,Corniche,7000,770,Non,Oui,Non,Non,,,Oui,Non,Non,Commerciale
menzili,https://www.menzili.tn/annonce/a-vendre-des-terrain-a-deux-pas-de-yasmine-hammamet-nabeul-hammamet-137159,Terrain,210000,2024-12-01,Nabeul,Hammamet,Douikhla,8050,1700,Oui,Non,Non,Non,,,Oui,Oui,Oui,Commerciale
menzili,https://www.menzili.tn/annonce/un-terrain-de-210-m-a-vendre-a-la-zone-touristique-mrezga-51355351-nabeul-mrezga-137136,Terrain,294000,2024-11-30,Nabeul,Mrezga,Mrezga,8058,210,Non,Non,Oui,Non,,,Non,Non,Non,Résidentielle
menzili,https://www.menzili.tn/annonce/terrain-a-vendre-a-akouda-sousse-akouda-137078,Terrain,1700,2024-11-29,Sousse,Akouda,Akouda,4022,156,Non,Non,Non,Oui,,,Non,Non,Non,Commerciale
menzili,https://www.menzili.tn/annonce/a-vendre-a-korba-un-terrain-pieds-dans-l-eau-51355351-nabeul-korba-137076,Terrain,360000,2024-11-29,Nabeul,Korba,Korba,8070,2450,Non,Non,Non,Non,,,Non,Non,Oui,Commerciale
menzili,https://www.menzili.tn/annonce/terrain-cloture-avec-vue-de-mer-a-hammamet-sud-a-vendre-51355351-nabeul-hammametsud-137072,Terrain,220000,2024-11-29,Nabeul,Hammamet Sud,Hammamet Sud,8050,800,Oui,Oui,Non,Non,,,Oui,Oui,Oui,Commerciale
menzili,https://www.menzili.tn/annonce/terrain-de-390-m-a-vendre-a-chot-mariem-sousse-akouda-137036,Terrain,214500,2024-11-28,Sousse,Akouda,Akouda,4022,390,Titre Individuel,Oui,Non,Non,,14,Non,Non,Non,Commerciale
menzili,https://www.menzili.tn/annonce/terrain-de-374-m2-a-vendre-sfax-routematar-137009,Terrain,,2024-11-27,Sfax,Route Matar,Route Matar km 08 à côté de la municipalité HAJEB,3000,374,Non,Non,Non,Non,,,Oui,Non,Oui,Commerciale
menzili,https://www.menzili.tn/annonce/terrain-pieds-dans-l-eau-de-3333-m-a-korba-a-vendre51355351-nabeul-korba-137004,Terrain,430000,2024-11-27,Nabeul,Korba,Korba,8070,3333,Non,Non,Non,Non,,,Non,Non,Oui,Commerciale
menzili,https://www.menzili.tn/annonce/terrain-pieds-dans-l-eau-de-9716-m-a-korba-a-vendre-51355351-nabeul-korba-136999,Terrain,,2024-11-27,Nabeul,Korba,Korba,8070,9716,Non,Non,Non,Non,,,Non,Non,Oui,Commerciale
menzili,https://www.menzili.tn/annonce/terrain-cloture-de-687-m-a-vendre-a-125-md-a-hammamet-sud-51355351-nabeul-hammametsud-136995,Terrain,125000,2024-11-27,Nabeul,Hammamet Sud,Hammamet Sud,8050,687,Titre Bleu,Non,Non,Non,,,Non,Oui,Oui,Commerciale
menzili,https://www.menzili.tn/annonce/terrain-de-15000-m-plante-d-oliviers-a-korba-a-vendre-51355351-nabeul-korba-136979,Terrain,230000,2024-11-27,Nabeul,Korba,Korba,8070,15000,Non,Non,Non,Non,,,Non,Non,Non,Commerciale
menzili,https://www.menzili.tn/annonce/terrain-a-vendre-de-367-m-situe-a-bekalta-monastir-bekalta-136957,Terrain,,2024-11-27,Monastir,dans le quartier Dimess,Bekalta,5014,367,Non,Non,Non,Non,,15,Non,Non,Non,Commerciale
menzili,https://www.menzili.tn/annonce/terrain-de-596-m-a-vendre-a-chot-mariem-sousse-akouda-136938,Terrain,160920,2024-11-26,Sousse,Akouda,Akouda,4022,596,Non,Non,Non,Non,,,Non,Non,Non,Commerciale
menzili,https://www.menzili.tn/annonce/1-hectare-plante-d-oliviers-a-hammamet-sud-a-vendre-51355351-nabeul-hammametsud-136936,Terrain,170000,2024-11-26,Nabeul,Hammamet Sud,Hammamet Sud,8050,10000,Oui,Non,Non,Non,,,Oui,Oui,Oui,Commerciale
menzili,https://www.menzili.tn/annonce/terrain-450m2-en-zone-urbain-a-aghir-djerba-medenine-djerbamidoun-136872,Terrain,150000,2024-11-24,Médenine,Djerba - Midoun,Aghir Djerba Midoun,4180,450,Non,Non,Non,Non,,,Oui,Non,Non,Résidentielle
menzili,https://www.menzili.tn/annonce/terrain-titre-monastir-sayadalamtabouhajar-136878,Terrain,,2024-11-24,Monastir,Sayada-Lamta-Bou Hajar,Bouhjar,5000,268,Non,Non,Non,Oui,,,Oui,Non,Non,Commerciale
menzili,https://www.menzili.tn/annonce/terrain-viabilise-manouba-ouedellil-130340,Terrain,110000,2024-04-12,Manouba,Oued Ellil,Oued Ellil,2021,250,Non,Non,Oui,Non,,,Non,Non,Non,Commerciale
menzili,https://www.menzili.tn/annonce/a-vendre-a-korba-un-terrain-pieds-dans-l-eau-51355351-nabeul-korba-136865,Terrain,360000,2024-11-24,Nabeul,Korba,Korba,8070,2450,Non,Non,Non,Non,,,Non,Non,Oui,Commerciale
menzili,https://www.menzili.tn/annonce/lot-de-terrain-de-250-m-a-hammamet-sud-a-vendre-51355351-nabeul-hammametsud-136854,Terrain,35000,2024-11-23,Nabeul,Hammamet Sud,Hammamet Sud,8050,250,Non,Non,Non,Non,,,Non,Non,Non,Commerciale
menzili,https://www.menzili.tn/annonce/terrain-manouba-ouedellil-136789,Terrain,,2024-11-22,Manouba,Oued Ellil,Chebboau oued ellil,2021,237,Non,Non,Non,Non,,,Oui,Non,Non,Commerciale
menzili,https://www.menzili.tn/annonce/terrain-hammem-ghzez-nabeul-hammamghezeze-136772,Terrain,,2024-11-21,Nabeul,Hammam Ghezèze,Hammem ghzez,8000,232,Titre Bleu,Non,Non,Non,,,Non,Non,Non,Commerciale
menzili,https://www.menzili.tn/annonce/ferme-de-6-hectares-a-zaghwen-zaghouan-zaghouan-136771,Terrain,890000,2024-11-21,Zaghouan,Zaghouan,Zaghouan,1100,60000,Non,Non,Non,Non,,,Non,Non,Oui,Commerciale
menzili,https://www.menzili.tn/annonce/un-terrain-de-443-m-a-morneg-benarous-mornag-136770,Terrain,288000,2024-11-21,Ben Arous,Mornag,Mornag,2090,443,Oui,Non,Non,Non,,,Non,Non,Non,Commerciale
menzili,https://www.menzili.tn/annonce/terrain-de-4800-m-a-vendre-a-sidi-mtir-51355351-nabeul-hammamet-136758,Terrain,270000,2024-11-21,Nabeul,Hammamet,Hammamet,8050,4800,Oui,Non,Non,Non,,,Non,Oui,Oui,Commerciale
menzili,https://www.menzili.tn/annonce/terrain-agriculture-zaghouan-birmchergua-136725,Terrain,70000,2024-11-21,Zaghouan,Bir Mchergua,Bir Mchergua,1100,12500,Non,Non,Non,Non,,,Oui,Non,Non,Commerciale
menzili,https://www.menzili.tn/annonce/terrain-de-400-m-a-vendre-a-hammamet-zone-theatre-51355351-nabeul-hammamet-136723,Terrain,400000,2024-11-21,Nabeul,Hammamet,Hammamet,8050,400,Oui,Non,Oui,Non,,,Non,Non,Non,Commerciale
menzili,https://www.menzili.tn/annonce/a-vendre-un-terrain-situe-a-cite-erriadh-5-pres-salle-de-fete-mdimagh-sousse-sousseriadh-136709,Terrain,49450,2024-11-20,Sousse,Sousse Riadh,Sousse Riadh,4000,215,Non,Non,Non,Non,,,Non,Non,Non,Commerciale
menzili,https://www.menzili.tn/annonce/terrain-cloture-de-1122-m-a-vendre-a-hammamet-nord-51355351-nabeul-hammametnord-136696,Terrain,,2024-11-20,Nabeul,Hammamet Nord,Hammamet Nord,8050,1122,Non,Non,Non,Non,,,Non,Non,Non,Commerciale
menzili,https://www.menzili.tn/annonce/terrain-de-573-m2-a-vendre-a-hergla-sousse-hergla-136684,Terrain,487050,2024-11-20,Sousse,Hergla,Hergla,4000,573,Non,Non,Non,Non,,,Non,Non,Non,Commerciale
menzili,https://www.menzili.tn/annonce/t223-terrain-reve-hammamet-douikhla-nabeul-hammametsud-136673,Terrain,63000,2024-11-20,Nabeul,Hammamet Sud,HAMMAMET,8050,610,Non,Non,Non,Non,,,Non,Non,Non,Commerciale
menzili,https://www.menzili.tn/annonce/terrain-exceptionnel-a-vendre-zaghouan-zaghouan-136670,Terrain,210000,2024-11-20,Zaghouan,Zaghouan,Zaghouan,1100,20300,Non,Non,Non,Non,,,Non,Non,Non,Commerciale
menzili,https://www.menzili.tn/annonce/terrain-cloture-de-153-m-a-vendre-a-35-md-a-hammamet-sud-51355351-nabeul-hammametsud-136647,Terrain,35000,2024-11-19,Nabeul,Hammamet Sud,Hammamet Sud,8050,153,Oui,Non,Non,Non,,,Non,Oui,Oui,Commerciale
menzili,https://www.menzili.tn/annonce/terrain-de-200-m-sur-la-route-principale-a-hammamet-sud-a-vendre-51355351-nabeul-hammametsud-136620,Terrain,55000,2024-11-19,Nabeul,Hammamet Sud,Hammamet Sud,8050,200,Non,Non,Non,Non,,,Oui,Non,Non,Commerciale
menzili,https://www.menzili.tn/annonce/terrain-a-vendre-a-chott-mariem-pres-de-la-mer-sousse-akouda-136601,Terrain,,2024-11-18,Sousse,Akouda,Akouda,4022,346,Non,Non,Non,Non,,,Non,Non,Non,Commerciale
menzili,https://www.menzili.tn/annonce/terrain-agricole-a-vendre-a-chorfech-sidi-thabet-ariana-sidithabet-136568,Terrain,,2024-11-18,Ariana,Sidi Thabet,Chorfech,2080,120000,Oui,Non,Non,Non,,150,Oui,Non,Non,Commerciale
menzili,https://www.menzili.tn/annonce/terrain-la-soukra-ariana-lasoukra-136567,Terrain,666600,2024-11-17,Ariana,La Soukra,La soukra,2036,606,Titre Individuel,Non,Non,Non,,,Non,Non,Non,Résidentielle
menzili,https://www.menzili.tn/annonce/un-terrain-a-dar-allouche-kelibia-1-klm-de-la-plage-nabeul-elhaouaria-136553,Terrain,32000,2024-11-17,Nabeul,El Haouaria,kélibia,8045,227,Titre Bleu,Non,Non,Non,,,Non,Non,Non,Commerciale
menzili,https://www.menzili.tn/annonce/lot-de-terrain-de-500-m-a-hammamet-sud-a-vendre-51355351-nabeul-hammametsud-136543,Terrain,55000,2024-11-16,Nabeul,Hammamet Sud,Hammamet Sud,8050,500,Oui,Non,Non,Non,,,Non,Oui,Oui,Commerciale
menzili,https://www.menzili.tn/annonce/terrain-a-nabeul-nabeul-nabeul-136540,Terrain,150000,2024-11-16,Nabeul,Nabeul,Derrière céramique kedidi,8000,216,Oui,Non,Non,Non,,11,Non,Oui,Oui,Résidentielle
menzili,https://www.menzili.tn/annonce/terrain-de-210-m-a-vendre-a-la-zone-touristique-mrezga-51355351-nabeul-mrezga-136526,Terrain,1400,2024-11-16,Nabeul,Mrezga,Mrezga,8058,,Non,Non,Oui,Non,,,Non,Non,Non,Résidentielle
menzili,https://www.menzili.tn/annonce/6-5-hectares-avec-une-maison-a-vendre-a-hammamet-sud51355351-nabeul-hammametsud-136507,Terrain,630000,2024-11-16,Nabeul,Hammamet Sud,Hammamet Sud,8050,65000,Titre Bleu,Non,Non,Non,,,Non,Oui,Oui,Commerciale
menzili,https://www.menzili.tn/annonce/a-vendre-terrain-pres-de-geant-et-meuble-5-etoiles-ariana-sidithabet-136506,Terrain,,2024-11-16,Ariana,Sidi Thabet,Cebelet Ben Ammar Borj Youssef,2080,550,Non,Non,Non,Non,,,Non,Non,Non,Commerciale
menzili,https://www.menzili.tn/annonce/terrain-a-vendre-sfax-sfax-sfaxville-136504,Terrain,,2024-11-16,Sfax,Sfax Ville,Route Sidi Mansour km 9,3000,420,Non,Non,Oui,Non,,,Oui,Non,Non,Commerciale
menzili,https://www.menzili.tn/annonce/terrain-au-quartier-boukhzar-bouhsina-sousse-sousse-soussemedina-136498,Terrain,,2024-11-15,Sousse,Sousse Médina,Sousse Médina,1008,324,Non,Non,Non,Non,,,Non,Non,Non,Commerciale
menzili,https://www.menzili.tn/annonce/terrain-a-vendre-a-afh-bouhsina-215m-sousse-soussejawhara-136462,Terrain,215000,2024-11-15,Sousse,Sousse Jawhara,Sousse Jawhara,4000,215,Non,Non,Non,Non,,,Non,Non,Non,Commerciale
menzili,https://www.menzili.tn/annonce/terrain-a-vendre-a-afh-bouhsina-317m-sousse-soussejawhara-136461,Terrain,237750,2024-11-15,Sousse,Sousse Jawhara,Sousse Jawhara,4000,317,Non,Non,Non,Non,,,Non,Non,Non,Commerciale
menzili,https://www.menzili.tn/annonce/terrain-a-vendre-a-afh-bouhsina-236m-sousse-soussejawhara-136460,Terrain,236000,2024-11-15,Sousse,Sousse Jawhara,Sousse Jawhara,4000,236,Non,Non,Non,Non,,,Non,Non,Non,Commerciale
menzili,https://www.menzili.tn/annonce/terrain-a-vendre-a-afh-bouhsina-388m-sousse-soussejawhara-136458,Terrain,330000,2024-11-15,Sousse,Sousse Jawhara,Sousse Jawhara,4000,388,Non,Non,Non,Non,,,Non,Non,Non,Commerciale
menzili,https://www.menzili.tn/annonce/terrain-pieds-dans-l-eau-de-9716-m-a-korba-a-vendre-51355351-nabeul-korba-136455,Terrain,,2024-11-15,Nabeul,Korba,Korba,8070,9716,Non,Non,Non,Non,,,Non,Non,Oui,Commerciale
menzili,https://www.menzili.tn/annonce/terrain-de-15000-m-plante-d-oliviers-a-korba-a-vendre-51355351-nabeul-korba-136444,Terrain,230000,2024-11-14,Nabeul,Korba,Korba,8070,15000,Non,Non,Non,Non,,,Non,Non,Non,Commerciale
menzili,https://www.menzili.tn/annonce/terrain-agricole-sidibouzid-sidibouzidest-136428,Terrain,1500000,2024-11-14,Sidi Bouzid,Sidi Bouzid Est,sidi bouzid,9100,50000,Non,Non,Non,Non,,,Non,Non,Non,Commerciale
menzili,https://www.menzili.tn/annonce/un-terrain-a-dar-allouche-avec-facilite-du-paiement-nabeul-kelibia-136422,Terrain,36000,2024-11-14,Nabeul,Kélibia,kélibia,8000,300,Titre Bleu,Non,Non,Non,,,Non,Oui,Oui,Commerciale
menzili,https://www.menzili.tn/annonce/terrain-constructible-a-bir-bouragba-latrech-sousse-soussemedina-136411,Terrain,300000,2024-11-14,Sousse,Sousse Médina,LATRECH BIR BOURAGBA,1008,1500,Non,Non,Non,Oui,,,Non,Non,Non,Commerciale
menzili,https://www.menzili.tn/annonce/1-hectare-plante-d-oliviers-a-hammamet-sud-a-vendre-51355351-nabeul-hammametsud-136410,Terrain,170000,2024-11-14,Nabeul,Hammamet Sud,Hammamet Sud,8050,10000,Oui,Non,Non,Non,,,Oui,Oui,Oui,Commerciale
menzili,https://www.menzili.tn/annonce/terrain-cloture-a-rmila-sousse-kalaakebira-136406,Terrain,,2024-11-14,Sousse,Kalaâ Kebira,Résidence Belvédère. Rmila Chott MARIEM,4000,836,Non,Non,Non,Non,,,Non,Oui,Non,Commerciale
menzili,https://www.menzili.tn/annonce/a-vendre-terrain-a-kantaoui-sousse-kantaoui-136374,Terrain,,2024-11-13,Sousse,Kantaoui,Kantaoui,4089,1038,Non,Non,Non,Non,,,Non,Non,Non,Commerciale
menzili,https://www.menzili.tn/annonce/un-terrain-a-dar-allouche-kelibia-avec-facilite-du-paiement-nabeul-kelibia-136358,Terrain,25000,2024-11-13,Nabeul,Kélibia,kélibia,8000,200,Titre Bleu,Non,Non,Non,,,Non,Oui,Oui,Commerciale
menzili,https://www.menzili.tn/annonce/A_vendre-terrain-agricole-de-1335m-a-rmila-sousse-akouda-136346,Terrain,,2024-11-12,Sousse,Akouda,Akouda,4022,1335,Non,Non,Non,Non,,,Non,Non,Non,Commerciale
menzili,https://www.menzili.tn/annonce/terrain-de-660-m-a-chouchet-rades-benarous-megrine-136335,Terrain,1386000,2024-11-12,Ben Arous,Mégrine,Mégrine,2033,660,Non,Non,Non,Non,,,Oui,Non,Non,Commerciale
menzili,https://www.menzili.tn/annonce/terrain-viabilise-de-450-m-a-vendre-a-hammamet-nord-51355351-nabeul-hammametnord-136321,Terrain,,2024-11-12,Nabeul,Hammamet Nord,Hammamet Nord,8050,450,Oui,Non,Oui,Non,,,Non,Non,Non,Résidentielle
menzili,https://www.menzili.tn/annonce/terrain-a-vendre-jardin-de-tunis-manouba-manoubaville-136307,Terrain,,2024-11-12,Manouba,Manouba Ville,Manouba Ville,2010,500,Non,Non,Non,Non,,,Non,Non,Non,Résidentielle
menzili,https://www.menzili.tn/annonce/lot-de-terrain-de-240-m-a-hammamet-a-vendre-51355351-nabeul-hammamet-136292,Terrain,110000,2024-11-12,Nabeul,Hammamet,Hammamet,8050,240,Non,Non,Non,Non,,,Non,Non,Non,Commerciale
menzili,https://www.menzili.tn/annonce/terrain-a-vendre-a-borj-cedria-1-162-m-vente-en-parcelles-benarous-borjcedria-136290,Terrain,,2024-11-11,Ben Arous,Borj Cedria,Borj cedria 4,2013,1162,Non,Non,Non,Oui,,,Non,Non,Oui,Résidentielle
menzili,https://www.menzili.tn/annonce/terrain-de-595-m2-a-vendre-benarous-mornag-136271,Terrain,200000,2024-11-11,Ben Arous,Mornag,Morneg ben arous,2090,595,Non,Non,Non,Non,,,Non,Non,Non,Commerciale
menzili,https://www.menzili.tn/annonce/terrains-residentiels-a-vendre-a-kairouan-kairouan-kairouannord-136248,Terrain,45000,2024-11-11,Kairouan,Kairouan Nord,Kairouan Nord,3100,400,Oui,Non,Non,Oui,,,Oui,Non,Non,Résidentielle
menzili,https://www.menzili.tn/annonce/terrain-de-680-m-a-vendre-a-hammamet-51355351-nabeul-hammamet-136245,Terrain,850000,2024-11-10,Nabeul,Hammamet,Hammamet,8050,680,Non,Non,Non,Non,,,Non,Oui,Oui,Commerciale
menzili,https://www.menzili.tn/annonce/un-terrain-a-bouficha-8-klm-de-la-plage-saloum-sousse-bouficha-136239,Terrain,12000,2024-11-10,Sousse,Bouficha,bouficha,4000,200,Titre Bleu,Non,Non,Non,,,Non,Oui,Oui,Commerciale
menzili,https://www.menzili.tn/annonce/terrain-a-vendre-de-293-m2-a-cite-riadh-3-nabeul-kelibia-136234,Terrain,,2024-11-09,Nabeul,Kélibia,Cité riadh 3,8000,293,Oui,Non,Non,Non,,,Non,Non,Non,Commerciale
menzili,https://www.menzili.tn/annonce/a-vendre-250-m-tres-proche-de-la-plage-de-dar-allouche-corniche-nabeul-nabeul-136206,Terrain,125000000,2024-11-09,Nabeul,Nabeul,kélibia,8000,,Titre Bleu,Non,Non,Non,,,Non,Oui,Oui,Commerciale
menzili,https://www.menzili.tn/annonce/un-terrain-a-dar-allouche-de-300-m2-nabeul-kelibia-136204,Terrain,36000,2024-11-09,Nabeul,Kélibia,Kélibia,8000,300,Titre Bleu,Non,Non,Non,,,Non,Non,Oui,Commerciale
menzili,https://www.menzili.tn/annonce/un-terrain-constructible-centre-ville-dar-allouche-nabeul-nabeul-136202,Terrain,36000,2024-11-09,Nabeul,Nabeul,Nabeul,8000,200,Titre Bleu,Non,Non,Oui,,,Non,Oui,Oui,Commerciale
menzili,https://www.menzili.tn/annonce/terrain-de-1500m2-avec-tres-beau-vu-sur-la-mer-et-la-montagne-bizerte-bizertenord-136178,Terrain,,2024-11-08,Bizerte,Bizerte Nord,Bizerte Nord,7000,1500,Oui,Non,Non,Non,,,Non,Non,Non,Commerciale
menzili,https://www.menzili.tn/annonce/A-vendre-terrain-nabeul-hammamet-136160,Terrain,320000,2024-11-08,Nabeul,Hammamet,Hammamet,8050,960,Non,Non,Non,Non,,,Non,Non,Non,Résidentielle
menzili,https://www.menzili.tn/annonce/a-vendre-terrain-a-sidi-thabet-ariana-sidithabet-136159,Terrain,,2024-11-08,Ariana,Sidi Thabet,Sidi Thabet,2080,8000,Non,Non,Oui,Non,,,Non,Non,Non,Commerciale
menzili,https://www.menzili.tn/annonce/a-vendre-terrain-346m-a-chott-mariem-sousse-akouda-135667,Terrain,1150,2024-10-25,Sousse,Akouda,chott mariem,4022,346,Non,Non,Non,Oui,,17,Non,Non,Non,Commerciale
menzili,https://www.menzili.tn/annonce/a-vendre-terrain-487-m-a-chott-mariem-sousse-akouda-135668,Terrain,,2024-10-25,Sousse,Akouda,chott mariem,4022,487,Non,Non,Non,Oui,,,Non,Non,Non,Commerciale
menzili,https://www.menzili.tn/annonce/terrain-pieds-dans-l-eau-de-3333-m-a-korba-a-vendre-51355351-nabeul-korba-136153,Terrain,430000,2024-11-08,Nabeul,Korba,Korba,8070,3333,Non,Non,Non,Non,,,Non,Non,Oui,Commerciale
menzili,https://www.menzili.tn/annonce/terrain-441-m2-gp1-sousse-soussejawhara-136132,Terrain,950000,2024-11-07,Sousse,Sousse.,Avenue Léopold Sédar Senghor,4000,441,Titre Bleu,Non,Non,Non,,,Oui,Non,Non,Commerciale
menzili,https://www.menzili.tn/annonce/a-vendre-une-ferme-a-bizerte-bizerte-elalia-136127,Terrain,2600000,2024-11-07,Bizerte,El Alia,El Alia,7041,30000,Non,Non,Non,Non,,,Non,Non,Non,Commerciale
menzili,https://www.menzili.tn/annonce/terrain-de-15000-m-plante-d-oliviers-a-korba-a-vendre-51355351-nabeul-korba-136110,Terrain,230000,2024-11-07,Nabeul,Korba,Korba,8070,15000,Non,Non,Non,Non,,,Non,Non,Non,Commerciale
menzili,https://www.menzili.tn/annonce/terrain-pieds-dans-l-eau-de-9716-m-a-korba-a-vendre-51355351-nabeul-korba-136105,Terrain,,2024-11-06,Nabeul,Korba,Korba,8070,9716,Non,Non,Non,Non,,,Non,Non,Oui,Commerciale
menzili,https://www.menzili.tn/annonce/terrain-de-580-m-a-maamoura-a-vendre-51355351-nabeul-benikhiar-136101,Terrain,100000,2024-11-06,Nabeul,Béni Khiar,Béni Khiar,8000,580,Oui,Non,Non,Non,,,Non,Oui,Oui,Commerciale
menzili,https://www.menzili.tn/annonce/superbe-lot-de-terrain-de-280-m-a-afh-mrezga-a-vendre-51355351-nabeul-mrezga-136096,Terrain,350000,2024-11-06,Nabeul,Mrezga,Mrezga,8058,280,Titre Individuel,Non,Non,Non,,,Non,Non,Non,Commerciale
menzili,https://www.menzili.tn/annonce/lotissement-dar-allouche-nabeul-kelibia-136087,Terrain,65000,2024-11-06,Nabeul,Kélibia,Kélibia,8000,257,Non,Non,Non,Non,,,Non,Non,Non,Résidentielle
menzili,https://www.menzili.tn/annonce/terrain-a-djbel-ouist-zaghwan-zaghouan-birmchergua-136075,Terrain,333300,2024-11-05,Zaghouan,Bir Mchergua,Bir Mchergua,1100,3333,Non,Non,Non,Non,,,Oui,Oui,Oui,Commerciale
menzili,https://www.menzili.tn/annonce/terrain-a-vendre-de-210m-a-ain-berda-benzert-bizerte-bizertenord-136065,Terrain,,2024-11-05,Bizerte,Bizerte Nord,Bizerte Nord,7000,210,Non,Non,Non,Non,,,Non,Non,Non,Commerciale
menzili,https://www.menzili.tn/annonce/terrain-cloture-avec-studio-a-hammamet-sud-a-vendre-a-85-md-51355351-nabeul-hammametsud-136046,Terrain,85000,2024-11-05,Nabeul,Hammamet Sud,Hammamet Sud,8050,680,Oui,Non,Non,Non,,,Oui,Oui,Oui,Commerciale
menzili,https://www.menzili.tn/annonce/terrain-arbore-pour-votre-futur-investissement-nabeul-nabeul-136034,Terrain,250000,2024-11-04,Nabeul,Nabeul,nabeul,8000,10000,Non,Non,Non,Non,,,Non,Non,Non,Commerciale
menzili,https://www.menzili.tn/annonce/terrain-de-4000m2-70-dtle-m-a-foukaia-chott-meriem-sousse-akouda-136020,Terrain,280000,2024-11-04,Sousse,Akouda,Akouda,4022,,Non,Non,Non,Non,,,Non,Non,Non,Commerciale
menzili,https://www.menzili.tn/annonce/lot-de-terrain-de-500-m-a-vendre-a-55-md-a-hammamet-sud51355351-nabeul-hammamet-136006,Terrain,55000,2024-11-03,Nabeul,Hammamet,Hammamet,8050,500,Oui,Non,Non,Non,,,Non,Oui,Oui,Commerciale
menzili,https://www.menzili.tn/annonce/terrain-bizerte-bizertenord-135964,Terrain,240000,2024-11-01,Bizerte,Bizerte Nord,Bizerte Nord,7000,275,Titre Individuel,Non,Non,Non,,,Non,Non,Non,Commerciale
menzili,https://www.menzili.tn/annonce/terrain-sur-la-route-principale-a-hammamet-sud-a-vendre-51355351-nabeul-hammametsud-135962,Terrain,55000,2024-11-01,Nabeul,Hammamet Sud,Hammamet Sud,8050,200,Non,Non,Non,Non,,,Oui,Non,Non,Commerciale
menzili,https://www.menzili.tn/annonce/un-terrain-de-superficie-700m-a-vendre-situee-a-kalaa-sghira-sousse-kalaasghira-135928,Terrain,,2024-10-31,Sousse,Kalaâ Sghira,Kalaâ Sghira,4000,700,Non,Non,Non,Non,,,Non,Non,Non,Commerciale
menzili,https://www.menzili.tn/annonce/un-terrain-de-superficie-600m-a-vendre-situee-a-kalaa-sghira-sousse-kalaasghira-135929,Terrain,,2024-10-31,Sousse,Kalaâ Sghira,Kalaâ Sghira,4000,600,Non,Non,Non,Non,,,Non,Non,Non,Commerciale
menzili,https://www.menzili.tn/annonce/un-terrain-de-1000m-vue-de-mer-situee-a-kalaa-kbira-sousse-kalaakebira-135948,Terrain,550000,2024-11-01,Sousse,Kalaâ Kebira,Kalaâ Kebira,4000,1000,Non,Oui,Non,Non,,,Oui,Non,Non,Commerciale
menzili,https://www.menzili.tn/annonce/terrain-sidi-mahersi-nabeul-nabeul-135940,Terrain,1000000,2024-11-01,Nabeul,Nabeul,Nabeul,8000,620,Non,Non,Oui,Non,,,Non,Non,Non,Commerciale
menzili,https://www.menzili.tn/annonce/terrain-de-200-m-a-vendre-a-hammamet-sud-51355351-nabeul-hammamet-135939,Terrain,28000,2024-11-01,Nabeul,Hammamet,Hammamet,8050,200,Non,Non,Non,Non,,,Non,Non,Non,Commerciale
menzili,https://www.menzili.tn/annonce/deux-lots-de-terrain-a-vendre-a-cote-du-restaurant-la-closerie-a-la-marsa-tunis-lamarsa-135938,Terrain,1700,2024-11-01,Tunis,La Marsa,La Marsa,2070,847,Non,Non,Non,Non,,,Non,Non,Non,Commerciale
menzili,https://www.menzili.tn/annonce/terrain-de-1546-m-a-hammamet-sud-a-vendre-a-190dt-m-51355351-nabeul-hammametsud-135931,Terrain,,2024-10-31,Nabeul,Hammamet Sud,Hammamet Sud,8050,1546,Oui,Non,Non,Non,,30,Non,Oui,Oui,Commerciale
menzili,https://www.menzili.tn/annonce/2lots-de-terrain-jumeles-et-clotures-a-hammamet-sud-a-vendre-51355351-nabeul-hammametsud-135921,Terrain,105000,2024-10-31,Nabeul,Hammamet Sud,Hammamet Sud,8050,527,Oui,Non,Non,Non,,,Non,Oui,Oui,Commerciale
menzili,https://www.menzili.tn/annonce/terrain-avec-cloture-a-vendre-a-sfax-sfax-sakieteddaier-135920,Terrain,200000,2024-10-31,Sfax,Sakiet Eddaïer,Route Saltnia km 5.5,3011,990,Non,Non,Non,Oui,,,Oui,Non,Non,Commerciale
menzili,https://www.menzili.tn/annonce/terrain-de-530m-a-chatte-mariem-sousse-akouda-135903,Terrain,371000,2024-10-30,Sousse,Akouda,Akouda,4022,530,Non,Non,Non,Non,,,Non,Non,Non,Résidentielle
menzili,https://www.menzili.tn/annonce/terrain-de-374m-a-chatte-mariem-sousse-akouda-135902,Terrain,336600,2024-10-30,Sousse,Akouda,Akouda,4022,374,Non,Non,Non,Non,,,Non,Non,Non,Résidentielle
menzili,https://www.menzili.tn/annonce/terrain-de-623m-a-chatte-mariem-sousse-akouda-135901,Terrain,996800,2024-10-30,Sousse,Akouda,Akouda,4022,632,Non,Non,Non,Non,,,Non,Non,Non,Résidentielle
menzili,https://www.menzili.tn/annonce/terrain-a-vendre-a-midoun-djerba-medenine-djerbamidoun-135890,Terrain,,2024-10-30,Médenine,Djerba - Midoun,Djerba - Midoun,4180,2865,Titre Bleu,Non,Non,Non,,,Oui,Non,Non,Résidentielle
menzili,https://www.menzili.tn/annonce/terrains-a-vendre-sousse-sahloul-135883,Terrain,,2024-10-30,Sousse,Sahloul,Sahloul,4054,,Non,Non,Non,Non,,,Non,Non,Non,Résidentielle
menzili,https://www.menzili.tn/annonce/terrain-cloture-avec-studio-a-vendre-a-hammamet-sud-51355351-nabeul-hammametsud-135876,Terrain,85000,2024-10-30,Nabeul,Hammamet Sud,Hammamet Sud,8050,680,Oui,Non,Non,Non,,,Oui,Oui,Oui,Commerciale
menzili,https://www.menzili.tn/annonce/lot-de-terrain-de-500-m-a-hammamet-sud-nabeul-hammametsud-135847,Terrain,55000,2024-10-29,Nabeul,Hammamet Sud,Hammamet Sud,8050,500,Oui,Non,Non,Non,,,Non,Oui,Oui,Commerciale
menzili,https://www.menzili.tn/annonce/6-5-hectares-avec-une-maison-a-vendre-a-hammamet-sud-51355351-nabeul-hammametsud-135843,Terrain,630000,2024-10-29,Nabeul,Hammamet Sud,Hammamet Sud,8050,65000,Titre Bleu,Non,Non,Non,,,Non,Oui,Oui,Commerciale
menzili,https://www.menzili.tn/annonce/terrain-a-vendre-de-1846-m2-ariana-lasoukra-135830,Terrain,1500000,2024-10-29,Ariana,La Soukra,La Soukra,2036,1846,Non,Non,Non,Non,,,Non,Non,Non,Commerciale
menzili,https://www.menzili.tn/annonce/terrain-commercial-al-intilaka-ariana-menzah-135817,Terrain,2900,2024-10-29,Ariana,Menzah,Menzah,1004,533,Non,Non,Non,Oui,,,Non,Non,Non,Commerciale
menzili,https://www.menzili.tn/annonce/terrain-manouba-manouba-manoubaville-135796,Terrain,1250,2024-10-28,Manouba,Manouba Ville,manouba,2010,,Titre Individuel,Non,Non,Non,,,Non,Non,Non,Commerciale
menzili,https://www.menzili.tn/annonce/a-vendre-terrain-nabeul-soliman-135768,Terrain,,2024-10-28,Nabeul,Soliman,Soliman-El Marja,8020,10000,Non,Non,Non,Non,,,Non,Non,Non,Commerciale
menzili,https://www.menzili.tn/annonce/terrain-agricole-de-1494-5m2-a-el-haouaria-cap-bon-nabeul-elhaouaria-135736,Terrain,90000,2024-10-27,Nabeul,El Haouaria,el haouaria cap bon,8045,1495,Titre Bleu,Non,Non,Non,,,Non,Non,Non,Commerciale
menzili,https://www.menzili.tn/annonce/terrains-situes-a-chott-mariem-disponibles-en-deux-options-sousse-hergla-135724,Terrain,1100,2024-10-26,Sousse,Hergla,Tunis,1000,1600,Non,Non,Non,Oui,2x800,28,Oui,Oui,Oui,Résidentielle
menzili,https://www.menzili.tn/annonce/terrain-chebabia-medenine-djerbamidoun-135722,Terrain,,2024-10-26,Médenine,Djerba - Midoun,Chebabia,4180,35000,Titre Bleu,Non,Non,Non,,,Oui,Non,Non,Commerciale
menzili,https://www.menzili.tn/annonce/A-vendre-terrain-de-365m-a-jinene-beni-khiarnabeul-nabeul-benikhiar-135693,Terrain,,2024-10-26,Nabeul,Béni Khiar,Béni Khiar,8000,365,Titre Individuel,Non,Oui,Non,,,Non,Non,Non,Commerciale
menzili,https://www.menzili.tn/annonce/a-vendre-terrain-1463-m2-nabeul-kelibia-135688,Terrain,125000,2024-10-26,Nabeul,Kélibia,Dar allouche,8000,1463,Non,Non,Non,Non,,,Non,Non,Non,Commerciale
menzili,https://www.menzili.tn/annonce/terrain-cloture-de-500-m-a-vendre-a-105-md-a-hammamet-sud-nabeul-hammametsud-135686,Terrain,105000,2024-10-25,Nabeul,Hammamet Sud,Hammamet Sud,8050,500,Oui,Non,Non,Non,,,Non,Oui,Oui,Commerciale
menzili,https://www.menzili.tn/annonce/terrain-habitation-en-vente-monastir-teboulba-135676,Terrain,36000,2024-10-25,Monastir,Téboulba,Téboulba,5000,190,Non,Non,Non,Oui,,,Oui,Non,Non,Résidentielle
menzili,https://www.menzili.tn/annonce/terrain-cloture-de-800-m-vue-de-mer-a-hammamet-sud-a-vendre-51355351-nabeul-hammametsud-135640,Terrain,220000,2024-10-24,Nabeul,Hammamet Sud,Hammamet Sud,8050,800,Oui,Oui,Non,Non,,,Oui,Oui,Oui,Commerciale
menzili,https://www.menzili.tn/annonce/2-lots-de-terrain-jumeles-et-clotures-a-hammamet-sud-a-vendre-51355351-nabeul-hammametsud-135630,Terrain,105000,2024-10-24,Nabeul,Hammamet Sud,Hammamet Sud,8050,527,Oui,Non,Non,Non,,,Non,Oui,Oui,Commerciale
menzili,https://www.menzili.tn/annonce/terrain-de-270-m-a-ghrabi-en-face-mosquee-esahaba-620dt-m-sousse-hammamsousse-135618,Terrain,,2024-10-24,Sousse,tunisie,hammam sousse,1000,720,Non,Non,Non,Non,,,Non,Non,Non,Commerciale
menzili,https://www.menzili.tn/annonce/terrains-vue-de-mer-a-sidi-mtir-a-vendre-51355351-nabeul-hammametsud-135617,Terrain,36000,2024-10-24,Nabeul,Hammamet Sud,Hammamet Sud,8050,230,Oui,Oui,Non,Non,,,Non,Non,Non,Commerciale
menzili,https://www.menzili.tn/annonce/a-vendre-terrain-600m-en-premier-position-zone-touristique-djerba-medenine-djerbamidoun-135613,Terrain,,2024-10-23,Médenine,Djerba - Midoun,Djerba - Midoun,4180,600,Titre Bleu,Non,Non,Non,,,Non,Non,Non,Commerciale
menzili,https://www.menzili.tn/annonce/terrain-belle-de-208-m2-vu-sur-mer-sis-a-ain-mariem-bizerte-bizertenord-135579,Terrain,,2024-10-22,Bizerte,Bizerte Nord,ain mariem,7000,208,Non,Non,Non,Non,,13,Non,Non,Non,Résidentielle
menzili,https://www.menzili.tn/annonce/terrain-agricole-de-2147m-a-foukaia-chott-meriem-sousse-akouda-135562,Terrain,,2026-03-30,,,,,,Non,Non,Non,Non,,,Non,Non,Non,
menzili,https://www.menzili.tn/annonce/terrain-titre-bleu-sfax-thyna-sfax-thyna-135553,Terrain,,2026-03-30,,,,,,Non,Non,Non,Non,,,Non,Non,Non,
menzili,https://www.menzili.tn/annonce/terrain-a-vendre-a-jerba-medenine-djerbamidoun-135552,Terrain,,2026-03-30,,,,,,Non,Non,Non,Non,,,Non,Non,Non,
menzili,https://www.menzili.tn/annonce/avendrelot-du-terrain-700-m-afoukaia-84-000dt-sousse-akouda-135522,Terrain,84000,2024-10-21,Sousse,Akouda,Akouda,4022,700,Titre Individuel,Non,Non,Non,,,Non,Non,Non,Commerciale
menzili,https://www.menzili.tn/annonce/lot-du-terrain-agricole-4165-m-prix-120-dt-m-sousse-hammamsousse-135517,Terrain,,2026-03-30,a 503 Service Unavailable error was encountered while trying to use an ErrorDocument to handle the request.,Additionally,Additionally,,,Non,Non,Non,Non,,,Non,Non,Non,
menzili,https://www.menzili.tn/annonce/a-vendre-terrain-habitation-de1200-m2-a-hamada-sousse-hammamsousse-135515,Terrain,,2026-03-30,,,,,,Non,Non,Non,Non,,,Non,Non,Non,
menzili,https://www.menzili.tn/annonce/terrain-a-corniche-bizerte-1000-m2-bizerte-bizertenord-135510,Terrain,,2026-03-30,,,,,,Non,Non,Non,Non,,,Non,Non,Non,
menzili,https://www.menzili.tn/annonce/terrain-de-367-m-a-morneg-benarous-mornag-135477,Terrain,,2026-03-30,,,,,,Non,Non,Non,Non,,,Non,Non,Non,
menzili,https://www.menzili.tn/annonce/un-terrain-agricole-de-3100-m2-a-vendre-sousse-kalaasghira-135437,Terrain,,2024-10-18,Sousse,Khzema Ouest,56 Rue Imem Moslem,4000,3100,Titre Bleu,Non,Non,Non,,,Non,Non,Non,Commerciale
menzili,https://www.menzili.tn/annonce/un-terrain-a-vendre-situee-a-el-foukaiya-chatt-mariem-sousse-akouda-135436,Terrain,130000,2024-10-18,Sousse,Khzema Ouest,56 Rue Imem Moslem,4000,2600,Non,Non,Non,Non,,,Non,Non,Non,Commerciale
menzili,https://www.menzili.tn/annonce/un-terrain-a-vendre-situee-a-jawhra-sousse-sousse-soussejawhara-135435,Terrain,320000,2024-10-18,Sousse,Khzema Ouest,56 Rue Imem Moslem,4000,352,Titre Bleu,Non,Non,Non,,,Non,Non,Non,Commerciale
menzili,https://www.menzili.tn/annonce/un-terrain-de-723-m2-a-vendre-situee-a-khzema-sousse-soussemedina-135434,Terrain,,2024-10-18,Sousse,Khzema Ouest,56 Rue Imem Moslem,4000,723,Titre Bleu,Non,Non,Non,,,Non,Non,Non,Commerciale
menzili,https://www.menzili.tn/annonce/terrain-de-1327-m2-a-vendre-a-ksour-gharnata-sousse-akouda-135432,Terrain,,2024-10-18,Sousse,Khzema Ouest,56 Rue Imem Moslem,4000,1327,Titre Bleu,Oui,Non,Non,,,Non,Non,Non,Commerciale
menzili,https://www.menzili.tn/annonce/un-terrain-de-400-m2-a-vendre-situee-a-khzema-sousse-soussemedina-135431,Terrain,1500,2024-10-18,Sousse,Sousse Médina,Sousse Médina,1008,400,Non,Non,Non,Non,,,Non,Non,Non,Commerciale
menzili,https://www.menzili.tn/annonce/un-terrain-de-3571m-a-vendre-situee-a-akouda-sousse-akouda-135430,Terrain,,2024-10-18,Sousse,Khzema Ouest,56 Rue Imem Moslem,4000,3571,Non,Non,Non,Non,,,Non,Non,Non,Commerciale
menzili,https://www.menzili.tn/annonce/un-terrain-de-3461m-a-vendre-situee-a-akouda-sousse-akouda-135429,Terrain,,2024-10-18,Sousse,Akouda,Akouda,4022,3641,Non,Non,Non,Non,,,Non,Non,Non,Commerciale
menzili,https://www.menzili.tn/annonce/terrain-a-vendre-aux-jardins-d-el-menzah-2-emplacement-premium-ariana-jardinsdelmenzah-135406,Terrain,1900,2024-10-18,Ariana,Jardins D'el Menzah,Jardin d'el Menzah 2,1004,383,Oui,Non,Non,Non,,,Non,Non,Non,Résidentielle
menzili,https://www.menzili.tn/annonce/terrain-exceptionnel-a-mnihla-tunis-manouba-manoubaville-135359,Terrain,64000,2024-10-17,Manouba,المنيهلة,Mnihla,2094,40000,Non,Non,Non,Non,,,Oui,Non,Non,Commerciale
menzili,https://www.menzili.tn/annonce/a-vendre-terrain-a-ksour-gharnata-730m-sousse-hammamsousse-135351,Terrain,,2024-10-17,Sousse,Hammam Sousse,Kantaoui,4011,730,Non,Non,Non,Non,,,Non,Non,Non,Commerciale
menzili,https://www.menzili.tn/annonce/terrain-300m-a-kantaoui-kousour-gharnata-sousse-hammamsousse-135348,Terrain,180000,2024-10-17,Sousse,Hammam Sousse,Kantaoui,4011,300,Non,Non,Non,Non,,13,Non,Non,Non,Commerciale
menzili,https://www.menzili.tn/annonce/t224-terrain-rjab-hammamet-nabeul-hammametsud-135291,Terrain,803600,2024-10-16,Nabeul,Hammamet Sud,HAMMAMET,8050,4018,Non,Non,Non,Non,,,Non,Non,Non,Commerciale
menzili,https://www.menzili.tn/annonce/a-vendre-terrain-agricole-sousse-sousseriadh-135188,Terrain,,2024-10-11,Sousse,Sousse Riadh,Sousse Riadh,4000,9500,Non,Non,Non,Non,,,Non,Non,Non,Commerciale
menzili,https://www.menzili.tn/annonce/terrain-a-vendre-au-centre-ville-ksibet-sousse-sousse-sousseriadh-135230,Terrain,120000,2024-10-13,Sousse,Sousse Riadh,Sousse Riadh,4000,250,Non,Non,Non,Non,,,Non,Non,Non,Résidentielle
menzili,https://www.menzili.tn/annonce/terrain-de-200-m2-a-klebia-nabeul-kelibia-135267,Terrain,12900,2024-10-14,Nabeul,Kélibia,Azmour,8000,200,Non,Non,Non,Non,,,Non,Non,Non,Commerciale
menzili,https://www.menzili.tn/annonce/terrain-a-vendre-a-dar-allouche-kelibia-29711072-nabeul-kelibia-135256,Terrain,60000,2024-10-14,Nabeul,Kélibia,Kélibia,8000,250,Non,Non,Non,Non,,,Non,Non,Non,Commerciale
menzili,https://www.menzili.tn/annonce/un-beau-terrain-a-vendre-a-cite-borj-cedria-4-benarous-borjcedria-135238,Terrain,,2024-10-13,Ben Arous,Borj Cedria,Borj Cedria,2013,,Non,Non,Non,Oui,,,Non,Non,Non,Commerciale
menzili,https://www.menzili.tn/annonce/terrain-de-546-m2-a-la-soukra-ariana-lasoukra-135232,Terrain,737000,2024-10-13,Ariana,La Soukra,La Soukra,2036,546,Non,Non,Non,Non,,,Non,Non,Non,Commerciale
menzili,https://www.menzili.tn/annonce/terrain-louata-route-de-bizerte-bizerte-menzelbourguiba-135227,Terrain,120000,2024-10-12,Bizerte,Menzel Bourguiba,Louata 7140,7050,800,Titre Bleu,Non,Non,Non,,,Oui,Non,Non,Commerciale
menzili,https://www.menzili.tn/annonce/-terrain-vocation-r-5-de-485m-a-hammam-sousse-sousse-hammamsousse-135179,Terrain,460750,2024-10-10,Sousse,Hammam Sousse,Hammam Sousse,4011,485,Non,Non,Non,Non,,,Oui,Non,Non,Commerciale
menzili,https://www.menzili.tn/annonce/terrain-de-2-hectares-a-bourj-toumi-manouba-tebourba-135143,Terrain,600000,2024-10-09,Manouba,Tebourba,Tebourba,1130,20000,Non,Non,Non,Non,5x10,,Non,Non,Non,Commerciale
menzili,https://www.menzili.tn/annonce/-quot-terrain-de-300-m2-a-vendre-avec-vue-sur-la-mer-quot-nabeul-hammametsud-135138,Terrain,24000,2024-10-09,Nabeul,Hammamet Sud,Hammamet Sud,8050,300,Non,Non,Non,Non,,,Non,Non,Non,Commerciale
menzili,https://www.menzili.tn/annonce/terrain-de-493-m2-a-vendre-a-hammam-sousse-sousse-hammamsousse-135111,Terrain,560000,2024-10-08,Sousse,Hammam Sousse,Hammam Sousse,4011,493,Non,Non,Non,Non,,,Non,Non,Non,Résidentielle
menzili,https://www.menzili.tn/annonce/avendre-un-terrain-de-487m-prix-du-m-650-dt-m-aghrabi-sousse-hammamsousse-135109,Terrain,316550,2024-10-08,Sousse,Hammam Sousse,Hammam Sousse,4011,487,Non,Non,Non,Non,,,Non,Non,Non,Commerciale
menzili,https://www.menzili.tn/annonce/terrain-de-150-m2-a-vendre-sousse-bouficha-135102,Terrain,11900,2024-10-08,Sousse,Bouficha,bouficha,4000,150,Titre Bleu,Non,Non,Non,,,Non,Non,Non,Commerciale
menzili,https://www.menzili.tn/annonce/terrain-a-batir-avec-titre-foncier-sousse-bouficha-135092,Terrain,130000,2024-10-08,Sousse,Bouficha,Essaloum,4000,500,Oui,Non,Non,Non,,,Non,Non,Non,Commerciale
menzili,https://www.menzili.tn/annonce/terrain-de-160-m2-a-vendre-ariana-sidithabet-135046,Terrain,26000,2024-10-06,Ariana,Sidi Thabet,sidi thabet,2080,160,Non,Non,Non,Non,,,Non,Oui,Oui,Commerciale
menzili,https://www.menzili.tn/annonce/terrain-constructible-a-jarzouna-bizerte-bizerte-bizertenord-131564,Terrain,,2024-05-26,Bizerte,Bizerte Nord,Bizerte Nord,7000,1160,Non,Non,Non,Oui,,,Non,Non,Non,Commerciale
menzili,https://www.menzili.tn/annonce/terrain-de-16630-m-a-vendre-a-hergla-sousse-hammamsousse-134923,Terrain,332600,2024-10-02,Sousse,Hammam Sousse,Hergla,4011,16630,Non,Non,Non,Non,,,Non,Non,Non,Commerciale
menzili,https://www.menzili.tn/annonce/terrain-de-3000-m2-a-vendre-nabeul-hammamet-134903,Terrain,300000,2024-10-01,Nabeul,Hammamet Sud,Nabeul,8050,3000,Non,Non,Non,Non,,,Non,Non,Non,Commerciale
menzili,https://www.menzili.tn/annonce/t223-terrain-reve-douikhla-nabeul-hammametsud-134901,Terrain,63000,2024-10-01,Nabeul,Hammamet Sud,HAMMAMET,8050,610,Non,Non,Non,Non,,,Non,Non,Non,Commerciale
menzili,https://www.menzili.tn/annonce/terrain-a-soukra-ariana-lasoukra-134870,Terrain,,2024-09-30,Ariana,La Soukra,La Soukra,2036,636,Non,Non,Non,Non,,,Non,Non,Non,Commerciale
menzili,https://www.menzili.tn/annonce/terrain-de-1300-m-a-vendre-a-kantaoui-sousse-kantaoui-134837,Terrain,2000,2024-09-30,Sousse,Kantaoui,Kantaoui,4089,1300,Non,Non,Non,Non,,,Non,Non,Oui,Commerciale
menzili,https://www.menzili.tn/annonce/terrain-350-m2-menzel-bourguiba-bizerte-menzelbourguiba-134833,Terrain,225750,2024-09-30,Bizerte,Menzel Bourguiba,Lot ben chaabene le passage Ml bourguiba,7050,350,Titre Bleu,Non,Non,Non,,,Non,Non,Non,Résidentielle
menzili,https://www.menzili.tn/annonce/vente-de-terrains-residentiels-a-kairouan-800-metres-de-l-intersection-sousse-kairouan-kairouan-kairouannord-134831,Terrain,400000,2024-09-29,Kairouan,Kairouan Nord,Kairouan Nord,3100,13498,Oui,Non,Non,Non,,,Non,Non,Non,Résidentielle
menzili,https://www.menzili.tn/annonce/terrain-de-445-m2-a-route-menzel-chaker-km-6-sfax-sfax-routemenzelchaker-134824,Terrain,155750,2024-09-28,Sfax,Route Menzel Chaker,Km 6,3051,445,Non,Non,Non,Non,,,Oui,Non,Non,Commerciale
menzili,https://www.menzili.tn/annonce/a-vendre-terrain-573-m-a-hergla-sousse-hammamsousse-134777,Terrain,,2024-09-27,Sousse,Hammam Sousse,Hergla,4011,573,Non,Non,Non,Non,,,Non,Non,Non,Commerciale
menzili,https://www.menzili.tn/annonce/un-terrain-situe-a-djerba-tezdain-zone-touristique-medenine-djerbamidoun-134698,Terrain,125000,2024-09-27,Médenine,Djerba - Midoun,Djerba - Midoun,4180,1250,Non,Non,Non,Non,,,Non,Non,Non,Commerciale
menzili,https://www.menzili.tn/annonce/A-vendre-terrain-de-245m2-a-riadh-al-andalous-ariana-arianaville-134697,Terrain,260000,2024-09-27,Ariana,Ariana Ville,RIADH AL ANDALOUS,2080,245,Non,Non,Non,Oui,,,Non,Non,Non,Résidentielle
menzili,https://www.menzili.tn/annonce/av-ferme-a-sidi-thabet-ariana-sidithabet-134622,Terrain,1700000,2024-09-24,Ariana,Sidi Thabet,Sidi Thabet,2080,20000,Non,Non,Non,Non,,,Non,Non,Oui,Commerciale
menzili,https://www.menzili.tn/annonce/terrain-476-m-a-vendre-a-bhaier-hammam-sousse-sousse-hammamsousse-134617,Terrain,,2024-09-24,Sousse,Hammam Sousse,Hammam Sousse,4011,476,Non,Non,Non,Non,,,Non,Non,Non,Commerciale
menzili,https://www.menzili.tn/annonce/t221-terrain-elissar-hammamet-nabeul-hammametnord-134615,Terrain,375000,2024-09-24,Nabeul,Hammamet Nord,HAMMAMET,8050,300,Non,Non,Non,Non,,,Non,Non,Non,Commerciale
menzili,https://www.menzili.tn/annonce/terrain-avec-facilite-sur-2ans-a-hammamet-sud-nabeul-hammamet-134611,Terrain,3000,2024-09-24,Nabeul,Hammamet,Hammamet,8050,150,Non,Non,Non,Non,,,Non,Non,Non,Commerciale
menzili,https://www.menzili.tn/annonce/vente-terrain-constructible-titre-kalaa-sghira-sousse-sousse-kalaasghira-134517,Terrain,,2024-09-20,Sousse,Kalaâ Sghira,Kalaâ Sghira,4000,235,Non,Non,Non,Oui,,,Non,Non,Non,Résidentielle
menzili,https://www.menzili.tn/annonce/terrain-djerba-khazroune-a-vendre-titre-bleu-medenine-djerbamidoun-134464,Terrain,350000,2024-09-18,Médenine,Djerba - Midoun,Djerba - Midoun,4180,2452,Titre Bleu,Non,Non,Oui,,,Non,Non,Non,Résidentielle
menzili,https://www.menzili.tn/annonce/vente-terrain-a-djerba-melita-bord-de-route-4721-m2-medenine-djerbahoumtsouk-134458,Terrain,,2024-09-18,Médenine,Djerba-Houmt Souk,29729628,4180,4721,Non,Non,Non,Non,,,Oui,Non,Non,Commerciale
menzili,https://www.menzili.tn/annonce/terrain-a-vendre-de-430-m2-ariana-raoued-134436,Terrain,270000,2024-09-17,Ariana,Raoued,Raoued,2083,430,Titre Bleu,Non,Non,Oui,,,Oui,Non,Non,Commerciale
menzili,https://www.menzili.tn/annonce/terrain-de-3500m-a-sidi-bouali-sousse-sidibouali-134427,Terrain,330000,2024-09-17,Sousse,Sidi Bou Ali,Sidi Bou Ali,4040,3500,Titre Individuel,Non,Non,Non,,,Non,Non,Non,Commerciale
menzili,https://www.menzili.tn/annonce/lot-de-terrains-benarous-boumhel-134426,Terrain,,2024-09-17,Ben Arous,Boumhel,Boumhel,2013,350,Non,Non,Non,Non,,,Non,Non,Non,Commerciale
menzili,https://www.menzili.tn/annonce/terrain-de726-m2-a-vendre-sfax-routegremda-134422,Terrain,,2024-09-17,Sfax,Route Gremda,Route Gremda,3000,726,Non,Non,Non,Non,,,Oui,Non,Non,Commerciale
menzili,https://www.menzili.tn/annonce/terrain-bhar-lazreg-tunis-lamarsa-134388,Terrain,160000,2024-09-16,Tunis,La Marsa,rue lbn rachik,2070,250,Non,Non,Oui,Non,,,Oui,Non,Non,Commerciale
menzili,https://www.menzili.tn/annonce/terrain-promoteur-omran-superieur-tunis-elomranesuperieur-134366,Terrain,800000,2024-09-16,Tunis,El Omrane supérieur,El Omrane supérieur,1091,822,Titre Individuel,Non,Non,Non,,20,Non,Non,Non,Commerciale
menzili,https://www.menzili.tn/annonce/terrain-1000m2-hammamet-nabeul-mrezga-134363,Terrain,840000,2024-09-16,Nabeul,Mrezga,Hammamet Merazka,8058,1000,Titre Bleu,Non,Non,Oui,,,Non,Non,Oui,Commerciale
menzili,https://www.menzili.tn/annonce/a-vendre-un-terrain-nu-de-500m2-a-nahli-ariana-ghazela-134359,Terrain,250000,2024-09-16,Ariana,Ghazela,Nahli route de bizerte Klm06 Ariana,2080,500,Non,Non,Non,Non,,,Oui,Non,Non,Commerciale
menzili,https://www.menzili.tn/annonce/av-terrain-de-615m-a-montplaisir-tunis-centrevillelafayette-134327,Terrain,1500000,2024-09-13,Tunis,Centre Ville - Lafayette,Montplaisir,1073,,Oui,Non,Non,Non,,,Non,Non,Non,Résidentielle
menzili,https://www.menzili.tn/annonce/terrain-de-300-m-a-rmila-51-000-dt-sousse-akouda-134302,Terrain,51000,2024-09-13,Sousse,Akouda,Akouda,4022,300,Non,Non,Non,Non,,,Non,Non,Non,Résidentielle
menzili,https://www.menzili.tn/annonce/terrain-A-ksour-ghornata-sousse-akouda-134266,Terrain,85000,2024-09-12,Sousse,Akouda,KSOUR GHORNATA CHAT MERIEM,4022,200,Non,Non,Non,Non,,,Non,Non,Non,Commerciale
menzili,https://www.menzili.tn/annonce/mahdia-a-vendre-terrain-mahdia-mahdia-134242,Terrain,206000,2024-09-11,Mahdia,Mahdia,Mahdia,5100,629,Titre Individuel,Non,Oui,Non,,,Non,Non,Non,Résidentielle
menzili,https://www.menzili.tn/annonce/terrain-titre-vue-sur-mer-zone-touristique-larmrl-tabarka-jendouba-tabarka-134198,Terrain,430000,2024-09-10,Jendouba,Tabarka,Lotissement Larmel Tabarka,8110,993,Non,Oui,Non,Non,,,Non,Non,Non,Résidentielle
menzili,https://www.menzili.tn/annonce/terrain-a-gammarth-harrouch-tunis-gammarth-134163,Terrain,,2024-09-09,Tunis,Gammarth,Gammarth harrouch,2078,350,Non,Non,Non,Non,,,Non,Non,Non,Commerciale
menzili,https://www.menzili.tn/annonce/senia-avec-maison-prix-negociable-nabeul-takelsa-132794,Terrain,500000,2024-07-09,Nabeul,Takelsa,sur la route du port,8061,10000,Non,Non,Non,Non,,,Oui,Non,Oui,Commerciale
menzili,https://www.menzili.tn/annonce/terrain-a-dharoufa-de-2500-m2-nabeul-benikhiar-134109,Terrain,135000,2024-09-06,Nabeul,Béni Khiar,dharoufa . beni khiar . nabeul,8000,2500,Non,Non,Non,Non,,,Oui,Oui,Oui,Commerciale
menzili,https://www.menzili.tn/annonce/un-terrain-a-bouficha-a-12-mille-sousse-bouficha-134039,Terrain,12000,2024-09-04,Sousse,Bouficha,bouficha,4000,200,Titre Bleu,Non,Non,Non,,,Non,Oui,Oui,Commerciale
menzili,https://www.menzili.tn/annonce/terrain-a-vendre-khezama-sousse-hammamsousse-134027,Terrain,655400,2024-09-04,Sousse,Hammam Sousse,Hammam Sousse,4011,452,Titre Bleu,Non,Non,Oui,,,Non,Non,Non,Résidentielle
menzili,https://www.menzili.tn/annonce/terrain-a-vendre-de-525-m2-sfax-routegremda-119671,Terrain,,2023-07-24,Sfax,Route Gremda,Route Gremda,3000,525,Non,Non,Non,Non,,,Oui,Non,Non,Résidentielle
menzili,https://www.menzili.tn/annonce/a-vendre-terrain-d-olives-a-ras-jebel-bizerte-rasjebel-133986,Terrain,75000,2024-09-02,Bizerte,Ras Jebel,Ras Jebel,7025,457,Oui,Non,Non,Non,,,Non,Non,Non,Commerciale
menzili,https://www.menzili.tn/annonce/terrain-de-3460-m-a-vendre-a-hammam-sousse-sousse-hammamsousse-101692,Terrain,3200000,2022-11-10,Sousse,Hammam Sousse,Hammam Sousse,4011,3460,Non,Non,Non,Oui,,,Non,Non,Non,Commerciale
menzili,https://www.menzili.tn/annonce/terrain-agricole-de-1859m-afoukaia-sousse-akouda-133953,Terrain,190000,2024-08-31,Sousse,Akouda,Akouda,4022,57000,Non,Non,Non,Non,,,Non,Non,Non,Commerciale
menzili,https://www.menzili.tn/annonce/a-vendre-un-terrain-de-3-600-metres-carres-sfax-routematar-133940,Terrain,360000,2024-08-31,Sfax,Route Matar,Route de l'aéroport km 11,3000,3600,Non,Non,Non,Non,,,Oui,Non,Non,Commerciale
menzili,https://www.menzili.tn/annonce/terrain-a-vendre-a-raoued-ariana-raoued-133932,Terrain,,2024-08-30,Ariana,Raoued,Raoued,2083,3300,Non,Non,Non,Non,,,Non,Non,Non,Commerciale
menzili,https://www.menzili.tn/annonce/terrain-agricole-de-20000m-kalakbira-sousse-kalaakebira-133928,Terrain,65000,2024-08-30,Sousse,Kalaâ Kebira,Kalaâ Kebira,4000,2646,Non,Non,Non,Non,,,Non,Non,Non,Commerciale
menzili,https://www.menzili.tn/annonce/lot-de-terrain-manouba-douarhicher-133927,Terrain,,2024-08-30,Manouba,Douar Hicher,TUNIS,1000,607,Oui,Non,Oui,Non,,,Non,Non,Non,Résidentielle
menzili,https://www.menzili.tn/annonce/terrainagricolede-20000m-hanniakalakbira-sousse-kalaakebira-133923,Terrain,300000,2024-08-30,Sousse,Kalaâ Kebira,Kalaâ Kebira,4000,20000,Non,Non,Non,Non,,,Oui,Non,Non,Commerciale
menzili,https://www.menzili.tn/annonce/terrain-agricole-de-6400-m-abourra-kalakbira-sousse-kalaakebira-133920,Terrain,250000,2024-08-30,Sousse,Kalaâ Kebira,Kalaâ Kebira,4000,20000,Non,Non,Non,Non,,,Oui,Non,Non,Commerciale
menzili,https://www.menzili.tn/annonce/terrain-a-vendre-oued-elil-manouba-ouedellil-133901,Terrain,,2024-08-29,Manouba,Oued Ellil,Oued Ellil,2021,700,Non,Non,Non,Non,,,Non,Non,Non,Commerciale
menzili,https://www.menzili.tn/annonce/terrain-excellents-emplacement-et-prix-ariana-lasoukra-133883,Terrain,,2024-08-29,Ariana,La Soukra,La Soukra,2036,415,Non,Non,Non,Non,,,Non,Non,Non,Commerciale
menzili,https://www.menzili.tn/annonce/terrain-a-vendre-soukra-sidi-fraj-ariana-lasoukra-133881,Terrain,,2024-08-29,Ariana,La Soukra,rue el massoudi soukra sidi fraj,2036,148,Non,Non,Non,Non,,,Non,Non,Non,Commerciale
menzili,https://www.menzili.tn/annonce/terrain-a-vendre-ajim-djerba-dar-el-bidha-medenine-djerbaajim-133865,Terrain,,2024-08-28,Médenine,Djerba - Ajim,Ajim dar bidha,4180,5000,Non,Non,Non,Non,,,Non,Oui,Non,Commerciale
menzili,https://www.menzili.tn/annonce/terrain-au-raoued-ariana-raoued-133849,Terrain,,2024-08-27,Ariana,Raoued,Raoued,2083,200,Non,Non,Oui,Oui,,,Non,Oui,Oui,Commerciale
menzili,https://www.menzili.tn/annonce/un-terrain-de-513m-dans-une-zone-commerciale-a-hammam-sousse-hammamsousse-133820,Terrain,747000,2024-08-27,Sousse,Hammam Sousse,Hammam Sousse,4011,,Non,Non,Non,Non,,,Non,Non,Non,Commerciale
menzili,https://www.menzili.tn/annonce/terrain-a-vendre-a-hammam-sousse-sousse-hammamsousse-133818,Terrain,513000,2024-08-27,Sousse,Hammam Sousse,Hammam Sousse,4011,513,Non,Non,Non,Non,,,Non,Non,Non,Commerciale
menzili,https://www.menzili.tn/annonce/terrain-a-vendre-a-chotrana-1-ariana-lasoukra-133808,Terrain,2906200,2024-08-26,Ariana,La Soukra,Choutrana 1,2036,2648,Non,Non,Non,Oui,,48,Non,Non,Non,Commerciale
menzili,https://www.menzili.tn/annonce/magnifique-terrain-agricole-mahdia-ksouressef-133781,Terrain,800000,2024-08-24,Mahdia,KSOUR ESSAF 5180,Route de Chebba,5170,16729,Non,Non,Non,Non,,,Oui,Non,Non,Commerciale
menzili,https://www.menzili.tn/annonce/terrain-a-kousour-gharnata-a-vendre-sousse-akouda-133753,Terrain,95000,2024-08-23,Sousse,Akouda,Akouda,4022,200,Titre Individuel,Non,Non,Non,,,Non,Non,Non,Commerciale
menzili,https://www.menzili.tn/annonce/A-vendre-terrain-a-boumhel-benarous-boumhel-133730,Terrain,,2024-08-22,Ben Arous,Boumhel,"36°42'54""N 10°16'55""E",2013,411,Non,Non,Non,Non,,,Non,Non,Non,Commerciale
menzili,https://www.menzili.tn/annonce/terrain-constructible-a-500-metres-de-la-plage-ariana-raoued-133710,Terrain,67200,2024-08-21,Ariana,Raoued,Raoued plage,2083,210,Non,Non,Non,Oui,,,Non,Non,Non,Commerciale
menzili,https://www.menzili.tn/annonce/terrain-325m-a-akouda-sousse-akouda-133706,Terrain,,2024-08-21,Sousse,Akouda,Chott Rommen,4022,325,Non,Non,Non,Oui,,,Non,Non,Non,Commerciale
menzili,https://www.menzili.tn/annonce/terrain-de-5000m-kalaa_ekbiraa-sousse-kalaakebira-133640,Terrain,550000,2024-08-19,Sousse,Kalaâ Kebira,Kalaâ Kebira,4000,,Non,Non,Non,Non,,,Non,Oui,Oui,Commerciale
menzili,https://www.menzili.tn/annonce/a-vendre-un-terrain-titre-a-hay-elweha-bizerte-bizerte-bizertenord-106971,Terrain,,2023-01-13,Bizerte,Bizerte Nord,Bizerte Nord,7000,339,Non,Non,Non,Non,,,Oui,Non,Non,Commerciale
menzili,https://www.menzili.tn/annonce/terrain-vue-sur-mer-1ere-position-200-m-a-dar-allouche-kelibia-nabeul-kelibia-133632,Terrain,,2024-08-19,Nabeul,Kélibia,Kélibia,8000,200,Non,Oui,Non,Non,,,Non,Non,Non,Commerciale
menzili,https://www.menzili.tn/annonce/terrain-bessbassia-hammamet-sud-nabeul-hammametsud-133629,Terrain,130000,2024-08-19,Nabeul,Hammamet Sud,Hammamet Sud,8050,1000,Non,Non,Non,Non,,,Non,Non,Non,Commerciale
menzili,https://www.menzili.tn/annonce/terrain-20000-m-sidi-hsine-tunis-tunis-sidihassine-133628,Terrain,,2024-08-19,Tunis,Sidi Hassine,Sidi Hassine,1096,,Titre Bleu,Non,Non,Non,,120,Oui,Non,Non,Commerciale
menzili,https://www.menzili.tn/annonce/terrain-agricole-13479m-a-hergla-a-300-m-de-la-route-goudronnee-sousse-hergla-32456,Terrain,1078320,2020-04-12,Sousse,Hergla,Hergla,4000,13479,Oui,Non,Non,Non,,,Oui,Non,Oui,Commerciale
menzili,https://www.menzili.tn/annonce/terrain-a-dar-allouche-a-400-metres-de-la-plage-nabeul-kelibia-133623,Terrain,160000,2024-08-17,Nabeul,Kélibia,Kélibia,8000,462,Non,Non,Non,Non,,,Non,Non,Non,Commerciale
menzili,https://www.menzili.tn/annonce/terrain-de-6400m-a-kalakbirade250-000dt-sousse-akouda-133596,Terrain,250000,2024-08-16,Sousse,Akouda,Akouda,4022,6400,Non,Non,Non,Non,,,Oui,Non,Non,Commerciale
menzili,https://www.menzili.tn/annonce/terrain-a-rafraf-proche-de-la-mer-bizerte-rasjebel-40001,Terrain,,2020-08-06,Bizerte,Ras Jebel,Rafraf,7025,2000,Non,Non,Non,Non,,,Non,Non,Non,Commerciale
menzili,https://www.menzili.tn/annonce/vente-terrain-agricole-kef-essers-133576,Terrain,100000,2024-08-16,Kef,Es-Sers,7 Rue Hedi Khefacha Sidi Rezig,7100,40000,Non,Non,Non,Non,,,Non,Non,Non,Commerciale
menzili,https://www.menzili.tn/annonce/terrain-a-batir-r-4-sousse-kalaasghira-133547,Terrain,876300,2024-08-15,Sousse,Kalaâ Sghira,Kalaâ Sghira,4000,2921,Non,Non,Non,Non,,120,Non,Oui,Oui,Commerciale
menzili,https://www.menzili.tn/annonce/A-vendreun-terrain-de-446m-a-quot-zone114sahloul-sousse-hammamsousse-133534,Terrain,356800,2024-08-14,Sousse,Hammam Sousse,Hammam Sousse,4011,446,Non,Non,Non,Non,,,Non,Non,Non,Commerciale
menzili,https://www.menzili.tn/annonce/A-vendre-terrain-de-489-5m-situe-a-chatt-meriem-koussour-gharnata-sousse-akouda-133513,Terrain,,2024-08-13,Sousse,Akouda,Akouda,4022,490,Non,Non,Non,Non,,,Non,Non,Non,Commerciale
menzili,https://www.menzili.tn/annonce/terrain-de-1912m-a-vendre-a-korba-nabeul-korba-133511,Terrain,,2024-08-13,Nabeul,Korba,Route Tunis,8070,1900,Non,Non,Non,Oui,,,Oui,Non,Non,Commerciale
menzili,https://www.menzili.tn/annonce/terrain-a-slimen-a-moins-de-50m-de-la-plage-nabeul-soliman-133492,Terrain,165000,2024-08-11,Nabeul,Soliman,Slimen plage,8020,328,Titre Bleu,Non,Non,Oui,,,Non,Oui,Oui,Commerciale
menzili,https://www.menzili.tn/annonce/terrain-a-vendre-a-testour-beja-testour-133488,Terrain,180000,2024-08-10,Béja,Testour,Testour,9040,6686,Non,Non,Non,Non,,,Oui,Non,Oui,Commerciale
menzili,https://www.menzili.tn/annonce/terrain-baghdadi-mahdia-899-dt-le-m2-mahdia-mahdia-133485,Terrain,314000,2024-08-10,Mahdia,Mahdia,Baghdadi,5100,350,Non,Non,Non,Non,,,Non,Non,Non,Commerciale
menzili,https://www.menzili.tn/annonce/terrain-a-vendre-ariana-jardinsdelmenzah-133469,Terrain,160000,2024-08-10,Ariana,Jardins D'el Menzah,Avenue du Romarin,1004,500,Non,Non,Non,Non,,,Oui,Non,Non,Commerciale
menzili,https://www.menzili.tn/annonce/a-vendre-un-lot-de-terrain-de-400m-A-gammarth-tunis-lamarsa-133460,Terrain,340000,2024-08-09,Tunis,La Marsa,La Marsa,2070,400,Oui,Non,Non,Non,,,Non,Non,Non,Résidentielle
menzili,https://www.menzili.tn/annonce/terrain-agricole-de-1212-m2-a-foukaia-chott-meriem-sousse-akouda-133444,Terrain,96000,2024-08-09,Sousse,Akouda,Akouda,4022,1212,Non,Non,Non,Non,,,Non,Non,Non,Commerciale
menzili,https://www.menzili.tn/annonce/superbe-terrain-a-vendre-a-chot-mariem-sousse-akouda-133416,Terrain,415000,2024-08-08,Sousse,Akouda,Akouda,4022,500,Titre Individuel,Non,Non,Oui,,,Non,Non,Non,Commerciale
menzili,https://www.menzili.tn/annonce/terrain-de-336-m2-a-vendre-mornaguia-manouba-mornaguia-133410,Terrain,,2024-08-08,Manouba,Mornaguia,lotissement madhi,1110,336,Non,Non,Non,Non,,,Non,Non,Oui,Résidentielle
menzili,https://www.menzili.tn/annonce/terrain-a-vendre-beja-bejanord-133392,Terrain,,2024-08-08,Béja,Béja Nord,Sod kasseb - Béja,9000,2000,Non,Non,Non,Non,,,Non,Non,Non,Commerciale
menzili,https://www.menzili.tn/annonce/terrain-a-nabeul-centre-nabeul-nabeul-133367,Terrain,150000,2024-08-06,Nabeul,Nabeul,Route de Tunis,8000,216,Non,Non,Non,Oui,,11,Oui,Oui,Oui,Résidentielle
menzili,https://www.menzili.tn/annonce/vends-terrain-de-300m-a-raoued-plage-ariana-raoued-133365,Terrain,,2024-08-06,Ariana,Raoued,Raoued,2083,300,Non,Non,Non,Non,,,Non,Non,Non,Commerciale
menzili,https://www.menzili.tn/annonce/terrain-a-vendre-a-darallouch-kelibia-nabeul-hammamghezeze-133359,Terrain,,2024-08-06,Nabeul,Hammam Ghezèze,Cité ons. Oued Ellil manouba,2010,300,Non,Non,Non,Non,,,Non,Non,Oui,Commerciale
menzili,https://www.menzili.tn/annonce/terrain-constructible-zaghouan-elfahs-133348,Terrain,,2024-08-06,Zaghouan,El Fahs,El Fahs,1140,37545,Non,Non,Non,Oui,,,Oui,Oui,Non,Commerciale
menzili,https://www.menzili.tn/annonce/a-vendre-terrain-de-1658-m-a-megrine-benarous-megrine-130315,Terrain,,2024-04-08,Ben Arous,Mégrine,Mégrine,2033,1658,Non,Non,Non,Non,,,Non,Non,Non,Commerciale
menzili,https://www.menzili.tn/annonce/terrain-403m-carthage-salambo-tunis-carthage-133315,Terrain,765000,2024-08-05,Tunis,Carthage,Carthage,2016,403,Titre Individuel,Non,Non,Non,,18,Non,Non,Non,Résidentielle
menzili,https://www.menzili.tn/annonce/bonne-occasion-terrain-a-vendre-medenine-medeninesud-133308,Terrain,200000,2024-08-04,Médenine,cité Gammoudi Cherif.,Medenine sud,4100,2031,Non,Non,Non,Oui,,,Oui,Non,Non,Commerciale
menzili,https://www.menzili.tn/annonce/terrain-1000m2-sfax-sfaxville-133307,Terrain,1200000,2024-08-04,Sfax,Sfax Ville,45 rue ahmad bayram 3002 sfax ( cité jardin ),3000,1000,Non,Non,Non,Non,,,Non,Non,Non,Commerciale
menzili,https://www.menzili.tn/annonce/terrain-a-sfax-600m2-sfax-sfaxville-133306,Terrain,720000,2024-08-04,Sfax,Sfax Ville,45 rue ahmad bayram 3002 Sfax,3000,600,Non,Non,Non,Non,,,Non,Non,Non,Commerciale
menzili,https://www.menzili.tn/annonce/terrain-vocation-r-5-de-485m-a-hammam-sousse-sousse-hammamsousse-133235,Terrain,,2024-07-31,Sousse,Hammam Sousse,Hammam Sousse,4011,485,Non,Non,Non,Non,,,Oui,Non,Non,Commerciale
menzili,https://www.menzili.tn/annonce/terrain-a-vendre-a-sfax-centre-ville-sfax-sfaxville-133226,Terrain,,2024-07-31,Sfax,Sfax Ville,Sfax Ville,3000,112,Non,Non,Non,Non,,,Non,Non,Non,Commerciale
menzili,https://www.menzili.tn/annonce/terrain-a-vendre-rte-tunis-km1-sfax-sfax-routetunis-133225,Terrain,,2024-07-31,Sfax,Route Tunis,Route Tunis,1000,265,Non,Non,Non,Non,,,Oui,Non,Non,Commerciale
menzili,https://www.menzili.tn/annonce/A-vendre-terrain-agricole-de-10600-m-a-daroufa-nabeul-nabeul-nabeul-133209,Terrain,900000,2024-07-30,Nabeul,Nabeul,Nabeul,8000,10600,Titre Bleu,Non,Non,Non,,,Non,Oui,Oui,Commerciale
menzili,https://www.menzili.tn/annonce/terrain-avendre-sousse-hammamsousse-133203,Terrain,2240000,2024-07-29,Sousse,Hammam Sousse,Agence immobiliére Al Bayene Hammam sousse,4011,2800,Non,Non,Non,Non,,,Non,Non,Non,Commerciale
menzili,https://www.menzili.tn/annonce/terrain-a-vendre-rasjebel-bizerte-rasjebel-90343,Terrain,,2022-06-28,Bizerte,Ras Jebel,route de Aousja vers RasJebel 500 mètres avant ron,7025,4184,Non,Non,Non,Non,,,Oui,Non,Non,Commerciale
menzili,https://www.menzili.tn/annonce/vend-terrain-individuel-ariana-sidithabet-133180,Terrain,110000,2024-07-27,Ariana,Sidi Thabet,Borj touil ariana,2080,333,Non,Non,Non,Non,,,Oui,Non,Non,Commerciale
menzili,https://www.menzili.tn/annonce/agence_letaief_immobiliere-terrainde442m-azone114sahloul-sousse-hammamsousse-133178,Terrain,1150,2024-07-27,Sousse,Hammam Sousse,Hammam Sousse,4011,442,Non,Non,Non,Non,,,Non,Non,Non,Commerciale
menzili,https://www.menzili.tn/annonce/-agence_letaief_immobiliere-terrainde270m2aghrabi-sousse-hammamsousse-133173,Terrain,,2024-07-27,Sousse,Hammam Sousse,Hammam Sousse,4011,270,Non,Non,Non,Non,,,Non,Non,Non,Commerciale
menzili,https://www.menzili.tn/annonce/terrain-proche-de-la-mer-350m2-bizerte-rasjebel-133171,Terrain,79000,2024-07-27,Bizerte,Ras Jebel,Ras Jebel,7025,350,Non,Non,Non,Non,,,Oui,Non,Non,Commerciale
menzili,https://www.menzili.tn/annonce/-agence_letaief_immobiliere-terrain-de298m-ghrabi-sousse-hammamsousse-133157,Terrain,,2024-07-26,Sousse,Hammam Sousse,Hammam Sousse,4011,298,Non,Non,Non,Non,,,Non,Non,Non,Commerciale
menzili,https://www.menzili.tn/annonce/terrain-sidi-hamed-a-10-min-de-voiture-de-hamamet-sud-nabeul-hammamet-133144,Terrain,108000,2024-07-25,Nabeul,Hammamet,Hammamet,8050,,Non,Non,Non,Non,,,Non,Non,Non,Commerciale
menzili,https://www.menzili.tn/annonce/terrain-a-vendre-a-fouchana-centre-330m-benarous-fouchana-133142,Terrain,,2024-07-25,Ben Arous,Fouchana,a vendre terrain à fouchana,2082,330,Non,Non,Non,Non,,,Non,Oui,Oui,Commerciale
menzili,https://www.menzili.tn/annonce/terrain-agricole-arbore-nabeul-menzelbouzelfa-133141,Terrain,225000,2024-07-25,Nabeul,Menzel Bouzelfa,nabeul,8010,7500,Non,Non,Non,Non,,,Non,Non,Non,Commerciale
menzili,https://www.menzili.tn/annonce/terrain-a-gabes-sud-proche-bungalow-et-plage-de-teboulbou-gabes-gabessud-133130,Terrain,113000,2024-07-25,Gabès,Proche Bungalow,gabès Sud,6000,390,Titre Bleu,Non,Non,Oui,,,Non,Oui,Oui,Commerciale
menzili,https://www.menzili.tn/annonce/terrain-a-vendre-a-tantana-420-m2-sousse-akouda-133071,Terrain,135000,2024-07-22,Sousse,Akouda,Sousse Akouda Tantana,4022,420,Non,Non,Non,Non,,,Non,Non,Non,Commerciale
menzili,https://www.menzili.tn/annonce/a-vendre-un-terrain-de-308-m-a-nabeul-nabeul-nabeul-133065,Terrain,,2024-07-22,Nabeul,Nabeul,Route de tunis,8000,308,Titre Individuel,Non,Non,Non,,,Oui,Non,Non,Commerciale
menzili,https://www.menzili.tn/annonce/a-vendre-terrain-a-sidi-hassine-sijoumi-birine-tunis-sidihassine-133061,Terrain,50000,2024-07-21,Tunis,Sidi Hassine,Sidi Hassine,1096,1000,Non,Non,Non,Non,,,Non,Non,Non,Commerciale
menzili,https://www.menzili.tn/annonce/terrain-a-vendre-a-dar-allouche-pres-de-la-plage-nabeul-hammamghezeze-133058,Terrain,59500,2024-07-21,Nabeul,Hammam Ghezèze,Dar allouche 8055,8000,350,Non,Non,Non,Non,,,Non,Non,Non,Commerciale
menzili,https://www.menzili.tn/annonce/terrain-a-ne-pas-rater-entree-siliana-autoroute-tunis-siliana-silianasud-133051,Terrain,,2024-07-20,Siliana,Siliana Sud,Siliana Sud,6100,,Non,Non,Non,Oui,,,Non,Non,Non,Commerciale
menzili,https://www.menzili.tn/annonce/terrain-zone-touristique-medenine-djerbamidoun-133037,Terrain,1250,2024-07-19,Médenine,Djerba - Midoun,Jerba,4180,1500,Titre Bleu,Non,Non,Non,,,Non,Non,Non,Commerciale
menzili,https://www.menzili.tn/annonce/terrain-a-vendre-a-choutrana-3-ariana-lasoukra-133029,Terrain,885300,2024-07-19,Ariana,La Soukra,La Soukra,2036,681,Oui,Non,Oui,Non,,,Non,Non,Non,Commerciale
menzili,https://www.menzili.tn/annonce/terrain-vue-sur-mer-1ere-position-200-m-a-dar-allouch-nabeul-kelibia-133019,Terrain,,2024-07-18,Nabeul,Kélibia,94388487,8000,200,Non,Oui,Non,Non,,,Non,Non,Non,Commerciale
menzili,https://www.menzili.tn/annonce/terrain-a-vendre-a-djerba-6300-m-sidi-jmour-ariana-raoued-133015,Terrain,330000,2024-07-18,Ariana,Raoued,Raoued,2083,6300,Non,Non,Non,Non,,,Non,Non,Non,Commerciale
menzili,https://www.menzili.tn/annonce/terrain-nu-%D8%A7%D8%B1%D8%B6-%D8%AC%D8%B1%D8%AF%D8%A7%D8%A1-de-2109-m-a-quot-sidi-bou-ali-quot-sousse-sousse-akouda-133014,Terrain,,2024-07-18,Sousse,Akouda,Akouda,4022,2109,Non,Non,Non,Non,,,Oui,Non,Non,Commerciale
menzili,https://www.menzili.tn/annonce/a-vendre-terrain-agricole-de-17000m2-a-kelibia-nabeul-kelibia-133013,Terrain,220000,2024-07-18,Nabeul,Kélibia,kelibia,8090,17000,Titre Bleu,Non,Non,Non,,,Non,Non,Non,Commerciale
menzili,https://www.menzili.tn/annonce/a-vendre-terrain-a-bizerte-bizerte-utique-133000,Terrain,200000,2024-07-18,Bizerte,Utique,Utique,7020,1000,Non,Non,Non,Non,,,Non,Non,Non,Commerciale
menzili,https://www.menzili.tn/annonce/a-vendre-un-terrain-de-916m-a-gammarth-tunis-lamarsa-132999,Terrain,1560000,2024-07-18,Tunis,La Marsa,La Marsa,2070,916,Oui,Non,Non,Non,,,Non,Non,Non,Résidentielle
menzili,https://www.menzili.tn/annonce/a-vendre-un-terrain-a-el-haouaria-nabeul-nabeul-elhaouaria-132993,Terrain,500000,2024-07-18,Nabeul,El Haouaria,El Haouaria,8045,1500,Non,Non,Non,Non,,,Non,Non,Non,Commerciale
menzili,https://www.menzili.tn/annonce/lot-de-terrain-colline-ennasr-a-vendre-ariana-ennasr-132916,Terrain,,2024-07-15,Ariana,Ennasr,Ennasr,2037,447,Oui,Non,Non,Non,,,Non,Non,Non,Commerciale
menzili,https://www.menzili.tn/annonce/terrain-bonne-emplacement-bizerte-menzeljemil-132902,Terrain,,2024-07-15,Bizerte,Menzel Jemil,Maghrawa,7080,2700,Non,Non,Non,Non,,,Oui,Oui,Oui,Commerciale
menzili,https://www.menzili.tn/annonce/terrain-avec-une-maisonette-ariana-sidithabet-132898,Terrain,,2024-07-14,Ariana,Sidi Thabet,Sidi thabet,2080,332,Non,Non,Non,Non,,,Non,Non,Non,Commerciale
menzili,https://www.menzili.tn/annonce/terrain-dans-la-zone-urbaine-commune-thelepte-kasserine-kasserine-feriana-132895,Terrain,,2024-07-14,Kasserine,Fériana,Thelepte Feriana,1240,20000,Non,Non,Non,Non,,,Non,Non,Non,Commerciale
menzili,https://www.menzili.tn/annonce/terrain-a-el-haouaria-plage-cite-touristique-ariana-manar-132892,Terrain,,2024-07-13,Ariana,Manar,manar1,1004,400,Non,Non,Non,Non,15x20,,Non,Non,Oui,Commerciale
menzili,https://www.menzili.tn/annonce/un-terrain-a-vivre-a-vendre-sur-ceinture-monastir-ksarhellal-132870,Terrain,280000,2024-07-13,Monastir,Ksar Hellal,À ksar hellel,5070,800,Non,Non,Non,Non,,,Non,Non,Non,Commerciale
menzili,https://www.menzili.tn/annonce/terrain-a-vendre-a-bouhssina-sousse-sousse-soussemedina-132867,Terrain,,2024-07-12,Sousse,Sousse Médina,Sousse Médina,1008,400,Non,Non,Non,Non,,,Non,Non,Non,Commerciale
menzili,https://www.menzili.tn/annonce/terrain-agricole-arbore-de-800-m2-nabeul-kelibia-132853,Terrain,30000,2024-07-12,Nabeul,Kélibia,kelibia,8090,800,Non,Non,Non,Non,,,Non,Non,Non,Commerciale
menzili,https://www.menzili.tn/annonce/terrain-de-1335-m-a-quot-rmila-quot-chatt-meriem-sousse-akouda-132852,Terrain,,2024-07-12,Sousse,Akouda,Akouda,4022,1335,Non,Non,Non,Non,,,Non,Non,Non,Commerciale
menzili,https://www.menzili.tn/annonce/terrain-a-enasr-proximite-clinique-ennasr-ariana-ennasr-132839,Terrain,1300,2024-07-12,Ariana,Ennasr,https://maps.app.goo.gl/inRr3zSNHskhKDqVA,2037,320,Titre Bleu,Non,Non,Non,14x23,,Non,Non,Non,Commerciale
menzili,https://www.menzili.tn/annonce/terrain-residentiel-nabeul-elhaouaria-132836,Terrain,53600,2024-07-12,Nabeul,El Haouaria,Saheb Jebal,8045,670,Non,Non,Non,Non,42x16,,Non,Non,Oui,Résidentielle
menzili,https://www.menzili.tn/annonce/a-vendre-un-terrain-situe-a-zaouiet-sousse-sousse-sousseriadh-132833,Terrain,34750,2024-07-11,Sousse,Sousse Riadh,Sousse Riadh,4000,139,Non,Non,Non,Non,,,Non,Non,Non,Commerciale
menzili,https://www.menzili.tn/annonce/terrain-de-4165m-afoukaia-sur-la-route-goudronnee-foukaia-sousse-akouda-132830,Terrain,,2024-07-11,Sousse,Akouda,Akouda,4022,4165,Non,Non,Non,Non,,,Oui,Non,Non,Commerciale
menzili,https://www.menzili.tn/annonce/ferme-manouba-tebourba-132820,Terrain,630000,2024-07-11,Manouba,Tebourba,Gourmanie,1130,50000,Titre Bleu,Non,Non,Non,,,Non,Oui,Oui,Commerciale
menzili,https://www.menzili.tn/annonce/3hectare-a-jerba-medenine-djerbamidoun-132796,Terrain,1500000,2024-07-09,Médenine,Djerba - Midoun,Djerba - Midoun,4180,30000,Oui,Non,Non,Non,,,Oui,Non,Oui,Commerciale
menzili,https://www.menzili.tn/annonce/terrain-agricole-arbore-superficie-totale-2hectares-1000m-nabeul-kelibia-132814,Terrain,,2024-07-10,Nabeul,Kélibia,kelibia,8090,21000,Non,Non,Non,Non,,,Non,Non,Non,Commerciale
menzili,https://www.menzili.tn/annonce/terrain-a-douar-el-houch-benarous-fouchana-132799,Terrain,30000,2024-07-09,Ben Arous,Fouchana,M6FF+VC2 Naassen,2082,100,Non,Non,Non,Non,,,Oui,Oui,Oui,Commerciale
menzili,https://www.menzili.tn/annonce/vente-terrain-200-m-a-cite-erriadh-borj-cedria-benarous-borjcedria-132773,Terrain,120000,2024-07-08,Ben Arous,Cité Erriadh,Rue Sénégal,2013,200,Titre Individuel,Non,Non,Non,,,Non,Non,Non,Commerciale
menzili,https://www.menzili.tn/annonce/terrain-constructible-a-vendre-a-jinene-beni-khiar-nabeul-nabeul-nabeul-132771,Terrain,,2024-07-08,Nabeul,Nabeul,Rue Ibn sina,8000,885,Oui,Non,Oui,Oui,,,Non,Non,Non,Résidentielle
menzili,https://www.menzili.tn/annonce/terrain-a-vendre-a-tantana-200-metres-carres-sousse-akouda-132761,Terrain,70000,2024-07-08,Sousse,Akouda,Sousse Akouda Tantana,4022,200,Non,Non,Non,Non,,,Non,Non,Non,Commerciale
menzili,https://www.menzili.tn/annonce/a-ventre-terrain-169-m-nabeul-hammamet-132744,Terrain,169000,2024-07-07,Nabeul,Hammamet,Tunis,8050,169,Titre Bleu,Non,Oui,Non,,,Non,Oui,Oui,Commerciale
menzili,https://www.menzili.tn/annonce/terrain-de-840-m2-a-vendre-sfax-routematar-132705,Terrain,,2024-07-06,Sfax,Route Matar,Route.matar km 5,3000,840,Non,Non,Non,Non,,,Oui,Non,Non,Commerciale
menzili,https://www.menzili.tn/annonce/terrain-lotissement-jinen-marwa-benarous-mohamedia-132699,Terrain,55000,2024-07-05,Ben Arous,Mohamedia,Lotissement jinen marwa mhamdia,2084,137,Non,Non,Non,Non,,,Non,Non,Non,Résidentielle
menzili,https://www.menzili.tn/annonce/terrain-266-m2-a-borj-cedria-benarous-borjcedria-132695,Terrain,,2024-07-05,Ben Arous,Borj Cedria,Borj Cedria,2013,266,Non,Non,Non,Non,,,Non,Non,Non,Commerciale
menzili,https://www.menzili.tn/annonce/terrain-de-485-m-r-5-a-ghrabi-sousse-hammamsousse-132690,Terrain,,2024-07-05,Sousse,Hammam Sousse,Hammam Sousse,4011,485,Non,Non,Non,Non,,,Oui,Non,Non,Commerciale
menzili,https://www.menzili.tn/annonce/a-vendre-terrain-cloture-a-soukra-sidi-fraj-ariana-lasoukra-132687,Terrain,224400,2024-07-05,Ariana,La Soukra,La Soukra,2036,408,Non,Non,Non,Non,,,Non,Non,Non,Commerciale
menzili,https://www.menzili.tn/annonce/terrain-route-de-tunis-km3-sfax-sfaxville-132680,Terrain,600000,2024-07-05,Sfax,7675113,34,3000,1112,Non,Non,Non,Non,,,Oui,Non,Non,Commerciale
menzili,https://www.menzili.tn/annonce/t217-terrain-wafa-sidi-hammed-nabeul-hammametsud-132675,Terrain,87000,2024-07-05,Nabeul,Hammamet Sud,HAMMAMET,8050,290,Non,Non,Non,Non,,,Non,Non,Non,Commerciale
menzili,https://www.menzili.tn/annonce/lot-de-terrain-a-raoued-plage-a-vendre-ariana-raoued-132595,Terrain,,2024-07-03,Ariana,Raoued,Raoued Plage entre les flamands roses et le port f,2083,300,Non,Non,Non,Non,,,Oui,Non,Non,Commerciale
menzili,https://www.menzili.tn/annonce/terrain-de-8000-m-cloture-a-vendre-a-chott-meriem-sousse-akouda-132578,Terrain,,2024-07-02,Sousse,Akouda,Akouda,4022,8000,Non,Non,Non,Non,,,Non,Non,Non,Commerciale
menzili,https://www.menzili.tn/annonce/terrain-constructible-a-jemmel-monastir-jemmal-132569,Terrain,120000,2024-07-02,Monastir,Jemmal,Jemmel route Moknine pré de collège,5020,333,Non,Non,Non,Oui,,,Oui,Non,Non,Commerciale
menzili,https://www.menzili.tn/annonce/terrain-avec-vue-panoramique-nabeul-hammamghezeze-132568,Terrain,167000,2024-07-02,Nabeul,Hammam Ghezèze,zahra,2034,760,Non,Non,Non,Non,,,Non,Non,Non,Commerciale
menzili,https://www.menzili.tn/annonce/terrain-de-840-m-a-rmila-opportunite-d-investissement-sousse-akouda-132566,Terrain,,2024-07-02,Sousse,Akouda,Akouda,4022,840,Non,Non,Non,Non,,,Non,Non,Non,Commerciale
menzili,https://www.menzili.tn/annonce/terrain-a-sidi-thabet-a-vendre-ariana-sidithabet-132527,Terrain,3000000,2024-07-01,Ariana,Sidi Thabet,Sidi Thabet,2080,95711,Non,Non,Non,Non,,,Non,Non,Non,Commerciale
menzili,https://www.menzili.tn/annonce/terrain-a-vendre-de-superficie-418m2-situe-dans-un-quartier-calme-ariana-raoued-132523,Terrain,355300,2024-07-01,Ariana,Raoued,Raoued,2083,418,Non,Non,Non,Non,,,Oui,Non,Non,Commerciale
menzili,https://www.menzili.tn/annonce/terrain-a-vendre-de-superficie-550m2-situe-a-l-mnihla-ariana-mnihla-132522,Terrain,360000,2024-07-01,Ariana,Mnihla,Mnihla,2094,550,Non,Non,Non,Non,,,Non,Non,Non,Commerciale
menzili,https://www.menzili.tn/annonce/superbe-terrain-nabeul-elhaouaria-132509,Terrain,100000,2024-07-01,Nabeul,El Haouaria,el haouaria,8045,500,Non,Oui,Non,Non,,,Non,Oui,Non,Commerciale
menzili,https://www.menzili.tn/annonce/lot-de-terrain-nlle-medina-benarous-medinajedida-132488,Terrain,120000,2024-06-30,Ben Arous,Nouvelle Médina,Cité Bali,1008,197,Non,Non,Non,Non,,,Non,Non,Non,Commerciale
menzili,https://www.menzili.tn/annonce/kelibia-terrain-nabeul-kelibia-132478,Terrain,155000,2024-06-30,Nabeul,Kélibia,Kelibia,8090,387,Non,Non,Non,Non,,,Non,Non,Non,Commerciale
menzili,https://www.menzili.tn/annonce/terrain-les-pieds-dans-l-eau-a-plage-ezahra-kelibia-nabeul-hammamghezeze-132469,Terrain,364000,2024-06-29,Nabeul,Hammam Ghezèze,ezahra,8000,243,Titre Bleu,Non,Non,Non,,,Non,Non,Oui,Commerciale
menzili,https://www.menzili.tn/annonce/a-vendre-des-lots-de-terrains-a-el-haouaria-nabeul-nabeul-elhaouaria-132460,Terrain,,2024-06-28,Nabeul,El Haouaria,El Haouaria,8045,,Non,Non,Non,Non,,,Non,Non,Non,Commerciale
menzili,https://www.menzili.tn/annonce/terrain-cite-riadh-kelibia-nabeul-kelibia-132458,Terrain,,2024-06-28,Nabeul,Kélibia,Cite riadh,8000,960,Non,Non,Non,Non,,,Non,Non,Non,Commerciale
menzili,https://www.menzili.tn/annonce/terrain-a-el-menzah-5-ariana-menzah-132424,Terrain,,2024-06-28,Ariana,Menzah,EL Menzah 5,1004,1207,Oui,Non,Non,Non,,,Non,Non,Non,Commerciale
menzili,https://www.menzili.tn/annonce/A-vendre-terrain-agricole-de-1040m-route-somaa-nabeul-nabeul-nabeul-132419,Terrain,280000,2024-06-28,Nabeul,Nabeul,Nabeul,8000,1040,Titre Bleu,Non,Non,Non,,,Oui,Oui,Non,Commerciale
menzili,https://www.menzili.tn/annonce/terrain-623m-tres-bel-emplacement-ariana-arianaville-132393,Terrain,530000,2024-06-27,Ariana,Ariana Ville,Ariana Ville,2080,623,Oui,Non,Non,Oui,,,Oui,Non,Non,Commerciale
menzili,https://www.menzili.tn/annonce/terrain-au-zone-touristique-sur-la-route-principale-medenine-djerbamidoun-132352,Terrain,950000,2024-06-26,Médenine,Djerba - Midoun,Djerba - Midoun,4180,1657,Non,Non,Non,Non,,,Oui,Non,Non,Commerciale
menzili,https://www.menzili.tn/annonce/terrain-de-550-m-a-quot-rmila-quot-chatt-meriem-sousse-sousse-akouda-132317,Terrain,,2024-06-25,Sousse,Akouda,Akouda,4022,550,Non,Non,Non,Non,,,Non,Non,Non,Commerciale
menzili,https://www.menzili.tn/annonce/terrain-la-marsa-tunis-lamarsa-132308,Terrain,,2024-06-25,Tunis,La Marsa,La Marsa,2070,1965,Non,Non,Non,Non,,,Oui,Non,Non,Commerciale
menzili,https://www.menzili.tn/annonce/deux-lots-de-terrain-a-plage-ejjahmi-soliman-nabeul-soliman-132258,Terrain,304400,2024-06-22,Nabeul,soliman,Cité sanawbar,8020,508,Non,Non,Non,Non,,,Non,Non,Non,Commerciale
menzili,https://www.menzili.tn/annonce/terrain-de-388-m2-a-hammam-sousse-ghrabi-2-sousse-akouda-132220,Terrain,,2024-06-21,Sousse,Akouda,Akouda,4022,388,Non,Non,Non,Non,,,Non,Non,Non,Commerciale
menzili,https://www.menzili.tn/annonce/A-vendre-terrain-de-350-m-a-yasmine-hammamet-nabeul-hammamet-132206,Terrain,1300,2024-06-21,Nabeul,Hammamet,Hammamet,8050,350,Titre Individuel,Non,Oui,Non,,,Non,Non,Non,Commerciale
menzili,https://www.menzili.tn/annonce/terrain-a-vendre-439-m2-nabeul-hammametnord-132162,Terrain,79000,2024-06-20,Nabeul,Hammamet Nord,Hammamet Nord,8050,439,Non,Non,Non,Non,,,Non,Non,Non,Commerciale
menzili,https://www.menzili.tn/annonce/terrain-avec-villa-a-nabeul-nabeul-nabeul-132158,Terrain,,2024-06-20,Nabeul,Nabeul,Nabeul,8000,7224,Non,Non,Non,Non,,,Non,Non,Oui,Commerciale
menzili,https://www.menzili.tn/annonce/terrain-a-metline-avec-vue-panoramique-bizerte-rasjebel-132126,Terrain,100000,2024-06-19,Bizerte,Ras Jebel,Boulevard 9 avril 1938,7025,,Titre Bleu,Non,Non,Non,,,Oui,Oui,Oui,Commerciale
menzili,https://www.menzili.tn/annonce/terrain-de-420m-a-boumhel-benarous-medinajedida-132124,Terrain,,2024-06-19,Ben Arous,Medina Jedida,Rue Nille a coté Hamem chifa,2013,420,Non,Non,Non,Non,,,Non,Oui,Oui,Commerciale
menzili,https://www.menzili.tn/annonce/terrain-de-310-m-a-nabeul-nabeul-nabeul-131265,Terrain,,2024-05-13,Nabeul,Nabeul,nabeul,8000,310,Non,Non,Non,Non,,,Non,Non,Non,Commerciale
menzili,https://www.menzili.tn/annonce/vente-terrain-plage-dar-allouche-nabeul-kelibia-132114,Terrain,96000,2024-06-18,Nabeul,Kélibia,dar allouche,8000,200,Non,Non,Non,Non,,,Non,Non,Non,Commerciale
menzili,https://www.menzili.tn/annonce/terrain-1-er-position-sfax-routemenzelchaker-132093,Terrain,,2024-06-16,Sfax,Route Menzel Chaker,Rte,3051,1000,Non,Non,Non,Non,,,Oui,Non,Non,Commerciale
menzili,https://www.menzili.tn/annonce/excellent-terrain-sur-la-route-houmet-souk-midoun-medenine-djerbahoumtsouk-132073,Terrain,,2024-06-15,Médenine,Djerba-Houmt Souk,Sedghien,4180,,Non,Non,Non,Oui,,,Oui,Non,Non,Commerciale
menzili,https://www.menzili.tn/annonce/terrain-pour-villa-nabeul-nabeul-132045,Terrain,1500,2024-06-13,Nabeul,Nabeul,sidi mahrssi nabeul,8000,460,Titre Bleu,Non,Non,Non,,,Non,Non,Non,Résidentielle
menzili,https://www.menzili.tn/annonce/terrain-comrcial-nabeul-nabeul-132044,Terrain,1250,2024-06-13,Nabeul,Nabeul,nabeul centre,8000,423,Non,Non,Non,Oui,,,Non,Non,Non,Commerciale
menzili,https://www.menzili.tn/annonce/terrain-a-vendre-de-6850-m-nabeul-grombalia-132033,Terrain,,2024-06-13,Nabeul,Grombalia,Grombalia,8030,6850,Titre Bleu,Non,Non,Non,,,Non,Non,Non,Commerciale
menzili,https://www.menzili.tn/annonce/terrain-a-vendre-de1953-m-nabeul-grombalia-132032,Terrain,,2024-06-13,Nabeul,Grombalia,Grombalia,8030,1953,Titre Bleu,Non,Non,Non,,,Non,Non,Non,Commerciale
menzili,https://www.menzili.tn/annonce/terrain-a-vendre-de2151-m-nabeul-grombalia-132031,Terrain,210000,2024-06-13,Nabeul,Grombalia,Grombalia,8030,2151,Titre Bleu,Non,Non,Non,,,Non,Non,Non,Commerciale
menzili,https://www.menzili.tn/annonce/terrain-a-vendre-de-3557-m-nabeul-grombalia-132028,Terrain,315000,2024-06-13,Nabeul,Grombalia,Grombalia,8030,3557,Titre Individuel,Non,Non,Non,,,Non,Non,Non,Commerciale
menzili,https://www.menzili.tn/annonce/terrain-a-vendre-de-910-m2-nabeul-grombalia-132025,Terrain,,2024-06-13,Nabeul,Grombalia,Grombalia,8030,910,Titre Individuel,Non,Non,Non,,,Non,Non,Non,Commerciale
menzili,https://www.menzili.tn/annonce/a-vendre-terrain-7000m2-face-plage-limaya-ezarat-mareth-gabes-mareth-131981,Terrain,123456,2024-06-11,Gabès,Mareth,Zarat Limeya,6080,7000,Titre Bleu,Non,Non,Non,,,Non,Non,Oui,Résidentielle
menzili,https://www.menzili.tn/annonce/a-vendre-un-terrain-de-300-m-a-temim-house-hoor-house-avec-vue-sur-la-mer-nabeul-menzeltemime-131978,Terrain,60000,2024-06-11,Nabeul,Menzel Temime,Menzel Hor,8080,300,Non,Non,Non,Non,,,Non,Non,Non,Commerciale
menzili,https://www.menzili.tn/annonce/terrain-a-vendre-korba-nabeul-korba-131965,Terrain,,2024-06-10,Nabeul,Korba,Korba,8070,10000,Non,Non,Non,Non,,,Oui,Non,Non,Commerciale
menzili,https://www.menzili.tn/annonce/A-vendre-terrain-a-raoued-ariana-ariana-raoued-131950,Terrain,115000,2024-06-09,Ariana,Raoued,Raoued,2083,,Non,Non,Non,Non,,,Non,Non,Non,Commerciale
menzili,https://www.menzili.tn/annonce/un-terrain-constructible-a-dar-allouche-centre-ville-nabeul-elhaouaria-131915,Terrain,38000,2024-06-08,Nabeul,El Haouaria,dar allouche kélibia,8045,200,Titre Bleu,Non,Non,Oui,,,Non,Oui,Oui,Commerciale
menzili,https://www.menzili.tn/annonce/terrain-agricole-a-vendre-foukaia-sousse-akouda-124114,Terrain,238170,2023-10-24,Sousse,Akouda,Foukaia Chott Mériem,4022,2802,Non,Non,Non,Non,,,Oui,Non,Non,Commerciale
menzili,https://www.menzili.tn/annonce/terrain-a-gammarth-tunis-lamarsa-131861,Terrain,300000,2024-06-05,Tunis,La Marsa,Gammarth,2070,250,Non,Non,Non,Non,,,Oui,Non,Non,Résidentielle
menzili,https://www.menzili.tn/annonce/terrain-de-promotion-a-vendre-route-de-gabes-sfax-sfax-sfaxville-131848,Terrain,,2024-06-05,Sfax,boulevard de l'environnement,Route de gabes,6000,1605,Non,Non,Non,Non,,,Oui,Non,Non,Commerciale
menzili,https://www.menzili.tn/annonce/terrain-rawad-ariana-raoued-131832,Terrain,,2024-06-04,Ariana,Raoued,Raoued,2083,10000,Non,Non,Non,Non,,,Non,Oui,Oui,Commerciale
menzili,https://www.menzili.tn/annonce/ferme-hectares-avec-des-maisons-a-vendrev-a-hamam-ghzez-kelibia-nabeul-kelibia-131830,Terrain,250000,2024-06-04,Nabeul,Kélibia,Kélibia,8000,10030,Non,Non,Non,Non,,,Non,Non,Oui,Commerciale
menzili,https://www.menzili.tn/annonce/terrain-a-vendre-foukaia-chottmeriem-de-1212-m-sousse-akouda-131828,Terrain,96000,2024-06-04,Sousse,Akouda,Akouda,4022,1212,Non,Non,Non,Non,,,Non,Non,Non,Commerciale
menzili,https://www.menzili.tn/annonce/terrain-a-vendre-foukaia-chottmeriem-854-m-sousse-akouda-131749,Terrain,,2024-06-04,Sousse,Akouda,Akouda,4022,854,Non,Non,Non,Non,,,Non,Non,Non,Commerciale
menzili,https://www.menzili.tn/annonce/A-vendre-terrain-de-573-m-a-sidi-mahrsi-nabeul-nabeul-nabeul-131742,Terrain,1350,2024-06-03,Nabeul,Nabeul,Nabeul,8000,573,Titre Individuel,Non,Oui,Non,,,Non,Non,Non,Commerciale
menzili,https://www.menzili.tn/annonce/terrain-bati-a-vendre-ariana-menzah-131738,Terrain,2500,2024-06-03,Ariana,Menzah,El manzah,1004,1100,Non,Non,Non,Non,,,Non,Non,Non,Commerciale
menzili,https://www.menzili.tn/annonce/terrain-agricole-nu-%D8%A7%D8%B1%D8%B6-%D8%AC%D8%B1%D8%AF%D8%A7%D8%A1-de-1300-m2-a-kala-kbira-sousse-kalaakebira-131736,Terrain,45000,2024-06-03,Sousse,Kalaâ Kebira,Kalaâ Kebira,4000,1300,Non,Non,Non,Non,,,Non,Non,Non,Commerciale
menzili,https://www.menzili.tn/annonce/A-vendre-terrain-un-petit-studio-plan-complet-pour-la-construction-de-maison-ariana-raoued-131722,Terrain,,2024-06-03,Ariana,Raoued,Raoued,2083,300,Non,Non,Non,Oui,,,Non,Non,Non,Commerciale
menzili,https://www.menzili.tn/annonce/a-vendre-terrain-agricole-manouba-ouedellil-131709,Terrain,,2024-06-01,Manouba,Oued Ellil,La marsa,2021,2000,Non,Non,Non,Non,,,Non,Non,Non,Commerciale
menzili,https://www.menzili.tn/annonce/terrain-a-vendre-a-borj-louzir-ariana-borjlouzir-131707,Terrain,270000,2024-06-01,Ariana,Borj Louzir,Borj Louzir,2073,359,Oui,Non,Oui,Non,,,Non,Non,Non,Commerciale
menzili,https://www.menzili.tn/annonce/terrain-a-vendre-a-haouaria-nabeul-elhaouaria-131699,Terrain,,2024-05-31,Nabeul,El Haouaria,صاحب الجبل معتمدية الهوارية,8045,,Non,Non,Non,Non,,,Non,Non,Non,Commerciale
menzili,https://www.menzili.tn/annonce/terrain-a-vendre-a-khazenet-sfax-menzelchaker-131691,Terrain,,2024-05-31,Sfax,Menzel Chaker,Menzel Chaker,3051,892,Non,Non,Non,Non,,,Non,Non,Non,Commerciale
menzili,https://www.menzili.tn/annonce/un-terrain-de-200-m-constructible-a-dar-allouche-kelibia-nabeul-kelibia-131676,Terrain,38000,2024-05-31,Nabeul,Kélibia,Kélibia,8000,200,Titre Bleu,Non,Non,Oui,,,Non,Oui,Oui,Commerciale
menzili,https://www.menzili.tn/annonce/a-vendre-un-terrain-titre-a-ksibet-sousse-sousse-zaouitksibatthrayett-131638,Terrain,,2024-05-29,Sousse,Zaouit-Ksibat Thrayett,Sousse,4000,312,Titre Bleu,Non,Non,Non,,,Non,Non,Non,Résidentielle
menzili,https://www.menzili.tn/annonce/vendre-un-beau-terrain-a-welja_rades-benarous-rades-131634,Terrain,,2024-05-29,Ben Arous,Radès,EL WALJA_RADES_BEN AROUS,2013,336,Non,Non,Non,Non,,,Non,Non,Non,Commerciale
menzili,https://www.menzili.tn/annonce/terrain-agricole-situe-a-sidi-bou-ali-sousse-2400m-sousse-sidibouali-131592,Terrain,240000,2024-05-27,Sousse,Sidi Bou Ali,Sidi Bou Ali,4040,2400,Non,Non,Non,Non,,,Non,Non,Non,Commerciale
menzili,https://www.menzili.tn/annonce/a-vendre-terrain-a-boumhal-benarous-boumhel-131582,Terrain,,2024-05-27,Ben Arous,Boumhel,Boumhel,2013,265,Non,Non,Non,Non,,,Non,Non,Non,Commerciale
menzili,https://www.menzili.tn/annonce/terrains-12000-m2-2000-m2-1500-m2-1000-m2-a-vendre-sans-courtage-sousse-zaouitksibatthrayett-131572,Terrain,,2024-05-26,Sousse,Zaouit-Ksibat Thrayett,Zaouit-Ksibat Thrayett,4000,12000,Non,Non,Non,Non,,,Non,Non,Non,Commerciale
menzili,https://www.menzili.tn/annonce/terrain-a-vendre-sousse-akouda-131504,Terrain,,2024-05-23,Sousse,Akouda,Akouda,4022,715,Non,Non,Non,Non,,,Non,Non,Non,Commerciale
menzili,https://www.menzili.tn/annonce/exclusivite-terrain-500-m-a-hammam-chatt-benarous-hammamchott-131476,Terrain,560000,2024-05-22,Ben Arous,Hammam Chott,Rue des Marthyrs / Rue du 1er Octobre,2052,500,Non,Non,Oui,Oui,,,Non,Non,Non,Commerciale
menzili,https://www.menzili.tn/annonce/terrain-a-mnihla-a-vendre-ariana-mnihla-131466,Terrain,,2024-05-22,Ariana,Mnihla,Mnihla,2094,200,Non,Non,Non,Non,,,Non,Non,Non,Commerciale
menzili,https://www.menzili.tn/annonce/terrain-commercial-de-522m-avenue-de-france-ben-arous-benarous-megrine-131457,Terrain,1050000000,2024-05-22,Ben Arous,Mégrine,Ben arous,2033,522,Non,Non,Non,Non,,,Non,Oui,Oui,Commerciale
menzili,https://www.menzili.tn/annonce/terrain-avec-oliviers-somaa-nabeul-benikhiar-131442,Terrain,110000,2024-05-21,Nabeul,Béni Khiar,Somaa,8000,1500,Non,Non,Non,Non,,,Oui,Non,Non,Commerciale
menzili,https://www.menzili.tn/annonce/terrain-a-vendre-a-cite-el-bassatin-ariana-mnihla-131415,Terrain,,2024-05-20,Ariana,al mnihla,cité el bassatin,2094,200,Non,Non,Non,Non,,,Non,Non,Non,Commerciale
menzili,https://www.menzili.tn/annonce/terrain-pour-construction-cite-ennour-gafsa-gafsasud-131365,Terrain,15000,2024-05-18,Gafsa,Gafsa Sud,Gafsa Sud,2100,100,Non,Non,Non,Oui,,,Non,Oui,Non,Commerciale
menzili,https://www.menzili.tn/annonce/opportunite-exceptionnelle-terrain-de-650m-a-ennasr-2-ariana-ennasr-131362,Terrain,2100,2024-05-18,Ariana,Ennasr,Ennasr,2037,650,Titre Collectif,Non,Non,Non,,,Non,Oui,Oui,Commerciale
menzili,https://www.menzili.tn/annonce/terraina-vendre-2500m2-foukaia-chottmeriem-sousse-akouda-131360,Terrain,,2024-05-18,Sousse,Akouda,Akouda,4022,2500,Non,Non,Non,Non,,,Non,Non,Non,Commerciale
menzili,https://www.menzili.tn/annonce/terrain-a-vendre1241-m2-foukaia-chottmeriem-sousse-akouda-131359,Terrain,,2024-05-18,Sousse,Akouda,Akouda,4022,1241,Non,Non,Non,Non,,,Non,Non,Non,Commerciale
menzili,https://www.menzili.tn/annonce/terrain-a-vendre-%D8%A7%D9%84%D9%81%D9%82%D8%A7%D8%B9%D9%8A%D8%A9-chottmeriem-1100-m-sousse-akouda-131347,Terrain,,2024-05-17,Sousse,Akouda,Akouda,4022,1100,Non,Oui,Non,Non,,,Non,Non,Non,Commerciale
menzili,https://www.menzili.tn/annonce/terrain-viabilise-benarous-mornag-131342,Terrain,,2024-05-17,Ben Arous,Mornag,zaouiet mornag,2090,341,Non,Non,Oui,Non,,,Oui,Non,Non,Résidentielle
menzili,https://www.menzili.tn/annonce/terrain-a-vendre-foukaia-chott-meriem-sousse-akouda-131309,Terrain,120000,2024-05-14,Sousse,Akouda,Akouda,4022,854,Non,Non,Non,Non,,,Non,Non,Non,Commerciale
menzili,https://www.menzili.tn/annonce/terrain-de-5500-m2-a-borj-touil-ariana-raoued-131268,Terrain,1650000,2024-05-13,Ariana,Raoued,Borj Touil,2083,5500,Non,Non,Non,Non,,,Non,Non,Non,Commerciale
menzili,https://www.menzili.tn/annonce/vente-d-un-terrain-titre-de-4130-m2-sis-a-ezzahra-benarous-ezzahra-131207,Terrain,3000000,2024-05-09,Ben Arous,Ezzahra,cité borj louzir sur GP1,2034,4130,Non,Non,Non,Oui,,,Non,Non,Non,Commerciale
menzili,https://www.menzili.tn/annonce/terrain-a-vendre-foukaia-chottmeriem-sousse-akouda-131168,Terrain,96000,2024-05-08,Sousse,Akouda,Akouda,4022,1212,Non,Non,Non,Non,,,Non,Non,Non,Commerciale
menzili,https://www.menzili.tn/annonce/terrain-chott-meriem-526-m-vue-mer-sousse-akouda-131116,Terrain,447100,2024-05-07,Sousse,Akouda,Akouda,4022,526,Non,Oui,Non,Non,,,Non,Non,Non,Commerciale
menzili,https://www.menzili.tn/annonce/a-vendre-pour-promotion-immobiliere-un-terrain-ariana-lasoukra-131097,Terrain,4500000,2024-05-07,Ariana,La Soukra,La Soukra,2036,4500,Non,Non,Non,Non,,,Non,Non,Non,Commerciale
menzili,https://www.menzili.tn/annonce/a-vendre-un-terrain-pour-promotion-immobiliere-a-choutrana-1-ariana-lasoukra-131095,Terrain,4480000,2024-05-07,Ariana,La Soukra,La Soukra,2036,5600,Non,Non,Non,Non,,,Non,Non,Non,Commerciale
menzili,https://www.menzili.tn/annonce/terrain-commercial-et-d-habitation-sousse-hergla-131079,Terrain,910000,2024-05-06,Sousse,Hergla,Hergla,4000,566,Non,Non,Non,Oui,,,Non,Non,Non,Résidentielle
menzili,https://www.menzili.tn/annonce/super-terrain-bizerte-gharelmelh-131071,Terrain,220000,2024-05-05,Bizerte,Ghar El Melh,La Manouba,7023,417,Oui,Oui,Non,Non,,,Non,Oui,Oui,Commerciale
menzili,https://www.menzili.tn/annonce/vendre-terrain-depot-studio-dalle-1er-etage-ariana-raoued-131063,Terrain,,2024-05-04,Ariana,Raoued,Brarja 1 raoued,2083,500,Non,Non,Non,Non,,,Non,Non,Non,Commerciale
menzili,https://www.menzili.tn/annonce/terrain-9-h-a-dar-allouch-nabeul-kelibia-131004,Terrain,40000,2024-05-02,Nabeul,Kélibia,Kélibia,8000,90000,Non,Non,Non,Non,,,Non,Non,Non,Commerciale
menzili,https://www.menzili.tn/annonce/djerba-terrain-de-2500m2-a-el-haddada-medenine-djerbamidoun-130993,Terrain,350000,2024-05-02,Médenine,Djerba - Midoun,el Haddada,4180,2500,Non,Non,Non,Non,,,Non,Non,Non,Commerciale
menzili,https://www.menzili.tn/annonce/terrain-de-753-m2-a-vendre-ariana-lasoukra-130988,Terrain,,2024-05-02,Ariana,La Soukra,Dar fadhal,2036,753,Non,Non,Non,Non,,,Non,Non,Non,Commerciale
menzili,https://www.menzili.tn/annonce/terrain-idealement-situe-a-gammath-tunis-superficie-de-625-metres-carres-avec-deux-facades-tunis-gammarth-130986,Terrain,1000000,2024-05-02,Tunis,Gammarth,Gammarth,2078,625,Non,Non,Non,Oui,,,Non,Non,Non,Résidentielle
menzili,https://www.menzili.tn/annonce/terrain-a-vendre-a-fouchena-centre-benarous-fouchana-130923,Terrain,250000,2024-04-29,Ben Arous,Fouchana,Fouchana,2082,400,Non,Non,Non,Non,,,Non,Non,Non,Résidentielle
menzili,https://www.menzili.tn/annonce/terrain-de-1500-m2-a-raoued-ariana-raoued-130920,Terrain,200000,2024-04-29,Ariana,Raoued,Raoued,2083,1500,Non,Non,Non,Non,,,Non,Non,Non,Commerciale
menzili,https://www.menzili.tn/annonce/terrain-nu-a-m-ghira-benarous-fouchana-130919,Terrain,165000,2024-04-29,Ben Arous,Fouchana,M'ghira,2082,200,Titre Bleu,Non,Oui,Non,,,Non,Non,Non,Résidentielle
menzili,https://www.menzili.tn/annonce/terrain-constructible-a-vendre-chebba-mahdia-chebba-116363,Terrain,53500,2023-05-30,Mahdia,Chebba,64HG+VFX Chebba,5170,485,Non,Non,Non,Oui,,,Non,Non,Non,Commerciale
menzili,https://www.menzili.tn/annonce/terrain-commercial-a-vendre-a-gafsa-gafsa-gafsanord-130914,Terrain,570000,2024-04-28,Gafsa,Gafsa Nord,Hay Ennour,2100,491,Non,Non,Non,Non,,,Non,Non,Non,Commerciale
menzili,https://www.menzili.tn/annonce/terrain-a-vendre-a-kelibia-plage-el-belge-emplacement-ideal-et-superficie-genereuse-nabeul-kelibia-130902,Terrain,,2024-04-28,Nabeul,Kélibia,Kélibia,8000,643,Non,Oui,Non,Oui,,,Non,Non,Non,Commerciale
menzili,https://www.menzili.tn/annonce/a-vendre-une-ferme-agricole-a-oudhna-benarous-mohamedia-130845,Terrain,1500000,2024-04-26,Ben Arous,Mohamedia,Oudhna Ben Arous,2084,11100,Non,Non,Non,Non,,,Oui,Non,Oui,Commerciale
menzili,https://www.menzili.tn/annonce/A-vendre-des-lots-de-terrains-dans-un-lotissement-approuve-a-jinene-beni-khiar-nabeul-benikhiar-130808,Terrain,2850,2024-04-25,Nabeul,Béni Khiar,Béni Khiar,8000,,Titre Individuel,Non,Non,Non,,,Non,Non,Non,Résidentielle
menzili,https://www.menzili.tn/annonce/terrain-r4-1300-m-a-route-tunis-1-5-sfax-sfaxville-130767,Terrain,900000,2024-04-24,Sfax,Sfax Ville,Sfax Ville,3000,1300,Oui,Non,Non,Non,,,Oui,Non,Non,Commerciale
menzili,https://www.menzili.tn/annonce/terrain-r4-1150-m-a-route-tunis-1-5-sfax-sfaxville-130766,Terrain,1150000,2024-04-24,Sfax,Sfax Ville,Sfax Ville,3000,1150,Oui,Non,Non,Non,,,Oui,Non,Non,Commerciale
menzili,https://www.menzili.tn/annonce/terrain-cloture-de-500-m-a-vendre-a-85-md-a-hammamet-sud-51355351-nabeul-hammametsud-130757,Terrain,85000,2024-04-24,Nabeul,Hammamet Sud,Hammamet Sud,8050,500,Titre Bleu,Non,Non,Non,,,Non,Oui,Oui,Commerciale
menzili,https://www.menzili.tn/annonce/lot-de-terrain-a-vendre-sfax-sfaxville-130754,Terrain,,2024-04-24,Sfax,Sfax Ville,Route Sidi Mansour. Sfax,3000,822,Non,Non,Non,Non,,,Oui,Non,Non,Commerciale
menzili,https://www.menzili.tn/annonce/vente-terrain-a-sidi-ali-elmakki-bizerte-gharelmelh-130753,Terrain,220000,2024-04-23,Bizerte,Ghar El Melh,58799486,7023,563,Titre Bleu,Non,Non,Non,,,Non,Non,Non,Commerciale
menzili,https://www.menzili.tn/annonce/terrain-a-vendre-moulares-gafsa-gafsa-oumelaraies-130749,Terrain,26000,2024-04-23,Gafsa,Oum El Araies,Oum El Araies,2100,20200,Non,Non,Non,Non,,,Non,Non,Non,Commerciale
menzili,https://www.menzili.tn/annonce/terrain-de-1800-m-a-vendre-a-125-md-a-hammamet-sud-51355351-nabeul-hammametsud-130727,Terrain,125000,2024-04-23,Nabeul,Hammamet Sud,Hammamet Sud,8050,1800,Oui,Non,Non,Non,,,Non,Oui,Oui,Commerciale
menzili,https://www.menzili.tn/annonce/superbe-terrain-de-3745-m-a-hammamet-sud-a-vendre-51355351-nabeul-hammametsud-130723,Terrain,480000,2024-04-23,Nabeul,Hammamet Sud,Hammamet Sud,8050,3745,Oui,Non,Non,Non,,,Oui,Oui,Oui,Commerciale
menzili,https://www.menzili.tn/annonce/terrain-de-2256-m-a-rmila-proche-sortie-autoroute-a1-sousse-tunis-sousse-akouda-130707,Terrain,,2024-04-23,Sousse,Akouda,Akouda,4022,2256,Non,Non,Non,Non,,,Non,Non,Non,Commerciale
menzili,https://www.menzili.tn/annonce/terrain-de-2737-m-vue-de-mer-a-vendre-a-maamoura-51355351-nabeul-benikhiar-130699,Terrain,,2024-04-23,Nabeul,Béni Khiar,Maamoura,8013,2737,Titre Bleu,Oui,Non,Non,,,Oui,Oui,Oui,Commerciale
menzili,https://www.menzili.tn/annonce/a-vendre-terrain-commercial-benarous-megrine-130686,Terrain,860000,2024-04-22,Ben Arous,Mégrine,Megrine,2033,439,Non,Non,Non,Non,,,Non,Non,Non,Commerciale
menzili,https://www.menzili.tn/annonce/terrain-et-villa-a-vendre-sfax-routeteniour-130681,Terrain,2000000,2024-04-21,Sfax,Route taniour km5,Sfax,3000,1378,Non,Non,Non,Non,,,Oui,Non,Non,Commerciale
menzili,https://www.menzili.tn/annonce/a-vendre-terrain-borj-touil-ariana-ariana-raoued-130680,Terrain,,2024-04-21,Ariana,Raoued,Borj touil Ariana cité riadh à proximité de l'écol,2083,281,Non,Non,Non,Non,,,Non,Non,Non,Commerciale
menzili,https://www.menzili.tn/annonce/un-terrain-de-1428-m-a-km71-a-vendre-51355351-nabeul-hammametsud-130676,Terrain,143000,2024-04-21,Nabeul,Hammamet Sud,Hammamet Sud,8050,1428,Oui,Non,Non,Non,,,Non,Oui,Oui,Commerciale
menzili,https://www.menzili.tn/annonce/occasion-a-ne-pas-rater-nabeul-darchaabaneelfehri-130675,Terrain,,2024-04-21,Nabeul,Dar Châabane El Fehri,Dar Châabane El Fehri,8000,8252,Non,Oui,Non,Non,,,Non,Non,Non,Commerciale
menzili,https://www.menzili.tn/annonce/terrain-titre-pied-dans-l-eau-de-870-m-a-vendre-a-korba-51355351-nabeul-korba-130669,Terrain,,2026-03-30,a 503 Service Unavailable error was encountered while trying to use an ErrorDocument to handle the request.,Additionally,Additionally,,,Non,Non,Non,Non,,,Non,Non,Non,
menzili,https://www.menzili.tn/annonce/un-terrain-pieds-dans-l-eau-de-3333-m-a-vendre-a-korba-51355351-nabeul-korba-130668,Terrain,430000,2024-04-21,Nabeul,Korba,Korba,8070,3333,Non,Non,Non,Non,,,Non,Non,Oui,Commerciale
menzili,https://www.menzili.tn/annonce/a-vendre-a-korba-un-terrain-pieds-dans-l-eau-51355351-nabeul-korba-130667,Terrain,360000,2024-04-21,Nabeul,Korba,Korba,8070,2450,Non,Non,Non,Non,,,Non,Non,Oui,Commerciale
menzili,https://www.menzili.tn/annonce/terrain-de-191-m-a-vendre-a-beni-khiar-51355351-nabeul-benikhiar-130657,Terrain,110000,2024-04-21,Nabeul,Béni Khiar,Béni Khiar,8000,191,Oui,Non,Non,Non,,,Non,Non,Non,Commerciale
menzili,https://www.menzili.tn/annonce/opportunite-terrain-kettena-gabes-gabes-mareth-130643,Terrain,980000,2024-04-20,Gabès,Mareth,Kettena Gabes,6080,12189,Titre Bleu,Non,Non,Oui,,,Non,Oui,Oui,Commerciale
menzili,https://www.menzili.tn/annonce/terrain-dans-la-zone-de-sidi-mahressi-a-vendre-51355351-nabeul-nabeul-130641,Terrain,380000,2024-04-20,Nabeul,Nabeul,Nabeul,8000,423,Non,Non,Non,Non,,,Non,Oui,Oui,Résidentielle
menzili,https://www.menzili.tn/annonce/terrain-cloture-de-656-m-a-hammamet-nord-a-vendre-51355351-nabeul-hammametnord-130635,Terrain,425000,2024-04-20,Nabeul,Hammamet Nord,Hammamet Nord,8050,656,Non,Non,Non,Non,,,Non,Oui,Oui,Commerciale
menzili,https://www.menzili.tn/annonce/terrain-soukra-ariana-lasoukra-130634,Terrain,,2024-04-20,Ariana,La Soukra,La Soukra,2036,650,Non,Non,Non,Non,,,Non,Non,Non,Commerciale
menzili,https://www.menzili.tn/annonce/vente-terrain-a-montplaisir-tunis-mutuelleville-130620,Terrain,2250000,2024-04-19,Tunis,Mutuelleville,Mutuelleville,1082,500,Oui,Non,Non,Non,,,Non,Non,Non,Commerciale
menzili,https://www.menzili.tn/annonce/a-vendre-terrain-de-547m-a-gammarth-tunis-gammarth-130619,Terrain,410000,2024-04-19,Tunis,Gammarth,Gammarth,2078,547,Oui,Non,Non,Non,,,Non,Non,Non,Résidentielle
menzili,https://www.menzili.tn/annonce/des-lots-de-terrain-a-vendre-a-ksar-hellal-monastir-ksarhellal-130613,Terrain,,2024-04-19,Monastir,Ksar Hellal,Ksar Hellal,5070,220,Non,Non,Non,Non,,,Non,Non,Non,Commerciale
menzili,https://www.menzili.tn/annonce/vente-terrain-a-korba-nabeul-korba-130607,Terrain,350000,2024-04-19,Nabeul,Korba,KORBA,8070,504,Titre Individuel,Non,Non,Non,,,Non,Non,Non,Commerciale
menzili,https://www.menzili.tn/annonce/terrain-a-vendre-a-kantaoui-sousse-kantaoui-130598,Terrain,,2024-04-19,Sousse,Kantaoui,Kantaoui,4089,1564,Oui,Non,Non,Non,,,Non,Non,Non,Commerciale
menzili,https://www.menzili.tn/annonce/A-vendre-parts-indivises-non-precise-dans-un-terrain-de-1500-m-sousse-akouda-130590,Terrain,,2024-04-19,Sousse,Akouda,Sousse,4022,1500,Non,Non,Non,Non,,,Oui,Non,Non,Résidentielle
menzili,https://www.menzili.tn/annonce/un-lot-de-terrain-de-372-m-a-vendre-a-korba-51355351-nabeul-korba-130587,Terrain,120000,2024-04-19,Nabeul,Korba,Korba,8070,372,Titre Bleu,Non,Non,Non,,,Non,Non,Non,Commerciale
menzili,https://www.menzili.tn/annonce/a-vendre-a-korba-un-terrain-de-180-m-51355351-nabeul-korba-130574,Terrain,45000,2024-04-19,Nabeul,Korba,Korba,8070,180,Non,Non,Non,Non,,,Non,Non,Non,Commerciale
menzili,https://www.menzili.tn/annonce/un-terrain-de-210-m-a-hammamet-a-vendre-a-180-md-51355351-nabeul-hammamet-130567,Terrain,180000,2024-04-19,Nabeul,Hammamet,Hammamet,8050,210,Titre Individuel,Non,Non,Non,,,Non,Oui,Oui,Résidentielle
menzili,https://www.menzili.tn/annonce/lot-de-terrain-de-283-m-a-vendre-a-200-md-a-hammamet-centre-ville-51355351-nabeul-hammamet-130558,Terrain,200000,2024-04-19,Nabeul,Hammamet,Hammamet,8050,283,Oui,Non,Non,Non,,,Non,Non,Non,Commerciale
menzili,https://www.menzili.tn/annonce/ferme-d-orange-nabeul-benikhalled-130547,Terrain,260000,2024-04-18,Nabeul,Béni Khalled,sidi louhichi,8000,10350,Non,Non,Non,Non,,,Non,Oui,Non,Commerciale
menzili,https://www.menzili.tn/annonce/terrain-a-batir-de-743-m-a-hammamet-a-vendre-51355351-nabeul-hammamet-130533,Terrain,,2024-04-18,Nabeul,Hammamet,Hammamet,8050,743,Non,Non,Non,Non,,23,Non,Non,Non,Commerciale
menzili,https://www.menzili.tn/annonce/terrain-de-500-m-a-vendre-a-birbouragba-51355351-nabeul-hammamet-130531,Terrain,190000,2024-04-18,Nabeul,Hammamet,Hammamet,8050,500,Titre Bleu,Non,Oui,Non,,,Non,Non,Non,Commerciale
menzili,https://www.menzili.tn/annonce/terrain-de-264-m-zone-industrielle-morneg-benarous-mornag-130528,Terrain,160000,2024-04-18,Ben Arous,Mornag,Mornag,2090,264,Titre Individuel,Non,Non,Non,,,Non,Non,Non,Commerciale
menzili,https://www.menzili.tn/annonce/des-lots-de-terrain-vue-de-mer-a-mrezga-a-vendre-51355351-nabeul-mrezga-130525,Terrain,,2024-04-18,Nabeul,Mrezga,Mrezga,8058,250,Non,Oui,Non,Non,,,Non,Non,Non,Commerciale
menzili,https://www.menzili.tn/annonce/terrain-de-420-m-a-vendre-a-la-zone-touristique-mrezga-51355351-nabeul-mrezga-130518,Terrain,1250,2024-04-18,Nabeul,Mrezga,Mrezga,8058,420,Non,Non,Oui,Non,,,Non,Non,Non,Résidentielle
menzili,https://www.menzili.tn/annonce/terrain-de-120-m2-a-vendre-mornaguia-manouba-mornaguia-130515,Terrain,35000,2024-04-17,Manouba,Mornaguia,Tunis,1110,120,Non,Non,Non,Non,,,Non,Non,Non,Commerciale
menzili,https://www.menzili.tn/annonce/terrain-titre-pied-dans-l-eau-de-870-m-a-vendre-a-korba-51355351-nabeul-korba-130503,Terrain,740000,2024-04-17,Nabeul,Korba,Korba,8070,870,Titre Bleu,Non,Non,Non,,,Non,Non,Oui,Commerciale
menzili,https://www.menzili.tn/annonce/un-terrain-pieds-dans-l-eau-de-3333-m-a-vendre-a-korba-51355351-nabeul-korba-130501,Terrain,430000,2024-04-17,Nabeul,Korba,Korba,8070,3333,Non,Non,Non,Non,,,Non,Non,Oui,Commerciale
menzili,https://www.menzili.tn/annonce/a-vendre-a-korba-un-terrain-pieds-dans-l-eau-51355351-nabeul-korba-130499,Terrain,360000,2024-04-17,Nabeul,Korba,Korba,8070,2450,Non,Non,Non,Non,,,Non,Non,Oui,Commerciale
menzili,https://www.menzili.tn/annonce/un-terrain-cloture-de-800-m-vue-de-mer-a-hammamet-sud-a-vendre-51355351-nabeul-hammametsud-130497,Terrain,180000,2024-04-17,Nabeul,Hammamet Sud,Hammamet Sud,8050,800,Titre Bleu,Oui,Non,Non,,,Oui,Non,Oui,Commerciale
menzili,https://www.menzili.tn/annonce/terrain-de-2800-m-a-hammamet-sud-a-vendre-51355351-nabeul-hammametsud-130488,Terrain,175000,2024-04-17,Nabeul,Hammamet Sud,Hammamet Sud,8050,2800,Non,Non,Non,Non,,,Non,Non,Non,Commerciale
menzili,https://www.menzili.tn/annonce/un-terrain-avec-vue-de-mer-de-2000-m-a-hammamet-sud-a-vendre-51355351-nabeul-hammametsud-130486,Terrain,200000,2024-04-17,Nabeul,Hammamet Sud,Hammamet Sud,8050,2000,Titre Bleu,Oui,Non,Non,,,Oui,Oui,Oui,Commerciale
menzili,https://www.menzili.tn/annonce/terrain-de-4018-m-a-vendre-a-hammamet-sud-51355351-nabeul-hammametsud-130482,Terrain,,2024-04-17,Nabeul,Hammamet Sud,Hammamet Sud,8050,4018,Titre Bleu,Non,Non,Non,,,Non,Oui,Oui,Commerciale
menzili,https://www.menzili.tn/annonce/terrain-de-1000-m-a-hammamet-sud-a-vendre-51355351-nabeul-hammametsud-130479,Terrain,110000,2024-04-17,Nabeul,Hammamet Sud,Hammamet Sud,8050,1000,Titre Bleu,Non,Non,Non,,,Non,Oui,Oui,Commerciale
menzili,https://www.menzili.tn/annonce/un-terrain-cloture-de-1000-m-a-vendre-a-hammamet-sud-51355351-nabeul-hammametsud-130476,Terrain,110000,2024-04-17,Nabeul,Hammamet Sud,Hammamet Sud,8050,1000,Non,Non,Non,Non,,,Non,Non,Non,Commerciale
menzili,https://www.menzili.tn/annonce/lot-de-terrain-de-500-m-a-vendre-a-50-md-a-hammamet-sud-51355351-nabeul-hammametsud-130475,Terrain,50000,2024-04-17,Nabeul,Hammamet Sud,Hammamet Sud,8050,500,Non,Non,Non,Non,,,Non,Non,Non,Commerciale
menzili,https://www.menzili.tn/annonce/terrain-cloture-de-500-m-a-vendre-a-hammamet-sud-51355351-nabeul-hammametsud-130474,Terrain,85000,2024-04-17,Nabeul,Hammamet Sud,Hammamet Sud,8050,500,Titre Bleu,Non,Non,Non,,,Non,Oui,Oui,Commerciale
menzili,https://www.menzili.tn/annonce/terrain-de-2-5-hectares-avec-3-maisons-a-vendre-51355351-nabeul-hammametsud-130470,Terrain,420000,2024-04-16,Nabeul,Hammamet Sud,Hammamet Sud,8050,25000,Non,Non,Non,Non,,,Non,Non,Non,Commerciale
menzili,https://www.menzili.tn/annonce/opportunite-a-ne-pas-ratter-a-vendre-un-terrain-a-bas-prix-nabeul-hammametsud-130459,Terrain,,2024-04-16,Nabeul,Hammamet Sud,Hammamet sud,8050,,Non,Non,Non,Non,,,Non,Non,Non,Commerciale
menzili,https://www.menzili.tn/annonce/terrain-de-1-hectare-a-hammamet-sud-a-vendre-51355351-nabeul-hammametsud-130451,Terrain,170000,2024-04-16,Nabeul,Hammamet Sud,Hammamet Sud,8050,10000,Titre Bleu,Non,Non,Non,,,Oui,Oui,Oui,Commerciale
menzili,https://www.menzili.tn/annonce/terrain-a-vendre-a-hammamet-nord-zone-touristique-nabeul-hammametnord-130428,Terrain,1400,2024-04-15,Nabeul,Hammamet Nord,Hammamet nord zone touristique,8050,330,Non,Non,Non,Non,,,Oui,Non,Non,Commerciale
menzili,https://www.menzili.tn/annonce/terrain-de-2200-m-a-vendre-a-hammamet-sud-51355351-nabeul-hammametsud-130420,Terrain,330000,2024-04-14,Nabeul,Hammamet Sud,Hammamet Sud,8050,2200,Titre Bleu,Non,Non,Non,,,Non,Non,Non,Commerciale
menzili,https://www.menzili.tn/annonce/2-lots-de-terrain-vue-de-mer-a-vendre-51355351-nabeul-hammametsud-130412,Terrain,36000,2024-04-14,Nabeul,Hammamet Sud,Hammamet Sud,8050,230,Titre Bleu,Oui,Non,Non,,,Non,Non,Non,Commerciale
menzili,https://www.menzili.tn/annonce/terrain-de-2740-m-a-vendre-a-hammamet-sud-51355351-nabeul-hammametsud-130410,Terrain,220000,2024-04-14,Nabeul,Hammamet Sud,Hammamet Sud,8050,2740,Non,Non,Non,Non,,,Non,Non,Non,Commerciale
menzili,https://www.menzili.tn/annonce/lot-de-terrain-de-258-m-a-vendre-a-55-md-a-hammamet-51355351-nabeul-hammametsud-130405,Terrain,55000,2024-04-14,Nabeul,Hammamet Sud,Hammamet Sud,8050,258,Non,Non,Non,Non,,,Non,Non,Non,Commerciale
menzili,https://www.menzili.tn/annonce/terrain-de-572-m-a-vendre-a-90-md-a-hammamet-sud-51355351-nabeul-hammametsud-130404,Terrain,90000,2024-04-14,Nabeul,Hammamet Sud,Hammamet Sud,8050,572,Non,Non,Non,Non,,,Non,Non,Non,Commerciale
menzili,https://www.menzili.tn/annonce/terrain-viabilise-de-450-m-a-hammamet-nord-a-vendre-51355351-nabeul-hammametnord-130394,Terrain,360000,2024-04-13,Nabeul,Hammamet Nord,Hammamet Nord,8050,450,Titre Bleu,Non,Oui,Non,,,Non,Non,Non,Résidentielle
menzili,https://www.menzili.tn/annonce/superbe-terrain-avec-autorisation-de-batir-a-vendre-51355351-nabeul-hammametnord-130390,Terrain,420000,2024-04-13,Nabeul,Hammamet Nord,Hammamet Nord,8050,619,Titre Individuel,Non,Non,Non,,,Non,Oui,Oui,Résidentielle
menzili,https://www.menzili.tn/annonce/terrain-de-101-m-a-vendre-a-hammamet-51355351-nabeul-hammamet-130387,Terrain,110000,2024-04-13,Nabeul,Hammamet,Hammamet,8050,101,Oui,Non,Non,Non,,,Non,Non,Non,Commerciale
menzili,https://www.menzili.tn/annonce/terrain-de-283-m-a-vendre-a-200-md-a-hammamet-centre-ville-51355351-nabeul-hammamet-130381,Terrain,200000,2024-04-13,Nabeul,Hammamet,Hammamet,8050,283,Oui,Non,Non,Non,,,Non,Non,Non,Commerciale
menzili,https://www.menzili.tn/annonce/superbe-terrain-de-650-m-a-hammamet-nord-a-vendre-51355351-nabeul-hammametnord-130376,Terrain,422500,2024-04-13,Nabeul,Hammamet Nord,Hammamet Nord,8050,650,Non,Non,Oui,Non,,,Non,Non,Non,Résidentielle
menzili,https://www.menzili.tn/annonce/terrain-de-200-m-a-hammamet-nord-a-vendre-51355351-nabeul-hammametnord-130364,Terrain,190000,2024-04-13,Nabeul,Hammamet Nord,Hammamet Nord,8050,200,Titre Bleu,Non,Oui,Non,,,Non,Non,Non,Résidentielle
menzili,https://www.menzili.tn/annonce/terrain-viabilise-de-591-m-a-vendre-a-hammamet-centre-ville-51355351-nabeul-hammamet-130363,Terrain,590000,2024-04-13,Nabeul,Hammamet,Hammamet,8050,591,Oui,Non,Oui,Non,,,Non,Non,Non,Commerciale
menzili,https://www.menzili.tn/annonce/lot-de-terrain-de-250-m-a-vendre-a-hammamet-sud-51355351-nabeul-hammametsud-130351,Terrain,35000,2024-04-12,Nabeul,Hammamet Sud,Hammamet Sud,8050,250,Non,Non,Non,Non,,,Non,Non,Non,Commerciale
menzili,https://www.menzili.tn/annonce/vente-terrain-de-2293-m2-dar-wafa-beni-khiar-nabeul-benikhiar-130338,Terrain,573250,2024-04-11,Nabeul,Béni Khiar,Béni khiar nabeul,8000,2293,Titre Bleu,Non,Non,Non,,,Non,Non,Oui,Commerciale
menzili,https://www.menzili.tn/annonce/lot-de-terrain-constructible-a-beni-mtir-jendouba-aindraham-130337,Terrain,,2024-04-11,Jendouba,Etbainia,Henchir jema Beni Mtir,8100,1184,Non,Non,Non,Oui,,,Oui,Non,Non,Commerciale
menzili,https://www.menzili.tn/annonce/%D8%B3%D8%A7%D9%86%D9%8A%D8%A9-%D8%A8%D8%AA%D8%A7%D9%84%D8%A9-ferme-kasserine-thala-130331,Terrain,,2024-04-10,Kasserine,Thala,Prés de boulahnech / El Argoub,1210,40000,Non,Non,Non,Non,,,Non,Non,Non,Commerciale
menzili,https://www.menzili.tn/annonce/un-terrain-a-kerkouane-vue-sur-mer-avec-facilite-du-paiement-nabeul-kelibia-130274,Terrain,66000,2024-04-04,Nabeul,Kélibia,dar allouche,8000,330,Titre Bleu,Oui,Non,Non,,,Non,Non,Non,Commerciale
menzili,https://www.menzili.tn/annonce/un-terrain-agricole-1860-m2-sur-la-route-goudronnee-foukaia-sousse-akouda-130272,Terrain,,2024-04-04,Sousse,Akouda,Akouda,4022,1860,Non,Non,Non,Non,,,Oui,Non,Non,Commerciale
menzili,https://www.menzili.tn/annonce/terrain-a-vendre-avec-titre-bleu-a-borj-el-amri-manouba-borjelamri-130250,Terrain,,2024-04-02,Manouba,Borj El Amri,Borj el Amri,2010,12000,Titre Bleu,Non,Non,Non,,,Non,Non,Non,Commerciale
menzili,https://www.menzili.tn/annonce/terrain-a-vendre-a-kerkenah-de-3932-m2-sfax-kerkennah-130234,Terrain,130000,2024-04-02,Sfax,Kerkennah,Kerkennah Ouledyaneg,3070,3923,Non,Non,Non,Non,,,Non,Non,Non,Commerciale
menzili,https://www.menzili.tn/annonce/terrain-a-vendre-a-kerkenah-de-2933-m2-sfax-kerkennah-130233,Terrain,60000,2024-04-02,Sfax,Kerkennah,Kerkennah Ouledyaneg,3070,2933,Non,Non,Non,Non,,,Non,Non,Non,Commerciale
menzili,https://www.menzili.tn/annonce/lots-de-terrains-constructibles-nabeul-hammametsud-130210,Terrain,,2024-03-31,Nabeul,10.526170,36.382542,8000,400,Titre Bleu,Non,Non,Non,,,Oui,Non,Non,Commerciale
menzili,https://www.menzili.tn/annonce/terrain-de-396000m2-agricole-a-kelibia-nabeul-kelibia-130209,Terrain,1600000,2024-03-31,Nabeul,Kélibia,Km 5 route de azmour,8000,396000,Non,Non,Non,Non,,,Oui,Non,Non,Commerciale
menzili,https://www.menzili.tn/annonce/terrain-de-503m-ariana-lasoukra-130192,Terrain,477850,2024-03-30,Ariana,La Soukra,La Soukra,2036,503,Oui,Non,Oui,Non,,22,Non,Non,Non,Résidentielle
menzili,https://www.menzili.tn/annonce/terrain-nu-residence-les-flamands-ariana-raoued-130168,Terrain,,2024-03-29,Ariana,Raoued,Taoued plage,2083,298,Non,Non,Non,Non,,,Non,Non,Non,Résidentielle
menzili,https://www.menzili.tn/annonce/terrain-a-vendre-dans-une-belle-emplacement-ariana-arianaville-130155,Terrain,,2024-03-28,Ariana,Ariana Ville,Ariana Ville,2080,,Non,Non,Non,Non,,40,Non,Non,Non,Commerciale
menzili,https://www.menzili.tn/annonce/terrain-rectangulaire-sfax-sakietezzit-130152,Terrain,,2024-03-28,Sfax,royal betan,Rue de Tunis km12 passage polyna SNA,1000,6001,Oui,Non,Non,Non,,,Non,Non,Non,Commerciale
menzili,https://www.menzili.tn/annonce/terrain-de-200-m2-a-vendre-hammamet-nabeul-hammamet-130132,Terrain,,2024-03-27,Nabeul,Hammamet,LEADERS IMMOBILIER HAMMAMET,8050,200,Non,Non,Non,Non,,,Oui,Non,Non,Commerciale
menzili,https://www.menzili.tn/annonce/terrain-de-172-m2-a-vendre-nabeul-hammamet-130128,Terrain,,2024-03-27,Nabeul,Hammamet,LEADERS IMMOBILIER HAMMAMET,8050,172,Non,Non,Non,Non,,,Non,Non,Non,Commerciale
menzili,https://www.menzili.tn/annonce/terrain-constructible-a-vendre-ariana-raoued-130120,Terrain,37000,2024-03-27,Ariana,Raoued,Raoued,2083,168,Non,Non,Non,Oui,,,Oui,Non,Non,Résidentielle
menzili,https://www.menzili.tn/annonce/terrain-de-500-m-a-skalba-menzeltemime-proximite-des-commodites-nabeul-menzeltemime-130119,Terrain,50000,2024-03-27,Nabeul,Menzel Temime,skalba,8080,500,Non,Non,Non,Oui,,,Non,Non,Non,Résidentielle
menzili,https://www.menzili.tn/annonce/terrain-nu-bonne-occasion-a-nabeul-nabeul-nabeul-130113,Terrain,165000,2024-03-26,Nabeul,Nabeul,Cite borj 2 Nabeul,8000,300,Non,Non,Non,Non,,,Oui,Non,Non,Commerciale
menzili,https://www.menzili.tn/annonce/a-vendre-un-terrain-d-habitation-cloture-nabeul-hammamet-130089,Terrain,140000,2024-03-25,Nabeul,Hammamet,Hammamet,8050,350,Non,Non,Non,Non,,,Non,Non,Non,Résidentielle
menzili,https://www.menzili.tn/annonce/terrain-ariana-mnihla-130082,Terrain,,2024-03-25,Ariana,Mnihla,Mnihla,2094,540,Non,Non,Non,Oui,,,Non,Non,Non,Commerciale
menzili,https://www.menzili.tn/annonce/terrain-mnihla-jardin-el-menzah-ariana-mnihla-130024,Terrain,,2024-03-21,Ariana,Mnihla,Rue de Bizerte mnihla,2094,1154,Titre Bleu,Non,Non,Non,,,Non,Non,Non,Commerciale
menzili,https://www.menzili.tn/annonce/terrain-de-350m-ariana-lasoukra-130009,Terrain,402500,2024-03-19,Ariana,La Soukra,La Soukra,2036,350,Oui,Non,Oui,Non,,22,Non,Non,Non,Résidentielle
menzili,https://www.menzili.tn/annonce/a-vendre-une-ferme-a-tsela-khitmine-bizert-bizerte-bizertenord-129993,Terrain,850000,2024-03-18,Bizerte,Bizerte Nord,tesla khetmine,7000,33740,Titre Individuel,Non,Non,Non,,,Non,Non,Oui,Commerciale
menzili,https://www.menzili.tn/annonce/terrain-2eme-position-bizerte-bizertenord-129992,Terrain,,2024-03-18,Bizerte,Bizerte Nord,7 novembre,7000,265,Non,Non,Oui,Non,,,Non,Non,Non,Résidentielle
menzili,https://www.menzili.tn/annonce/terrain-agricole-de-6-hectares-a-zaghouan-zaghouan-zaghouan-129985,Terrain,540000,2024-03-18,Zaghouan,zaghouan R133,Zaghouan,1100,6000,Non,Non,Non,Non,,,Oui,Non,Non,Commerciale
menzili,https://www.menzili.tn/annonce/terrain-pieds-dans-l-eau-de-750m2-a-la-plage-el-haouaria-cap-bon-nabeul-elhaouaria-128474,Terrain,10000,2024-01-16,Nabeul,El Haouaria,El Haouaria,8045,750,Non,Non,Non,Oui,,,Non,Non,Oui,Commerciale
menzili,https://www.menzili.tn/annonce/terrain-de-1500-m2-a-tabarka-jendouba-tabarka-129954,Terrain,520000,2024-03-16,Jendouba,Tabarka,Larmel,8110,1500,Non,Non,Non,Non,,,Non,Non,Non,Résidentielle
menzili,https://www.menzili.tn/annonce/terrain-de-390-m-a-nouvelle-madina-benarous-medinajedida-129937,Terrain,429000,2024-03-15,Ben Arous,Medina Jedida,Nouvelle madina,2013,390,Oui,Non,Non,Non,,,Non,Non,Non,Commerciale
menzili,https://www.menzili.tn/annonce/terrain-A-vendre-a-monastir-el-omran-monastir-monastir-129931,Terrain,,2024-03-15,Monastir,Monastir,Monastir sur la route de Kairouan,5000,2739,Oui,Non,Non,Non,,,Oui,Non,Non,Commerciale
menzili,https://www.menzili.tn/annonce/terrain-A-vendre-a-yassmin-hammamet-nabeul-hammametsud-129927,Terrain,,2024-03-15,Nabeul,Hammamet Sud,YASSMIN HAMMAMET,8050,1901,Non,Non,Non,Non,,,Non,Non,Non,Commerciale
menzili,https://www.menzili.tn/annonce/villa-en-terrain-de-un-hectare-et-680m-jendouba-fernana-129873,Terrain,220000,2024-03-11,Jendouba,Fernana,villa avec terrain à Oued El Lil,8120,1680,Non,Non,Non,Non,,,Non,Non,Non,Commerciale
menzili,https://www.menzili.tn/annonce/a-vendre-terrain-avec-un-batiment-inacheve-sousse-hammamsousse-129871,Terrain,190000,2024-03-11,Sousse,Hammam Sousse,hamem sousse bhayer,4011,252,Non,Non,Non,Non,,,Non,Non,Non,Commerciale
menzili,https://www.menzili.tn/annonce/terrain-a-vendre-a-teboulba-%D8%A7%D9%84%D8%B4%D8%B1%D8%A7%D9%82%D9%8A-monastir-teboulba-129869,Terrain,214500,2024-03-11,Monastir,Téboulba,Zone (الشراقي ) à Téboulba - Monastir,5000,550,Non,Oui,Non,Non,,,Oui,Non,Non,Commerciale
menzili,https://www.menzili.tn/annonce/terrain-a-vendre-a-hammamet-nabeul-hammametcentre-129844,Terrain,45000,2024-03-09,Nabeul,Hammamet Centre,Hammamet,8050,1000,Non,Non,Non,Non,,,Non,Non,Non,Commerciale
menzili,https://www.menzili.tn/annonce/lots-de-terrains-a-la-soukra-ariana-lasoukra-129839,Terrain,,2024-03-09,Ariana,La Soukra,Prés de la route principale,2036,5000,Non,Non,Non,Non,,,Oui,Non,Non,Commerciale
menzili,https://www.menzili.tn/annonce/ariana-centre-terrain-a-batir-ariana-arianaville-129835,Terrain,1500,2024-03-08,Ariana,Ariana Ville,Ariana ville prés de Affrica Mall,2080,2267,Titre Bleu,Non,Non,Non,,,Non,Non,Non,Résidentielle
menzili,https://www.menzili.tn/annonce/des-terrains-a-vendre-de-150-a-1262m-sousse-sousseriadh-129833,Terrain,,2024-03-08,Sousse,Sousse Riadh,A côté salle de fête nourhene,4000,1262,Non,Non,Non,Non,,,Non,Non,Non,Commerciale
menzili,https://www.menzili.tn/annonce/terrain-a-vendre-a-la-soukra-pour-promotion-ariana-lasoukra-129830,Terrain,1500000,2024-03-08,Ariana,La Soukra,La Soukra,2036,1200,Non,Non,Non,Non,,,Non,Non,Non,Résidentielle
menzili,https://www.menzili.tn/annonce/vente-de-deux-terrains-constructifs-a-el-maamoura-de-445m-et-444m-nabeul-nabeul-129820,Terrain,,2024-03-08,Nabeul,Nabeul,El Maamoura,8000,445,Titre Bleu,Non,Non,Non,,,Non,Non,Non,Commerciale
menzili,https://www.menzili.tn/annonce/vente-d-un-terrain-agricole-a-el-maamoura-nabeul-nabeul-129819,Terrain,,2024-03-08,Nabeul,Nabeul,El Maamoura Plage,8000,1000,Non,Non,Non,Non,,,Non,Non,Non,Résidentielle
menzili,https://www.menzili.tn/annonce/vente-d-un-terrain-agricole-a-el-maamoura-nabeul-nabeul-129818,Terrain,,2024-03-08,Nabeul,Nabeul,El Maamoura Plage,8000,2400,Non,Non,Non,Non,,,Non,Non,Non,Commerciale
menzili,https://www.menzili.tn/annonce/terrain-pres-du-mall-sousse-sousse-akouda-129810,Terrain,320000,2024-03-08,Sousse,4022,P1 Route de Sousse Akouda,4000,1200,Non,Non,Non,Non,,,Oui,Non,Non,Commerciale
menzili,https://www.menzili.tn/annonce/terrain-a-vendre-soukra-chotrana-ariana-chotrana-129800,Terrain,315000,2024-03-07,Ariana,Chotrana,https://maps.app.goo.gl/5vA2NFmjsM2hmjxm9,2086,450,Titre Bleu,Non,Non,Non,,,Non,Non,Non,Résidentielle
menzili,https://www.menzili.tn/annonce/terrain-au-centre-de-diar-ben-salem-beni-khiar-nabeul-benikhiar-129797,Terrain,,2024-03-07,Nabeul,Béni Khiar,Diar Ben Salem,8000,216,Non,Non,Oui,Non,,,Non,Non,Non,Commerciale
menzili,https://www.menzili.tn/annonce/a-vendre-terrain-a-la-marsa-cite-les-pins-tunis-lamarsa-129781,Terrain,250000,2024-03-07,Tunis,La Marsa,La Marsa,2070,100,Non,Non,Non,Non,,,Oui,Non,Non,Résidentielle
menzili,https://www.menzili.tn/annonce/vente-d-un-terrain-a-gammarth-village-tunis-lamarsa-129769,Terrain,535000,2024-03-07,Tunis,La Marsa,La Marsa,2070,368,Non,Non,Non,Non,,,Non,Non,Non,Résidentielle
menzili,https://www.menzili.tn/annonce/av-terrain-nu-a-sahaja-mannouba-manouba-manoubaville-129760,Terrain,88000,2024-03-07,Manouba,sanheja,manouba,2010,400,Non,Non,Non,Non,,,Non,Non,Non,Commerciale
menzili,https://www.menzili.tn/annonce/terrain-de-405-m2-a-vendre-a-mornag-benarous-mornag-129711,Terrain,,2024-03-05,Ben Arous,Mornag,Mornag,2090,405,Non,Non,Non,Non,,,Non,Non,Non,Commerciale
menzili,https://www.menzili.tn/annonce/terrain-a-vendre-avec-certificat-de-propriete-individuelle-titre-bleu-nabeul-menzelbouzelfa-129703,Terrain,,2024-03-05,Nabeul,Menzel Bouzelfa,Menzel Bouzelfa face à MST,8010,3700,Titre Bleu,Non,Non,Oui,,,Oui,Oui,Oui,Commerciale
menzili,https://www.menzili.tn/annonce/ferme-de-4-hectares-a-manzel-bouzalfa-nabeul-menzelbouzelfa-129702,Terrain,1500000,2024-03-05,Nabeul,Menzel Bouzelfa,29757584,8010,,Titre Individuel,Non,Non,Non,,,Non,Non,Non,Commerciale
menzili,https://www.menzili.tn/annonce/terrain-a-vendre-mnihla-ariana-ariana-mnihla-129693,Terrain,1200,2024-03-04,Ariana,Mnihla,Route de bizerte,2094,870,Non,Non,Non,Non,,,Oui,Non,Non,Commerciale
menzili,https://www.menzili.tn/annonce/dar-allouch-plage-nabeul-hammamghezeze-129687,Terrain,54000,2024-03-04,Nabeul,Hammam Ghezèze,Dar allouch plage,8000,300,Non,Non,Non,Non,,,Non,Non,Non,Commerciale
menzili,https://www.menzili.tn/annonce/A-vendre-ou-a-louer-terrain-d-une-superficie-de-1027-metres-carres-opportunite-sfax-routematar-129665,Terrain,,2024-03-02,Sfax,3,route de l'aéroport,3000,1027,Non,Non,Non,Non,,,Oui,Non,Non,Commerciale
menzili,https://www.menzili.tn/annonce/plusieurs-lots-terrain-a-vendre-zarzis-medenine-zarzis-129647,Terrain,,2024-03-01,Médenine,Zarzis,Zarzis,4170,,Non,Non,Non,Non,,,Non,Non,Non,Commerciale
menzili,https://www.menzili.tn/annonce/terrain-a-vendre-face-de-l-aeroport-hammamet-enfidha-sousse-enfidha-129643,Terrain,210000,2024-03-01,Sousse,Enfidha,enfidha,4030,70000,Titre Bleu,Non,Non,Non,,,Non,Non,Non,Commerciale
menzili,https://www.menzili.tn/annonce/terrain-proche-de-l-aeroport-sousse-enfidha-129633,Terrain,180000,2024-03-01,Sousse,Enfidha,Enfidha,4030,3530,Non,Non,Non,Non,,,Oui,Oui,Oui,Commerciale
menzili,https://www.menzili.tn/annonce/terrain-274m-a-jinene-benikhiar-nabeul-nabeul-benikhiar-129630,Terrain,246000,2024-02-29,Nabeul,Béni Khiar,Béni Khiar,8000,274,Oui,Oui,Non,Non,18x15,18,Non,Non,Non,Commerciale
menzili,https://www.menzili.tn/annonce/terrain-a-vendre-a-kalaa-sghira-sousse-pres-du-lycee-sousse-kalaasghira-93994,Terrain,245000,2022-08-17,Sousse,Kalaâ Sghira,Kalaa Sghira (Sousse) prés du lycée secondaire,4000,1220,Non,Non,Non,Non,,,Oui,Non,Non,Commerciale
menzili,https://www.menzili.tn/annonce/vt823terrain-d-habitation-166-m-a-kelibia-nabeul-kelibia-129609,Terrain,50000,2024-02-28,Nabeul,Kélibia,kelibia,8090,166,Oui,Non,Non,Non,,,Non,Non,Non,Résidentielle
menzili,https://www.menzili.tn/annonce/vt820terrain-d-habitation-199-m-a-el-mansourah-kelibia-nabeul-kelibia-129606,Terrain,400000,2024-02-28,Nabeul,Kélibia,kelibia,8090,199,Oui,Non,Non,Non,,16,Non,Non,Non,Résidentielle
menzili,https://www.menzili.tn/annonce/vt817terrain-d-habitation-322-m-a-cite-mirdes-kelibia-nabeul-kelibia-129604,Terrain,170000,2024-02-28,Nabeul,Kélibia,cite Mirdes kelibia,8090,322,Non,Non,Non,Non,,11,Non,Non,Non,Résidentielle
menzili,https://www.menzili.tn/annonce/vt812terrain-commercial-580-m-a-kelibia-nabeul-kelibia-129602,Terrain,580000,2024-02-28,Nabeul,Kélibia,kelibia,8090,580,Oui,Non,Non,Non,,,Non,Non,Non,Commerciale
menzili,https://www.menzili.tn/annonce/vt811terrain-1000-m-a-kelibia-sur-la-route-principale-kelibia-hawaria-nabeul-kelibia-129601,Terrain,220000,2024-02-28,Nabeul,Kélibia,kelibia,8090,1000,Oui,Non,Non,Non,,16,Oui,Non,Non,Résidentielle
menzili,https://www.menzili.tn/annonce/terrain-habitation-cote-mer-sousse-akouda-129586,Terrain,455400,2024-02-28,Sousse,Akouda,Akouda,4022,414,Non,Non,Non,Non,,,Non,Non,Non,Résidentielle
menzili,https://www.menzili.tn/annonce/vente-terrain-1000-m2-nabeul-hammamet-129538,Terrain,300000,2024-02-25,Nabeul,Hammamet,EL MONCHAR,8050,1000,Non,Non,Non,Oui,,,Non,Oui,Oui,Commerciale
menzili,https://www.menzili.tn/annonce/vente-terrain-1200-nabeul-elhaouaria-129539,Terrain,250000,2024-02-25,Nabeul,El Haouaria,EL HAOUARIA,8045,1200,Non,Non,Non,Oui,,,Non,Non,Non,Commerciale
menzili,https://www.menzili.tn/annonce/terrain-a-vendre-a-la-plage-de-hazeg-sfax-jebiniana-129579,Terrain,,2024-02-27,Sfax,Jebiniana,Jebiniana,3000,400,Non,Non,Non,Non,,,Non,Non,Non,Commerciale
menzili,https://www.menzili.tn/annonce/terrain-agricole-avec-maison-nabeul-korba-129576,Terrain,180000,2024-02-27,Nabeul,Korba,Boujerida,8070,14000,Non,Non,Non,Non,,,Non,Oui,Oui,Commerciale
menzili,https://www.menzili.tn/annonce/terrain-a-usage-d-habitation-benarous-boumhel-129558,Terrain,,2024-02-27,Ben Arous,Boumhel,Boumhel,2013,298,Non,Non,Non,Non,,,Non,Non,Non,Résidentielle
menzili,https://www.menzili.tn/annonce/villa-inachevee-sur-terrain-700-m-a-fandaria-mornag-benarous-mornag-129547,Terrain,200000,2024-02-26,Ben Arous,Mornag,Mornag,2090,700,Non,Non,Non,Non,,,Non,Non,Non,Commerciale
menzili,https://www.menzili.tn/annonce/terrain-de-200-m2-a-kelibia-nabeul-kelibia-129541,Terrain,,2024-02-26,Nabeul,Kélibia,rue tihert kelibia,8090,200,Non,Non,Non,Non,,,Non,Non,Non,Commerciale
menzili,https://www.menzili.tn/annonce/terrain-a-vendre-sidi-thabet-ariana-sidithabet-129537,Terrain,,2024-02-25,Ariana,Sidi Thabet,TERRAIN A VENDRE SIDI THABET,2080,222,Titre Bleu,Non,Non,Non,,,Non,Oui,Oui,Résidentielle
menzili,https://www.menzili.tn/annonce/terrain-sousse-bouficha-129531,Terrain,,2024-02-24,Sousse,Bouficha,sidi khalifa,4000,2285,Non,Non,Non,Non,,,Non,Non,Non,Commerciale
menzili,https://www.menzili.tn/annonce/terrain-1018m-r4-a-route-tunis-km-7-5-zanket-ben-hmedou-sfax-sfaxville-129484,Terrain,590000,2024-02-22,Sfax,Sfax Ville,Sfax Ville,3000,1018,Non,Non,Non,Oui,,,Oui,Non,Non,Commerciale
menzili,https://www.menzili.tn/annonce/terrain-av-a-bou-mhel-bassatine-surface-357-m-benarous-boumhel-129468,Terrain,,2024-02-21,Ben Arous,Boumhel,Boumhel Bassatine,2013,357,Titre Individuel,Non,Non,Non,,,Non,Non,Non,Commerciale
menzili,https://www.menzili.tn/annonce/terrain-de-372-m2-a-kelibia-nabeul-kelibia-129444,Terrain,223200,2024-02-20,Nabeul,Kélibia,Kelibia,8090,372,Non,Non,Non,Non,,,Non,Non,Non,Commerciale
menzili,https://www.menzili.tn/annonce/terrain-de-768-m2-quot-larmel-quot-tabarka-%D8%A8%D9%8A%D8%B9-%D8%A7%D8%B1%D8%B6-%D9%84%D9%84%D8%A8%D9%86%D8%A7%D8%A1-quot-%D9%84%D8%B1%D9%85%D8%A7%D9%84-%D8%B7%D8%A8%D8%B1%D9%82%D9%87-quot-jendouba-tabarka-93333,Terrain,345600,2022-08-06,Jendouba,Tabarka,Tabarka,8110,768,Oui,Non,Non,Oui,,,Non,Non,Non,Résidentielle
menzili,https://www.menzili.tn/annonce/terrain-a-vendre-a-hammamet-sud-nabeul-hammametsud-129378,Terrain,,2024-02-17,Nabeul,Hammamet Sud,Besbessia,8050,550,Non,Non,Non,Oui,,,Oui,Non,Non,Commerciale
menzili,https://www.menzili.tn/annonce/a-vendre-un-terrain-residentiel-de-425-m-viabilise-qui-fait-le-coin-benarous-borjcedria-129355,Terrain,,2024-02-16,Ben Arous,Borj Cedria,Borj Cedria,2013,425,Oui,Non,Oui,Oui,,,Non,Oui,Oui,Résidentielle
menzili,https://www.menzili.tn/annonce/terrain-a-tawes-ghomrassen-tataouine-ghomrassen-129337,Terrain,,2024-02-15,Tataouine,Ghomrassen,Tawes,3220,1200,Non,Non,Non,Non,,,Non,Non,Non,Commerciale
menzili,https://www.menzili.tn/annonce/terrain-a-vendre-a-soukra-%D9%82%D8%B7%D8%B9%D8%A9-%D8%A7%D8%B1%D8%B6-%D9%84%D9%84%D8%A8%D9%8A%D8%B9-%D9%81%D9%8A-%D8%B3%D9%83%D8%B1%D8%A9-ariana-lasoukra-129336,Terrain,,2024-02-15,Ariana,Soukra,Chatrana 1,2036,300,Non,Non,Non,Non,,,Non,Non,Non,Commerciale
menzili,https://www.menzili.tn/annonce/a-vendre-terrain-de-400-m2-a-megrine-benarous-megrine-129313,Terrain,720000,2024-02-14,Ben Arous,Mégrine,Q69W+778 Megrine,2033,400,Non,Non,Non,Non,,,Non,Non,Non,Commerciale
menzili,https://www.menzili.tn/annonce/terrain-a-el-ain-km6-5-50m-de-la-route-principale-sfax-sfaxville-129253,Terrain,240000,2024-02-12,Sfax,Sfax Ville,Sfax Ville,3000,683,Non,Non,Non,Oui,,,Oui,Non,Non,Résidentielle
menzili,https://www.menzili.tn/annonce/terrain-situe-a-mnihla-a-vendre-ariana-mnihla-129249,Terrain,290000,2024-02-12,Ariana,Mnihla,Mnihla,2094,469,Non,Non,Non,Non,,,Non,Non,Non,Commerciale
menzili,https://www.menzili.tn/annonce/terrain-de-215-m2-nabeul-kelibia-129241,Terrain,55000,2024-02-12,Nabeul,Kélibia,Dar allouche,8000,215,Non,Non,Non,Oui,,,Oui,Non,Oui,Commerciale
menzili,https://www.menzili.tn/annonce/terrain-avec-titre-bleu-medenine-djerbamidoun-129230,Terrain,,2024-02-11,Médenine,Djerba - Midoun,Djerba - Midoun,4180,2242,Titre Bleu,Non,Non,Non,,,Oui,Non,Non,Commerciale
menzili,https://www.menzili.tn/annonce/terrain-150-m2-nabeul-kelibia-129216,Terrain,32000,2024-02-10,Nabeul,Kélibia,karkouane,8000,150,Non,Non,Non,Non,,,Non,Non,Non,Commerciale
menzili,https://www.menzili.tn/annonce/A-vendre-terrain-de-297m2-a-hammam-lif-benarous-hammamlif-129204,Terrain,,2024-02-10,Ben Arous,Hammam Lif,Hammam Lif,2050,297,Non,Non,Non,Non,,,Non,Non,Non,Commerciale
menzili,https://www.menzili.tn/annonce/belle-terrain-bizerte-utique-129195,Terrain,,2024-02-09,Bizerte,Utique,Utique Bizerte,7020,1000,Non,Non,Non,Oui,,,Oui,Oui,Oui,Commerciale
menzili,https://www.menzili.tn/annonce/terrain-a-ksour-gharnata-vue-sur-mer-sousse-akouda-129188,Terrain,260000,2024-02-09,Sousse,Akouda,Akouda,4022,500,Oui,Oui,Non,Non,,,Non,Non,Non,Commerciale
menzili,https://www.menzili.tn/annonce/terrain-bardo-2700m2-tunis-lebardo-129180,Terrain,4000000,2024-02-08,Tunis,Le Bardo,19 rue des orangers le Bardo,2000,2700,Non,Non,Non,Non,,,Non,Non,Non,Résidentielle
menzili,https://www.menzili.tn/annonce/terrain-a-kelibia-de372-m2-nabeul-kelibia-129158,Terrain,,2024-02-07,Nabeul,Kélibia,Kelibia,8090,372,Non,Non,Non,Non,,,Non,Non,Non,Commerciale
menzili,https://www.menzili.tn/annonce/terrain-de-390-m-a-chott-meriem-hergla-sousse-akouda-129145,Terrain,78000,2024-02-07,Sousse,Akouda,Akouda,4022,390,Oui,Non,Non,Non,,,Oui,Non,Non,Commerciale
menzili,https://www.menzili.tn/annonce/terrain-a-vendre-en-plein-centre-de-hammam-lif-benarous-hammamlif-129112,Terrain,990000,2024-02-06,Ben Arous,Hammam Lif,6 et 8 Rue l’Alger à Hammam Lif,2050,780,Non,Non,Non,Non,,,Oui,Non,Non,Commerciale
menzili,https://www.menzili.tn/annonce/terrain-a-cite-abbess-tataouine-tataouinenord-129104,Terrain,85000,2024-02-05,Tataouine,Tataouine Nord,Tataouine Nord,3200,346,Non,Non,Non,Non,,,Non,Non,Non,Commerciale
menzili,https://www.menzili.tn/annonce/terrain-a-vendre-pres-de-la-plage-nabeul-elmida-129099,Terrain,50000,2024-02-05,Nabeul,El Mida,Lebna,8000,320,Titre En Cours,Non,Oui,Non,,,Non,Oui,Oui,Commerciale
menzili,https://www.menzili.tn/annonce/terrain-a-cite-el-yamama-ariana-raoued-129082,Terrain,,2024-02-04,Ariana,Sidi Amor,Cité el Yamama,2080,241,Non,Non,Non,Non,,,Oui,Non,Non,Résidentielle
menzili,https://www.menzili.tn/annonce/terrain-a-sounine-au-bord-de-la-mer-bizerte-rasjebel-129080,Terrain,,2024-02-04,Bizerte,Ras Jebel,Sounine,7025,1820,Non,Non,Non,Non,,,Non,Non,Non,Commerciale
menzili,https://www.menzili.tn/annonce/terrain-a-vendre-de-2850-m2-sfax-routemenzelchaker-129079,Terrain,250000,2024-02-03,Sfax,Route Menzel Chaker,Route Menzel Chaker,3051,2850,Non,Non,Non,Non,,,Oui,Non,Non,Commerciale
menzili,https://www.menzili.tn/annonce/terrain-sur-route-principal-du-capzbib-bizert-810m-bizerte-rasjebel-129020,Terrain,,2024-02-01,Bizerte,Cap Zebib 1722,Bd 9 Avril 1938,7000,810,Non,Non,Non,Non,,,Oui,Non,Non,Résidentielle
menzili,https://www.menzili.tn/annonce/un-terrain-a-dar-fathal-soukra-ariana-lasoukra-128984,Terrain,,2024-01-31,Ariana,La Soukra,La soukra dar fathal,2036,749,Non,Non,Non,Non,,,Non,Non,Non,Commerciale
menzili,https://www.menzili.tn/annonce/terrain-constructible-a-vendre-monastir-moknine-128961,Terrain,11111100,2024-01-30,Monastir,Moknine,gribaa,5050,500,Non,Non,Non,Oui,,,Non,Non,Non,Commerciale
menzili,https://www.menzili.tn/annonce/terrain-hamamet-a-vendre-sousse-bouficha-128958,Terrain,,2024-01-29,Sousse,Bouficha,Bouficha,4000,250,Non,Non,Non,Non,,,Non,Non,Non,Commerciale
menzili,https://www.menzili.tn/annonce/terrain-dans-zone-villas-monastir-monastir-128938,Terrain,240000,2024-01-29,Monastir,Monastir,Monastir,5000,223,Titre Bleu,Non,Non,Non,,,Non,Non,Non,Résidentielle
menzili,https://www.menzili.tn/annonce/terrain-pour-vendre-benarous-borjcedria-128916,Terrain,,2024-01-28,Ben Arous,Borj Cedria,Zone touristique,2013,398,Non,Non,Non,Non,,,Non,Non,Oui,Commerciale
menzili,https://www.menzili.tn/annonce/terrain-a-vendre-zaghdoud-kairouan-elouslatia-128884,Terrain,290000,2024-01-27,Kairouan,El Ouslatia,Zaghdoud,3100,160000,Non,Non,Non,Non,,,Non,Non,Oui,Commerciale
menzili,https://www.menzili.tn/annonce/terrain-a-vendre-zaghouan-zaghouan-zaghouan-128881,Terrain,,2024-01-26,Zaghouan,Zaghouan,القنطرة الكحلة زغوان,1100,1200,Non,Non,Non,Non,,,Non,Oui,Oui,Commerciale
menzili,https://www.menzili.tn/annonce/vente-terrain-raoued-ariana-raoued-128839,Terrain,,2024-01-26,Ariana,Raoued,Raoued,2083,600,Non,Non,Non,Non,,,Oui,Oui,Non,Commerciale
menzili,https://www.menzili.tn/annonce/terrain-de-600-m-a-vendre-nabeul-hammamet-128821,Terrain,348000,2024-01-25,Nabeul,Hammamet,Zone Craksi,8050,600,Titre Bleu,Non,Non,Non,,,Non,Oui,Oui,Commerciale
menzili,https://www.menzili.tn/annonce/vente-terrain-situe-a-beja-beja-bejasud-128788,Terrain,,2024-01-24,Béja,Béja Sud,Cité Administrative الحي الإداري الجديد beja,9000,2900,Non,Non,Non,Non,,,Non,Non,Non,Commerciale
menzili,https://www.menzili.tn/annonce/a-ne-pas-rater-terrain-1100-m2-a-vendre-a-mahres-pres-du-lycee-ali-bourguiba-sfax-mahres-128787,Terrain,200000,2024-01-24,Sfax,Mahrès,avenue ibn Mandhour près du lycee Ali Bourguiba,3000,1100,Non,Non,Non,Oui,,,Non,Non,Non,Résidentielle
menzili,https://www.menzili.tn/annonce/terrain-a-zaghouen-centreville-zaghouan-zaghouan-128781,Terrain,,2024-01-24,Zaghouan,Zaghouan,amenit@gmail.com,1100,389,Titre Bleu,Non,Non,Non,,2,Non,Non,Non,Commerciale
menzili,https://www.menzili.tn/annonce/terrain-rasjebal-bizerte-rasjebel-128776,Terrain,420000,2024-01-24,Bizerte,Ras Jebel,Rue 14 Janvier,7025,770,Non,Non,Non,Non,,,Non,Non,Non,Commerciale
menzili,https://www.menzili.tn/annonce/terrain-650-m-a-rmila-chatt-meriem-cloturees-sousse-akouda-128733,Terrain,,2024-01-23,Sousse,Akouda,Akouda,4022,650,Non,Non,Non,Non,,,Non,Non,Non,Commerciale
menzili,https://www.menzili.tn/annonce/vente-des-lots-de-terrains-borj-touil-ariana-raoued-128709,Terrain,,2024-01-22,Ariana,Raoued,Borj Touil,2083,3079,Non,Non,Non,Non,,,Non,Non,Non,Commerciale
menzili,https://www.menzili.tn/annonce/terrain-a-vendre-ezzahra-plage-kelibia-nabeul-hammamghezeze-128667,Terrain,200000,2024-01-21,Nabeul,Hammam Ghezèze,Plage Ezzahra,2034,250,Non,Non,Non,Non,,,Non,Non,Non,Commerciale
menzili,https://www.menzili.tn/annonce/terrain-a-vendre-a-raoued-ariana-raoued-128663,Terrain,67000,2024-01-20,Ariana,Raoued,Raoued,2083,215,Non,Non,Non,Non,,,Non,Non,Non,Commerciale
menzili,https://www.menzili.tn/annonce/terrain-agricole-a-vendre-benarous-mornag-128582,Terrain,600000,2024-01-19,Ben Arous,Mornag,sidi othmen landeri à coté wed meliyen,2090,20000,Non,Non,Non,Non,,,Non,Non,Non,Commerciale
menzili,https://www.menzili.tn/annonce/terrain-cloture-900m-a-vendre-a-route-menzel-cheker-km9-sfax-sfaxville-128565,Terrain,160000,2024-01-18,Sfax,Sfax Ville,Sfax Ville,3000,900,Non,Non,Non,Non,,,Oui,Non,Non,Commerciale
menzili,https://www.menzili.tn/annonce/un-terrain-de-675-m2-a-vendre-nabeul-kelibia-128452,Terrain,,2024-01-16,Nabeul,dar Allouche kélibia,Rue de la plage,8000,675,Non,Non,Non,Non,,,Non,Oui,Oui,Commerciale
menzili,https://www.menzili.tn/annonce/terrain-de-3600-m2-bizerte-elalia-128444,Terrain,540000,2024-01-15,Bizerte,El Alia,khetmine / alia /bizerte,7041,3600,Titre Bleu,Non,Non,Oui,,,Non,Non,Non,Commerciale
menzili,https://www.menzili.tn/annonce/terrain-de-1200-m-a-manouba-pres-du-campus-universitaire-manouba-manoubaville-128373,Terrain,1100000,2024-01-13,Manouba,Manouba Ville,Manouba Ville,2010,1200,Non,Non,Non,Non,,,Non,Non,Non,Résidentielle
menzili,https://www.menzili.tn/annonce/terrain-au-bord-de-la-mer-nabeul-korba-128342,Terrain,,2024-01-13,Nabeul,Korba,Tazarka,8070,1000,Titre Bleu,Non,Non,Non,,,Non,Non,Non,Commerciale
menzili,https://www.menzili.tn/annonce/terrain-attractif-zahouia-hay-riadh-sousse-sousseriadh-128187,Terrain,,2024-01-10,Sousse,Sousse Riadh,Sousse zahouia hay Riadh,4000,563,Non,Non,Non,Non,,,Non,Oui,Oui,Commerciale
menzili,https://www.menzili.tn/annonce/terrain-afh-306m2-jardin-de-tunis-manouba-%D9%85%D9%82%D8%A7%D8%B3%D9%8A%D9%85-%D9%85%D8%B4%D8%B1%D9%88%D8%B9-%D8%AD%D8%AF%D8%A7%D8%A6%D9%82-%D8%AA%D9%88%D9%86%D8%B3-%D9%85%D9%86%D9%88%D8%A8%D8%A9-manouba-manoubaville-128317,Terrain,260000,2024-01-11,Manouba,Manouba Ville,lot numero j100,2010,306,Non,Non,Oui,Non,,,Non,Non,Non,Résidentielle
menzili,https://www.menzili.tn/annonce/terrain-3h-sousse-bouficha-128302,Terrain,,2024-01-11,Sousse,Bouficha,Bouficha,4000,30000,Non,Non,Non,Non,,,Non,Non,Non,Commerciale
menzili,https://www.menzili.tn/annonce/terrain-guatemala-a-vendre-a-chotrana1-ariana-chotrana-128197,Terrain,970000,2024-01-10,Ariana,Chotrana,Chotrana,2086,924,Non,Non,Non,Non,,,Oui,Non,Non,Résidentielle
menzili,https://www.menzili.tn/annonce/terrain-polyfonctionnel-de-1000-m2-vocation-r-4-a-ezzahra-benarous-ezzahra-128113,Terrain,1300000,2024-01-08,Ben Arous,Ezzahra,avenue habib bourguiba,2034,1000,Non,Non,Non,Non,,,Non,Non,Non,Résidentielle
menzili,https://www.menzili.tn/annonce/t212-terrain-coco-zone-corniche-nabeul-hammamet-128182,Terrain,2120000,2024-01-10,Nabeul,Hammamet,HAMMAMET,8050,848,Non,Non,Non,Non,,,Non,Non,Oui,Commerciale
menzili,https://www.menzili.tn/annonce/vente-terrain-avec-depot-tunis-lamarsa-128149,Terrain,,2024-01-09,Tunis,La Marsa,Bhar lazreg,2070,1300,Non,Non,Non,Non,,,Non,Non,Non,Commerciale
menzili,https://www.menzili.tn/annonce/terrain-d-agriculture-face-l-aeroport-enfidha-hammamet-sousse-enfidha-128133,Terrain,,2024-01-08,Sousse,Enfidha,Enfidha-Hergla,4030,45000,Titre Bleu,Non,Non,Non,,,Non,Non,Non,Commerciale
menzili,https://www.menzili.tn/annonce/a-vendre-terrain-bizerte-bizertenord-128099,Terrain,,2024-01-07,Bizerte,Bizerte Nord,Bizerte Nord,7000,500,Non,Non,Non,Oui,,,Oui,Non,Non,Commerciale
menzili,https://www.menzili.tn/annonce/magnifique-terrain-pied-dans-l-eau-en-vente-a-hammam-sousse-sousse-sahloul-128083,Terrain,1200,2024-01-06,Sousse,Sahloul,Sahloul,4054,2000,Non,Non,Non,Non,,,Non,Non,Oui,Commerciale
menzili,https://www.menzili.tn/annonce/a-vendre-terrain-a-mansoura-de-kairouan-kairouan-kairouansud-128073,Terrain,,2024-01-06,Kairouan,Kairouan Sud,boubakermiled84@gmail.com,3100,440,Non,Non,Non,Non,,,Non,Non,Non,Commerciale
menzili,https://www.menzili.tn/annonce/a-vendre-un-terrain-avec-deux-facades-a-ain-mariem-bizerte-bizerte-bizertenord-128049,Terrain,520000,2024-01-05,Bizerte,Bizerte Nord,Bizerte Nord,7000,352,Non,Non,Non,Non,,,Oui,Non,Non,Commerciale
menzili,https://www.menzili.tn/annonce/vente-terrain-carthage-byrsa-tunis-carthage-128030,Terrain,,2024-01-05,Tunis,Carthage,Carthage Byrsa,2016,418,Non,Non,Non,Oui,,,Non,Non,Non,Commerciale
menzili,https://www.menzili.tn/annonce/terrain-halim-beni-wael-nabeul-hammamet-127965,Terrain,447480,2024-01-04,Nabeul,Hammamet,Beni Wael 10 km de Hammamet,8050,3729,Non,Non,Non,Non,,,Non,Non,Non,Commerciale
menzili,https://www.menzili.tn/annonce/terrain-manel-el-maamoura-nabeul-nabeul-127956,Terrain,288600,2024-01-04,Nabeul,Nabeul,El Maamoura,8000,1443,Non,Non,Non,Non,,,Non,Non,Non,Commerciale
menzili,https://www.menzili.tn/annonce/a-vendre-terrain-a-sousse-chott-mariem-pres-mall-of-sousse-sousse-kantaoui-127893,Terrain,,2024-01-02,Sousse,Kantaoui,21818228,4089,900,Non,Non,Non,Non,,,Non,Non,Non,Commerciale
menzili,https://www.menzili.tn/annonce/t209-terrain-yacine-hammamet-nord-nabeul-mrezga-127851,Terrain,,2024-01-02,Nabeul,Mrezga,HAMMAMET,8058,6528,Non,Non,Non,Non,,,Non,Non,Non,Commerciale
menzili,https://www.menzili.tn/annonce/terrain-a-vendre-de-500-m2-sur-la-route-principale-bizerte-bizertenord-127847,Terrain,,2024-01-02,Bizerte,Bizerte Nord,Nadhour,7000,500,Non,Non,Non,Oui,,,Oui,Non,Non,Commerciale
menzili,https://www.menzili.tn/annonce/superbe-ferme-nabeul-menzelbouzelfa-127840,Terrain,480000,2024-01-01,Nabeul,Menzel Bouzelfa,rue el amrin menzel bouzelfa,8010,3000,Non,Non,Non,Non,,,Non,Non,Non,Commerciale
menzili,https://www.menzili.tn/annonce/terrain-a-vendre-aux-iles-kerkennah-sfax-kerkennah-127839,Terrain,42000,2024-01-01,Sfax,Kerkennah,kerkennah,3070,1063,Non,Non,Non,Non,,,Non,Non,Non,Commerciale
menzili,https://www.menzili.tn/annonce/terrain-batiment-monastir-jemmal-127838,Terrain,,2024-01-01,Monastir,Jemmal,وسط مدينة جمال بشارع الحرية,5020,5177157,Non,Non,Non,Non,,,Non,Non,Non,Commerciale
menzili,https://www.menzili.tn/annonce/a-vendre-terrain-zone-industrielle-korba-nabeul-korba-127752,Terrain,850000,2023-12-28,Nabeul,Korba,Korba,8070,1950,Non,Non,Non,Non,,,Non,Non,Non,Commerciale
menzili,https://www.menzili.tn/annonce/terrain-nu-de-400-m2-a-sidi-thabet-ariana-sidithabet-127710,Terrain,110000,2023-12-28,Ariana,Sidi Thabet,SABALAT ben AMMAR,2080,400,Non,Non,Non,Non,,,Non,Non,Non,Commerciale
menzili,https://www.menzili.tn/annonce/terrain-aux-jardins-de-carthage-mtv0110-tunis-jardindecarthage-127668,Terrain,2000000,2023-12-27,Tunis,Jardin De Carthage,Jardin De Carthage,2016,482,Non,Non,Non,Oui,,,Non,Non,Non,Commerciale
menzili,https://www.menzili.tn/annonce/terrain-pour-un-promoteur-benarous-ezzahra-127627,Terrain,2500,2023-12-26,Ben Arous,Ezzahra,Rades,2034,820,Non,Non,Non,Non,,20,Oui,Non,Non,Commerciale
menzili,https://www.menzili.tn/annonce/2-lots-terrain-titres-sfax-routematar-127617,Terrain,75000,2023-12-26,Sfax,Route Matar,El hajeb,3000,1348,Non,Non,Non,Non,,,Oui,Non,Non,Commerciale
menzili,https://www.menzili.tn/annonce/terrain-soukra-km2-sfax-sfax-routesoukra-127616,Terrain,,2023-12-26,Sfax,Route Soukra,Route Soukra Km 2 Sfax,2036,938,Non,Non,Non,Non,,,Oui,Non,Non,Commerciale
menzili,https://www.menzili.tn/annonce/terrain-pour-villa-sfax-routematar-127614,Terrain,160000,2023-12-26,Sfax,Route Matar,El Hajeb,3000,1600,Non,Non,Non,Non,,,Oui,Non,Non,Commerciale
menzili,https://www.menzili.tn/annonce/terrain-aux-jardins-de-carthage-mtv0115-tunis-lamarsa-127525,Terrain,900000,2023-12-25,Tunis,La Marsa,Jardins de carthage,2070,,Non,Non,Non,Oui,,,Non,Non,Non,Commerciale
menzili,https://www.menzili.tn/annonce/terrain-titre-dans-la-zi-du-mahdia-mahdia-mahdia-127503,Terrain,172000,2023-12-24,Mahdia,Mahdia,Mahdia,5100,1440,Non,Non,Non,Non,,,Oui,Non,Non,Commerciale
menzili,https://www.menzili.tn/annonce/ref-ar3000-terrain-a-vendre-a-chorfech-ariana-sidithabet-127428,Terrain,,2023-12-22,Ariana,Sidi Thabet,Sidi Thabet,2080,2270,Oui,Non,Non,Non,,,Non,Non,Non,Commerciale
menzili,https://www.menzili.tn/annonce/a-vendre-terrain-a-hay-errayhane-sousse-sousse-sousseriadh-127424,Terrain,62000,2023-12-22,Sousse,Sousse Riadh,Sousse Riadh,4000,1,Non,Non,Non,Non,,,Non,Non,Non,Commerciale
menzili,https://www.menzili.tn/annonce/a-vendre-terrain-a-nouvelle-madina-ben-arouss-benarous-medinajedida-127416,Terrain,1057,2023-12-22,Ben Arous,Medina Jedida,nouvelle medina ben arouss,2013,435,Oui,Non,Non,Non,,,Non,Non,Non,Commerciale
menzili,https://www.menzili.tn/annonce/terrain-262m-double-facade-a-afh-mrezga-nabeul-nabeul-127358,Terrain,355000,2023-12-21,Nabeul,Nabeul,Nabeul,8000,262,Oui,Non,Oui,Non,,,Non,Non,Non,Commerciale
menzili,https://www.menzili.tn/annonce/terrain-constructible-hammamet-nord-nabeul-hammametnord-127074,Terrain,385000,2023-12-15,Nabeul,Hammamet Nord,Cité narjes Hammamet Nord,8050,656,Non,Non,Non,Oui,,,Non,Non,Non,Commerciale
menzili,https://www.menzili.tn/annonce/maison-avec-terrain-1392-m-route-tunis-km-9-sfax-sfaxville-127027,Terrain,85000,2023-12-14,Sfax,Sfax Ville,Sfax Ville,3000,1392,Non,Non,Non,Non,,,Oui,Non,Non,Commerciale
menzili,https://www.menzili.tn/annonce/beau-terrain-609m-a-hammamet-sud-nabeul-hammamet-125459,Terrain,120000,2023-11-16,Nabeul,Hammamet,hammamet sud,8050,609,Non,Non,Non,Non,,,Non,Oui,Oui,Commerciale
menzili,https://www.menzili.tn/annonce/terrain-593-m2-avec-cloture-soukra-choutrana-3-ariana-chotrana-127019,Terrain,500000,2023-12-14,Ariana,Chotrana,Choutrana3 Soukra Vitatop,2086,590,Non,Non,Oui,Non,,,Non,Non,Non,Commerciale
menzili,https://www.menzili.tn/annonce/lots-de-terrains-1000m2-a-5min-de-geant-360dt-m2-ariana-mnihla-114644,Terrain,360000,2023-05-03,Ariana,Mnihla,Mnihla,2094,1000,Titre Individuel,Non,Oui,Oui,,,Non,Non,Non,Commerciale
menzili,https://www.menzili.tn/annonce/terrain-a-cite-diamant-hammamet-nord-nabeul-hammametnord-126939,Terrain,270000,2023-12-12,Nabeul,Hammamet Nord,Hammamet,8050,304,Non,Non,Non,Non,,,Non,Oui,Oui,Commerciale
menzili,https://www.menzili.tn/annonce/terrain-a-bellevue-tunis-tunis-elouardia-126890,Terrain,1111,2023-12-11,Tunis,El Ouardia,Tunis,1000,130,Non,Non,Non,Non,,,Non,Non,Non,Commerciale
menzili,https://www.menzili.tn/annonce/terrain-a-vendre-de8261-m-sfax-routesoukra-126818,Terrain,,2023-12-10,Sfax,Route Soukra,Route de la soukra derrière la salle des fêtes alf,2036,8261,Oui,Non,Non,Non,,,Oui,Oui,Oui,Commerciale
menzili,https://www.menzili.tn/annonce/super-occasion-terrain-425m2-titre-bleu-khaireddin-tunis-lagoulette-126792,Terrain,1000000,2023-12-09,Tunis,La Goulette,La Goulette,2060,425,Titre Bleu,Non,Non,Non,,,Non,Non,Non,Commerciale
menzili,https://www.menzili.tn/annonce/terrain-298m-a-afh-mrezga-cite-el-wafa-nabeul-mrezga-126669,Terrain,350000,2023-12-07,Nabeul,Mrezga,55982862,8058,298,Non,Non,Non,Non,,16,Non,Non,Non,Commerciale
menzili,https://www.menzili.tn/annonce/terrains-a-vendre-a-sidi-abdelahmid-sousse-sousse-soussesidiabdelhamid-126553,Terrain,,2023-12-05,Sousse,Sousse Sidi Abdelhamid,Sousse Sidi Abdelhamid,4000,,Non,Oui,Non,Non,,,Non,Non,Non,Commerciale
menzili,https://www.menzili.tn/annonce/terrain-de-2500-m2-a-chotrana-3-soukra-ariana-lasoukra-126550,Terrain,,2023-12-05,Ariana,La Soukra,La Soukra,2036,2500,Titre Bleu,Non,Non,Non,,,Non,Non,Non,Commerciale
menzili,https://www.menzili.tn/annonce/un-terrain-situe-a-seulement-700-metres-de-la-mer-sousse-akouda-126504,Terrain,80000,2023-12-05,Sousse,Akouda,Akouda,4022,211,Non,Oui,Non,Non,,,Non,Non,Non,Commerciale
menzili,https://www.menzili.tn/annonce/terrain-de-417-m2-a-vendre-a-chott-meriem-sousse-akouda-126503,Terrain,90000,2023-12-05,Sousse,Akouda,Akouda,4022,416,Non,Non,Non,Non,,,Non,Non,Non,Commerciale
menzili,https://www.menzili.tn/annonce/terrain-a-vendre-de-535-m2-sfax-routemenzelchaker-126444,Terrain,,2023-12-04,Sfax,Route Menzel Chaker,Route Menzel Chaker,3051,535,Non,Non,Non,Non,,,Oui,Non,Non,Commerciale
menzili,https://www.menzili.tn/annonce/terrain-a-moknine-monastir-moknine-126340,Terrain,,2023-12-01,Monastir,Moknine,Cité Zemrine,5050,1270,Non,Non,Non,Non,,,Non,Non,Non,Commerciale
menzili,https://www.menzili.tn/annonce/a-vendre-terrain-avec-titre-individuel-nabeul-hammamet-126334,Terrain,190000,2023-12-01,Nabeul,Hammamet,baraket sahel,8050,212,Titre Individuel,Non,Non,Non,,,Non,Non,Non,Commerciale
menzili,https://www.menzili.tn/annonce/terrain-villa-james-a-vendre-a-la-soukra-ariana-lasoukra-126322,Terrain,1216000,2023-12-01,Ariana,La Soukra,La Soukra,2036,1014,Non,Non,Non,Non,,,Oui,Non,Non,Résidentielle
menzili,https://www.menzili.tn/annonce/a-vendre-terrain-immatricule-situe-a-magarawa-sur-la-route-bizerte-bizertenord-126256,Terrain,170000,2023-11-30,Bizerte,Bizerte Nord,Bizerte Nord,7000,,Non,Non,Non,Non,,,Oui,Non,Non,Commerciale
menzili,https://www.menzili.tn/annonce/terrain-pied-dans-l-eau-a-mahdia-mahdia-mahdia-126193,Terrain,130000000,2023-11-30,Mahdia,Mahdia,"douira el Mahdia près de la ""mosquée La plage Doui",5100,200,Titre Bleu,Non,Non,Non,,,Non,Non,Oui,Commerciale
menzili,https://www.menzili.tn/annonce/terrain-route-de-sidi-mansour-sfax-sfax-sfaxville-126182,Terrain,,2023-11-29,Sfax,Sfax Ville,Sfax Ville,3000,6000,Non,Non,Non,Non,,,Oui,Non,Non,Commerciale
menzili,https://www.menzili.tn/annonce/terrain-route-menzel-chaker-km17-sfax-sfaxville-126172,Terrain,35000,2023-11-29,Sfax,Sfax Ville,Sfax Ville,3000,485,Non,Non,Non,Non,,,Oui,Non,Non,Commerciale
menzili,https://www.menzili.tn/annonce/terrain-a-dar-allouche-sur-mer-nabeul-hammamghezeze-126129,Terrain,47500,2023-11-28,Nabeul,Hammam Ghezèze,DarAllouche,8000,252,Non,Non,Non,Non,,,Oui,Non,Non,Commerciale
menzili,https://www.menzili.tn/annonce/terrain-de-530-m2-a-vendre-ariana-raoued-126074,Terrain,148000,2023-11-27,Ariana,Raoued,borj touil,2083,530,Non,Non,Non,Non,,,Oui,Non,Non,Commerciale
menzili,https://www.menzili.tn/annonce/terrain-kaala-kebira-sousse-kalaakebira-125975,Terrain,133000,2023-11-25,Sousse,Kalaâ Kebira,sousse ( derriere Ecole 1er juin ),4000,578,Non,Non,Non,Oui,,,Non,Oui,Oui,Commerciale
menzili,https://www.menzili.tn/annonce/des-terrains-a-kal3et-landlos-ariana-kalaatelandalous-125811,Terrain,,2023-11-23,Ariana,Kalaât El Andalous,Kalaât El Andalous,2080,1000,Non,Non,Non,Non,,,Non,Non,Non,Commerciale
menzili,https://www.menzili.tn/annonce/un-terrain-a-vendre-situe-a-cite-erriadh-5-sousse-sousseriadh-125798,Terrain,9999,2023-11-22,Sousse,Sousse Riadh,Sousse Riadh,4000,260,Non,Non,Non,Non,,,Oui,Non,Non,Commerciale
menzili,https://www.menzili.tn/annonce/a-vendre-un-terrain-a-cite-erriadh-5-sousse-sousseriadh-125796,Terrain,9999,2023-11-22,Sousse,Sousse Riadh,Sousse Riadh,4000,400,Non,Non,Non,Non,,,Oui,Non,Non,Commerciale
menzili,https://www.menzili.tn/annonce/a-vendre-terrain-a-borj-cedria-benarous-borjcedria-125703,Terrain,,2023-11-21,Ben Arous,Borj Cedria,Borj Cedria,2013,2400,Non,Non,Oui,Non,,,Non,Oui,Oui,Résidentielle
menzili,https://www.menzili.tn/annonce/a-vendre-terrain961-m-r-6-a-mrezge-nabeul-nabeul-mrezga-125648,Terrain,816000,2023-11-20,Nabeul,Nabeul,Mrezge,8000,961,Non,Non,Non,Non,,23,Oui,Non,Non,Commerciale
menzili,https://www.menzili.tn/annonce/a-vendre-terrain-1691m-r-6-mrezge-nabeul-nabeul-mrezga-125647,Terrain,1440000,2023-11-20,Nabeul,Nabeul,Mrezge,8000,1691,Non,Oui,Non,Non,40x46,,Oui,Non,Non,Commerciale
menzili,https://www.menzili.tn/annonce/a-vendre-terrain-765-m-r-6-a-mrezge-nabeul-nabeul-mrezga-125646,Terrain,650000,2023-11-20,Nabeul,Nabeul,Mrezge,8000,765,Non,Oui,Non,Non,33x23,33,Oui,Non,Non,Commerciale
menzili,https://www.menzili.tn/annonce/a-vendre-terrain-1691m-r6-a-mrezga-nabeul-nabeul-hammamet-125643,Terrain,1440000,2023-11-20,Nabeul,Hammamet,Hammamet,8050,1691,Non,Oui,Non,Non,40x46,,Oui,Non,Non,Commerciale
menzili,https://www.menzili.tn/annonce/a-vendre-terrain-765m-r6-a-mrezga-nabeul-nabeul-hammamet-125642,Terrain,650000,2023-11-20,Nabeul,Hammamet,Hammamet,8050,765,Non,Oui,Non,Non,33x23,33,Oui,Non,Non,Commerciale
menzili,https://www.menzili.tn/annonce/a-vendre-terrain-situe-a-mrezge-nabeul-nabeul-mrezga-125641,Terrain,787000,2023-11-20,Nabeul,Nabeul,Mrezge,8000,926,Non,Oui,Non,Non,40x23,40,Oui,Non,Non,Commerciale
menzili,https://www.menzili.tn/annonce/terrain-3450m-avec-maison-d-architecture-en-construction-jendouba-tabarka-125604,Terrain,,2023-11-19,Jendouba,Tabarka,Tabarka Tunisie,8110,3450,Oui,Non,Non,Oui,,,Non,Non,Non,Commerciale
menzili,https://www.menzili.tn/annonce/terrain-de-construction-avec-titre-bleu-individuel-kasserine-kasserinenord-49856,Terrain,,2021-01-06,Kasserine,Kasserine Nord,KASSERINE - MEDINA ELJADIDA COTE CAFE CAPITOLE,1200,215,Titre Bleu,Non,Non,Oui,,,Non,Non,Non,Commerciale
menzili,https://www.menzili.tn/annonce/a-vendre-terrain-347m-r6-commercial-a-nabeul-nabeul-nabeul-125593,Terrain,850000,2023-11-18,Nabeul,Nabeul,Nabeul,8000,347,Oui,Non,Non,Non,20x18,,Oui,Non,Non,Commerciale
menzili,https://www.menzili.tn/annonce/a-vendre-terrain-tunis-210m-lotissemnt-el-yassmine-jardins-d-el-menzah-ariana-jardinsdelmenzah-125547,Terrain,1150,2023-11-17,Ariana,Jardins D'el Menzah,Jardins D'el Menzah,1004,210,Titre Bleu,Non,Non,Non,,,Non,Non,Non,Commerciale
menzili,https://www.menzili.tn/annonce/a-vendre-terrain-a-kharouba-hammamet-nord-nabeul-hammametnord-125539,Terrain,330000,2023-11-17,Nabeul,Hammamet Nord,Kharouba,8050,427,Non,Non,Oui,Non,21x20,21,Oui,Non,Non,Commerciale
menzili,https://www.menzili.tn/annonce/a-vendre-terrain-agricole-a-sidi-jedidi-hammamet-sud-nabeul-hammametsud-125534,Terrain,350000,2023-11-17,Nabeul,Hammamet Sud,Sidi Jedidi,8050,5000,Non,Non,Non,Non,,,Oui,Oui,Oui,Commerciale
menzili,https://www.menzili.tn/annonce/a-vendre-terrain-a-mrezge-hammamet-nord-nabeul-mrezga-125530,Terrain,615000,2023-11-17,Nabeul,Mrezga,Mrezge près de la poste de police,8058,615,Oui,Non,Oui,Non,28x23,28,Non,Non,Non,Commerciale
menzili,https://www.menzili.tn/annonce/a-vendre-terrain-2000m-r6-a-nabeul-nabeul-nabeul-125523,Terrain,7000000,2023-11-17,Nabeul,Nabeul,Nabeul,8000,2000,Oui,Oui,Oui,Non,,40,Oui,Non,Non,Commerciale
menzili,https://www.menzili.tn/annonce/a-vendre-terrain-900m-r6-a-nabeul-nabeul-nabeul-125521,Terrain,3150000,2023-11-17,Nabeul,Nabeul,Nabeul,8000,900,Oui,Oui,Oui,Non,,20,Oui,Non,Non,Commerciale
menzili,https://www.menzili.tn/annonce/a-vendre-terrain-1100m-r6-a-nabeul-nabeul-nabeul-125520,Terrain,3850000,2023-11-17,Nabeul,Nabeul,Nabeul,8000,1100,Oui,Oui,Oui,Non,,20,Oui,Non,Non,Commerciale
menzili,https://www.menzili.tn/annonce/terrain-avec-100-pied-d-olive-mahdia-eljem-125449,Terrain,,2023-11-16,Mahdia,El Jem,Bir salah Zagabna El Jem Mahdia,5160,10000,Non,Non,Non,Non,,,Non,Oui,Oui,Commerciale
menzili,https://www.menzili.tn/annonce/terrain-bien-place-situe-a-sidi-mahersi-3-nabeul-nabeul-nabeul-125401,Terrain,2100000,2023-11-15,Nabeul,Nabeul,Sidi Mahersi,8000,3443,Oui,Non,Non,Non,,,Non,Non,Non,Commerciale
menzili,https://www.menzili.tn/annonce/opportunite-terrain-a-hammamet-nord-mrezgua-nabeul-hammametnord-125393,Terrain,240000,2023-11-15,Nabeul,Hammamet Nord,Hammamet Nord,8050,400,Non,Non,Non,Non,,,Non,Oui,Oui,Commerciale
menzili,https://www.menzili.tn/annonce/terrain-titre-individuel-gabes-gabessud-125372,Terrain,,2023-11-15,Gabès,Gabès Sud,Lemdou,6000,142000,Titre Individuel,Non,Non,Non,,,Oui,Oui,Oui,Résidentielle
menzili,https://www.menzili.tn/annonce/a-vendre-terrain-335m-a-hammamet-nord-nabeul-hammamet-125353,Terrain,335000,2023-11-14,Nabeul,Hammamet,Hammamet,8050,335,Non,Non,Non,Non,,20,Oui,Non,Non,Commerciale
menzili,https://www.menzili.tn/annonce/terrain-412-m-a-vendre-jardin-del-menzah-viabilise-titre-bleu-ariana-jardinsdelmenzah-125322,Terrain,1190,2023-11-14,Ariana,Jardins D'el Menzah,50525455,1004,412,Titre Bleu,Non,Oui,Non,,,Non,Non,Non,Commerciale
menzili,https://www.menzili.tn/annonce/terrain-r2-avec-maison-a-zan9et-el-hsayir-papi-km3-rte-el-ain-sfax-sfaxville-125296,Terrain,788000,2023-11-13,Sfax,Sfax Ville,Sfax Ville,3000,1314,Non,Non,Non,Oui,,,Oui,Non,Non,Commerciale
menzili,https://www.menzili.tn/annonce/terrain-zone-villa-bouzayen-sfax-sfaxville-125295,Terrain,295000,2023-11-13,Sfax,Sfax Ville,Sfax Ville,3000,780,Non,Non,Non,Non,,,Non,Non,Non,Commerciale
menzili,https://www.menzili.tn/annonce/terrain-morneg-ksibi-60tdn-gt-gt-m2-benarous-mornag-125294,Terrain,,2023-11-13,Ben Arous,Mornag,al ksiba,2090,3000,Non,Non,Non,Non,,,Non,Non,Non,Commerciale
menzili,https://www.menzili.tn/annonce/terrain-constructible-a-9630-m2-a-vendre-jendouba-jendouba-125289,Terrain,,2023-11-13,Jendouba,Jendouba,Jendouba,8100,,Non,Non,Non,Oui,,,Oui,Non,Non,Commerciale
menzili,https://www.menzili.tn/annonce/terrain-a-djerba-3min-de-la-plage-medenine-djerbahoumtsouk-125274,Terrain,700000,2023-11-13,Médenine,Djerba-Houmt Souk,Mezraya Djerba,4180,3300,Non,Non,Non,Non,,,Oui,Non,Non,Commerciale
menzili,https://www.menzili.tn/annonce/terrain-sanhaja-manouba-ouedellil-125249,Terrain,280000,2023-11-13,Manouba,Oued Ellil,Sanhaja,2021,1000,Oui,Non,Non,Non,,,Non,Non,Non,Commerciale
menzili,https://www.menzili.tn/annonce/vendre-terrain-medenine-djerbahoumtsouk-125238,Terrain,,2023-11-12,Médenine,Djerba-Houmt Souk,حومة الجوامع وراء قهوة موريال بقرب الشركة الوطنية,4180,579,Non,Non,Non,Non,,,Oui,Non,Non,Commerciale
menzili,https://www.menzili.tn/annonce/terrain-une-parcelle-immatriculee-titre-individuel-5000m-sousse-akouda-125157,Terrain,700000,2023-11-10,Sousse,Akouda,foukaia chatt meriem,4022,5000,Titre Individuel,Non,Non,Non,,,Oui,Oui,Oui,Commerciale
menzili,https://www.menzili.tn/annonce/a-vendre-terrain-273m-a-afh-mrezga-nabeul-nabeul-nabeul-125139,Terrain,327000,2023-11-10,Nabeul,Nabeul,Nabeul,8000,273,Non,Non,Non,Non,,14,Non,Non,Non,Commerciale
menzili,https://www.menzili.tn/annonce/a-vendre-terrain-273m-a-afh-mrezga-nabeul-nabeul-nabeul-125138,Terrain,327000,2023-11-10,Nabeul,Nabeul,Nabeul,8000,273,Non,Non,Non,Non,,14,Non,Non,Non,Commerciale
menzili,https://www.menzili.tn/annonce/terrain-2160m-a-mornag-benarous-mornag-125128,Terrain,604800,2023-11-10,Ben Arous,Mornag,29757584,2090,2160,Titre Individuel,Non,Non,Non,,,Non,Non,Non,Commerciale
menzili,https://www.menzili.tn/annonce/terrain-villa-mike-a-vendre-a-bhar-lazreg-tunis-lamarsa-125127,Terrain,80000,2023-11-10,Tunis,La Marsa,La Marsa,2070,200,Non,Non,Non,Non,,,Oui,Non,Non,Résidentielle
menzili,https://www.menzili.tn/annonce/terrain-villa-pedro-a-vendre-a-chotrana-3-ariana-chotrana-125119,Terrain,650000,2023-11-10,Ariana,Chotrana,Chotrana,2086,1000,Non,Non,Non,Non,,,Oui,Non,Non,Résidentielle
menzili,https://www.menzili.tn/annonce/terrain-villa-eloan-a-vendre-a-bhar-lazreg-tunis-lamarsa-125101,Terrain,179000,2023-11-09,Tunis,La Marsa,La Marsa,2070,275,Non,Non,Non,Non,,,Oui,Non,Non,Résidentielle
menzili,https://www.menzili.tn/annonce/terrain-villa-louison-a-vendre-a-bhar-lazreg-tunis-lamarsa-125094,Terrain,150000,2023-11-09,Tunis,La Marsa,La Marsa,2070,163,Non,Non,Non,Non,,,Oui,Non,Non,Résidentielle
menzili,https://www.menzili.tn/annonce/a-vendre-terrain-a-afh-mrezge-cite-el-wafa-nabeul-nabeul-mrezga-125083,Terrain,247000,2023-11-09,Nabeul,Nabeul,Cité El Wafa,8000,224,Non,Non,Non,Non,14x16,14,Non,Non,Non,Commerciale
menzili,https://www.menzili.tn/annonce/terrain-224-m-a-afh-mrezga-cite-el-wafa-nabeul-nabeul-124925,Terrain,247000,2023-11-06,Nabeul,Nabeul,Nabeul,8000,224,Non,Non,Non,Non,14x16,14,Non,Non,Non,Commerciale
menzili,https://www.menzili.tn/annonce/une-grande-ferme-a-vendre-medenine-djerbamidoun-124855,Terrain,,2023-11-06,Médenine,Djerba - Midoun,Djerba - Midoun,4180,,Non,Non,Non,Non,,,Non,Oui,Oui,Commerciale
menzili,https://www.menzili.tn/annonce/terrain-nu-a-kerkouen-nabeul-kelibia-124848,Terrain,200000,2023-11-05,Nabeul,Kélibia,Kerkouen plage,8000,1000,Non,Non,Non,Non,,,Non,Non,Non,Commerciale
menzili,https://www.menzili.tn/annonce/petite-ferme-a-vendre-de-2158m-ahergla-sousse-hergla-124833,Terrain,240000,2023-11-04,Sousse,Hergla,Hergla,4000,2158,Non,Non,Non,Non,,,Non,Non,Non,Commerciale
menzili,https://www.menzili.tn/annonce/terrain-villa-edgard-a-vendre-a-chotrana-3-ariana-chotrana-124753,Terrain,855000,2023-11-03,Ariana,Chotrana,Chotrana,2086,950,Non,Non,Non,Non,,,Oui,Non,Non,Résidentielle
menzili,https://www.menzili.tn/annonce/terrain-promoteur-zack-a-vendre-a-bhar-lazreg-tunis-lamarsa-124743,Terrain,2000000,2023-11-03,Tunis,La Marsa,La Marsa,2070,1578,Non,Non,Non,Non,,,Oui,Non,Non,Commerciale
menzili,https://www.menzili.tn/annonce/a-vendre-terrain-de-2661-m2-a-mrezge-hammamet-nord-nabeul-mrezga-124720,Terrain,985000,2023-11-02,Nabeul,Hammamet Nord,Situé à Mrezge,8050,2661,Oui,Non,Non,Oui,,,Non,Non,Non,Commerciale
menzili,https://www.menzili.tn/annonce/a-vendre-terrain-2661m-a-mrezga-hammamet-nord-nabeul-hammamet-124701,Terrain,985000,2023-11-02,Nabeul,Hammamet,Hammamet,8050,2661,Oui,Non,Non,Oui,,,Non,Non,Non,Commerciale
menzili,https://www.menzili.tn/annonce/terrain-et-villa-a-vendre-92023288-nabeul-kelibia-124674,Terrain,220000,2023-11-02,Nabeul,Kélibia,kelibia,8090,1000,Non,Non,Non,Non,,,Non,Non,Non,Commerciale
menzili,https://www.menzili.tn/annonce/ouled-kacem-un-super-terrain-cloture-pour-votre-future-villa-sfax-kerkennah-124636,Terrain,50000,2023-11-01,Sfax,Kerkennah,Zone Jabbar Ouled Kacem Kerkennah,3070,675,Non,Non,Non,Non,,,Non,Oui,Oui,Commerciale
menzili,https://www.menzili.tn/annonce/a-vendre-terrain-dans-la-zone-touristique-de-hammamet-nord-nabeul-hammametnord-124620,Terrain,530000,2023-11-01,Nabeul,Prés d’hôtel Su,Zone Touristique De Hammamet Nord,8050,331,Oui,Non,Oui,Oui,,16,Non,Non,Non,Commerciale
menzili,https://www.menzili.tn/annonce/a-vendre-terrain-331m-a-hammamet-nord-nabeul-hammamet-124611,Terrain,530000,2023-11-01,Nabeul,Hammamet,Hammamet,8050,331,Oui,Non,Oui,Oui,,,Non,Non,Non,Commerciale
menzili,https://www.menzili.tn/annonce/terrain-villa-constantin-a-vendre-a-sidi-daoud-tunis-sididaoud-124585,Terrain,828000,2023-11-01,Tunis,Sidi Daoud,Sidi Daoud,1000,338,Non,Non,Non,Non,,,Oui,Non,Non,Résidentielle
menzili,https://www.menzili.tn/annonce/terrain-a-vendre-sidi-mansour-sfax-sfax-sfaxville-124489,Terrain,,2023-10-31,Sfax,Sfax Ville,SIDI MANSOUR SFAX,3000,1800,Non,Non,Non,Non,,,Non,Non,Non,Commerciale
menzili,https://www.menzili.tn/annonce/terrain-route-menzel-chaker-km13-5-sfax-sfaxville-124461,Terrain,65000,2023-10-30,Sfax,Sfax Ville,Sfax Ville,3000,586,Non,Non,Non,Non,,,Oui,Non,Non,Commerciale
menzili,https://www.menzili.tn/annonce/terrain-303m-papier-en-regle-ariana-sidithabet-124459,Terrain,120000,2023-10-30,Ariana,Sidi Thabet,Sidi Thabet,2080,303,Non,Non,Non,Non,,,Non,Non,Non,Commerciale
menzili,https://www.menzili.tn/annonce/terrain-a-vendre-tunis-carthage-124447,Terrain,1111,2023-10-30,Tunis,Carthage,Carthage Salambo a coté de la station du train,2016,403,Non,Non,Non,Non,,,Non,Non,Non,Commerciale
menzili,https://www.menzili.tn/annonce/a-vendre-terrain-400-m-a-cite-ennacim-mora-nabeul-nabeul-nabeul-124441,Terrain,360000,2023-10-30,Nabeul,Nabeul,Cité Ennacim (Mora),8000,400,Oui,Non,Non,Oui,,20,Non,Non,Non,Commerciale
menzili,https://www.menzili.tn/annonce/a-vendre-terrain-493m-viabilise-situe-a-mrezge-pres-de-kiosque-total-nabeul-mrezga-124422,Terrain,,2023-10-30,Nabeul,Mrezga,Mrezga,8058,493,Non,Non,Oui,Non,,30,Non,Non,Non,Commerciale
menzili,https://www.menzili.tn/annonce/terrain-villa-elliot-a-vendre-a-bhar-lazreg-tunis-lamarsa-124418,Terrain,358000,2023-10-30,Tunis,La Marsa,La Marsa,2070,550,Non,Non,Non,Non,,,Oui,Non,Non,Résidentielle
menzili,https://www.menzili.tn/annonce/2-terrains-a-kalaa-sghira-sousse-kalaasghira-124331,Terrain,185850,2023-10-27,Sousse,Kalaâ Sghira,Kalaâ Sghira,4000,531,Titre Bleu,Non,Non,Oui,,,Non,Non,Non,Résidentielle
menzili,https://www.menzili.tn/annonce/terrain-a-kalaa-sghira-sur-la-route-de-sahloul-d-une-superficie-de-705-metres-carres-sousse-kalaasghira-124332,Terrain,246750,2023-10-27,Sousse,Kalaâ Sghira,Kalaâ Sghira,4000,704,Titre Bleu,Non,Non,Oui,,,Oui,Non,Non,Résidentielle
menzili,https://www.menzili.tn/annonce/terrain-route-menzel-chaker-km-8-sfax-sfaxville-124306,Terrain,715000,2023-10-27,Sfax,Sfax Ville,Sfax Ville,3000,7005,Non,Non,Non,Non,,,Oui,Non,Non,Commerciale
menzili,https://www.menzili.tn/annonce/terrain-kalaa-seghira-sousse-sousse-kalaasghira-124175,Terrain,,2023-10-26,Sousse,Kalaâ Sghira,Kalâa seghira,4000,954,Titre Bleu,Non,Non,Non,,,Non,Non,Non,Commerciale
menzili,https://www.menzili.tn/annonce/terrain-el-yakouta-a-vendre-a-la-soukra-ariana-lasoukra-124141,Terrain,420000,2023-10-25,Ariana,La Soukra,La Soukra,2036,350,Non,Non,Non,Non,,,Oui,Non,Non,Résidentielle
menzili,https://www.menzili.tn/annonce/terrain-villa-erwann-a-vendre-a-chotrana-1-ariana-chotrana-124110,Terrain,390000,2023-10-24,Ariana,Chotrana,Chotrana,2086,390,Non,Non,Non,Non,,,Oui,Non,Non,Résidentielle
menzili,https://www.menzili.tn/annonce/a-vendre-terrain-sur-la-route-principale-a-beni-ouel-pres-villa-verdi-nabeul-hammametcentre-124109,Terrain,40000,2023-10-24,Nabeul,Hammamet Centre,Hammamet Centre,8050,200,Non,Non,Non,Non,,,Oui,Non,Non,Commerciale
menzili,https://www.menzili.tn/annonce/terrain-a-vendre-a-ksibet-mediouni-508m-gt-a-ne-pas-rater-monastir-ksibetelmediouni-124101,Terrain,,2023-10-24,Monastir,Ksibet el-Médiouni,Ksibet el-Médiouni,5000,508,Non,Non,Non,Non,,,Non,Non,Non,Commerciale
menzili,https://www.menzili.tn/annonce/vente-terrain-a-l-entree-de-nabeul-nabeul-nabeul-124072,Terrain,,2023-10-24,Nabeul,Nabeul,Nabeul,8000,2016,Non,Non,Non,Non,,,Oui,Non,Non,Commerciale
menzili,https://www.menzili.tn/annonce/terrain-promoteur-albert-a-vendre-a-chotrana-1-ariana-chotrana-124029,Terrain,3000000,2023-10-23,Ariana,Chotrana,Chotrana,2086,2642,Non,Non,Non,Non,,,Oui,Non,Non,Résidentielle
menzili,https://www.menzili.tn/annonce/un-terrain-est-une-tres-belle-villa-a-vendre-nabeul-nabeul-124008,Terrain,,2023-10-23,Nabeul,Nabeul,nabeul,8000,6300,Non,Non,Non,Non,,,Oui,Oui,Oui,Commerciale
menzili,https://www.menzili.tn/annonce/terrain-rjich-mahdia-mahdia-mahdia-124001,Terrain,280000,2023-10-22,Mahdia,Mahdia,Mahdia rjich,5100,400,Non,Non,Non,Non,,,Non,Non,Non,Commerciale
menzili,https://www.menzili.tn/annonce/terrain-a-vendre-de-500m2-a-tabarka-jendouba-tabarka-123921,Terrain,55000,2023-10-21,Jendouba,Tabarka,El Houamdia,8110,500,Non,Non,Non,Non,,,Non,Non,Non,Commerciale
menzili,https://www.menzili.tn/annonce/terrain-nu-a-kerkouen-nabeul-kelibia-123917,Terrain,200000,2023-10-20,Nabeul,Kélibia,Kerkouen plage,8000,1000,Non,Non,Non,Non,,,Non,Non,Non,Commerciale
menzili,https://www.menzili.tn/annonce/a-vendre-terrain-4786m-a-sidi-mahersi-nabeul-nabeul-nabeul-123897,Terrain,1050000,2023-10-20,Nabeul,Nabeul,Nabeul,8000,4786,Titre Collectif,Non,Non,Non,,,Oui,Non,Non,Commerciale
menzili,https://www.menzili.tn/annonce/a-vendre-terrain-3444m-a-sidi-mahersi-3-nabeul-nabeul-nabeul-123894,Terrain,1928000,2023-10-20,Nabeul,Nabeul,Nabeul,8000,3444,Oui,Non,Non,Non,,,Non,Non,Non,Commerciale
menzili,https://www.menzili.tn/annonce/a-vendre-un-terrain-de-600-m2-situe-a-rades-plage-benarous-rades-123839,Terrain,,2023-10-19,Ben Arous,Radès,Radès,2013,600,Non,Non,Non,Non,,,Non,Non,Non,Commerciale
menzili,https://www.menzili.tn/annonce/terrain-villa-martini-a-vendre-a-ain-mariem-bizerte-bizerte-bizertenord-123811,Terrain,372000,2023-10-19,Bizerte,Bizerte Nord,Bizerte Nord,7000,392,Non,Non,Non,Non,,,Oui,Non,Non,Commerciale
menzili,https://www.menzili.tn/annonce/projet-de-lotissement-a-la-plage-de-dar-allouch-nabeul-kelibia-123792,Terrain,60000,2023-10-18,Nabeul,Kélibia,Kélibia,8000,198,Non,Non,Non,Non,,,Non,Non,Non,Résidentielle
menzili,https://www.menzili.tn/annonce/a-vendre-terrain-729m-a-afh-nabeul-nabeul-nabeul-123791,Terrain,1020000,2023-10-18,Nabeul,Nabeul,Nabeul,8000,729,Non,Non,Non,Non,40x18,,Non,Non,Non,Commerciale
menzili,https://www.menzili.tn/annonce/a-vendre-terrain-366m-a-afh-nabeul-nabeul-nabeul-123790,Terrain,512000,2023-10-18,Nabeul,Nabeul,Nabeul,8000,366,Non,Non,Non,Non,20x18,20,Non,Non,Non,Commerciale
menzili,https://www.menzili.tn/annonce/une-ferme-a-kala-kbira-de-5560-m-sousse-akouda-123787,Terrain,220000,2023-10-18,Sousse,Akouda,Akouda,4022,5560,Titre Bleu,Non,Non,Non,,,Non,Non,Non,Commerciale
menzili,https://www.menzili.tn/annonce/terrain-750-m-pied-dans-l-eau-a-jinene-beni-khiar-nabeul-nabeul-benikhiar-123761,Terrain,862500,2023-10-18,Nabeul,Béni Khiar,Béni Khiar,8000,750,Titre Bleu,Non,Non,Non,,,Non,Non,Oui,Commerciale
menzili,https://www.menzili.tn/annonce/terrain-750-m-pied-dans-l-eau-a-jinene-beni-khiar-nabeul-nabeul-benikhiar-123760,Terrain,862500,2023-10-18,Nabeul,Béni Khiar,Béni Khiar,8000,750,Titre Bleu,Non,Non,Non,,,Non,Non,Oui,Commerciale
menzili,https://www.menzili.tn/annonce/terrain-de-209m2-afh-mrezga-nabeul-mrezga-123745,Terrain,,2023-10-17,Nabeul,Mrezga,Mrezga,8058,210,Titre Individuel,Non,Oui,Non,,,Non,Non,Non,Résidentielle
menzili,https://www.menzili.tn/annonce/terrain-a-vendre-a-borj-youssef-ariana-sidithabet-123681,Terrain,99999,2023-10-17,Ariana,Sidi Thabet,Sidi Thabet,2080,1575,Non,Non,Non,Non,,,Non,Non,Non,Commerciale
menzili,https://www.menzili.tn/annonce/terrain-de-300m-a-cote-intermeuble-a-hammamsousse-sousse-hammamsousse-123634,Terrain,,2023-10-16,Sousse,Hammam Sousse,Hammam Sousse,4011,300,Non,Non,Non,Non,,,Oui,Non,Non,Commerciale
menzili,https://www.menzili.tn/annonce/terrain-agricole-sarand-a-vendre-a-kef-kef-kefest-123633,Terrain,150000,2023-10-16,Kef,Kef Est,Kef Est,7100,5450,Non,Non,Non,Non,,,Oui,Non,Non,Commerciale
menzili,https://www.menzili.tn/annonce/terrain-villa-anatole-a-vendre-a-ain-zaghouan-tunis-ainzaghouan-123632,Terrain,300000,2023-10-16,Tunis,Aïn Zaghouan,Aïn Zaghouan,1100,200,Non,Non,Non,Non,,,Oui,Non,Non,Résidentielle
menzili,https://www.menzili.tn/annonce/terrain-moly-a-vendre-a-carthage-el-yassmina-tunis-carthage-123612,Terrain,560000,2023-10-16,Tunis,Carthage,Carthage,2016,330,Non,Non,Non,Non,,20,Oui,Non,Non,Résidentielle
menzili,https://www.menzili.tn/annonce/terrain-promoteur-locah-a-vendre-a-cebalat-ben-ammar-ariana-sidithabet-123607,Terrain,2500000,2023-10-16,Ariana,Sidi Thabet,Sidi Thabet,2080,10000,Non,Non,Non,Non,,,Oui,Non,Non,Commerciale
menzili,https://www.menzili.tn/annonce/terrain-villa-tabriz-a-vendre-a-gammarth-tunis-gammarth-123601,Terrain,600000,2023-10-16,Tunis,Gammarth,Gammarth,2078,500,Non,Non,Non,Non,,,Oui,Non,Non,Résidentielle
menzili,https://www.menzili.tn/annonce/terrain-500m2-a-vendre-a-borj-youssef-ariana-sidithabet-123572,Terrain,150000,2023-10-14,Ariana,Sidi Thabet,BORJ YOUSSEF,2080,500,Non,Non,Non,Oui,,,Non,Oui,Oui,Commerciale
menzili,https://www.menzili.tn/annonce/a-vendre-terrain-433m-au-bord-de-la-mer-maamoura-nabeul-benikhiar-123548,Terrain,750000,2023-10-14,Nabeul,Béni Khiar,Béni Khiar,8000,433,Oui,Non,Oui,Non,,,Non,Oui,Oui,Commerciale
menzili,https://www.menzili.tn/annonce/terrain-2632-m2-au-bord-de-la-mer-mahdia-mahdia-118556,Terrain,,2023-07-07,Mahdia,Mahdia,Tunis,5100,2632,Titre Bleu,Non,Non,Oui,,,Non,Non,Non,Commerciale
menzili,https://www.menzili.tn/annonce/terrain-promoteur-efreh-a-vendre-a-kheireddine-tunis-lagoulette-123523,Terrain,1050000,2023-10-14,Tunis,La Goulette,La Goulette,2060,304,Non,Non,Non,Non,,18,Oui,Non,Non,Résidentielle
menzili,https://www.menzili.tn/annonce/terrain-agricole-al-khal-a-vendre-a-kef-kef-kefest-123521,Terrain,105000,2023-10-14,Kef,Kef Est,Kef Est,7100,35000,Non,Non,Non,Non,,,Oui,Non,Oui,Commerciale
menzili,https://www.menzili.tn/annonce/terrain-bhar-lazreg-330m2-marsa-2-tunis-lamarsa-123456,Terrain,,2023-10-13,Tunis,La Marsa,bhar lazreg,2070,330,Non,Non,Oui,Non,,,Oui,Non,Non,Commerciale
menzili,https://www.menzili.tn/annonce/a-vendre-un-appartement-a-mrezga-hammamet-exactement-cite-diamant-nabeul-hammamet-123390,Terrain,552920,2023-10-12,Nabeul,Hammamet,Hammamet,8050,601,Titre Bleu,Non,Non,Non,,,Non,Non,Non,Commerciale
menzili,https://www.menzili.tn/annonce/terrain-marsa-cube-vue-sur-mer-tunis-lamarsa-123268,Terrain,4500,2023-10-09,Tunis,La Marsa,La Marsa,2070,2500,Non,Oui,Non,Non,,,Non,Non,Non,Commerciale
menzili,https://www.menzili.tn/annonce/terrain-de-1640-m2-gammarth-superieure-tunis-gammarth-123306,Terrain,4900,2023-10-10,Tunis,Gammarth,Gammarth,2078,1640,Non,Oui,Non,Non,,,Non,Non,Non,Commerciale
menzili,https://www.menzili.tn/annonce/terrain-agricole-jbeli-a-vendre-a-kef-kef-kefest-123277,Terrain,350000,2023-10-10,Kef,Kef Est,Kef Est,7100,80000,Non,Non,Non,Non,,,Oui,Non,Oui,Commerciale
menzili,https://www.menzili.tn/annonce/terrain-villa-isidore-a-vendre-a-la-soukra-ariana-lasoukra-123250,Terrain,1170000,2023-10-09,Ariana,La Soukra,la soukra,2036,766,Non,Non,Non,Non,,,Oui,Non,Non,Résidentielle
menzili,https://www.menzili.tn/annonce/terrain-villa-nozomi-a-vendre-a-raoued-plage-ariana-raoued-123236,Terrain,198000,2023-10-09,Ariana,Raoued,Raoued,2083,404,Non,Non,Non,Non,,,Oui,Non,Non,Commerciale
menzili,https://www.menzili.tn/annonce/terrain-agricole-de-1300-m2-a-foukaia-chott-meriem-sousse-akouda-123232,Terrain,110000,2023-10-09,Sousse,Akouda,Akouda,4022,1300,Oui,Non,Non,Non,,,Non,Non,Non,Commerciale
menzili,https://www.menzili.tn/annonce/A-vendre-deux-terrains-a-el-haouaria-a-seulement-5-minutes-a-pied-de-la-plage-nabeul-elhaouaria-123205,Terrain,,2023-10-08,Nabeul,El Haouaria,Chat el Guebli,8045,585,Non,Non,Non,Non,,,Non,Non,Non,Commerciale
menzili,https://www.menzili.tn/annonce/4-hectares-a-vendre-a-quot-guirche-el-oued-medjaz-el-bab-beja-medjezelbab-123202,Terrain,120000,2023-10-07,Béja,Medjez el-Bab,Medjez el-Bab,9000,40000,Titre Collectif,Non,Non,Non,,,Non,Non,Non,Commerciale
menzili,https://www.menzili.tn/annonce/terrain-de-villa-aydin-a-vendre-a-jardin-el-manzah-ariana-jardinsdelmenzah-123170,Terrain,420000,2023-10-07,Ariana,Jardins D'el Menzah,Jardins D'el Menzah,1004,420,Non,Non,Non,Non,,,Oui,Non,Non,Résidentielle
menzili,https://www.menzili.tn/annonce/terrain-a-vendre-a-cap-angela-bizerte-bizertenord-123153,Terrain,,2023-10-07,Bizerte,Bizerte Nord,Bizerte cap angela,7000,1600,Non,Non,Non,Non,,,Non,Non,Non,Commerciale
menzili,https://www.menzili.tn/annonce/terrain-de-750m-a-jinene-beni-khiar-nabeul-benikhiar-123152,Terrain,825000,2023-10-06,Nabeul,Béni Khiar,Béni Khiar,8000,750,Titre Bleu,Non,Non,Non,,18,Non,Non,Non,Commerciale
menzili,https://www.menzili.tn/annonce/terrain-promoteur-augustin-a-vendre-a-la-soukra-ariana-lasoukra-123091,Terrain,1100000,2023-10-06,Ariana,La Soukra,la soukra,2036,1000,Non,Non,Non,Non,,,Oui,Non,Non,Commerciale
menzili,https://www.menzili.tn/annonce/a-vendre-terrain-1687m-vue-mer-a-bouficha-nabeul-hammamet-123080,Terrain,118000,2023-10-05,Nabeul,Hammamet,Hammamet,8050,1687,Non,Oui,Non,Non,,,Oui,Oui,Oui,Commerciale
menzili,https://www.menzili.tn/annonce/lots-de-terrains-a-vendre-a-om-heni-menzel-bourguiba-bizerte-menzelbourguiba-123076,Terrain,,2023-10-05,Bizerte,Menzel Bourguiba,Om heni Menzel Bourguiba près du croisement autoro,7050,300,Non,Non,Non,Non,,,Non,Non,Non,Commerciale
menzili,https://www.menzili.tn/annonce/a-v-terrain-a-manaret-hammamet-nabeul-hammametsud-123060,Terrain,208000,2023-10-05,Nabeul,Hammamet Sud,BARRAKET ESSAHEL GP1 KM60,8050,520,Non,Non,Non,Non,,,Non,Non,Non,Commerciale
menzili,https://www.menzili.tn/annonce/terrain-a-vendre-a-kelibia-100-m-a-17-000-dt-contacter-52805864-nabeul-kelibia-123051,Terrain,17000,2023-10-05,Nabeul,Kélibia,kélibia,8000,100,Non,Non,Non,Non,,,Non,Non,Non,Commerciale
menzili,https://www.menzili.tn/annonce/terrain-a-bni-nefaa-bizerte-bizertenord-123046,Terrain,85000,2023-10-05,Bizerte,Bizerte Nord,Bizerte Nord,7000,1700,Non,Non,Non,Non,,,Oui,Non,Non,Commerciale
menzili,https://www.menzili.tn/annonce/des-terrain-a-vendre-a-hammamet-nabeul-hammamet-123024,Terrain,300000,2023-10-04,Nabeul,Hammamet,hammamet,8050,1000,Non,Non,Non,Non,,,Non,Non,Non,Commerciale
menzili,https://www.menzili.tn/annonce/beau-terrain-de-600-m-nabeul-hammamet-123021,Terrain,,2023-10-04,Nabeul,Hammamet,hammamet,8050,600,Non,Non,Non,Non,,,Non,Non,Non,Commerciale
menzili,https://www.menzili.tn/annonce/terrain-de-350-m-a-hammamet-nabeul-hammamet-123007,Terrain,75000,2023-10-04,Nabeul,Hammamet,hammamet,8050,350,Non,Non,Non,Non,,,Non,Non,Non,Commerciale
menzili,https://www.menzili.tn/annonce/terrain-a-vendre-sidi-jmour-djerba-medenine-djerbahoumtsouk-123004,Terrain,225000,2023-10-04,Médenine,Djerba-Houmt Souk,sidi jmour mellita djerba,4180,,Titre Bleu,Non,Oui,Oui,,,Non,Non,Non,Commerciale
menzili,https://www.menzili.tn/annonce/terrain-agricole-majel-bel-abes-a-vendre-a-kesserine-kasserine-majelbelabbes-122994,Terrain,666000,2023-10-04,Kasserine,Majel Bel Abbès,Majel Bel Abbès,1200,740000,Non,Non,Non,Non,,,Oui,Non,Non,Commerciale
menzili,https://www.menzili.tn/annonce/terrain-agricole-8000m-a-ain-safsaf-zaghouan-zaghouan-122903,Terrain,,2023-10-02,Zaghouan,Zaghouan,Ain Safsaf,1100,8000,Non,Non,Non,Non,,,Non,Non,Non,Commerciale
menzili,https://www.menzili.tn/annonce/terrain-de-2611m-a-rmila-chott-meriem-sousse-akouda-122893,Terrain,230000,2023-10-02,Sousse,Akouda,Akouda,4022,2611,Non,Non,Non,Non,,,Oui,Non,Non,Commerciale
menzili,https://www.menzili.tn/annonce/terrain-bien-demandee-a-hammamet-nabeul-hammamet-122880,Terrain,56000,2023-10-01,Nabeul,Hammamet,HAMMAMET,8050,400,Non,Non,Non,Non,,,Non,Non,Non,Commerciale
menzili,https://www.menzili.tn/annonce/terrain-a-vendre-a-rades-plage-benarous-rades-122837,Terrain,,2023-09-29,Ben Arous,Radès,Rades Plage,2040,300,Non,Non,Non,Non,,,Non,Non,Non,Commerciale
menzili,https://www.menzili.tn/annonce/terrain-villa-adolphe-a-vendre-a-sidi-fraj-ariana-lasoukra-122822,Terrain,420000,2023-09-29,Ariana,La Soukra,sidi frej,2036,600,Non,Non,Non,Non,,,Oui,Non,Non,Résidentielle
menzili,https://www.menzili.tn/annonce/terrain-a-vendre-a-bizerte-cite-el-weha-bizerte-bizertenord-122810,Terrain,70000,2023-09-29,Bizerte,Bizerte Nord,Bizerte Nord,7000,200,Non,Non,Non,Oui,,,Non,Non,Non,Commerciale
menzili,https://www.menzili.tn/annonce/terrain-villa-astrid-a-vendre-a-siliana-siliana-siliananord-122779,Terrain,155000,2023-09-29,Siliana,Siliana Nord,Siliana Nord,6100,312,Non,Non,Non,Non,,,Oui,Non,Non,Commerciale
menzili,https://www.menzili.tn/annonce/terrain-promoteur-moulin-a-vendre-a-la-soukra-ariana-lasoukra-122777,Terrain,720000,2023-09-29,Ariana,La Soukra,la soukra,2036,1200,Non,Non,Non,Non,,,Oui,Non,Non,Commerciale
menzili,https://www.menzili.tn/annonce/terrain-nu-a-corniche-bizerte-bizerte-bizertenord-122770,Terrain,,2023-09-28,Bizerte,Bizerte Nord,Corniche Bizerte,7000,574,Oui,Non,Non,Non,,,Oui,Non,Non,Commerciale
menzili,https://www.menzili.tn/annonce/terrain-a-vendre-a-bouhsina-sousse-soussemedina-122769,Terrain,433500,2023-09-28,Sousse,Sousse Médina,sousse,1008,510,Non,Non,Non,Non,,,Non,Non,Non,Commerciale
menzili,https://www.menzili.tn/annonce/terrain-de-1400-m-a-rmila-chott-meriem-sousse-akouda-122760,Terrain,,2023-09-28,Sousse,Akouda,Akouda,4022,1400,Non,Non,Non,Non,,,Oui,Non,Non,Commerciale
menzili,https://www.menzili.tn/annonce/terrain-agricole-a-vendre-dans-la-region-sud-de-bizerte-bizerte-bizertesud-122758,Terrain,,2023-09-28,Bizerte,Bizerte Sud,Sud de Bizerte Sidi Amer,7000,75000,Non,Non,Non,Non,,,Non,Non,Non,Commerciale
menzili,https://www.menzili.tn/annonce/terrain-agricole-de-500-m2-a-foukaia-chott-meriem-sousse-akouda-122741,Terrain,85000,2023-09-28,Sousse,Akouda,Akouda,4022,500,Oui,Non,Non,Non,,,Non,Non,Non,Commerciale
menzili,https://www.menzili.tn/annonce/terrain-loti-a-vendre-%D9%85%D9%82%D8%A7%D8%B3%D9%85-%D9%84%D9%84%D8%A8%D9%8A%D8%B9-sfax-routegremda-122706,Terrain,,2023-09-27,Sfax,Route Gremda,Route gremda km 12,3000,,Non,Non,Non,Non,,,Oui,Non,Non,Commerciale
menzili,https://www.menzili.tn/annonce/terrain-commercial-a-bhaier-hammem-sousse-sousse-hammamsousse-122692,Terrain,243000,2023-09-26,Sousse,Hammam Sousse,Hammam Sousse,4011,270,Non,Non,Non,Non,,,Non,Non,Non,Commerciale
menzili,https://www.menzili.tn/annonce/terrain-de-1016m-a-foukaia-85-000-sousse-akouda-122669,Terrain,85000,2023-09-26,Sousse,Akouda,Akouda,4022,1016,Non,Non,Non,Non,,,Non,Non,Non,Commerciale
menzili,https://www.menzili.tn/annonce/terrain-de-1300-m2-de-belle-vue-a-foukaiachattmeriem-sousse-akouda-122638,Terrain,110000,2023-09-26,Sousse,Akouda,Akouda,4022,1300,Oui,Non,Non,Non,,,Non,Non,Non,Commerciale
menzili,https://www.menzili.tn/annonce/une-ferme-a-foukaia-chat-meriem-de-1738-m-sousse-akouda-122617,Terrain,160000,2023-09-25,Sousse,Akouda,Akouda,4022,1738,Titre Bleu,Non,Non,Non,,,Non,Non,Non,Commerciale
menzili,https://www.menzili.tn/annonce/un-lot-de-terrain-cloture-de-5000m-ahergla-sidi-bouali-sousse-akouda-122591,Terrain,,2023-09-25,Sousse,Akouda,Akouda,4022,5000,Non,Oui,Non,Non,,,Oui,Non,Non,Commerciale
menzili,https://www.menzili.tn/annonce/terrain-a-hammam-chott-benarous-hammamchott-122587,Terrain,,2023-09-25,Ben Arous,Hammam Chott,Hammam Chott,2052,290,Non,Non,Non,Non,,,Non,Non,Non,Résidentielle
menzili,https://www.menzili.tn/annonce/a-vendre-terrain-7570m-a-mrezga-nabeul-nabeul-hammamet-122539,Terrain,2270000,2023-09-23,Nabeul,Hammamet,Hammamet,8050,7570,Non,Non,Non,Non,,,Oui,Non,Non,Commerciale
menzili,https://www.menzili.tn/annonce/a-vendre-terrain-7000m-a-deux-oueds-nabeul-nabeul-nabeul-122538,Terrain,3500000,2023-09-23,Nabeul,Nabeul,Nabeul,8000,7000,Oui,Non,Non,Non,,,Non,Non,Non,Commerciale
menzili,https://www.menzili.tn/annonce/a-vendre-terrain-7650m-a-sidi-mahersi-nabeul-nabeul-nabeul-122533,Terrain,4970000,2023-09-23,Nabeul,Nabeul,Nabeul,8000,7650,Non,Non,Non,Non,,,Non,Non,Non,Résidentielle
menzili,https://www.menzili.tn/annonce/terrain-villa-belgrade-a-vendre-a-la-soukra-ariana-lasoukra-122517,Terrain,290000,2023-09-23,Ariana,La Soukra,la soukra,2036,543,Non,Non,Non,Non,,19,Oui,Non,Non,Résidentielle
menzili,https://www.menzili.tn/annonce/terrain-de-172-m2-a-vendre-sousse-akouda-122499,Terrain,,2023-09-23,Sousse,Akouda,Akouda,4022,172,Non,Non,Non,Non,,,Non,Non,Non,Commerciale
menzili,https://www.menzili.tn/annonce/8-titres-de-1-hectare-sur-route-principale-utique-bizerte-utique-122489,Terrain,2500000,2023-09-22,Bizerte,Utique,Utique,7020,84000,Non,Non,Non,Non,,,Oui,Non,Oui,Commerciale
menzili,https://www.menzili.tn/annonce/terrain-villa-dana-a-vendre-a-cup-zbib-bizerte-bizerte-bizertesud-122456,Terrain,240000,2023-09-22,Bizerte,Bizerte Sud,Bizerte Sud,7000,738,Non,Oui,Non,Non,,,Oui,Non,Non,Résidentielle
menzili,https://www.menzili.tn/annonce/terrain-a-vendre-menzel-bourguiba-bizerte-menzelbourguiba-122426,Terrain,202000,2023-09-21,Bizerte,Menzel Bourguiba,SIDI YAHIA MENZEL BOURGUIBA,7050,404,Non,Non,Non,Non,,,Non,Non,Oui,Commerciale
menzili,https://www.menzili.tn/annonce/terrain-de-1600-m2-armila-chott-meriem-sousse-akouda-122383,Terrain,,2023-09-20,Sousse,Akouda,Akouda,4022,1600,Non,Non,Non,Non,,,Oui,Non,Non,Commerciale
menzili,https://www.menzili.tn/annonce/terrain-bon-occasion-monastir-jemmal-122382,Terrain,80000,2023-09-20,Monastir,Jemmal,Zaouiete kontech jammel,5020,270,Non,Non,Non,Oui,,,Oui,Non,Non,Commerciale
menzili,https://www.menzili.tn/annonce/terrain-promoteur-bettina-a-vendre-a-la-goulette-tunis-lagoulette-122365,Terrain,650000,2023-09-20,Tunis,La Goulette,La Goulette,2060,236,Non,Non,Non,Non,,,Oui,Non,Non,Commerciale
menzili,https://www.menzili.tn/annonce/ferme-mornaguia-22920475-manouba-mornaguia-122351,Terrain,,2023-09-19,Manouba,Mornaguia,Mornaguia,1110,50000,Non,Non,Non,Non,,,Non,Oui,Oui,Commerciale
menzili,https://www.menzili.tn/annonce/terrain-a-vendre-pour-investissement-sfax-sakieteddaier-122307,Terrain,490000,2023-09-19,Sfax,Sakiet Eddaïer,rocade n°11,3011,13894,Titre Bleu,Non,Non,Non,,,Oui,Non,Non,Commerciale
menzili,https://www.menzili.tn/annonce/terrain-de-548-m2-a-vendre-tunis-lebardo-122276,Terrain,700000,2023-09-18,Tunis,Le Bardo,derrière stade bardo,2000,548,Non,Non,Non,Non,,,Non,Non,Non,Commerciale
menzili,https://www.menzili.tn/annonce/vente-terrain-bhar-lazreg-tunis-laouina-122268,Terrain,673400,2023-09-18,Tunis,L'aouina,BHAR LAZREG SSOUKRA,2036,1036,Non,Non,Oui,Non,,,Non,Oui,Oui,Résidentielle
menzili,https://www.menzili.tn/annonce/terrain-a-vendre-a-zouiet-el-mgaiez-el-haouaria-nabeul-elhaouaria-122230,Terrain,,2023-09-16,Nabeul,El Haouaria,Zouiet El Mgaiez (El Haouaria),8045,3400,Non,Non,Non,Non,,,Oui,Non,Non,Commerciale
menzili,https://www.menzili.tn/annonce/terrain-villa-giulia-a-vendre-a-rades-meliane-benarous-rades-122176,Terrain,350000,2023-09-15,Ben Arous,Radès,Radès,2013,360,Non,Oui,Non,Non,,,Oui,Non,Non,Résidentielle
menzili,https://www.menzili.tn/annonce/terrain-agricole-a-vendre-a-siliana-siliana-siliananord-122174,Terrain,935000,2023-09-15,Siliana,Siliana Nord,Siliana Nord,6100,17000,Non,Non,Non,Non,,,Oui,Non,Non,Commerciale
menzili,https://www.menzili.tn/annonce/ferme-safia-a-vendre-a-kef-kef-kefest-122173,Terrain,1300000,2023-09-15,Kef,Kef Est,Kef Est,7100,269000,Oui,Non,Non,Non,,,Oui,Non,Non,Commerciale
menzili,https://www.menzili.tn/annonce/terrain-villa-raila-a-vendre-a-cite-el-marah-la-marsa-tunis-lamarsa-122100,Terrain,466000,2023-09-14,Tunis,La Marsa,hshainzaghouannord@gmail.com,2070,345,Non,Non,Non,Non,,15,Oui,Non,Non,Résidentielle
menzili,https://www.menzili.tn/annonce/terrain-habitable-kef-tajerouine-122087,Terrain,,2023-09-14,Kef,Tajerouine,Tajerouin,7150,15000,Non,Non,Non,Non,,,Non,Non,Non,Commerciale
menzili,https://www.menzili.tn/annonce/terrains-habitation-zone-d-avenir-ariana-raoued-121274,Terrain,31200,2023-08-28,Ariana,Raoued,Raoued debut autoroute K.Andlous,2083,156,Titre Bleu,Non,Non,Non,,,Oui,Non,Oui,Résidentielle
menzili,https://www.menzili.tn/annonce/terrain-de-1800-m2-armila-chott-meriem-sousse-akouda-122065,Terrain,,2023-09-13,Sousse,Akouda,Akouda,4022,1800,Non,Non,Non,Non,,,Oui,Non,Non,Commerciale
menzili,https://www.menzili.tn/annonce/terrain-villa-ethan-a-vendre-a-chotrana-ariana-chotrana-122044,Terrain,690000,2023-09-13,Ariana,Chotrana,chotrana 1 la soukra,2086,920,Non,Non,Non,Non,,,Oui,Non,Non,Résidentielle
menzili,https://www.menzili.tn/annonce/terrain-frida-A-vendre-A-carthage-byrsa-tunis-carthage-122039,Terrain,520000,2023-09-13,Tunis,Carthage,Carthage,2016,162,Non,Non,Non,Non,,,Oui,Non,Non,Commerciale
menzili,https://www.menzili.tn/annonce/terrains-habitation-zone-d-avenir-ariana-raoued-122031,Terrain,31200,2023-09-13,Ariana,Raoued,Raoued debut autoroute K.Andlous,2083,156,Titre Bleu,Non,Non,Non,,,Oui,Non,Oui,Résidentielle
menzili,https://www.menzili.tn/annonce/terrain-promoteur-katiane-a-vendre-a-kheireddine-tunis-lagoulette-121975,Terrain,1800000,2023-09-12,Tunis,La Goulette,La Goulette,2060,532,Non,Non,Non,Non,,,Oui,Non,Non,Commerciale
menzili,https://www.menzili.tn/annonce/terrain-de-1630m-armila-chot-tmeriem-sousse-akouda-121936,Terrain,250000,2023-09-11,Sousse,Akouda,Akouda,4022,1630,Non,Non,Non,Non,,,Oui,Non,Non,Commerciale
menzili,https://www.menzili.tn/annonce/terrain-d-un-hectare-a-hammamet-sud-investissement-a-court-terme-batir-une-maison-nabeul-hammametsud-121927,Terrain,1880000,2023-09-11,Nabeul,Hammamet Sud,Hammamet sud (Sidi Hammed),8050,9900,Oui,Non,Non,Non,,,Oui,Non,Non,Commerciale
menzili,https://www.menzili.tn/annonce/terrain-villa-midian-a-vendre-a-sidi-thabet-ariana-sidithabet-121923,Terrain,150000,2023-09-11,Ariana,Sidi Thabet,Sidi Thabet,2080,500,Non,Non,Non,Non,,,Oui,Non,Non,Commerciale
menzili,https://www.menzili.tn/annonce/terrain-a-vendre-skhira-sfax-skhira-121916,Terrain,,2023-09-11,Sfax,Skhira,terrain skhira,3041,1360,Titre Bleu,Non,Non,Non,,,Oui,Non,Non,Commerciale
menzili,https://www.menzili.tn/annonce/terrain-constructible-titre-bleu-raf-raf-vue-sur-le-rocher-sur-mer-bizerte-rasjebel-121908,Terrain,455000,2023-09-10,Bizerte,Ras Jebel,Raf Raf terrain vue magnifique sur le rocher : sur,7025,,Titre Bleu,Non,Non,Oui,,,Non,Non,Non,Commerciale
menzili,https://www.menzili.tn/annonce/terrain-villa-greta-a-vendre-a-raoued-plage-ariana-raoued-121803,Terrain,180000,2023-09-08,Ariana,Raoued,Raoued,2083,213,Non,Non,Non,Non,,,Oui,Non,Non,Commerciale
menzili,https://www.menzili.tn/annonce/a-vendre-des-lots-de-terrains-a-zaghouan-zaghouan-zaghouan-121795,Terrain,,2023-09-08,Zaghouan,Zaghouan,contact@immo-spiac.com,1100,280,Non,Non,Non,Non,,,Non,Non,Non,Commerciale
menzili,https://www.menzili.tn/annonce/terrain-villa-galea-a-vendre-a-raoued-plage-ariana-raoued-121793,Terrain,344000,2023-09-08,Ariana,Raoued,Raoued,2083,344,Non,Non,Non,Non,,,Oui,Non,Non,Commerciale
menzili,https://www.menzili.tn/annonce/terrain-gammarth-superieur-tunis-lamarsa-121731,Terrain,7380000,2023-09-07,Tunis,La Marsa,La Marsa,2070,1640,Non,Oui,Non,Non,,,Non,Non,Non,Commerciale
menzili,https://www.menzili.tn/annonce/terrain-vue-sur-mer-a-melloula-tabarka-jendouba-tabarka-121722,Terrain,85000,2023-09-07,Jendouba,Tabarka,Jendouba Tabarka Melloula,8110,419,Non,Oui,Non,Non,,,Non,Non,Non,Commerciale
menzili,https://www.menzili.tn/annonce/terrain-villa-aloudra-a-vendre-a-rades-meliane-benarous-rades-121708,Terrain,140000,2023-09-06,Ben Arous,Radès,Radès,2013,195,Non,Non,Non,Non,,,Oui,Non,Non,Résidentielle
menzili,https://www.menzili.tn/annonce/magnifique-terrain-a-vendre-situe-a-3-km-de-jinen-hammamet-nabeul-nabeul-121699,Terrain,,2023-09-06,Nabeul,Nabeul,Nabeul,8000,420,Non,Non,Non,Non,,,Non,Oui,Oui,Commerciale
menzili,https://www.menzili.tn/annonce/bon-terrain-gafsa-oumelaraies-121623,Terrain,91000,2023-09-05,Gafsa,Oum El Araies,27 900288,2100,68342,Non,Non,Non,Non,,,Non,Non,Non,Commerciale
menzili,https://www.menzili.tn/annonce/terrain-villa-floral-a-vendre-a-raoued-ariana-raoued-121591,Terrain,140000,2023-09-05,Ariana,Raoued,Raoued,2083,496,Non,Non,Non,Non,,,Oui,Non,Non,Commerciale
menzili,https://www.menzili.tn/annonce/terrain-villa-nassim-a-vendre-a-essaida-manouba-manouba-djedeida-121589,Terrain,180000,2023-09-05,Manouba,Djedeida,Djedeida,2010,1000,Non,Non,Non,Non,,,Oui,Non,Non,Commerciale
menzili,https://www.menzili.tn/annonce/terrain-agricole-ksenia-a-vendre-a-cherfech-1-ariana-sidithabet-121576,Terrain,210000,2023-09-05,Ariana,Sidi Thabet,Sidi Thabet,2080,5000,Oui,Non,Non,Non,,,Oui,Non,Non,Commerciale
menzili,https://www.menzili.tn/annonce/t191-terrain-flora-hammamet-sud-nabeul-hammametsud-121574,Terrain,105000,2023-09-05,Nabeul,Hammamet Sud,HAMMAMET,8050,500,Non,Non,Non,Non,,,Non,Non,Non,Commerciale
menzili,https://www.menzili.tn/annonce/terrain-titre-de-500-m-a-hammamet-nabeul-hammamet-121569,Terrain,,2023-09-05,Nabeul,Hammamet,Hammamet,8050,500,Non,Non,Non,Non,,,Non,Non,Non,Commerciale
menzili,https://www.menzili.tn/annonce/terrain-commerciale-a-vendre-a-gafsa-gafsa-gafsasud-121568,Terrain,650000,2023-09-04,Gafsa,Gafsa Sud,حي النور قفصة,2100,491,Non,Non,Non,Oui,,,Oui,Non,Non,Commerciale
menzili,https://www.menzili.tn/annonce/terrain-commercial-a-bhaier-hammem-sousse-sousse-hammamsousse-121540,Terrain,243000,2023-09-04,Sousse,Hammam Sousse,Hammam Sousse,4011,270,Non,Non,Non,Non,,,Non,Non,Non,Commerciale
menzili,https://www.menzili.tn/annonce/terrain-commercial-a-hammamet-nabeul-hammamet-121509,Terrain,,2023-09-03,Nabeul,Hammamet,Hammamet,8050,950,Non,Non,Non,Non,,,Non,Non,Non,Commerciale
menzili,https://www.menzili.tn/annonce/terrain-de-440-m-a-hammamet-nabeul-hammamet-121508,Terrain,44000,2023-09-03,Nabeul,Hammamet,Hammamet,8050,440,Non,Non,Non,Non,,,Non,Non,Non,Commerciale
menzili,https://www.menzili.tn/annonce/terrain-d-exception-a-midoun-djerba-medenine-djerbamidoun-121490,Terrain,500000,2023-09-02,Médenine,Djerba - Midoun,Djerba - Midoun,4180,510,Oui,Non,Non,Non,,,Non,Non,Non,Commerciale
menzili,https://www.menzili.tn/annonce/a-vendre-un-superbe-terrain-a-4km-de-hammamet-sud-29256234-nabeul-hammametsud-121458,Terrain,,2023-09-02,Nabeul,Hammamet Sud,Hammamet Yasmine route boufisha,8050,955,Non,Non,Non,Non,,,Oui,Non,Non,Commerciale
menzili,https://www.menzili.tn/annonce/a-vendre-un-terrain-situe-a-4km-de-hammamet-sud-29256234-nabeul-hammametsud-121457,Terrain,,2023-09-02,Nabeul,Hammamet Sud,Hammamet Yasmine route boufisha,8050,1038,Non,Non,Non,Non,,,Oui,Non,Non,Commerciale
menzili,https://www.menzili.tn/annonce/lotissement-terrains-de-500-m-tres-carr-a-vendre-a-cot-d-cole-primaire-dhniba-manouba-tebourba-121449,Terrain,,2023-09-01,Manouba,Dhniba a cot? de l'?cole primaire et Mosqu,Teborba,2010,500,Non,Non,Non,Non,,,Non,Non,Oui,Résidentielle
menzili,https://www.menzili.tn/annonce/a-vendre-terrain-400m-a-cite-mora-nabeul-nabeul-nabeul-121439,Terrain,360000,2023-09-01,Nabeul,Nabeul,Nabeul,8000,400,Oui,Non,Non,Oui,,20,Non,Non,Non,Commerciale
menzili,https://www.menzili.tn/annonce/terrain-habitation-bosca-a-vendre-a-rades-benarous-rades-121435,Terrain,942000,2023-09-01,Ben Arous,Radès,Radès,2013,785,Titre Individuel,Non,Non,Non,,15,Oui,Non,Non,Résidentielle
menzili,https://www.menzili.tn/annonce/terrain-agricole-rawiya-a-vendre-a-borj-amri-manouba-borjelamri-121428,Terrain,350000,2023-09-01,Manouba,Borj El Amri,hshainzaghouannord@gmail.com,1100,15000,Non,Non,Non,Non,,60,Oui,Non,Non,Commerciale
menzili,https://www.menzili.tn/annonce/terrain-commercial-a-hammamet-nabeul-hammamet-121426,Terrain,171000,2023-09-01,Nabeul,Hammamet,Hammamet,8050,,Non,Non,Non,Non,,,Non,Non,Non,Commerciale
menzili,https://www.menzili.tn/annonce/terrain-pres-de-la-plage-nabeul-hammamet-121418,Terrain,64400,2023-09-01,Nabeul,Hammamet,Hammamet,8050,230,Titre Bleu,Non,Non,Non,,,Non,Non,Non,Commerciale
menzili,https://www.menzili.tn/annonce/terrain-de-belle-vue-a-foukaia-chattmeriem-sousse-akouda-121398,Terrain,110000,2023-08-31,Sousse,Akouda,Akouda,4022,1300,Oui,Non,Non,Non,,,Non,Non,Non,Commerciale
menzili,https://www.menzili.tn/annonce/terrain-de-784-m2-a-vendre-a-ariana-ariana-arianaville-121327,Terrain,101900,2023-08-29,Ariana,Ariana Ville,Riadh ariana 2,2080,784,Non,Non,Non,Non,,,Non,Non,Non,Commerciale
menzili,https://www.menzili.tn/annonce/terrain-villa-nasira-a-vendre-a-boumhal-benarous-boumhel-121321,Terrain,40500,2023-08-29,Ben Arous,Boumhel,Boumhel,2013,150,Non,Non,Non,Non,,,Oui,Non,Non,Résidentielle
menzili,https://www.menzili.tn/annonce/vente-d-un-lot-de-terrain-ariana-sidithabet-121308,Terrain,,2023-08-29,Ariana,Sidi Thabet,chorfech ariana,2080,480,Non,Non,Non,Non,,,Non,Non,Non,Commerciale
menzili,https://www.menzili.tn/annonce/terrain-agricole-manouba-borjelamri-121303,Terrain,150000,2023-08-29,Manouba,Borj El Amri,Borj El Amri,2010,19750,Non,Non,Non,Non,,,Non,Non,Non,Commerciale
menzili,https://www.menzili.tn/annonce/terrain-villa-lysandra-a-vendre-a-ain-zaghouan-sud-tunis-ainzaghouan-121299,Terrain,1044000,2023-08-29,Tunis,Aïn Zaghouan,ain zaghouan sud,1100,522,Non,Non,Non,Non,,,Oui,Non,Non,Résidentielle
menzili,https://www.menzili.tn/annonce/a-vendre-terrain-650m-double-facades-a-mrezga-hammamet-nabeul-hammamet-121265,Terrain,650000,2023-08-28,Nabeul,Hammamet,Hammamet,8050,650,Oui,Non,Oui,Non,28x23,28,Non,Non,Non,Commerciale
menzili,https://www.menzili.tn/annonce/terrains-a-hammamet-nord-nabeul-hammamet-121235,Terrain,560000,2023-08-28,Nabeul,Hammamet,hammamet zone touristique,8050,350,Non,Non,Non,Non,,,Non,Non,Non,Commerciale
menzili,https://www.menzili.tn/annonce/beau-terrain-a-cap-zbib-bizerte-rasjebel-121224,Terrain,145000,2023-08-27,Bizerte,Ras Jebel,Cap Zebib,7025,807,Oui,Non,Non,Non,,,Non,Non,Non,Commerciale
menzili,https://www.menzili.tn/annonce/terrain-720-m-route-de-teniour-sfax-routeteniour-121210,Terrain,,2023-08-27,Sfax,Route Teniour,Route Teniour,3000,720,Non,Non,Non,Non,,,Oui,Non,Non,Commerciale
menzili,https://www.menzili.tn/annonce/terrain-r-2-sfax-routeteniour-121208,Terrain,,2023-08-26,Sfax,Route Teniour,Route Teniour,3000,720,Non,Non,Non,Non,,,Oui,Non,Non,Résidentielle
menzili,https://www.menzili.tn/annonce/terrain-a-vendre-de-850-m2-ariana-raoued-121199,Terrain,,2023-08-26,Ariana,Raoued,Jaafer route raoued,2083,850,Non,Non,Non,Non,,,Oui,Non,Non,Commerciale
menzili,https://www.menzili.tn/annonce/terrain-promoteur-moumina-a-vendre-a-rades-benarous-rades-121175,Terrain,650000,2023-08-26,Ben Arous,Radès,Radès,2013,314,Non,Non,Non,Non,,17,Oui,Non,Non,Commerciale
menzili,https://www.menzili.tn/annonce/vente-terrain-de-400-m2-a-nouvelle-soukra-ariana-lasoukra-121157,Terrain,460000,2023-08-25,Ariana,La Soukra,1450 ruee malbosc montpellier france,2036,400,Oui,Non,Non,Non,,,Non,Non,Non,Résidentielle
menzili,https://www.menzili.tn/annonce/%D8%A3%D8%B1%D8%B6-%D9%84%D9%84%D8%A8%D9%8A%D8%B9-terrain-a-vendre-oued-ellil-manouba-ouedellil-121131,Terrain,225000,2023-08-24,Manouba,Manouba,oued elil,2010,500,Non,Non,Non,Non,,,Non,Non,Non,Commerciale
menzili,https://www.menzili.tn/annonce/terrain-villa-makam-a-vendre-a-cite-merdes-kelibia-nabeul-kelibia-121007,Terrain,88200,2023-08-22,Nabeul,Kélibia,Kélibia,8000,196,Non,Non,Non,Non,,14,Oui,Non,Non,Commerciale
menzili,https://www.menzili.tn/annonce/terrain-pres-azur-city-benarous-boumhel-121005,Terrain,49000,2023-08-22,Ben Arous,Boumhel,Boumhel près azur city coté Autoroute,2013,150,Non,Non,Non,Non,,,Non,Non,Non,Commerciale
menzili,https://www.menzili.tn/annonce/terrain-a-zarzis-route-de-bengerden-medenine-zarzis-120953,Terrain,,2023-08-21,Médenine,Zarzis,Chkirben,4170,1080,Non,Non,Non,Non,,,Oui,Non,Non,Commerciale
menzili,https://www.menzili.tn/annonce/terrain-a-zarzis-medenine-zarzis-120951,Terrain,,2023-08-21,Médenine,Zarzis,Chkirbene,4170,800,Non,Non,Non,Non,,,Non,Non,Non,Commerciale
menzili,https://www.menzili.tn/annonce/terrain-villa-balkis-a-vendre-a-cite-ennasr-ariana-ariana-ennasr-120922,Terrain,350000,2023-08-21,Ariana,Ennasr,Ennasr,2037,350,Non,Non,Non,Non,,,Oui,Non,Non,Résidentielle
menzili,https://www.menzili.tn/annonce/terrain-a-afh-mrezgua-nabeul-nabeul-nabeul-120915,Terrain,260000,2023-08-21,Nabeul,Nabeul,mrezgua nabeul,8000,208,Non,Non,Non,Non,,13,Non,Non,Non,Résidentielle
menzili,https://www.menzili.tn/annonce/terrain-rafraf-bizerte-gharelmelh-120890,Terrain,90000,2023-08-20,Bizerte,Ghar El Melh,raf raf,7023,986,Non,Non,Non,Non,,,Non,Non,Non,Commerciale
menzili,https://www.menzili.tn/annonce/vente-terrain-constructible-raoued-ariana-raoued-120883,Terrain,92000,2023-08-20,Ariana,Raoued,Derrière lycée raoued,2083,295,Non,Non,Non,Oui,,,Non,Non,Non,Commerciale
menzili,https://www.menzili.tn/annonce/terrain-a-vendre-mnihla-ariana-120m2-ariana-mnihla-120841,Terrain,42000,2023-08-18,Ariana,Mnihla,Mnihla,2094,120,Non,Non,Non,Non,,,Oui,Non,Oui,Commerciale
menzili,https://www.menzili.tn/annonce/terrain-208-m-a-afh-mrezga-cite-el-wafa-nabeul-nabeul-nabeul-120757,Terrain,260000,2023-08-16,Nabeul,Nabeul,AF,8000,208,Oui,Non,Non,Non,,13,Non,Non,Non,Commerciale
menzili,https://www.menzili.tn/annonce/terrain-villa-pavon-a-vendre-a-cite-ennasim-ariana-ariana-arianaville-120748,Terrain,250000,2023-08-16,Ariana,Ariana Ville,Ariana Ville,2080,275,Non,Non,Non,Non,,,Oui,Non,Oui,Résidentielle
menzili,https://www.menzili.tn/annonce/terrain-promoteur-nelya-a-vendre-a-chotrana3-sidi-frej-ariana-chotrana-120739,Terrain,1300000,2023-08-16,Ariana,Chotrana,Chotrana,2086,2000,Non,Non,Non,Non,,,Oui,Non,Non,Commerciale
menzili,https://www.menzili.tn/annonce/terrain-viabilise-la-soukra-ariana-lasoukra-120723,Terrain,723800,2023-08-15,Ariana,La Soukra,La Soukra,2036,658,Oui,Non,Oui,Oui,,,Non,Non,Non,Résidentielle
menzili,https://www.menzili.tn/annonce/vente-terrain-tres-bel-emplacement-ariana-jardinsdelmenzah-120657,Terrain,,2023-08-14,Ariana,Jardins D'el Menzah,Jardins D'el Menzah,1004,300,Non,Non,Non,Non,,,Non,Non,Non,Résidentielle
menzili,https://www.menzili.tn/annonce/terrain-a-vendre-de-1384-m2-a-mohamdia-benarous-mohamedia-120651,Terrain,,2023-08-14,Ben Arous,Mohamedia,Mohamedia,2084,1384,Oui,Non,Non,Non,,,Non,Non,Non,Commerciale
menzili,https://www.menzili.tn/annonce/terrain-pret-a-construire-avec-vue-mer-a-elhaouaria-nabeul-elhaouaria-120639,Terrain,,2023-08-13,Nabeul,El Haouaria,Elhaouaria,8045,600,Non,Oui,Non,Oui,,,Non,Non,Non,Résidentielle
menzili,https://www.menzili.tn/annonce/terrain-a-batir-zone-plage-nabeul-nabeul-120636,Terrain,,2023-08-13,Nabeul,Nabeul,Dar Allouche. Route de la plage,8000,250,Titre Bleu,Non,Non,Non,,,Oui,Oui,Oui,Commerciale
menzili,https://www.menzili.tn/annonce/terrain-villa-williams-A-vendre-A-bhar-lazreg-tunis-lamarsa-120603,Terrain,516000,2023-08-11,Tunis,La Marsa,bhar lazrak,2070,516,Non,Non,Non,Non,,,Oui,Non,Non,Résidentielle
menzili,https://www.menzili.tn/annonce/terrain-de-2000-m-a-vendre-hammamet-nabeul-hammametsud-120533,Terrain,260000,2023-08-10,Nabeul,Hammamet Sud,Hammamet Sud,8050,2000,Non,Non,Non,Non,,,Non,Non,Non,Commerciale
menzili,https://www.menzili.tn/annonce/terrain-partiellement-construit-nabeul-korba-120479,Terrain,,2023-08-09,Nabeul,Korba,Korba,8070,233,Titre Bleu,Non,Non,Oui,,,Non,Non,Non,Résidentielle
menzili,https://www.menzili.tn/annonce/vente-terrain-monastir-bekalta-120478,Terrain,52000,2023-08-09,Monastir,Bekalta,Hmedet younes,5014,261,Non,Non,Non,Non,,,Non,Non,Non,Commerciale
menzili,https://www.menzili.tn/annonce/terrain-a-vendre-mdjez-el-bab-cite-el-jalazeya-beja-medjezelbab-120477,Terrain,,2023-08-09,Béja,Medjez el-Bab,Cite el jalazeya,9000,1800,Non,Non,Non,Oui,,,Non,Non,Non,Résidentielle
menzili,https://www.menzili.tn/annonce/terrain-a-el-hmada-sousse-hammamsousse-120438,Terrain,216070,2023-08-09,Sousse,Hammam Sousse,Hammam Sousse,4011,697,Non,Non,Non,Non,,,Non,Non,Non,Commerciale
menzili,https://www.menzili.tn/annonce/terrain-a-vendre-a-jardin-menzah-ariana-menzah-120307,Terrain,,2023-08-07,Ariana,Menzah,Menzah,1004,700,Non,Non,Non,Non,,,Non,Non,Non,Commerciale
menzili,https://www.menzili.tn/annonce/terrain-a-vendre-ouvre-sur-deux-rues-nabeul-hammamet-120224,Terrain,,2023-08-05,Nabeul,Hammamet,hammamet monchar,8050,174,Non,Non,Non,Non,,,Non,Oui,Oui,Commerciale
menzili,https://www.menzili.tn/annonce/terrain-a-vendre-a-borej-el-amri-manouba-borjelamri-120206,Terrain,,2023-08-05,Manouba,Borj El Amri,Borj El Amri,2010,,Non,Non,Non,Non,,,Non,Oui,Oui,Commerciale
menzili,https://www.menzili.tn/annonce/terrain-agricole-a-zaghouan-el-fahs-zaghouan-elfahs-120171,Terrain,970000,2023-08-04,Zaghouan,El Fahs,zaghouan el fahs,1140,440000,Non,Non,Non,Non,,,Non,Non,Non,Commerciale
menzili,https://www.menzili.tn/annonce/terrain-agricole-a-zaghouan-fahs-zaghouan-elfahs-120170,Terrain,1940000,2023-08-04,Zaghouan,El Fahs,el fahs zaghouan,1140,880000,Non,Non,Non,Non,,,Non,Non,Non,Commerciale
menzili,https://www.menzili.tn/annonce/terrain-de-125m-a-hammam-sousse-sousse-hammamsousse-120157,Terrain,30000,2023-08-04,Sousse,Hammam Sousse,Hammam Sousse,4011,125,Titre Bleu,Non,Non,Non,,,Non,Non,Non,Commerciale
menzili,https://www.menzili.tn/annonce/terrain-cloture-securise-nabeul-kelibia-120156,Terrain,125000,2023-08-04,Nabeul,Kélibia,hammamet,8050,,Non,Non,Non,Non,,,Non,Non,Non,Commerciale
menzili,https://www.menzili.tn/annonce/terrain-promoteur-corleon-A-vendre-A-sidi-salah-ariana-lasoukra-120153,Terrain,1175000,2023-08-04,Ariana,La Soukra,sidi salah la soukra,2036,4700,Non,Non,Non,Non,,,Oui,Non,Non,Commerciale
menzili,https://www.menzili.tn/annonce/ref-3303-terrain-pied-dans-l-eaua-sidi-salem-bizerte-bizerte-bizertenord-120137,Terrain,2000,2023-08-04,Bizerte,Bizerte Nord,Bizerte Nord,7000,468,Non,Non,Non,Non,,,Non,Non,Non,Commerciale
menzili,https://www.menzili.tn/annonce/ref-3149-a-vendre-terrain-constructible-a-borej-taleb-bizerte-bizerte-bizertenord-120113,Terrain,,2023-08-03,Bizerte,Bizerte Nord,Bizerte Nord,7000,150,Non,Non,Non,Oui,,,Non,Non,Non,Commerciale
menzili,https://www.menzili.tn/annonce/ref-3114-terrain-de-406-m-boukhriss-bizerte-bizerte-bizertenord-120111,Terrain,324600,2023-08-03,Bizerte,Bizerte Nord,Bizerte Nord,7000,406,Oui,Non,Oui,Oui,,,Non,Non,Non,Commerciale
menzili,https://www.menzili.tn/annonce/ref-3364-terrain-a-borj-ghamez-bizerte-bizerte-bizertenord-120081,Terrain,240000,2023-08-03,Bizerte,Bizerte Nord,Borj Ghamez,7000,480,Non,Non,Non,Non,,,Non,Non,Non,Commerciale
menzili,https://www.menzili.tn/annonce/terrain-a-raoued-titre-foncier-ariana-raoued-119995,Terrain,37500,2023-08-01,Ariana,Raoued,Raoued,2083,150,Oui,Non,Non,Non,,,Non,Non,Non,Commerciale
menzili,https://www.menzili.tn/annonce/terrain-a-vendre-de-4000-m2-manouba-ouedellil-119954,Terrain,320000,2023-08-01,Manouba,Oued Ellil,Essaida,2021,4000,Non,Non,Non,Non,,,Non,Non,Non,Commerciale
menzili,https://www.menzili.tn/annonce/r-4-terrain-promotion-immobiliere-mornaguia-manouba-mornaguia-119937,Terrain,7150000,2023-07-31,Manouba,Mornaguia,Avenue Habib Bourguiba Mornaguia city,1110,65000,Oui,Non,Non,Non,,,Non,Non,Non,Commerciale
menzili,https://www.menzili.tn/annonce/terrain-a-kelibia-en-face-maison-d-hote-dar-wissem-nabeul-kelibia-118212,Terrain,56000,2023-07-02,Nabeul,Kélibia,Kélibia,8000,400,Titre Bleu,Non,Non,Non,,,Oui,Non,Non,Commerciale
menzili,https://www.menzili.tn/annonce/terrain-A-kelibia-140-dt-le-m2-nabeul-kelibia-117284,Terrain,140000,2023-06-13,Nabeul,Kélibia,8090 RUE HALAB,8000,1000,Titre Bleu,Non,Non,Non,,,Oui,Non,Non,Commerciale
menzili,https://www.menzili.tn/annonce/terrain-de-421m-a-l-entre-de-kala-esghira-sousse-kalaasghira-119869,Terrain,1500,2023-07-29,Sousse,Kalaâ Sghira,Kalaâ Sghira,4000,421,Oui,Non,Non,Non,,,Oui,Non,Non,Commerciale
menzili,https://www.menzili.tn/annonce/vente-d-un-terrain-a-construire-a-sousse-sousse-sahloul-119859,Terrain,,2023-07-29,Sousse,Sahloul,Rue Béchir Essoussi par la Rue Asma Bint Elfourate,4054,549,Oui,Non,Non,Oui,,,Oui,Non,Non,Résidentielle
menzili,https://www.menzili.tn/annonce/terrain-a-vendre-houmet-souk-medenine-djerbahoumtsouk-119843,Terrain,220000,2023-07-28,Médenine,Djerba-Houmt Souk,Djerba-Houmt Souk,4180,666,Non,Non,Oui,Non,,,Non,Non,Non,Commerciale
menzili,https://www.menzili.tn/annonce/t187-terrain-sila-nabeul-hammamet-119831,Terrain,250000,2023-07-28,Nabeul,Hammamet,Hammamet,8050,500,Non,Oui,Non,Non,,,Non,Non,Non,Commerciale
menzili,https://www.menzili.tn/annonce/parcelles-de-terrain-a-vendre-a-utique-bizerte-utique-119830,Terrain,,2023-07-28,Bizerte,Utique,Utique,7020,,Non,Non,Non,Non,,,Non,Non,Non,Commerciale
menzili,https://www.menzili.tn/annonce/a-vendre-un-lot-de-terrain-de-1670-m-a-borj-youssef-ariana-ariana-sidithabet-119825,Terrain,,2023-07-28,Ariana,Sidi Thabet,Sidi Thabet,2080,1670,Titre Bleu,Non,Non,Non,,,Non,Non,Non,Commerciale
menzili,https://www.menzili.tn/annonce/terrain-albizia-ref-t1697-nabeul-mrezga-118403,Terrain,240300,2023-07-05,Nabeul,Mrezga,Mrezga,8058,267,Non,Non,Non,Non,,,Non,Non,Non,Commerciale
menzili,https://www.menzili.tn/annonce/terrain-lotfi-2-ref-t1708-nabeul-hammamet-118401,Terrain,160000,2023-07-05,Nabeul,Hammamet,Hammamet,8050,2000,Non,Oui,Non,Non,,,Non,Non,Non,Commerciale
menzili,https://www.menzili.tn/annonce/terrain-juliette-ref-t1704-nabeul-hammamet-118400,Terrain,975000,2023-07-05,Nabeul,Hammamet,Hammamet,8050,1500,Non,Non,Non,Non,,,Oui,Non,Non,Commerciale
menzili,https://www.menzili.tn/annonce/terrain-bambou-ref-t1695-nabeul-hammamet-118341,Terrain,810000,2023-07-04,Nabeul,Hammamet,Hammamet,8050,810,Non,Non,Non,Non,,,Non,Non,Non,Commerciale
menzili,https://www.menzili.tn/annonce/terrain-khaoula-ref-t1701-nabeul-hammamet-118340,Terrain,231200,2023-07-04,Nabeul,Hammamet,Hammamet,8050,272,Non,Non,Non,Non,,,Non,Non,Non,Commerciale
menzili,https://www.menzili.tn/annonce/terrain-issam-ref-t1700-nabeul-hammametcentre-118339,Terrain,890400,2023-07-04,Nabeul,Hammamet Centre,Hammamet Centre,8050,636,Oui,Non,Non,Non,,,Non,Non,Non,Commerciale
menzili,https://www.menzili.tn/annonce/terrain-esprit-ref-t1693-nabeul-hammamet-118408,Terrain,729300,2023-07-05,Nabeul,Hammamet,Hammamet,8050,429,Non,Non,Non,Non,,,Non,Non,Non,Commerciale
menzili,https://www.menzili.tn/annonce/terrain-toys-ref-t1684-nabeul-hammamet-118414,Terrain,625000,2023-07-05,Nabeul,Hammamet,Hammamet,8050,3125,Non,Non,Non,Non,,,Non,Non,Non,Commerciale
menzili,https://www.menzili.tn/annonce/terrain-bonbon-ref-t1683-nabeul-hammamet-118415,Terrain,55000,2023-07-05,Nabeul,Hammamet,Hammamet,8050,500,Non,Non,Non,Non,,,Non,Non,Non,Commerciale
menzili,https://www.menzili.tn/annonce/terrain-farouk-ref-t1682-nabeul-hammametsud-118418,Terrain,800000,2023-07-05,Nabeul,Hammamet Sud,Hammamet Sud,8050,400,Non,Non,Non,Non,,,Oui,Non,Non,Commerciale
menzili,https://www.menzili.tn/annonce/terrain-dore-ref-t1669-sousse-bouficha-118422,Terrain,280000,2023-07-05,Sousse,Bouficha,Bouficha,4000,7600,Non,Non,Non,Non,,,Non,Non,Non,Commerciale
menzili,https://www.menzili.tn/annonce/terrain-nizar-ref-t1665-nabeul-hammamet-118423,Terrain,169000,2023-07-05,Nabeul,Hammamet,Hammamet,8050,338,Oui,Non,Non,Non,,,Non,Non,Non,Commerciale
menzili,https://www.menzili.tn/annonce/t186-terrain-nord-nabeul-mrezga-119730,Terrain,,2023-07-26,Nabeul,Mrezga,Mrezga,8058,22740,Non,Non,Non,Non,,,Non,Non,Non,Commerciale
menzili,https://www.menzili.tn/annonce/terrain-a-vendre-a-la-sortie-sud-de-yasmine-hammamet-sousse-bouficha-119726,Terrain,,2023-07-26,Sousse,Bouficha,Bouficha,4000,382,Non,Non,Non,Non,,,Non,Non,Non,Résidentielle
menzili,https://www.menzili.tn/annonce/terrain-a-lebna-kelibia-nabeul-kelibia-119723,Terrain,50000,2023-07-26,Nabeul,Kélibia,lebna kélibia,8000,223,Non,Oui,Non,Non,,,Non,Non,Non,Commerciale
menzili,https://www.menzili.tn/annonce/terrain-centre-ariana-ariana-arianaville-119672,Terrain,825000,2023-07-25,Ariana,Ariana Ville,Rue Bachir Saoud,2080,1500,Non,Non,Non,Non,,,Non,Non,Non,Commerciale
menzili,https://www.menzili.tn/annonce/terrainde5000m-a-foukaia-chattmeriem-sousse-akouda-119666,Terrain,,2023-07-24,Sousse,Akouda,Akouda,4022,5000,Non,Non,Non,Non,,,Non,Non,Non,Commerciale
menzili,https://www.menzili.tn/annonce/terrain-de-1312m-a-foukaia-chatt-meriem110-000dt-sousse-akouda-119659,Terrain,110000,2023-07-24,Sousse,Akouda,Akouda,4022,1312,Non,Non,Non,Non,,,Non,Non,Non,Commerciale
menzili,https://www.menzili.tn/annonce/vente-terrain-constructible-bien-place-ariana-kalaatelandalous-119645,Terrain,,2023-07-24,Ariana,Kalaât El Andalous,Kalaât El Andalous,2080,670,Non,Non,Non,Oui,,,Non,Non,Non,Commerciale
menzili,https://www.menzili.tn/annonce/terrain-roued-el-brarja1-rue-bir-el-bey-ariana-raoued-117856,Terrain,,2023-06-22,Ariana,Raoued,Roued El Brarja1 Rue Bir El Bey,2083,320,Titre Individuel,Non,Non,Non,,,Non,Non,Non,Commerciale
menzili,https://www.menzili.tn/annonce/a-vendre-un-terrain-nadhour-zaghouan-ennadhour-119608,Terrain,115000,2023-07-22,Zaghouan,En-Nadhour,En-Nadhour,1160,945,Non,Non,Non,Non,,,Non,Non,Non,Commerciale
menzili,https://www.menzili.tn/annonce/a-vendre-un-terrain-338m-sousse-kantaoui-119580,Terrain,75000000,2023-07-21,Sousse,Kantaoui,Kantaoui,4089,338,Non,Non,Non,Non,,,Non,Non,Non,Commerciale
menzili,https://www.menzili.tn/annonce/terrains-viabiliser-a-vendre-benarous-mornag-119546,Terrain,,2023-07-20,Ben Arous,Mornag,Mornag,2090,1109,Non,Non,Oui,Oui,,,Non,Oui,Oui,Commerciale
menzili,https://www.menzili.tn/annonce/terrain-a-bordj-hfaiedh-nabeul-bouargoub-119534,Terrain,,2023-07-20,Nabeul,Bou Argoub,Km 51 bordj hfaiedh Nabeul,8025,6000,Titre Bleu,Non,Non,Non,,,Oui,Non,Non,Commerciale
menzili,https://www.menzili.tn/annonce/lots-de-terrains-a-vendre-a-mohammedia-benarous-mohamedia-119529,Terrain,21000,2023-07-20,Ben Arous,Mohamadia,Cite Mongi Slim 1,2013,150,Non,Non,Non,Non,,,Non,Non,Non,Commerciale
menzili,https://www.menzili.tn/annonce/vente-terrain-tunis-agba-119514,Terrain,,2023-07-20,Tunis,Agba,tunis,1000,365,Oui,Non,Non,Non,,,Non,Non,Non,Commerciale
menzili,https://www.menzili.tn/annonce/terrain-viabilise-411m-nabeul-soliman-65984,Terrain,,2021-09-01,Nabeul,Soliman,soliman,8020,411,Non,Non,Oui,Non,,,Non,Oui,Oui,Résidentielle
menzili,https://www.menzili.tn/annonce/terrain-commercial-soliman-nabeul-soliman-64606,Terrain,,2021-08-12,Nabeul,Soliman,soliman,8020,425,Non,Non,Non,Non,,,Oui,Non,Non,Commerciale
menzili,https://www.menzili.tn/annonce/a-vendre-une-ferme-a-kalaa-el-kebira-sousse-kalaakebira-119498,Terrain,550000,2023-07-20,Sousse,Kalaâ Kebira,Kalaâ Kebira,4000,5000,Titre Individuel,Non,Non,Non,,,Non,Oui,Oui,Commerciale
menzili,https://www.menzili.tn/annonce/terrain-agricole-beni-wayel-hammamet-vt2280-nabeul-hammamet-119474,Terrain,1100000,2023-07-19,Nabeul,Hammamet,Beni Wayel Hammamet,8050,40000,Non,Non,Non,Non,,,Oui,Oui,Oui,Commerciale
menzili,https://www.menzili.tn/annonce/un-lot-de-terrain-fait-l-ongle-situe-a-boumhel-benarous-boumhel-119444,Terrain,120000,2023-07-19,Ben Arous,Boumhel,Boumhel,2013,243,Non,Non,Non,Non,,,Non,Non,Non,Commerciale
menzili,https://www.menzili.tn/annonce/terrain-bon-occasion-monastir-jemmal-119442,Terrain,80000,2023-07-19,Monastir,Jemmal,ons.ghrairi@monaplast.com,5020,270,Non,Non,Non,Oui,,,Oui,Non,Non,Commerciale
menzili,https://www.menzili.tn/annonce/Avendre-terrain-a-el-ksar-gafsa-gafsa-elksar-119417,Terrain,,2023-07-19,Gafsa,El Ksar Gafsa,Rue 04/12/1952,2100,220,Non,Non,Non,Non,,,Non,Non,Non,Commerciale
menzili,https://www.menzili.tn/annonce/terrains-a-vendre-ariana-sidithabet-119413,Terrain,1500000,2023-07-18,Ariana,Sidi Thabet,awleddhifa@gmail.com,2080,88000,Non,Non,Non,Non,,,Oui,Non,Non,Commerciale
menzili,https://www.menzili.tn/annonce/terrain-ksar-ezit-hammamet-vt2267-nabeul-hammamet-119410,Terrain,150000,2023-07-18,Nabeul,Hammamet,Ksar Ezit Hammamet,8050,300,Non,Non,Non,Non,,,Oui,Oui,Oui,Résidentielle
menzili,https://www.menzili.tn/annonce/terrain-a-vendre-de-4300-m2-a-enfidha-sousse-enfidha-119351,Terrain,,2023-07-17,Sousse,Enfidha,Enfidha,4030,4300,Non,Non,Non,Non,,,Non,Non,Non,Commerciale
menzili,https://www.menzili.tn/annonce/3-terrains-a-batir-borj-touil-raoued-390dt-m-contact-55656145-ariana-raoued-119302,Terrain,,2023-07-17,Ariana,Raoued,bacaramelle@yahoo.fr,2083,846,Non,Non,Non,Non,,,Non,Non,Non,Résidentielle
menzili,https://www.menzili.tn/annonce/terrain-autorise-pour-immeuble-r-2-sfax-sakietezzit-119301,Terrain,800000,2023-07-17,Sfax,Sakiet Ezzit,Route Teniour km5,3021,1519,Non,Non,Non,Oui,,,Oui,Non,Non,Commerciale
menzili,https://www.menzili.tn/annonce/terrain-a-vendre-de-400-m2-a-tabarka-jendouba-tabarka-119299,Terrain,,2023-07-16,Jendouba,Tabarka,Tabarka,8110,400,Non,Non,Non,Non,,,Non,Non,Non,Commerciale
menzili,https://www.menzili.tn/annonce/terrain-benjemaa-louizi-sfax-routemenzelchaker-119221,Terrain,270000,2023-07-15,Sfax,Route Menzel Chaker,Route menzel Chaker Km12 zinket Mezghani,3051,2700,Non,Non,Non,Oui,,,Oui,Non,Non,Résidentielle
menzili,https://www.menzili.tn/annonce/terrain-a-vendre-tabarka-parc-alrimal-jendouba-tabarka-119284,Terrain,,2023-07-16,Jendouba,Parc Alrimal,Tabarka,8110,655,Non,Non,Non,Non,,,Non,Non,Non,Commerciale
menzili,https://www.menzili.tn/annonce/terrain-a-vendre-bizerte-hafr-limhor-bizerte-bizertesud-119277,Terrain,,2023-07-15,Bizerte,Bizerte Sud,Hafr limhor Bizerte,7000,700,Non,Non,Non,Non,,,Non,Non,Non,Commerciale
menzili,https://www.menzili.tn/annonce/terrain-as-vendre-nabeul-menzeltemime-119274,Terrain,,2023-07-15,Nabeul,Menzel Temime,Menzel Temime,8080,,Non,Non,Non,Oui,,,Non,Non,Non,Commerciale
menzili,https://www.menzili.tn/annonce/a-vendre-terrain-768m-a-hammamet-nord-nabeul-hammamet-119270,Terrain,1229000,2023-07-15,Nabeul,Hammamet,Hammamet,8050,768,Non,Non,Non,Non,,,Non,Non,Non,Commerciale
menzili,https://www.menzili.tn/annonce/a-vendre-terrain-350m-a-hammamet-nord-nabeul-hammamet-119268,Terrain,560000,2023-07-15,Nabeul,Hammamet,Hammamet,8050,350,Non,Non,Non,Non,20x16,,Non,Non,Non,Commerciale
menzili,https://www.menzili.tn/annonce/terrain-dalila-ref-t1711-nabeul-hammamet-118331,Terrain,200000,2023-07-04,Nabeul,Hammamet,Hammamet,8050,400,Non,Non,Non,Oui,,,Oui,Non,Non,Commerciale
menzili,https://www.menzili.tn/annonce/terrain-lis-de-mer-ref-t1713-nabeul-benikhiar-118329,Terrain,1152000,2023-07-04,Nabeul,Béni Khiar,Béni Khiar,8000,960,Oui,Non,Non,Non,,,Non,Non,Oui,Commerciale
menzili,https://www.menzili.tn/annonce/terrain-orpin-ref-t1728-nabeul-hammamet-118250,Terrain,191250,2023-07-03,Nabeul,Hammamet,Hammamet,8050,225,Non,Non,Oui,Non,,,Oui,Non,Non,Commerciale
menzili,https://www.menzili.tn/annonce/terrain-dille-ref-t1730-nabeul-hammamet-118248,Terrain,334000,2023-07-03,Nabeul,Hammamet,Hammamet,8050,2084,Non,Non,Non,Non,,,Non,Non,Non,Commerciale
menzili,https://www.menzili.tn/annonce/terrain-anemone-ref-t1729-nabeul-hammamet-118249,Terrain,255000,2023-07-03,Nabeul,Hammamet,Hammamet,8050,1500,Non,Non,Non,Non,,,Non,Non,Non,Commerciale
menzili,https://www.menzili.tn/annonce/terrain-rafik-ref-t1732-nabeul-hammamet-118247,Terrain,284900,2023-07-03,Nabeul,Hammamet,Hammamet,8050,814,Non,Non,Non,Non,,,Oui,Non,Non,Commerciale
menzili,https://www.menzili.tn/annonce/terrain-maher-2-ref-t1734-nabeul-benikhiar-118244,Terrain,288600,2023-07-03,Nabeul,Béni Khiar,Béni Khiar,8000,1443,Non,Non,Non,Non,,,Non,Non,Non,Commerciale
menzili,https://www.menzili.tn/annonce/terrain-le-magnifique-ref-t1688-nabeul-hammamet-118342,Terrain,124800,2023-07-04,Nabeul,Hammamet,Hammamet,8050,960,Non,Oui,Non,Non,,,Non,Non,Non,Résidentielle
menzili,https://www.menzili.tn/annonce/a-vendre-terrain-r-4-sahloul-4-sousse-sousse-sahloul-94170,Terrain,1850,2022-08-20,Sousse,Sahloul,Sahloul,4054,848,Non,Non,Non,Non,,,Non,Non,Non,Commerciale
menzili,https://www.menzili.tn/annonce/t185-terrain-aicha-tunis-centrevillelafayette-119217,Terrain,4000,2023-07-14,Tunis,Centre Ville - Lafayette,smartowner724@gmail.com,1000,4500,Non,Non,Non,Non,,,Non,Non,Non,Commerciale
menzili,https://www.menzili.tn/annonce/terrain-constructible-cite-irrafeha-ariana-mnihla-119209,Terrain,,2023-07-14,Ariana,Mnihla,Mnihla,2094,178,Non,Non,Non,Oui,,,Non,Non,Non,Commerciale
menzili,https://www.menzili.tn/annonce/terrain-pied-dans-l-eau-tunis-centrevillelafayette-119133,Terrain,39000,2023-07-14,Tunis,Centre Ville - Lafayette,Hammam El Ghezaz - ezzahra,2034,1000,Non,Non,Non,Non,,,Non,Non,Oui,Commerciale
menzili,https://www.menzili.tn/annonce/terrain-pied-dans-l-eau-a-kelibia-a-400-dt-m2-nabeul-kelibia-117285,Terrain,600000,2023-06-13,Nabeul,Kélibia,8090 RUE HALAB,8000,1480,Titre Bleu,Non,Non,Non,,,Oui,Non,Oui,Commerciale
menzili,https://www.menzili.tn/annonce/ref-3301-terrain-de-251-m-a-el-bechia-menzel-jemil-bizerte-menzeljemil-119099,Terrain,,2023-07-13,Bizerte,Menzel Jemil,Menzel Jemil,7080,251,Non,Non,Non,Oui,,,Non,Non,Non,Commerciale
menzili,https://www.menzili.tn/annonce/terrain-maher-1-ref-t1733-nabeul-hammamet-118245,Terrain,225400,2023-07-03,Nabeul,Hammamet,Hammamet,8050,322,Non,Non,Non,Non,,,Non,Non,Non,Commerciale
menzili,https://www.menzili.tn/annonce/terrain-a-kelibia-2884-m2-nabeul-kelibia-118925,Terrain,360000,2023-07-11,Nabeul,Kélibia,Kélibia,8000,2884,Non,Non,Non,Non,,,Non,Non,Non,Commerciale
menzili,https://www.menzili.tn/annonce/terrain-a-sahline-mootmar-monastir-monastir-sahline-118924,Terrain,400000,2023-07-11,Monastir,Sahline,Sahline,5012,640,Non,Non,Non,Oui,,,Non,Oui,Oui,Résidentielle
menzili,https://www.menzili.tn/annonce/a-vendre-terrain-1491m-a-maamoura-nabeul-benikhiar-118923,Terrain,268000,2023-07-11,Nabeul,Béni Khiar,Béni Khiar,8000,1491,Oui,Non,Oui,Non,,,Non,Non,Non,Résidentielle
menzili,https://www.menzili.tn/annonce/terrain-a-kelibia-pres-a-la-merville-plage-nabeul-kelibia-118899,Terrain,,2023-07-11,Nabeul,Kélibia,Kélibia,8000,,Non,Non,Non,Non,,,Non,Non,Non,Commerciale
menzili,https://www.menzili.tn/annonce/terrain-a-kerkouane-pres-a-la-plage-nabeul-kelibia-118765,Terrain,,2023-07-10,Nabeul,Kélibia,Kélibia,8000,5000,Titre Bleu,Non,Non,Non,,,Oui,Non,Non,Commerciale
menzili,https://www.menzili.tn/annonce/terrain-a-dar-allouch-vu-panoramique-a-la-plage-et-montagne-nabeul-kelibia-118749,Terrain,45000,2023-07-09,Nabeul,Kélibia,Kélibia,8000,130,Titre Bleu,Non,Non,Non,,,Non,Non,Oui,Commerciale
menzili,https://www.menzili.tn/annonce/terrain-commerciale-pied-dans-leau-a-hammam-sousse-kantaoui-sousse-kantaoui-118663,Terrain,2250,2023-07-08,Sousse,Kantaoui,Terrain hammam sousse,4089,650,Oui,Non,Non,Non,,,Non,Non,Non,Commerciale
menzili,https://www.menzili.tn/annonce/a-vendre-un-terrain-29-256-234-nabeul-hammametsud-118629,Terrain,,2023-07-08,Nabeul,Hammamet Sud,HAMMAMET SUD,8050,414,Non,Non,Non,Non,,,Non,Oui,Oui,Commerciale
menzili,https://www.menzili.tn/annonce/terrain-a-kelibia-plage-dherwa-nabeul-kelibia-118609,Terrain,100000,2023-07-08,Nabeul,Kélibia,kelibia ( plage dherwa),8090,400,Non,Non,Non,Non,,,Oui,Oui,Non,Commerciale
menzili,https://www.menzili.tn/annonce/250m2-situe-a-dar-allouch-5-minute-a-la-plage-nabeul-kelibia-118597,Terrain,39000,2023-07-08,Nabeul,Kélibia,dar allouch,8000,250,Titre Bleu,Non,Non,Non,,,Non,Non,Non,Commerciale
menzili,https://www.menzili.tn/annonce/terrain-a-vendre-situe-a-dar-allouch-nabeul-kelibia-118546,Terrain,500000,2023-07-07,Nabeul,Kélibia,dar allouch,8000,6000,Titre Bleu,Non,Non,Non,,,Non,Non,Non,Commerciale
menzili,https://www.menzili.tn/annonce/terrain-laelia-ref-t1727-nabeul-hammamet-118257,Terrain,104000,2023-07-03,Nabeul,Hammamet,Hammamet,8050,1040,Non,Non,Non,Non,,,Non,Non,Non,Commerciale
menzili,https://www.menzili.tn/annonce/terrain-335-m-a-oued-souhil-nabeul-nabeul-nabeul-118496,Terrain,435000,2023-07-06,Nabeul,Nabeul,Nabeul,8000,335,Oui,Non,Non,Oui,16x21,16,Non,Non,Non,Commerciale
menzili,https://www.menzili.tn/annonce/terrain-villa-pe-a-a-vendre-a-borj-taouil-ariana-raoued-118479,Terrain,135000,2023-07-06,Ariana,Raoued,Raoued,2083,300,Non,Non,Non,Non,,,Non,Non,Non,Commerciale
menzili,https://www.menzili.tn/annonce/terrain-a-vendre-a-kelibia-tamezrat-nabeul-kelibia-118449,Terrain,18840,2023-07-06,Nabeul,Kélibia,29833379,8000,157,Non,Non,Non,Non,,,Non,Non,Non,Commerciale
menzili,https://www.menzili.tn/annonce/vente-terrain-de-100-m2-tunis-lamarsa-118441,Terrain,,2023-07-05,Tunis,La Marsa,La Marsa,2070,100,Non,Non,Non,Non,,,Non,Non,Non,Commerciale
menzili,https://www.menzili.tn/annonce/terrain-agricole-de-2000-m-a-foukaia-chott-meriem-sousse-akouda-118421,Terrain,,2023-07-05,Sousse,Akouda,Akouda,4022,2000,Non,Non,Non,Non,,,Non,Non,Non,Commerciale
menzili,https://www.menzili.tn/annonce/immeuble-r1-de-300m-sur-un-terrain-de-150m-a-rades-benarous-rades-118394,Terrain,447000,2023-07-05,Ben Arous,Radès,Radès,2013,300,Non,Non,Non,Non,,,Non,Non,Non,Commerciale
menzili,https://www.menzili.tn/annonce/a-vendre-un-terrain-a-3-km-de-jinen-hammamet-nabeul-hammametsud-118393,Terrain,,2023-07-05,Nabeul,Hammamet Sud,HAMMAMET SUD,8050,342,Non,Non,Non,Non,,,Oui,Oui,Oui,Commerciale
menzili,https://www.menzili.tn/annonce/terrain-azzul-a-vendre-a-la-manouba-manouba-manoubaville-118386,Terrain,292000,2023-07-05,Manouba,Manouba Ville,Manouba Ville,2010,343,Non,Non,Non,Non,,,Non,Non,Non,Résidentielle
menzili,https://www.menzili.tn/annonce/immeuble-centre-ville-mateur-et-terrain-grande-surface-plein-centre-ville-bizerte-mateur-118348,Terrain,975000,2023-07-04,Bizerte,Mateur,93 Avenue Habib Bourguiba,7030,771,Non,Non,Non,Oui,,,Non,Non,Non,Commerciale
menzili,https://www.menzili.tn/annonce/terrain-cannelle-ref-t1699-nabeul-hammamet-118337,Terrain,90000,2023-07-04,Nabeul,Hammamet,Hammamet,8050,200,Non,Non,Non,Non,,,Non,Non,Non,Commerciale
menzili,https://www.menzili.tn/annonce/terrain-lovely-ref-t1702-nabeul-hammamet-118336,Terrain,325000,2023-07-04,Nabeul,Hammamet,Hammamet,8050,500,Non,Non,Non,Non,,,Oui,Non,Non,Commerciale
menzili,https://www.menzili.tn/annonce/terrain-aymen-ref-t1703-nabeul-hammamet-118335,Terrain,650000,2023-07-04,Nabeul,Hammamet,Hammamet,8050,1000,Non,Non,Non,Non,,,Oui,Non,Non,Commerciale
menzili,https://www.menzili.tn/annonce/terrain-jonquille-ref-t1705-nabeul-hammamet-118334,Terrain,189000,2023-07-04,Nabeul,Hammamet,Hammamet,8050,210,Non,Non,Non,Non,,,Non,Non,Non,Commerciale
menzili,https://www.menzili.tn/annonce/terrain-chaima-ref-t1706-nabeul-hammamet-118333,Terrain,1260000,2023-07-04,Nabeul,Hammamet,Hammamet,8050,1050,Non,Non,Non,Non,,,Oui,Non,Non,Commerciale
menzili,https://www.menzili.tn/annonce/terrain-yossra-ref-t1710-nabeul-hammamet-118332,Terrain,545300,2023-07-04,Nabeul,Hammamet,Hammamet,8050,1558,Oui,Non,Non,Non,,,Non,Non,Non,Commerciale
menzili,https://www.menzili.tn/annonce/terrain-kounouz-ref-t1712-nabeul-hammamet-118330,Terrain,100000,2023-07-04,Nabeul,Hammamet,Hammamet,8050,200,Non,Non,Non,Oui,,,Oui,Non,Non,Commerciale
menzili,https://www.menzili.tn/annonce/terrain-andreas-A-vendre-A-la-soukra-ariana-lasoukra-118323,Terrain,650000,2023-07-04,Ariana,La Soukra,la soukra,2036,500,Non,Non,Non,Non,,,Oui,Non,Non,Résidentielle
menzili,https://www.menzili.tn/annonce/terrain-a-vendre-raoued-ariana-raoued-118298,Terrain,24000000,2023-07-04,Ariana,Raoued,Soukra,2083,135,Non,Non,Non,Non,,,Non,Non,Non,Commerciale
menzili,https://www.menzili.tn/annonce/terrain-la-colline-2-ref-t1718-nabeul-hammametnord-118285,Terrain,140000,2023-07-03,Nabeul,Hammamet Nord,Hammamet Nord,8050,400,Non,Oui,Non,Non,,,Non,Non,Non,Commerciale
menzili,https://www.menzili.tn/annonce/terrain-sparkle-ref-t1719-nabeul-hammamet-118283,Terrain,240000,2023-07-03,Nabeul,Hammamet,Hammamet,8050,480,Non,Non,Non,Non,,,Oui,Non,Non,Commerciale
menzili,https://www.menzili.tn/annonce/terrain-maurice-ref-t1722-nabeul-hammamet-118282,Terrain,250000,2023-07-03,Nabeul,Hammamet,Hammamet,8050,600,Non,Non,Non,Non,,,Non,Non,Non,Commerciale
menzili,https://www.menzili.tn/annonce/terrain-merlin-ref-t1721-nabeul-benikhiar-118280,Terrain,272000,2023-07-03,Nabeul,Béni Khiar,Béni Khiar,8000,340,Titre Individuel,Non,Non,Non,,,Non,Non,Non,Résidentielle
menzili,https://www.menzili.tn/annonce/terrain-casper-2-ref-t1724-nabeul-hammamet-118273,Terrain,295000,2023-07-03,Nabeul,Hammamet,Hammamet,8050,737,Non,Non,Non,Non,,,Non,Non,Non,Commerciale
menzili,https://www.menzili.tn/annonce/terrain-elevis-ref-t1725-nabeul-hammamet-118272,Terrain,613200,2023-07-03,Nabeul,Hammamet,Hammamet,8050,1022,Non,Non,Non,Non,,,Non,Non,Non,Commerciale
menzili,https://www.menzili.tn/annonce/terrain-lorenzo-ref-t1726-nabeul-mrezga-118258,Terrain,585200,2023-07-03,Nabeul,Mrezga,Mrezga,8058,532,Non,Non,Non,Non,,,Non,Non,Non,Résidentielle
menzili,https://www.menzili.tn/annonce/hammam-bourguiba-ain-drahem-terrain-nu-avec-titre-foncier-individuel-jendouba-aindraham-118218,Terrain,,2023-07-03,Jendouba,Ain Draham,Hammam bourguiba,8130,1780,Oui,Non,Non,Non,,,Oui,Non,Non,Commerciale
menzili,https://www.menzili.tn/annonce/des-terrains-nu-a-plage-dar-allouche-kelibia-nabeul-kelibia-118209,Terrain,131000,2023-07-02,Nabeul,Kélibia,immobilieremtar@gmail.com,8000,262,Titre Bleu,Non,Non,Non,,,Non,Non,Non,Résidentielle
menzili,https://www.menzili.tn/annonce/vends-terrain-proche-route-de-bizerte-ariana-mnihla-118120,Terrain,,2023-06-29,Ariana,km8,Route de bizerte,7000,870,Non,Non,Non,Non,,,Oui,Non,Non,Commerciale
menzili,https://www.menzili.tn/annonce/A-vendre-un-terrain-a-boukhris-bizerte-bizerte-bizertenord-118092,Terrain,,2023-06-27,Bizerte,Bizerte Nord,Bizerte Nord,7000,467,Titre Bleu,Non,Non,Non,,,Non,Non,Non,Résidentielle
menzili,https://www.menzili.tn/annonce/terrain-de-200m-a-megrine-coteaux-benarous-megrine-117952,Terrain,320000,2023-06-23,Ben Arous,Mégrine,Mégrine,2033,200,Oui,Non,Non,Non,,,Non,Non,Non,Commerciale
menzili,https://www.menzili.tn/annonce/3-terrains-nu-a-jinen-el-mansoura-kelibia-nabeul-kelibia-118031,Terrain,117500,2023-06-25,Nabeul,Kélibia,immobilieremtar@gmail.com,8000,250,Titre Bleu,Non,Non,Non,,,Non,Non,Non,Commerciale
menzili,https://www.menzili.tn/annonce/des-terrains-nu-a-jinen-el-mansoura-nabeul-kelibia-118024,Terrain,135300,2023-06-25,Nabeul,Kélibia,jinen el mansoura kélibia,8000,246,Titre Bleu,Non,Non,Non,,,Non,Non,Non,Commerciale
menzili,https://www.menzili.tn/annonce/terrain-nu-a-jinen-el-mansoura-kelibia-nabeul-kelibia-118023,Terrain,92500,2023-06-25,Nabeul,Kélibia,jinen el mansoura kélibia,8000,197,Titre Bleu,Non,Non,Non,,,Non,Non,Non,Commerciale
menzili,https://www.menzili.tn/annonce/terrain-a-vendre-a-djerba-ghizen-titre-bleu-medenine-djerbahoumtsouk-118021,Terrain,248820,2023-06-25,Médenine,Tunisie,Ghizen,1000,3828,Titre Bleu,Non,Non,Non,,,Oui,Non,Non,Commerciale
menzili,https://www.menzili.tn/annonce/terrain-merveille-a-vendre-a-gammarth-harrouch-tunis-gammarth-117986,Terrain,1350000,2023-06-24,Tunis,Gammarth,Gammarth,2078,750,Non,Non,Non,Non,,21,Non,Non,Non,Résidentielle
menzili,https://www.menzili.tn/annonce/terrain-a-vendre-a-hammamet-nabeul-hammamet-117983,Terrain,23000,2023-06-24,Nabeul,Hammamet,Hammamet,8050,179,Titre Bleu,Non,Non,Non,,,Non,Oui,Oui,Commerciale
menzili,https://www.menzili.tn/annonce/terrain-ideal-pour-votre-projet-immobilier-nabeul-hammamet-117976,Terrain,,2023-06-24,Nabeul,Hammamet,hammamet,8050,269,Non,Non,Non,Non,,,Non,Non,Non,Commerciale
menzili,https://www.menzili.tn/annonce/terrain-de-281-m2-a-jinen-hammamet-nabeul-hammamet-117967,Terrain,,2023-06-24,Nabeul,Hammamet,hammamet,8050,281,Non,Non,Non,Non,,,Oui,Oui,Oui,Commerciale
menzili,https://www.menzili.tn/annonce/terrain-a-vendre-a-mnihla-rue-principale-ariana-mnihla-117948,Terrain,,2023-06-23,Ariana,Mnihla,Mnihla,2094,600,Non,Non,Non,Non,,,Non,Non,Non,Commerciale
menzili,https://www.menzili.tn/annonce/a-vendre-un-terrain-au-bord-de-la-mer-nabeul-kelibia-117943,Terrain,,2023-06-23,Nabeul,Kélibia,kerkwene,8000,130,Non,Non,Non,Non,,,Non,Non,Non,Commerciale
menzili,https://www.menzili.tn/annonce/terrain-dans-un-emplacement-en-amelioration-nabeul-kelibia-117939,Terrain,,2023-06-23,Nabeul,Kélibia,kerkwene,8000,130,Non,Non,Non,Non,,,Non,Non,Non,Commerciale
menzili,https://www.menzili.tn/annonce/terrain-dans-un-emplacement-luxueux-nabeul-kelibia-117937,Terrain,,2023-06-23,Nabeul,Kélibia,kerkwene,8000,135,Non,Non,Non,Non,,,Non,Non,Non,Commerciale
menzili,https://www.menzili.tn/annonce/a-vendre-avec-facilite-terrain-400m-nabeul-hammametsud-117925,Terrain,85800,2023-06-23,Nabeul,Hammamet Sud,Hammamet Sud,8050,400,Non,Non,Non,Non,,,Non,Non,Non,Commerciale
menzili,https://www.menzili.tn/annonce/terrain-constructible-manouba-manouba-manoubaville-117897,Terrain,,2023-06-22,Manouba,Manouba Ville,Manouba Ville,2010,120,Titre Bleu,Non,Non,Oui,,,Non,Oui,Oui,Commerciale
menzili,https://www.menzili.tn/annonce/terrain-a-vendre-de-350-m2-nabeul-hammametsud-117886,Terrain,,2023-06-22,Nabeul,Hammamet Sud,agence immoteam,8050,350,Non,Non,Non,Non,,,Oui,Oui,Oui,Commerciale
menzili,https://www.menzili.tn/annonce/a-vendre-un-superbe-terrain-de-superficie-400m-nabeul-hammamet-117878,Terrain,,2023-06-22,Nabeul,Hammamet,hammamet,8050,400,Non,Non,Non,Non,,,Non,Non,Non,Commerciale
menzili,https://www.menzili.tn/annonce/a-vendre-un-superbe-terrain-de-superficie-247-nabeul-hammamet-117877,Terrain,,2023-06-22,Nabeul,Hammamet,hammamet,8050,247,Non,Non,Non,Non,,,Non,Non,Non,Commerciale
menzili,https://www.menzili.tn/annonce/terrain-a-vendre-de-435-m2-nabeul-hammametsud-117876,Terrain,,2023-06-22,Nabeul,Hammamet Sud,agence immoteam,8050,435,Non,Non,Non,Non,,,Non,Non,Non,Commerciale
menzili,https://www.menzili.tn/annonce/a-vendre-un-superbe-terrain-de-1031-m2-nabeul-hammamet-117857,Terrain,,2023-06-22,Nabeul,Hammamet,Hammamet,8050,1031,Non,Non,Non,Non,,,Oui,Non,Non,Commerciale
menzili,https://www.menzili.tn/annonce/terrain-a-vendre-nour-28-256-015-nabeul-hammametnord-117841,Terrain,,2023-06-22,Nabeul,Hammamet Nord,agence immoteam,8050,400,Non,Non,Non,Non,,,Non,Non,Non,Commerciale
menzili,https://www.menzili.tn/annonce/terrain-viabilise-pres-de-la-mer-ariana-raoued-117818,Terrain,,2023-06-21,Ariana,Raoued,Raoued plage,2083,467,Non,Non,Oui,Non,,,Non,Non,Non,Résidentielle
menzili,https://www.menzili.tn/annonce/a-vendre-terrain-vue-sur-mer-nabeul-kelibia-117778,Terrain,39000,2023-06-21,Nabeul,Kélibia,Kerkouan,8000,130,Non,Oui,Non,Non,,,Non,Non,Non,Commerciale
menzili,https://www.menzili.tn/annonce/terrain-a-vendre-a-manzel-bouzien-sidibouzid-menzelbouzaiane-117772,Terrain,,2023-06-20,Sidi Bouzid,Menzel Bouzaiane,Menzel Bouzaiane,9100,400,Non,Non,Non,Non,,,Non,Non,Non,Commerciale
menzili,https://www.menzili.tn/annonce/terrain-a-vendre-350-m2-beni-khalled-zone-lycee-rue-manzah-nabeul-benikhalled-117769,Terrain,87000,2023-06-20,Nabeul,Béni Khalled,rue manzah beni khalled,8042,350,Non,Non,Non,Non,,,Non,Non,Non,Commerciale
menzili,https://www.menzili.tn/annonce/terrain-agricole-malo-a-vendre-a-bizerte-bizerte-bizertenord-117760,Terrain,560000,2023-06-20,Bizerte,Bizerte Nord,Bizerte Nord,7000,2000,Non,Non,Non,Non,,,Oui,Non,Non,Commerciale
menzili,https://www.menzili.tn/annonce/terrain-villa-alessio-a-vendre-a-raoued-plage-ariana-raoued-117729,Terrain,85000,2023-06-20,Ariana,Raoued,Raoued,2083,200,Non,Non,Non,Non,,,Non,Non,Non,Commerciale
menzili,https://www.menzili.tn/annonce/terrain-de-1000m-a-mornag-cite-chikh-benarous-mornag-117722,Terrain,350000,2023-06-20,Ben Arous,Mornag,morneg,2090,1000,Oui,Non,Non,Non,,,Non,Non,Non,Commerciale
menzili,https://www.menzili.tn/annonce/villa-avec-piscine-a-louer-nabeul-hammamet-117612,Terrain,1200,2023-06-20,Nabeul,Hammamet,nourlahirech3@gmail.com,8050,,Non,Non,Non,Non,,,Non,Non,Non,Commerciale
menzili,https://www.menzili.tn/annonce/terrain-a-plage-el-haouaria-pieds-dans-l-eau-nabeul-elhaouaria-117607,Terrain,85000,2023-06-20,Nabeul,El Haouaria,El Haouaria,8045,107,Non,Non,Non,Non,,,Non,Non,Oui,Commerciale
menzili,https://www.menzili.tn/annonce/terrain-de-360-m2-a-vendre-monastir-sahline-117606,Terrain,,2023-06-20,Monastir,Sahline,rue hedi chaker mootmar sahline,5012,360,Non,Non,Non,Non,,,Non,Non,Non,Commerciale
menzili,https://www.menzili.tn/annonce/terrain-nu-a-vendre-a-ghar-el-melh-bizerte-gharelmelh-117601,Terrain,740000,2023-06-19,Bizerte,Ghar El Melh,Ghar El Melh,7023,1645,Oui,Non,Non,Non,,,Non,Non,Non,Résidentielle
menzili,https://www.menzili.tn/annonce/terrain-nu-a-plage-ezzahra-nabeul-kelibia-117462,Terrain,450000,2023-06-18,Nabeul,Kélibia,plage ezzahra kélibia,2034,500,Titre Bleu,Non,Non,Non,,,Non,Non,Non,Commerciale
menzili,https://www.menzili.tn/annonce/terrain-nu-a-plage-ezzahra-kelibia-nabeul-kelibia-117460,Terrain,280000,2023-06-18,Nabeul,Kélibia,plage ezzahra kélibia,2034,700,Titre Bleu,Non,Non,Non,,,Non,Non,Non,Commerciale
menzili,https://www.menzili.tn/annonce/des-terrains-nu-nabeul-kelibia-117441,Terrain,185250,2023-06-17,Nabeul,Kélibia,plage ezzahra,2034,285,Non,Non,Non,Non,,,Non,Non,Non,Résidentielle
menzili,https://www.menzili.tn/annonce/a-vendre-terrain-260m-a-afh-mrezga-nabeul-nabeul-117394,Terrain,270000,2023-06-16,Nabeul,Nabeul,Nabeul,8000,260,Non,Non,Non,Non,,15,Non,Non,Non,Commerciale
menzili,https://www.menzili.tn/annonce/terrain-nu-a-kelibia-nabeul-kelibia-117391,Terrain,175000,2023-06-16,Nabeul,Kélibia,assemer kélibia,8000,500,Non,Non,Non,Non,25x20,,Non,Oui,Oui,Commerciale
menzili,https://www.menzili.tn/annonce/terrain-oued-ellil-manouba-ouedellil-117384,Terrain,3500000,2023-06-16,Manouba,Oued Ellil,Oued Ellil,2021,78140,Non,Non,Oui,Non,,,Oui,Non,Oui,Commerciale
menzili,https://www.menzili.tn/annonce/terrain-a-cote-des-villas-a-dwikhla-avec-un-emplacement-calme-nabeul-hammametsud-117369,Terrain,,2023-06-16,Nabeul,Hammamet Sud,Hammamet-sud,8050,270,Non,Non,Non,Non,,,Non,Non,Non,Commerciale
menzili,https://www.menzili.tn/annonce/a-vendre-terrain-380m-a-birchallouf-nabeul-nabeul-nabeul-117354,Terrain,152000,2023-06-15,Nabeul,Nabeul,Nabeul,8000,380,Non,Non,Non,Non,,,Non,Non,Non,Commerciale
menzili,https://www.menzili.tn/annonce/terrain-nu-nabeul-kelibia-117352,Terrain,,2023-06-15,Nabeul,Kélibia,Kélibia,8000,350,Non,Non,Non,Non,,,Non,Non,Non,Commerciale
menzili,https://www.menzili.tn/annonce/a-vendre-terrain-385m-a-sidi-achour-nabeul-nabeul-nabeul-117345,Terrain,281000,2023-06-15,Nabeul,Nabeul,Nabeul,8000,385,Oui,Non,Non,Oui,,,Oui,Non,Non,Commerciale
menzili,https://www.menzili.tn/annonce/terrain-maelly-a-vendre-a-l-aouina-tunis-laouina-117330,Terrain,1249200,2023-06-15,Tunis,L'aouina,el aouina,1000,1041,Non,Non,Non,Non,,,Oui,Non,Non,Résidentielle
menzili,https://www.menzili.tn/annonce/vends-terrain-agricole-nabeul-hammamet-117314,Terrain,120000,2023-06-14,Nabeul,Hammamet,hammam jeddidi,8050,1000,Non,Non,Non,Non,,,Non,Non,Non,Commerciale
menzili,https://www.menzili.tn/annonce/terrain-villa-ratil-a-vendre-a-cite-essahafa-ariana-ariana-arianaville-117306,Terrain,320000,2023-06-14,Ariana,Ariana Ville,54670670,2080,800,Non,Non,Non,Non,,,Non,Non,Non,Résidentielle
menzili,https://www.menzili.tn/annonce/terrain-villa-rinad-a-vendre-a-cite-el-ghazela-ariana-ghazela-117302,Terrain,840000,2023-06-14,Ariana,Ghazela,Ghazela,2080,646,Non,Non,Non,Non,,,Oui,Non,Non,Résidentielle
menzili,https://www.menzili.tn/annonce/vend-terrain-a-borj-louzir-ariana-borjlouzir-117249,Terrain,,2023-06-13,Ariana,Borj Louzir,El Menzah 9,2073,660,Non,Non,Non,Non,,,Oui,Non,Non,Commerciale
menzili,https://www.menzili.tn/annonce/terrain-agricole-jannet-a-vendre-a-cherfech-sidi-thabet-ariana-sidithabet-117231,Terrain,300000,2023-06-13,Ariana,Sidi Thabet,Sidi Thabet,2080,20463,Non,Non,Non,Non,,,Oui,Non,Non,Commerciale
menzili,https://www.menzili.tn/annonce/terrain-villa-elinar-a-vendre-a-bizerte-bizerte-bizertenord-117227,Terrain,230000,2023-06-13,Bizerte,Bizerte Nord,Bizerte Nord,7000,963,Non,Oui,Non,Non,,,Non,Non,Non,Commerciale
menzili,https://www.menzili.tn/annonce/terrain-carmela-A-vendre-A-la-soukra-ariana-lasoukra-117225,Terrain,280350,2023-06-13,Ariana,La Soukra,la soukra,2036,623,Non,Non,Non,Non,,,Oui,Non,Non,Résidentielle
menzili,https://www.menzili.tn/annonce/terrain-agricole-anhar-a-vendre-a-bizerte-bizerte-bizertenord-117223,Terrain,421440,2023-06-13,Bizerte,Bizerte Nord,Bizerte Nord,7000,3512,Non,Non,Non,Non,,,Oui,Non,Non,Commerciale
menzili,https://www.menzili.tn/annonce/terrain-agricole-orkida-a-vendre-a-tebourba-manouba-tebourba-117214,Terrain,300000,2023-06-13,Manouba,Tebourba,Tebourba,1130,28241,Non,Non,Non,Non,,,Non,Non,Non,Commerciale
menzili,https://www.menzili.tn/annonce/un-terrain-agricole-a-vendre-a-kalaa-kabira-sousse-kalaakebira-111523,Terrain,420000,2023-03-03,Sousse,Kalaâ Kebira,Kalaâ Kebira,4000,26000,Titre Bleu,Non,Non,Non,,,Non,Non,Non,Commerciale
menzili,https://www.menzili.tn/annonce/terrain-a-vendre-nabeul-nabeul-darchaabaneelfehri-117203,Terrain,,2023-06-12,Nabeul,route périphérique de Hamma,Dar Chaabane El Fehri,8011,5921,Non,Non,Non,Non,,103,Oui,Non,Non,Commerciale
menzili,https://www.menzili.tn/annonce/terrain-agricole-rihane-a-vendre-a-cherfech-sidi-thabet-ariana-sidithabet-117163,Terrain,1800000,2023-06-12,Ariana,Sidi Thabet,Sidi Thabet,2080,28750,Non,Non,Non,Non,,,Oui,Non,Non,Commerciale
menzili,https://www.menzili.tn/annonce/terrain-villa-rimen-a-vendre-a-cite-des-juges-raoued-plage-ariana-raoued-117160,Terrain,246000,2023-06-12,Ariana,Raoued,Raoued,2083,705,Non,Non,Non,Non,,,Non,Non,Non,Commerciale
menzili,https://www.menzili.tn/annonce/terrain-a-vendre-situe-a-hwamdia-ville-tabarka-jendouba-tabarka-117149,Terrain,18000,2023-06-11,Jendouba,Tabarka,Hwamdia tabarka,8110,150,Non,Non,Non,Non,,,Non,Non,Non,Commerciale
menzili,https://www.menzili.tn/annonce/3-lots-de-terrains-a-houmet-souk-medenine-djerbahoumtsouk-117147,Terrain,,2023-06-11,Médenine,Djerba-Houmt Souk,Fatou prés de Mosque ben Salah,4180,500,Non,Non,Non,Non,,,Non,Oui,Oui,Résidentielle
menzili,https://www.menzili.tn/annonce/a-vendre-un-terrain-de-162-m-a-hammamet-nabeul-hammamet-117142,Terrain,,2023-06-11,Nabeul,Hammamet,Hammamet,8050,162,Non,Non,Non,Non,,,Non,Non,Non,Commerciale
menzili,https://www.menzili.tn/annonce/a-vendre-un-terrain-de-700-m2-a-hammamet-nabeul-hammamet-117141,Terrain,,2023-06-11,Nabeul,Hammamet,Hammamet,8050,700,Non,Non,Non,Non,,,Non,Non,Non,Commerciale
menzili,https://www.menzili.tn/annonce/ideal-terrain-a-vendre-28256015-nabeul-hammamet-117140,Terrain,,2023-06-11,Nabeul,Hammamet,Hammamet,8050,6000,Non,Non,Non,Non,,,Non,Non,Non,Commerciale
menzili,https://www.menzili.tn/annonce/a-vendre-un-terrain-de-350m-a-nabeul-nabeul-hammamet-117139,Terrain,,2023-06-11,Nabeul,Hammamet,Hammamet,8050,350,Non,Non,Non,Non,,,Non,Oui,Oui,Commerciale
menzili,https://www.menzili.tn/annonce/a-vendre-un-superbe-terrain-de-943m-nabeul-hammamet-117138,Terrain,,2023-06-11,Nabeul,Hammamet,Hammamet,8050,943,Non,Non,Non,Non,,,Non,Non,Non,Commerciale
menzili,https://www.menzili.tn/annonce/a-vendre-un-terrain-a-3km-de-jinen-hammamet-nabeul-hammamet-117134,Terrain,,2023-06-11,Nabeul,Hammamet,Hammamet,8050,342,Non,Non,Non,Non,,,Non,Oui,Oui,Commerciale
menzili,https://www.menzili.tn/annonce/terrain-derriere-l-irm-a-gafsa-gafsa-gafsasud-117128,Terrain,,2023-06-11,Gafsa,Gafsa Sud,Zarroug prés de l'IRM,2100,470,Non,Non,Non,Non,,,Non,Non,Non,Commerciale
menzili,https://www.menzili.tn/annonce/terrain-viabilise-titre-belu-tunis-agba-117126,Terrain,,2023-06-10,Tunis,Agba,Agba,1000,235,Titre Bleu,Non,Oui,Non,,,Non,Non,Non,Résidentielle
menzili,https://www.menzili.tn/annonce/terrain-a-basatine-hammamet-nabeul-hammametnord-117122,Terrain,31000,2023-06-10,Nabeul,Hammamet Nord,bonne affaire,8050,1550,Non,Non,Non,Non,,,Non,Non,Non,Commerciale
menzili,https://www.menzili.tn/annonce/terrain-villa-a-vendre-a-cite-ettabak-la-marsa-tunis-lamarsa-117108,Terrain,445000,2023-06-10,Tunis,La Marsa,La Marsa,2070,356,Non,Non,Non,Non,,,Non,Non,Non,Commerciale
menzili,https://www.menzili.tn/annonce/terrain-a-vendre-sur-la-route-principale-ariana-ariana-borjlouzir-117100,Terrain,,2023-06-09,Ariana,Borj Louzir,Ariana,2073,500,Non,Non,Non,Non,,,Oui,Non,Non,Commerciale
menzili,https://www.menzili.tn/annonce/terrain-a-vendre-a-3km-du-rond-point-jinen-hammamet--29256234--nabeul-hammamet-117079,Terrain,,2023-06-09,Nabeul,Hammamet,Hammamet,8050,517,Non,Non,Non,Non,,,Non,Non,Non,Commerciale
menzili,https://www.menzili.tn/annonce/un-terrain-a-vendre-a-4km-de-yasmine-hammamet-29256234-nabeul-hammamet-117077,Terrain,,2023-06-09,Nabeul,Hammamet,Hammamet,8050,1040,Non,Non,Non,Non,,,Oui,Non,Non,Commerciale
menzili,https://www.menzili.tn/annonce/a-vendre-un-terrain-de-250-a-hammamet-nabeul-hammamet-117076,Terrain,,2023-06-09,Nabeul,Hammamet,Hammamet,8050,250,Non,Non,Non,Non,,,Non,Non,Non,Commerciale
menzili,https://www.menzili.tn/annonce/a-vendre-un-superbe-terrain-de-superficie-300-m-nabeul-hammamet-117066,Terrain,,2023-06-09,Nabeul,Hammamet,Hammamet,8050,,Non,Non,Non,Non,,,Oui,Non,Non,Commerciale
menzili,https://www.menzili.tn/annonce/terrain-constructible-a-corniche-bizerte-bizerte-bizertenord-117057,Terrain,,2023-06-09,Bizerte,Bizerte Nord,corniche Bizerte,7000,300,Non,Non,Non,Oui,,,Non,Non,Non,Commerciale
menzili,https://www.menzili.tn/annonce/a-vendre-un-terrain-de-650m-a-hammamet-nabeul-hammamet-117046,Terrain,,2023-06-09,Nabeul,Hammamet,Hammamet,8050,650,Non,Non,Non,Non,,,Non,Non,Non,Résidentielle
menzili,https://www.menzili.tn/annonce/a-vendre-terrains-en-kelibia-nabeul-kelibia-117005,Terrain,,2023-06-08,Nabeul,Kélibia,hayu albustan kelibia,8090,330,Non,Non,Non,Non,,,Non,Non,Non,Commerciale
menzili,https://www.menzili.tn/annonce/a-vendre-un-beau-terrain-a-hammamet-nabeul-hammamet-117000,Terrain,,2023-06-08,Nabeul,Hammamet,Hammamet,8050,500,Non,Non,Oui,Non,,,Non,Non,Non,Commerciale
menzili,https://www.menzili.tn/annonce/a-v-e-n-d-r-e-un-terrain-de-569m-a-hammamet-nabeul-hammamet-116992,Terrain,,2023-06-08,Nabeul,Hammamet,Hammamet,8050,569,Non,Non,Non,Non,,,Non,Non,Non,Commerciale
menzili,https://www.menzili.tn/annonce/terrain-de-6000-m2-a-vendre-nabeul-hammamet-116990,Terrain,,2023-06-08,Nabeul,Hammamet,Hammamet,8050,6000,Non,Non,Non,Non,,,Non,Non,Non,Commerciale
menzili,https://www.menzili.tn/annonce/terrain-villa-amaya-a-vendre-a-la-marsa-tunis-lamarsa-116988,Terrain,1054000,2023-06-08,Tunis,La Marsa,La Marsa,2070,620,Non,Non,Non,Non,,28,Non,Non,Non,Résidentielle
menzili,https://www.menzili.tn/annonce/a-vendre-un-superbe-terrain-28256015-nabeul-hammamet-116977,Terrain,,2023-06-08,Nabeul,Hammamet,Hammamet,8050,943,Non,Non,Non,Non,,,Non,Non,Non,Commerciale
menzili,https://www.menzili.tn/annonce/terrain-a-vendre-de-1039m-nabeul-hammamet-116976,Terrain,,2023-06-08,Nabeul,Hammamet,Hammamet,8050,1039,Non,Non,Non,Non,,,Oui,Non,Non,Commerciale
menzili,https://www.menzili.tn/annonce/terrain-villa-gloria-a-vendre-a-cite-el-marah-la-marsa-tunis-lamarsa-116967,Terrain,484400,2023-06-08,Tunis,La Marsa,La Marsa,2070,346,Non,Non,Non,Non,,,Non,Non,Non,Résidentielle
menzili,https://www.menzili.tn/annonce/a-vendre-un-beau-terrain-1520-m-de-a-hammamet-nabeul-hammamet-116966,Terrain,,2023-06-08,Nabeul,Hammamet,Hammamet,8050,1520,Non,Oui,Non,Non,,,Non,Non,Non,Commerciale
menzili,https://www.menzili.tn/annonce/ideal-terrain-de-590-m2-a-vendre-28256015-nabeul-hammamet-116951,Terrain,,2023-06-08,Nabeul,Hammamet,Hammamet,8050,590,Non,Non,Non,Non,,,Non,Non,Non,Commerciale
menzili,https://www.menzili.tn/annonce/terrain-th1124-a-cite-sidi-ali-bir-bouregba-nabeul-hammamet-116948,Terrain,734800,2023-06-08,Nabeul,Hammamet,Hammamet,8050,3340,Non,Non,Non,Non,,,Non,Non,Non,Résidentielle
menzili,https://www.menzili.tn/annonce/a-vendre-un-beau-terrain-28256015-nabeul-hammamet-116946,Terrain,,2023-06-08,Nabeul,Hammamet,Hammamet,8050,230,Non,Non,Non,Non,,,Non,Non,Non,Commerciale
menzili,https://www.menzili.tn/annonce/terrain-habitation-collective-de-444m-situe-a-la-zone-touristique-mahdia-mahdia-116938,Terrain,470000,2023-06-07,Mahdia,Mahdia,Mahdia,5100,444,Non,Non,Non,Non,,,Oui,Non,Non,Résidentielle
menzili,https://www.menzili.tn/annonce/terrain-agricole-de-1547m-situe-a-la-zone-touristique-mahdia-mahdia-116934,Terrain,299000,2023-06-07,Mahdia,Mahdia,Mahdia,5100,1547,Titre Individuel,Non,Non,Non,,,Non,Non,Non,Commerciale
menzili,https://www.menzili.tn/annonce/a-vendre-un-terrain-de-1031m-situe-a-4km-de-hammamet-yasmine-nabeul-hammamet-116933,Terrain,,2023-06-07,Nabeul,Hammamet,Hammamet,8050,1031,Non,Non,Non,Non,,,Oui,Non,Non,Commerciale
menzili,https://www.menzili.tn/annonce/terrain-habitation-individuelle-de-450m-situe-a-erraoudha-mahdia-mahdia-116932,Terrain,279000,2023-06-07,Mahdia,Mahdia,https://www.tecnocasa.tn/vendre/terrain/mahdia/mah,5100,450,Oui,Non,Non,Non,,,Non,Non,Non,Résidentielle
menzili,https://www.menzili.tn/annonce/terrain-habitation-individuelle-de-436m-situe-a-erraoudha-mahdia-mahdia-116925,Terrain,218000,2023-06-07,Mahdia,Mahdia,Mahdia,5100,436,Oui,Non,Non,Non,,,Non,Non,Non,Résidentielle
menzili,https://www.menzili.tn/annonce/a-vendre-un-terrain-de-220m-a-nabeul-nabeul-hammamet-116924,Terrain,,2023-06-07,Nabeul,Hammamet,Hammamet,8050,220,Non,Non,Non,Non,,,Non,Non,Non,Commerciale
menzili,https://www.menzili.tn/annonce/a-vendre-un-terrain-de-178m-a-hammamet-sud-nabeul-hammamet-116921,Terrain,,2023-06-07,Nabeul,Hammamet,Hammamet,8050,178,Non,Non,Non,Non,,,Non,Non,Non,Commerciale
menzili,https://www.menzili.tn/annonce/terrain-agricole-de-640m-situe-a-baghdedi-mahdia-mahdia-116918,Terrain,186000,2023-06-07,Mahdia,Mahdia,Mahdia,5100,640,Oui,Non,Non,Non,,,Non,Non,Non,Commerciale
menzili,https://www.menzili.tn/annonce/terrain-a-chabaw-de-150-m2-manouba-ouedellil-116912,Terrain,30000,2023-06-07,Manouba,Oued Ellil,Oued Ellil,2021,150,Non,Non,Non,Non,,,Non,Non,Non,Commerciale
menzili,https://www.menzili.tn/annonce/a-vendre-un-superbe-terrain-a-hammamet-nabeul-hammamet-116908,Terrain,,2023-06-07,Nabeul,Hammamet,Hammamet,8050,420,Non,Non,Non,Non,,,Non,Non,Non,Résidentielle
menzili,https://www.menzili.tn/annonce/terrain-a-vendre-entier-ou-parcelle-pres-de-la-plage-ariana-raoued-116902,Terrain,,2023-06-07,Ariana,Raoued,Raoud plage,2083,774,Non,Non,Non,Non,,,Non,Non,Non,Commerciale
menzili,https://www.menzili.tn/annonce/ideal-terrain-a-vendre-2825615-nabeul-hammamet-116899,Terrain,,2023-06-07,Nabeul,Hammamet,Hammamet,8050,341,Non,Non,Non,Non,,,Non,Non,Non,Commerciale
menzili,https://www.menzili.tn/annonce/a-vendre-un-terrain-de-180-m2-a-hammamet-nabeul-hammamet-116896,Terrain,,2023-06-07,Nabeul,Hammamet,Hammamet,8050,180,Non,Non,Non,Non,,,Non,Non,Non,Commerciale
menzili,https://www.menzili.tn/annonce/a-vendre-terrain-4057m-a-sidi-mahersi-nabeul-nabeul-116891,Terrain,850000,2023-06-07,Nabeul,Nabeul,Nabeul,8000,4057,Non,Non,Non,Non,,,Oui,Non,Non,Commerciale
menzili,https://www.menzili.tn/annonce/a-vendre-un-beau-terrain-de-300-m2-a-mrezga-nabeul-hammamet-116890,Terrain,,2023-06-07,Nabeul,Hammamet,Hammamet,8050,300,Non,Non,Non,Non,,,Non,Non,Non,Commerciale
menzili,https://www.menzili.tn/annonce/a-vendre-un-terrain-de-1056m-a-nabeul-nabeul-hammamet-116886,Terrain,,2023-06-07,Nabeul,Hammamet,Hammamet,8050,1056,Non,Non,Non,Non,,,Oui,Non,Non,Commerciale
menzili,https://www.menzili.tn/annonce/ideal-terrain-a-vendre-de-578-m-nabeul-hammamet-116881,Terrain,,2023-06-07,Nabeul,Hammamet,Hammamet,8050,578,Non,Non,Non,Non,,,Non,Non,Non,Commerciale
menzili,https://www.menzili.tn/annonce/a-vendre-un-terrain-a-hammamet-sud-nabeul-hammamet-116879,Terrain,,2023-06-07,Nabeul,Hammamet,Hammamet,8050,955,Non,Non,Non,Non,,,Non,Non,Non,Commerciale
menzili,https://www.menzili.tn/annonce/a-vendre-un-terrain-de-420-m2-nabeul-hammamet-116876,Terrain,,2023-06-07,Nabeul,Hammamet,Hammamet,8050,420,Non,Non,Non,Non,,,Non,Oui,Oui,Commerciale
menzili,https://www.menzili.tn/annonce/a-vendre-un-superbe-terrain-de-770-m2-nabeul-hammamet-116874,Terrain,,2023-06-07,Nabeul,Hammamet,Hammamet,8050,770,Non,Non,Non,Non,,,Non,Non,Non,Commerciale
menzili,https://www.menzili.tn/annonce/terrain-de-2500-m2-a-bourbaii-route-jbel-ouest-zaghouan-birmchergua-45665,Terrain,,2020-10-31,Zaghouan,Bir Mchergua,Bourbaii route jbel ouest,1100,2500,Titre Bleu,Non,Non,Non,,,Oui,Non,Non,Commerciale
menzili,https://www.menzili.tn/annonce/terrain-a-dar-allouche-kelibia-nabeul-kelibia-116830,Terrain,180000,2023-06-06,Nabeul,Kélibia,Kélibia,8000,252,Non,Non,Non,Non,,,Oui,Non,Oui,Commerciale
menzili,https://www.menzili.tn/annonce/terrain-a-vendre-a-jardins-d-el-mezah-2-ariana-jardinsdelmenzah-116756,Terrain,,2023-06-05,Ariana,Jardins D'el Menzah,Jardins D'el Menzah,1004,1000,Oui,Non,Non,Non,,,Oui,Oui,Oui,Commerciale
menzili,https://www.menzili.tn/annonce/terrain-a-vendre-a-5min-de-yasmine-hammamet-nabeul-hammamet-116755,Terrain,,2023-06-05,Nabeul,Hammamet,Hammamet,8050,414,Non,Non,Non,Non,,,Oui,Non,Non,Commerciale
menzili,https://www.menzili.tn/annonce/terrain-villa-diadora-a-vendre-a-borj-touil-ariana-raoued-116748,Terrain,210000,2023-06-05,Ariana,Raoued,borj touil,2083,463,Non,Non,Non,Non,,,Non,Non,Non,Commerciale
menzili,https://www.menzili.tn/annonce/terrain-de-875-m2-avec-une-maison-en-cours-de-construction-nabeul-menzeltemime-116747,Terrain,160000,2023-06-05,Nabeul,Menzel Temime,menzel temime,8080,875,Non,Non,Non,Oui,,,Non,Non,Non,Commerciale
menzili,https://www.menzili.tn/annonce/-a___vendre-un-terrain-de-281-m2-a-jinen-hammamet-nabeul-hammamet-116740,Terrain,,2023-06-05,Nabeul,Hammamet,Hammamet,8050,281,Non,Non,Non,Non,,,Oui,Oui,Oui,Commerciale
menzili,https://www.menzili.tn/annonce/terrain-villa-vega-a-vendre-a-bizerte-bizerte-bizertenord-116713,Terrain,75600,2023-06-05,Bizerte,Bizerte Nord,Bizerte Nord,7000,504,Non,Non,Non,Non,,,Oui,Non,Non,Commerciale
menzili,https://www.menzili.tn/annonce/terrain-a-vendre-de-300-m2-nabeul-hammametsud-116706,Terrain,,2023-06-05,Nabeul,Hammamet Sud,Hammamet Sud,8050,300,Non,Non,Non,Non,,,Non,Non,Non,Commerciale
menzili,https://www.menzili.tn/annonce/terrain-de-341-m2-a-vendre-nabeul-hammamet-116701,Terrain,,2023-06-05,Nabeul,Hammamet,Hammamet,8050,341,Oui,Non,Non,Non,,,Oui,Oui,Oui,Commerciale
menzili,https://www.menzili.tn/annonce/terrain-bjeoua-ariana-sidithabet-116689,Terrain,47500,2023-06-05,Ariana,Sidi Thabet,Sidi Thabet,2080,264,Non,Non,Non,Non,,,Non,Oui,Oui,Commerciale
menzili,https://www.menzili.tn/annonce/terrain-se-situe-a-ennagr-kalaa-sghira-a-12km-de-sousse-sousse-kalaasghira-116680,Terrain,140000,2023-06-04,Sousse,Kalaâ Sghira,cite olympic bouhsina sousse,4000,10480,Non,Non,Non,Non,,,Oui,Non,Non,Commerciale
menzili,https://www.menzili.tn/annonce/terrain-chebba-120-m2-pres-de-la-plage-casino-mahdia-chebba-116679,Terrain,66000,2023-06-04,Mahdia,Chebba,Cité de la plage prés de la casino,5170,120,Non,Non,Non,Non,8x15,,Non,Non,Non,Commerciale
menzili,https://www.menzili.tn/annonce/a-vendre-un-terrain-de-5500-m2-a-hammamet-sud-nabeul-hammamet-116676,Terrain,,2023-06-04,Nabeul,Hammamet,Hammamet,8050,5500,Non,Non,Non,Non,,,Non,Non,Non,Commerciale
menzili,https://www.menzili.tn/annonce/a-vendre-un-terrain-de-955-m2-a-hammamet-sud-nabeul-hammamet-116675,Terrain,,2023-06-04,Nabeul,Hammamet,Hammamet,8050,955,Non,Non,Non,Non,,,Non,Non,Non,Commerciale
menzili,https://www.menzili.tn/annonce/terrain-a-vendre-de-451-m2-nabeul-hammamet-116673,Terrain,,2023-06-04,Nabeul,Hammamet,Hammamet,8050,451,Oui,Non,Non,Non,,,Oui,Oui,Oui,Commerciale
menzili,https://www.menzili.tn/annonce/a-vendre-un-terrain-cite-n-nabeul-hammamet-116667,Terrain,,2023-06-04,Nabeul,Hammamet,Hammamet,8050,750,Non,Non,Non,Non,,,Non,Non,Non,Commerciale
menzili,https://www.menzili.tn/annonce/a-vendre-un-terrain-de-1056-m2-a-nabeul-nabeul-hammamet-116665,Terrain,,2023-06-04,Nabeul,Hammamet,Hammamet,8050,1056,Non,Non,Non,Non,,,Oui,Non,Non,Commerciale
menzili,https://www.menzili.tn/annonce/a-vendre-un-terrain-a-nabeul-nabeul-hammamet-116658,Terrain,,2023-06-04,Nabeul,Hammamet,Hammamet,8050,493,Non,Non,Non,Non,,,Non,Non,Non,Commerciale
menzili,https://www.menzili.tn/annonce/a-vendre-un-terrain-a-i-afh-mrezga-nabeul-hammamet-116654,Terrain,,2023-06-04,Nabeul,Hammamet,Hammamet,8050,380,Non,Non,Non,Non,,,Non,Non,Non,Commerciale
menzili,https://www.menzili.tn/annonce/a-vendre-un-terrain-de-281-m2-nabeul-hammamet-116649,Terrain,,2023-06-04,Nabeul,Hammamet,Hammamet,8050,281,Non,Non,Non,Non,,,Non,Oui,Oui,Commerciale
menzili,https://www.menzili.tn/annonce/a-vendre-un-ideal-terrain-a-hammamet-nabeul-hammamet-116648,Terrain,,2023-06-04,Nabeul,Hammamet,Hammamet,8050,450,Non,Non,Non,Non,,,Non,Non,Non,Commerciale
menzili,https://www.menzili.tn/annonce/a-vendre-un-terrain-de-3200m-a-hammamet-nord-nabeul-hammamet-116640,Terrain,,2023-06-03,Nabeul,Hammamet,Hammamet,8050,3200,Non,Non,Non,Non,,,Non,Non,Non,Commerciale
menzili,https://www.menzili.tn/annonce/a-vendre-un-terrain-de-628-m2-a-mrezga-a-hammamet-nord-nabeul-hammamet-116631,Terrain,,2023-06-03,Nabeul,Hammamet,Hammamet,8050,628,Non,Non,Non,Non,,,Non,Non,Non,Commerciale
menzili,https://www.menzili.tn/annonce/a-vendre-un-terrain-de-912-m2-a-hammamet-sud-nabeul-hammamet-116626,Terrain,,2023-06-03,Nabeul,Hammamet,Hammamet,8050,912,Non,Non,Non,Non,,,Non,Non,Non,Commerciale
menzili,https://www.menzili.tn/annonce/a-vendre-a-merzga-un-bel-terrain-nabeul-hammamet-116624,Terrain,,2023-06-03,Nabeul,Hammamet,Hammamet,8050,246,Non,Non,Non,Non,,,Non,Non,Non,Commerciale
menzili,https://www.menzili.tn/annonce/a-vendre-a-hammamet-un-superbe-terrain-nabeul-hammamet-116617,Terrain,,2023-06-03,Nabeul,Hammamet,Hammamet,8050,230,Non,Non,Non,Non,,,Non,Non,Non,Commerciale
menzili,https://www.menzili.tn/annonce/a-vendre-un-terrain-de-710m-a-mrezga-nabeul-hammamet-116609,Terrain,,2023-06-03,Nabeul,Hammamet,Hammamet,8050,710,Non,Non,Non,Non,,,Non,Non,Non,Commerciale
menzili,https://www.menzili.tn/annonce/terrain-a-vendre-manar1-ariana-manar-116601,Terrain,1700,2023-06-03,Ariana,Manar,Rue taher Mehrzi Manar1,1004,419,Titre Bleu,Non,Non,Oui,,,Non,Non,Non,Résidentielle
menzili,https://www.menzili.tn/annonce/a-vendre-un-bel-terrain-a-nabeul-nabeul-nabeul-116600,Terrain,,2023-06-03,Nabeul,Nabeul,Nabeul,8000,341,Non,Non,Non,Non,,,Non,Non,Non,Commerciale
menzili,https://www.menzili.tn/annonce/a-vendre-un-beau-terrain-de-493-m-a-nabeul-nabeul-hammamet-116597,Terrain,,2023-06-03,Nabeul,Hammamet,Hammamet,8050,493,Non,Non,Non,Non,,,Non,Non,Non,Commerciale
menzili,https://www.menzili.tn/annonce/a-vendre-un-terrain-a-mrezga-hammamet-nord-nabeul-hammamet-116593,Terrain,,2023-06-03,Nabeul,Hammamet,Hammamet,8050,654,Non,Non,Non,Non,,,Non,Non,Non,Commerciale
menzili,https://www.menzili.tn/annonce/beau-terrain-a-capzbib-bizerte-rasjebel-116586,Terrain,,2023-06-02,Bizerte,Ras Jebel,capzbib bizerte,7025,,Titre Collectif,Non,Non,Non,,,Non,Non,Non,Commerciale
menzili,https://www.menzili.tn/annonce/a-vendre-un-terrain-de-200-m2-a-mrezga-a-hammamet-nord-nabeul-nabeul-116583,Terrain,,2023-06-02,Nabeul,Nabeul,Nabeul,8000,200,Non,Non,Non,Non,,,Non,Non,Non,Commerciale
menzili,https://www.menzili.tn/annonce/terrain-agricole-chabia-a-vendre-a-midoun-djerba-medenine-djerbamidoun-116563,Terrain,270000,2023-06-02,Médenine,Djerba - Midoun,54670670,4180,2497,Non,Non,Non,Non,,,Non,Non,Non,Commerciale
menzili,https://www.menzili.tn/annonce/a-vendre-un-bel-terrain-de-1000-m2-nabeul-hammamet-116562,Terrain,,2023-06-02,Nabeul,Hammamet,Hammamet,8050,1000,Non,Oui,Non,Non,,,Non,Non,Non,Commerciale
menzili,https://www.menzili.tn/annonce/a-vendre-un-terrain-situe-1-km-de-hammamet-yasmine-nabeul-hammamet-116530,Terrain,,2023-06-02,Nabeul,Hammamet,Hammamet,8050,600,Non,Non,Non,Non,,,Non,Non,Non,Commerciale
menzili,https://www.menzili.tn/annonce/terrain-en-indivision-hammamet-sud-nabeul-hammametsud-116512,Terrain,35000,2023-06-01,Nabeul,Hammamet Sud,Hammamet Sud,8050,200,Titre Collectif,Non,Non,Non,,,Oui,Non,Non,Commerciale
menzili,https://www.menzili.tn/annonce/a-vendre-un-terrain-a-3km-de-jinen-nabeul-hammamet-116489,Terrain,,2023-06-01,Nabeul,Hammamet,Hammamet,8050,380,Non,Non,Non,Non,,,Non,Oui,Oui,Commerciale
menzili,https://www.menzili.tn/annonce/terrain-agricole-a-dar-allouche-nabeul-kelibia-116477,Terrain,25000,2023-06-01,Nabeul,Kélibia,dar allouche,8000,36500,Non,Non,Non,Non,,,Non,Non,Non,Commerciale
menzili,https://www.menzili.tn/annonce/terrain-411m-a-afh-mrezge-nabeul-nabeul-nabeul-116474,Terrain,328000,2023-06-01,Nabeul,Nabeul,Nabeul,8000,411,Oui,Non,Non,Non,,,Non,Non,Non,Commerciale
menzili,https://www.menzili.tn/annonce/terrain-250m-double-facades-a-afh-mrezga-nabeul-nabeul-116472,Terrain,280000,2023-06-01,Nabeul,Nabeul,Nabeul,8000,250,Non,Non,Non,Non,16x155,16,Non,Non,Non,Commerciale
menzili,https://www.menzili.tn/annonce/a-vendre-un-terrain-28256015-nabeul-hammamet-116469,Terrain,,2023-06-01,Nabeul,Hammamet,Hammamet,8050,410,Non,Non,Non,Non,,,Non,Non,Non,Commerciale
menzili,https://www.menzili.tn/annonce/terrain-avec-titre-bleu-1450m2-sfax-thyna-116461,Terrain,,2023-06-01,Sfax,Thyna,route gabes km 6 à sfax,3040,1450,Titre Bleu,Non,Non,Non,,,Oui,Non,Non,Commerciale
menzili,https://www.menzili.tn/annonce/a-vendre-un-superbe-terrain-de-superficie-620m-nabeul-hammamet-116449,Terrain,,2023-06-01,Nabeul,Hammamet,Hammamet,8050,602,Non,Non,Non,Non,,,Oui,Non,Non,Commerciale
menzili,https://www.menzili.tn/annonce/terrain-a-vendre-lotissement-nozha-sidi-hssine-route-el-attar-tunis-sidihassine-116447,Terrain,,2023-06-01,Tunis,Sidi Hassine,sidi hssine route el attar,1096,180,Non,Non,Non,Non,,,Oui,Non,Non,Résidentielle
menzili,https://www.menzili.tn/annonce/a-vendre-un-terrain-situe-a-4km-yasmine-hammamet-nabeul-hammamet-116445,Terrain,,2023-06-01,Nabeul,Hammamet,Hammamet,8050,956,Non,Non,Non,Non,,,Oui,Non,Non,Commerciale
menzili,https://www.menzili.tn/annonce/a-vendre-terrain-628m-a-sidi-mahersi-nabeul-nabeul-nabeul-116437,Terrain,942000,2023-05-31,Nabeul,Nabeul,Nabeul,8000,628,Oui,Non,Oui,Non,,20,Non,Non,Non,Commerciale
menzili,https://www.menzili.tn/annonce/a-vendre-terrain-342m-a-sidi-mahersi-nabeul-nabeul-nabeul-116436,Terrain,547000,2023-05-31,Nabeul,Nabeul,Nabeul,8000,342,Oui,Non,Oui,Non,,,Non,Non,Non,Commerciale
menzili,https://www.menzili.tn/annonce/a-vendre-un-superbe-terrain-au-28256015-nabeul-hammamet-116429,Terrain,,2023-05-31,Nabeul,Hammamet,Hammamet,8050,1000,Non,Non,Non,Non,,,Non,Oui,Oui,Commerciale
menzili,https://www.menzili.tn/annonce/terrain-villa-anouck-a-vendre-a-kelibia-nabeul-kelibia-116426,Terrain,65000,2023-05-31,Nabeul,Kélibia,Kélibia,8000,209,Non,Non,Non,Non,,,Non,Non,Non,Commerciale
menzili,https://www.menzili.tn/annonce/a-vendre-un-superbe-terrain-de-2105-m2-nabeul-hammamet-116420,Terrain,,2023-05-31,Nabeul,Hammamet,Hammamet,8050,2105,Non,Non,Non,Non,,,Oui,Non,Non,Commerciale
menzili,https://www.menzili.tn/annonce/terrain-de-494-m-nabeul-hammamet-116414,Terrain,148200,2023-05-31,Nabeul,Hammamet,Sidi Hammed,8050,494,Non,Non,Non,Non,,,Non,Non,Non,Commerciale
menzili,https://www.menzili.tn/annonce/un-superbe-terrain-vue-sur-mer-de-1503-nabeul-hammamet-116401,Terrain,,2023-05-31,Nabeul,Hammamet,Hammamet,8050,1503,Non,Oui,Non,Non,,,Oui,Non,Non,Commerciale
menzili,https://www.menzili.tn/annonce/terrain-a-vendre-autour-de-jinen-hammamet-29256234-nabeul-hammamet-116393,Terrain,,2023-05-31,Nabeul,Hammamet,Hammamet,8050,414,Non,Non,Non,Non,,,Non,Non,Non,Commerciale
menzili,https://www.menzili.tn/annonce/a-vendre-un-terrain-de-399-m2-a-jinen-28256015-nabeul-hammamet-116390,Terrain,,2023-05-31,Nabeul,Hammamet,Hammamet,8050,399,Non,Non,Non,Non,,,Oui,Oui,Oui,Commerciale
menzili,https://www.menzili.tn/annonce/a-vendre-un-terrain-nabeul-hammamet-116381,Terrain,,2023-05-31,Nabeul,Hammamet,Hammamet,8050,1000,Non,Non,Non,Non,,,Non,Non,Non,Commerciale
menzili,https://www.menzili.tn/annonce/a-vendre-un-terrain-de-1000m-a-hammamet-sud-nabeul-hammamet-116379,Terrain,,2023-05-31,Nabeul,Hammamet,Hammamet,8050,,Non,Non,Non,Non,,,Non,Non,Non,Commerciale
menzili,https://www.menzili.tn/annonce/un-bon-terrain-a-vendre-zone-jinen-hammamet-nabeul-hammamet-116377,Terrain,,2023-05-31,Nabeul,Hammamet,Hammamet,8050,,Oui,Non,Non,Non,,,Oui,Oui,Oui,Commerciale
menzili,https://www.menzili.tn/annonce/a-vendre-un-terrain-de-490-m2-nabeul-hammamet-116376,Terrain,,2023-05-31,Nabeul,Hammamet,Hammamet,8050,490,Non,Non,Non,Non,,,Non,Oui,Oui,Commerciale
menzili,https://www.menzili.tn/annonce/terrain-a-vendre-autour-de-yasmine-hammamet-nabeul-hammamet-116366,Terrain,,2023-05-30,Nabeul,Hammamet,Hammamet,8050,956,Non,Non,Non,Non,,,Oui,Non,Non,Commerciale
menzili,https://www.menzili.tn/annonce/a-vendre-un-terrain-de-190-m2-nabeul-hammamet-116365,Terrain,,2023-05-30,Nabeul,Hammamet,Hammamet,8050,190,Non,Non,Non,Non,,,Oui,Non,Non,Commerciale
menzili,https://www.menzili.tn/annonce/a-vendre-un-terrain-de-416m-28256015-nabeul-hammamet-116362,Terrain,,2023-05-30,Nabeul,Hammamet,Hammamet,8050,416,Non,Non,Non,Non,,,Non,Non,Non,Commerciale
menzili,https://www.menzili.tn/annonce/a-vendre-un-terrain-superbe-de-1120-m2-nabeul-hammamet-116355,Terrain,,2023-05-30,Nabeul,Hammamet,Hammamet,8050,1120,Non,Non,Non,Non,,,Non,Non,Non,Commerciale
menzili,https://www.menzili.tn/annonce/a-vendre-un-terrain-de-372-m2-nabeul-hammamet-116352,Terrain,,2023-05-30,Nabeul,Hammamet,Hammamet,8050,372,Non,Non,Non,Non,,,Non,Non,Non,Commerciale
menzili,https://www.menzili.tn/annonce/a-vendre-un-terrain-de-410m-nabeul-hammamet-116348,Terrain,,2023-05-30,Nabeul,Hammamet,Hammamet,8050,410,Non,Non,Non,Non,,,Non,Non,Non,Commerciale
menzili,https://www.menzili.tn/annonce/terrain-yoyo-nabeul-hammamet-116341,Terrain,1100,2023-05-30,Nabeul,Hammamet,Hammamet,8050,532,Non,Non,Oui,Non,,,Non,Non,Non,Commerciale
menzili,https://www.menzili.tn/annonce/a-vendre-un-terrain-a-4-km-de-jinen-28256015-nabeul-hammamet-116340,Terrain,,2023-05-30,Nabeul,Hammamet,Hammamet,8050,517,Non,Non,Non,Non,,,Non,Non,Non,Commerciale
menzili,https://www.menzili.tn/annonce/a-vendreun-terrain-nabeul-hammamet-116339,Terrain,,2023-05-30,Nabeul,Hammamet,Hammamet,8050,2160,Non,Non,Non,Non,,,Oui,Non,Non,Commerciale
menzili,https://www.menzili.tn/annonce/a-vendre-un-terrain-a-3km-de-jinen-28256015-nabeul-hammamet-116334,Terrain,,2023-05-30,Nabeul,Hammamet,Hammamet,8050,341,Non,Non,Non,Non,,,Non,Non,Non,Commerciale
menzili,https://www.menzili.tn/annonce/a-vendre-un-bel-terrain-nabeul-hammamet-116332,Terrain,,2023-05-30,Nabeul,Hammamet,Hammamet,8050,320,Non,Non,Non,Non,,,Oui,Non,Non,Commerciale
menzili,https://www.menzili.tn/annonce/a-vendre-un-superbe-terrain-de-537-m2-nabeul-hammamet-116330,Terrain,,2023-05-30,Nabeul,Hammamet,Hammamet,8050,537,Non,Oui,Non,Non,,,Non,Oui,Oui,Commerciale
menzili,https://www.menzili.tn/annonce/a-vendre-un-terrain-a-5-minutes-hammamet-yasmine-nabeul-hammamet-116317,Terrain,,2023-05-30,Nabeul,Hammamet,Hammamet,8050,890,Non,Non,Non,Non,,,Non,Non,Non,Commerciale
menzili,https://www.menzili.tn/annonce/a-vendre-un-beau-terrain-28-256-015-nabeul-hammamet-116309,Terrain,,2023-05-30,Nabeul,Hammamet,Hammamet,8050,740,Non,Non,Non,Non,,,Non,Non,Non,Commerciale
menzili,https://www.menzili.tn/annonce/a-vendre-un-terrain-a-hammamet-sud-28-256-015-nabeul-hammamet-116308,Terrain,,2023-05-30,Nabeul,Hammamet,Hammamet,8050,954,Non,Non,Non,Non,,,Non,Non,Non,Commerciale
menzili,https://www.menzili.tn/annonce/a-vendre-un-terrainde-500-nabeul-hammamet-116301,Terrain,,2023-05-30,Nabeul,Hammamet,Hammamet,8050,500,Non,Non,Non,Non,,,Non,Non,Non,Commerciale
menzili,https://www.menzili.tn/annonce/excellent-terrain-a-yasmine-hammamet-zone-touristique-nabeul-hammamet-107296,Terrain,540000,2023-01-18,Nabeul,Hammamet,Hammamet,8050,360,Non,Non,Non,Non,,,Oui,Oui,Oui,Commerciale
menzili,https://www.menzili.tn/annonce/terrain-a-vendre-d-une-superficie-parfaite-29256234-nabeul-hammamet-116296,Terrain,,2023-05-29,Nabeul,Hammamet,Hammamet,8050,341,Oui,Non,Non,Non,,,Oui,Oui,Oui,Commerciale
menzili,https://www.menzili.tn/annonce/terrain-a-vendre-d-une-superficie-parfaite-29256234-nabeul-hammamet-116293,Terrain,,2023-05-29,Nabeul,Hammamet,Hammamet,8050,410,Non,Non,Non,Non,,,Non,Non,Non,Commerciale
menzili,https://www.menzili.tn/annonce/terrain-a-vendre-d-une-superficie-parfaite-29256234-nabeul-nabeul-116289,Terrain,,2023-05-29,Nabeul,Nabeul,Nabeul,8000,955,Non,Non,Non,Non,,,Non,Non,Non,Commerciale
menzili,https://www.menzili.tn/annonce/terrain-a-vendre-d-une-superficie-parfaite-29256234-nabeul-hammamet-116286,Terrain,,2023-05-29,Nabeul,Hammamet,Hammamet,8050,954,Non,Non,Non,Non,,,Oui,Non,Non,Commerciale
menzili,https://www.menzili.tn/annonce/terrain-a-plage-kerkouane-nabeul-kelibia-116284,Terrain,,2023-05-29,Nabeul,Kélibia,plage kerkouane,8000,600,Titre Bleu,Non,Non,Non,,,Non,Non,Non,Commerciale
menzili,https://www.menzili.tn/annonce/terrain-a-ezzahra-nabeul-kelibia-116283,Terrain,,2023-05-29,Nabeul,Kélibia,ezzahra,2034,224,Titre Bleu,Non,Non,Non,,,Non,Non,Non,Commerciale
menzili,https://www.menzili.tn/annonce/terrain-a-plage-ezzahra-nabeul-kelibia-116282,Terrain,,2023-05-29,Nabeul,Kélibia,plage ezzahra,2034,155,Titre Bleu,Non,Non,Non,,,Non,Non,Non,Commerciale
menzili,https://www.menzili.tn/annonce/un-terrain-a-kelibia-hammam-el-ghezzaz-nabeul-kelibia-116280,Terrain,,2023-05-29,Nabeul,Kélibia,kélibia hammam el ghezzaz,8000,1000,Titre Bleu,Non,Non,Non,,,Oui,Non,Non,Commerciale
menzili,https://www.menzili.tn/annonce/la-soukra-terrain-676-m2-ariana-lasoukra-116278,Terrain,1340,2023-05-29,Ariana,La Soukra,La Soukra,2036,676,Oui,Non,Non,Non,,25,Non,Non,Non,Commerciale
menzili,https://www.menzili.tn/annonce/terrain-a-vendre-autour-de-jinen-hammamet-29256234-nabeul-hammamet-116260,Terrain,56000,2023-05-29,Nabeul,Hammamet,Hammamet,8050,403,Non,Non,Non,Non,,,Non,Non,Non,Commerciale
menzili,https://www.menzili.tn/annonce/terrain-a-vendre-d-une-superficie-parfaite-29256234-nabeul-hammamet-116256,Terrain,,2023-05-29,Nabeul,Hammamet,Hammamet,8050,954,Non,Non,Non,Non,,,Non,Non,Non,Commerciale
menzili,https://www.menzili.tn/annonce/terrain-a-vendre-avec-titre-foncier-individuel-a-chebaw-oued-ellil-manouba-ouedellil-116254,Terrain,,2023-05-29,Manouba,Oued Ellil,Oued Ellil,2021,396,Oui,Non,Oui,Non,,,Non,Non,Non,Commerciale
menzili,https://www.menzili.tn/annonce/a-vendre-terrain-a-la-soukra-chotrana-3-ariana-lasoukra-110348,Terrain,2233800,2023-02-15,Ariana,chotrana 3,rue des fruits,2086,2482,Non,Non,Non,Non,,,Non,Non,Non,Commerciale
menzili,https://www.menzili.tn/annonce/a-vendre-terrain-agricole-nabeul-nabeul-116245,Terrain,,2023-05-28,Nabeul,Nabeul,Nabeul,8000,15000,Non,Non,Non,Non,,,Oui,Non,Non,Commerciale
menzili,https://www.menzili.tn/annonce/terrain-a-vendre-d-une-superficie-parfaite-29256234-nabeul-hammamet-116240,Terrain,33000,2023-05-28,Nabeul,Hammamet,Hammamet,8050,247,Non,Non,Non,Non,,,Non,Non,Non,Commerciale
menzili,https://www.menzili.tn/annonce/a-vendre-un-superbe-terrain28256015-nabeul-hammamet-116239,Terrain,,2023-05-28,Nabeul,Hammamet,Hammamet,8050,507,Non,Non,Non,Non,,,Non,Non,Non,Commerciale
menzili,https://www.menzili.tn/annonce/terrain-a-vendre-d-une-superficie-parfaite-29256234-nabeul-hammamet-116238,Terrain,,2023-05-28,Nabeul,Hammamet,Hammamet,8050,420,Non,Non,Non,Non,,,Oui,Oui,Oui,Commerciale
menzili,https://www.menzili.tn/annonce/a-vendre-un-superbe-terrain-de-350-m2-nabeul-hammamet-116233,Terrain,,2023-05-28,Nabeul,Hammamet,Hammamet,8050,350,Non,Non,Non,Non,,,Non,Non,Non,Commerciale
menzili,https://www.menzili.tn/annonce/a-vendre-un-terrain-de-600-m2-a-hammamet-sud-nabeul-hammamet-116230,Terrain,,2023-05-28,Nabeul,Hammamet,Hammamet,8050,600,Non,Non,Non,Non,,,Oui,Oui,Oui,Commerciale
menzili,https://www.menzili.tn/annonce/terrain-a-vendre-d-une-superficie-parfaite-29256234-nabeul-hammamet-116225,Terrain,,2023-05-28,Nabeul,Hammamet,Hammamet,8050,350,Non,Non,Non,Non,,,Oui,Non,Non,Commerciale
menzili,https://www.menzili.tn/annonce/a-vendre-un-terrain-de-2000m-a-hammamet-sud-nabeul-hammamet-116224,Terrain,,2023-05-28,Nabeul,Hammamet,Hammamet,8050,2000,Non,Non,Non,Non,,,Oui,Non,Non,Commerciale
menzili,https://www.menzili.tn/annonce/terrain-a-plage-dheroua-nabeul-kelibia-116223,Terrain,130000,2023-05-28,Nabeul,Kélibia,plage dheroua,8000,500,Titre Bleu,Non,Non,Non,,,Non,Non,Non,Commerciale
menzili,https://www.menzili.tn/annonce/a-vendre-un-terrain-de-274m-a-hammamet-sud-nabeul-hammamet-116219,Terrain,33000,2023-05-28,Nabeul,Hammamet,Hammamet,8050,247,Non,Non,Non,Non,,,Non,Non,Non,Commerciale
menzili,https://www.menzili.tn/annonce/a-vendre-un-terrain-de-399-m2-a-hammamet-sud-nabeul-hammamet-116211,Terrain,,2023-05-28,Nabeul,Hammamet,Hammamet,8050,399,Non,Non,Non,Non,,,Non,Non,Non,Commerciale
menzili,https://www.menzili.tn/annonce/a-vendre-un-terrain-a-5hammamet-yasmine-nabeul-hammamet-116209,Terrain,,2023-05-28,Nabeul,Hammamet,Hammamet,8050,1031,Non,Non,Non,Non,,,Non,Non,Non,Commerciale
menzili,https://www.menzili.tn/annonce/a-vendre-un-beau-terrain-a-hammamet-sud-nabeul-hammamet-116207,Terrain,,2023-05-28,Nabeul,Hammamet,Hammamet,8050,700,Non,Non,Non,Non,,,Oui,Non,Non,Commerciale
menzili,https://www.menzili.tn/annonce/a-vendre-terrain-833-m-a-korba-nabeul-constructible-nabeul-korba-116204,Terrain,416000,2023-05-27,Nabeul,Korba,avenue Habib Bourguiba Korba en face mosquée Ettao,8070,833,Oui,Non,Non,Oui,,,Oui,Non,Non,Résidentielle
menzili,https://www.menzili.tn/annonce/a-vendre-un-superbe-terrain-de-700-m2-nabeul-hammamet-116200,Terrain,,2023-05-27,Nabeul,Hammamet,Hammamet,8050,700,Non,Non,Non,Non,,,Non,Non,Non,Commerciale
menzili,https://www.menzili.tn/annonce/a-vendre-un-terrain-28256015-a-hammamet-sud-nabeul-hammamet-116198,Terrain,,2023-05-27,Nabeul,Hammamet,Hammamet,8050,,Non,Non,Non,Non,,,Oui,Non,Non,Commerciale
menzili,https://www.menzili.tn/annonce/a-vendre-un-terrain-de-1280-m2-a-hammamet-sud-nabeul-hammamet-116197,Terrain,,2023-05-27,Nabeul,Hammamet,Hammamet,8050,1280,Non,Non,Non,Non,,,Oui,Non,Non,Commerciale
menzili,https://www.menzili.tn/annonce/a-vendre-un-terrain-de-2500-m2-a-hammamet-sud-nabeul-hammamet-116195,Terrain,,2023-05-27,Nabeul,Hammamet,Hammamet,8050,2500,Non,Non,Non,Non,,,Non,Non,Non,Commerciale
menzili,https://www.menzili.tn/annonce/a-vendre-un-terrain-superbe-de-350-m2-nabeul-hammamet-116193,Terrain,,2023-05-27,Nabeul,Hammamet,Hammamet,8050,350,Non,Non,Non,Non,,,Non,Oui,Oui,Commerciale
menzili,https://www.menzili.tn/annonce/a-vendre-un-terrain-de-507-m2-a-hammamet-sud-nabeul-hammamet-116192,Terrain,,2023-05-27,Nabeul,Hammamet,Hammamet,8050,507,Non,Non,Non,Non,,,Oui,Non,Non,Commerciale
menzili,https://www.menzili.tn/annonce/terrain-a-vendre-yasmine-hammamet-profitez-et-soyez-les-bienvenues-a-notre-agence-nabeul-hammamet-116191,Terrain,66000,2023-05-27,Nabeul,Hammamet,Hammamet,8050,220,Non,Oui,Non,Non,,,Non,Oui,Oui,Commerciale
menzili,https://www.menzili.tn/annonce/a-vendre-un-terrain-de-2000m-nabeul-hammamet-116187,Terrain,,2023-05-27,Nabeul,Hammamet,Hammamet,8050,2000,Non,Non,Non,Non,,,Non,Non,Non,Commerciale
menzili,https://www.menzili.tn/annonce/a-vendre-un-terrain-a-3km-de-jinen-hammamet-nabeul-hammamet-116181,Terrain,69000,2023-05-27,Nabeul,Hammamet,Hammamet,8050,435,Non,Non,Non,Non,,,Non,Non,Non,Commerciale
menzili,https://www.menzili.tn/annonce/a-vendre-un-terrain-de-890m-a-hammamet-sud-nabeul-hammamet-116175,Terrain,,2023-05-27,Nabeul,Hammamet,Hammamet,8050,890,Non,Non,Non,Non,,,Non,Non,Non,Commerciale
menzili,https://www.menzili.tn/annonce/a-vendre-un-terrain-de-584m-a-hammamet-sud-nabeul-hammamet-116170,Terrain,,2023-05-27,Nabeul,Hammamet,Hammamet,8050,584,Non,Non,Non,Non,,,Non,Non,Non,Commerciale
menzili,https://www.menzili.tn/annonce/a-vendre-un-terrain-situe-a-5-minutes-jinen-hammamet-nabeul-hammamet-116162,Terrain,,2023-05-27,Nabeul,Hammamet,Hammamet,8050,424,Non,Non,Non,Non,,,Non,Non,Non,Commerciale
menzili,https://www.menzili.tn/annonce/a-vendre-un-terrain-de-1038m-a-hammamet-sud-nabeul-hammamet-116155,Terrain,,2023-05-27,Nabeul,Hammamet,Hammamet,8050,1038,Non,Non,Non,Non,,,Non,Non,Non,Commerciale
menzili,https://www.menzili.tn/annonce/a-vendre-un-superbe-terrain-de-1888-m2-a-hammamet-yasmine-nabeul-hammamet-116154,Terrain,,2023-05-27,Nabeul,Hammamet,Hammamet,8050,1888,Non,Non,Non,Non,,,Non,Non,Non,Commerciale
menzili,https://www.menzili.tn/annonce/a-vendre-un-terrain-a-hammamet-sud-28256015-nabeul-hammamet-116148,Terrain,,2023-05-26,Nabeul,Hammamet,Hammamet,8050,1000,Non,Oui,Non,Non,,,Non,Non,Non,Commerciale
menzili,https://www.menzili.tn/annonce/a-vendre-un-terrain-juste-a-3km-de-jinen-hammamet-nabeul-hammamet-116147,Terrain,60000,2023-05-26,Nabeul,Hammamet,Hammamet,8050,429,Non,Non,Non,Non,,,Non,Non,Non,Commerciale
menzili,https://www.menzili.tn/annonce/a-vendre-un-terrain-a-yassminette-de-112-m3-benarous-medinajedida-116140,Terrain,,2023-05-26,Ben Arous,Medina Jedida,yassminette,2013,112,Non,Non,Non,Non,,,Non,Non,Non,Commerciale
menzili,https://www.menzili.tn/annonce/a-vendre-un-terrain-de-435-m2-nabeul-hammamet-116132,Terrain,,2023-05-26,Nabeul,Hammamet,Hammamet,8050,435,Non,Non,Non,Non,,,Non,Non,Non,Commerciale
menzili,https://www.menzili.tn/annonce/a-vendre-un-superbe-terrain-a-hammamet-nabeul-hammamet-116128,Terrain,,2023-05-26,Nabeul,Hammamet,Hammamet,8050,1700,Non,Non,Non,Non,,,Non,Non,Non,Commerciale
menzili,https://www.menzili.tn/annonce/a-vendre-un-terrain-a-3-minutes-de-jinen-hammamet-nabeul-hammamet-116125,Terrain,,2023-05-26,Nabeul,Hammamet,Hammamet,8050,410,Non,Non,Non,Non,,,Non,Non,Non,Commerciale
menzili,https://www.menzili.tn/annonce/terrain-a-vendre-a-monchar-yasmine-hammamet-profitez-et-soyez-les-bienvenues-a-notre-agence-nabeul-hammamet-116123,Terrain,,2023-05-26,Nabeul,Hammamet,Hammamet,8050,,Non,Non,Non,Non,,,Non,Non,Non,Commerciale
menzili,https://www.menzili.tn/annonce/a-vendre-un-superbe-terrain-nabeul-hammamet-116121,Terrain,,2023-05-26,Nabeul,Hammamet,Hammamet,8050,740,Non,Non,Non,Non,,,Non,Non,Non,Commerciale
menzili,https://www.menzili.tn/annonce/a-vendre-un-terrain-situe-juste-a-3km-de-jinen-hammamet-nabeul-nabeul-116119,Terrain,,2023-05-26,Nabeul,Nabeul,Nabeul,8000,435,Non,Non,Non,Non,,,Non,Non,Non,Commerciale
menzili,https://www.menzili.tn/annonce/terrain-a-vendre-7km-de-yassmin-hammamet-nabeul-hammametsud-116114,Terrain,36000,2023-05-26,Nabeul,Hammamet Sud,Hammamet Sud,8050,300,Non,Non,Non,Non,,,Non,Non,Non,Commerciale
menzili,https://www.menzili.tn/annonce/terrain-a-vendre-vue-de-mer-a-600-metres-de-la-plage-nabeul-hammamet-116107,Terrain,,2023-05-26,Nabeul,Hammamet,2km de Yasmine Hammamet,8050,220,Non,Oui,Non,Non,,,Non,Non,Non,Commerciale
menzili,https://www.menzili.tn/annonce/profitez-cette-occasion-terrain-a-vendre-a-yasmine-hammamet-nabeul-hammamet-116106,Terrain,88000,2023-05-26,Nabeul,Hammamet,hammamet sud,8050,250,Non,Non,Non,Non,,,Non,Non,Non,Commerciale
menzili,https://www.menzili.tn/annonce/terrain-a-vendre-4km-de-yassmin-hammamet-nabeul-hammametsud-116105,Terrain,66000,2023-05-26,Nabeul,Hammamet Sud,hammamet sud,8050,220,Non,Non,Non,Non,,,Non,Non,Non,Commerciale
menzili,https://www.menzili.tn/annonce/a-vendre-un-terrain-de-528m-a-hammamet-sud-nabeul-hammamet-116104,Terrain,,2023-05-26,Nabeul,Hammamet,Hammamet,8050,528,Non,Non,Non,Non,,,Non,Non,Non,Commerciale
menzili,https://www.menzili.tn/annonce/a-vendre-un-terrain-situe-juste-a-4km-de-jinen-hammamet-nabeul-hammamet-116102,Terrain,,2023-05-26,Nabeul,Hammamet,Hammamet,8050,,Non,Non,Non,Non,,,Non,Non,Non,Commerciale
menzili,https://www.menzili.tn/annonce/a-vendre-un-terrain-a-3-km-de-jinen-hammamet-nabeul-hammamet-116100,Terrain,,2023-05-26,Nabeul,Hammamet,Hammamet,8050,269,Non,Non,Non,Non,,,Non,Non,Non,Commerciale
menzili,https://www.menzili.tn/annonce/a-vendre-un-superbe-terrain-28-256-015-nabeul-hammamet-116098,Terrain,,2023-05-26,Nabeul,Hammamet,Hammamet,8050,955,Non,Non,Non,Non,,,Non,Non,Non,Commerciale
menzili,https://www.menzili.tn/annonce/a-vendre-un-terrain-superbe-a-hammamet-sud-nabeul-hammamet-116090,Terrain,,2023-05-25,Nabeul,Hammamet,Hammamet,8050,602,Non,Non,Non,Non,,,Oui,Non,Non,Commerciale
menzili,https://www.menzili.tn/annonce/a-vendre-terrain-juste-a-3km-de-jinen-hammamet-nabeul-hammamet-116089,Terrain,,2023-05-25,Nabeul,Hammamet,Hammamet,8050,410,Non,Non,Non,Non,,,Non,Non,Non,Commerciale
menzili,https://www.menzili.tn/annonce/a-vendre-un-terrain-situe-a-1km-de-yasmine-hammamet-nabeul-hammamet-116086,Terrain,,2023-05-25,Nabeul,Hammamet,Hammamet,8050,,Non,Non,Non,Non,,,Non,Non,Non,Commerciale
menzili,https://www.menzili.tn/annonce/a-vendre-un-superbe-terrain-de-460-m2-nabeul-nabeul-116082,Terrain,,2023-05-25,Nabeul,Nabeul,Nabeul,8000,460,Non,Non,Non,Non,,,Non,Oui,Oui,Commerciale
menzili,https://www.menzili.tn/annonce/a-vendre-terrain-a-yasmine-hammamet-apres-km71-route-bouficha-nabeul-hammamet-116071,Terrain,,2023-05-25,Nabeul,Hammamet,Hammamet,8050,1039,Non,Non,Non,Non,,,Oui,Non,Non,Commerciale
menzili,https://www.menzili.tn/annonce/a-vendre-un-terrain-de-12500-m2-nabeul-hammamet-116062,Terrain,,2023-05-25,Nabeul,Hammamet,Hammamet,8050,12500,Non,Non,Non,Non,,,Non,Non,Non,Commerciale
menzili,https://www.menzili.tn/annonce/terrain-a-2-min-a-pied-dans-le-lotissement-kelibia-la-blanche-nabeul-kelibia-116055,Terrain,,2023-05-25,Nabeul,Kélibia,Kélibia,8000,765,Titre Bleu,Non,Non,Non,,,Non,Oui,Oui,Résidentielle
menzili,https://www.menzili.tn/annonce/des-lots-de-terrains-a-kelibia-plage-nabeul-kelibia-116044,Terrain,,2023-05-25,Nabeul,Kélibia,Kélibia,8000,242,Non,Non,Non,Non,,,Non,Non,Non,Commerciale
menzili,https://www.menzili.tn/annonce/a-vendre-un-superbe-terrain-a-monchar-28256015-nabeul-hammamet-116038,Terrain,,2023-05-25,Nabeul,Hammamet,Hammamet,8050,1000,Non,Non,Non,Non,,,Non,Oui,Oui,Commerciale
menzili,https://www.menzili.tn/annonce/terrain-a-plage-ezzahra-hammam-el-ghazez-nabeul-hammamghezeze-116036,Terrain,,2023-05-25,Nabeul,Hammam Ghezèze,Hammam Ghezèze,8000,525,Non,Non,Non,Non,,,Oui,Oui,Oui,Commerciale
menzili,https://www.menzili.tn/annonce/a-vendre-un-terrain-superbe-de-400-m2-nabeul-hammamet-116032,Terrain,,2023-05-25,Nabeul,Hammamet,Hammamet,8050,400,Non,Non,Non,Non,,,Non,Non,Non,Commerciale
menzili,https://www.menzili.tn/annonce/a-vendre-un-superbe-terrain-situe-a-5-minutes-de-jinen-hammamet-nabeul-hammamet-116029,Terrain,,2023-05-25,Nabeul,Hammamet,Hammamet,8050,342,Non,Non,Non,Non,,,Non,Oui,Oui,Commerciale
menzili,https://www.menzili.tn/annonce/-a_vendre-un-terrain-a-4km-du-rond-point-hammamet-yasmine-nabeul-hammamet-116028,Terrain,,2023-05-25,Nabeul,Hammamet,Hammamet,8050,1023,Non,Non,Non,Non,,,Non,Non,Non,Commerciale
menzili,https://www.menzili.tn/annonce/a-vendre-un-terrain-superbe-de-1039-m2-nabeul-hammamet-116019,Terrain,,2023-05-24,Nabeul,Hammamet,Hammamet,8050,1039,Non,Non,Non,Non,,,Non,Non,Non,Commerciale
menzili,https://www.menzili.tn/annonce/a-vendre-un-terrain-a-jinen-nabeul-hammamet-116016,Terrain,6000,2023-05-24,Nabeul,Hammamet,Hammamet,8050,429,Non,Non,Non,Non,,,Non,Non,Non,Commerciale
menzili,https://www.menzili.tn/annonce/offre-speciale-a-vendre-un-terrain-a-3km-de-jinen-nabeul-hammamet-116014,Terrain,59000,2023-05-24,Nabeul,Hammamet,Hammamet,8050,429,Non,Non,Non,Non,,,Non,Non,Non,Commerciale
menzili,https://www.menzili.tn/annonce/ref-3356-terrain-a-rue-nadhour-bizerte-bizerte-bizertenord-116013,Terrain,270000,2023-05-24,Bizerte,Bizerte Nord,Rue Nadhour Bizerte,7000,683,Titre Individuel,Non,Non,Non,,,Non,Non,Non,Commerciale
menzili,https://www.menzili.tn/annonce/a-vendre-un-terrain-de-400-m2-nabeul-hammamet-116008,Terrain,,2023-05-24,Nabeul,Hammamet,Hammamet,8050,400,Non,Non,Non,Non,,,Non,Non,Non,Commerciale
menzili,https://www.menzili.tn/annonce/a-______-vendre-un-bel-terrain-a-hammamet-nabeul-hammamet-116002,Terrain,,2023-05-24,Nabeul,Hammamet,Hammamet,8050,269,Non,Non,Non,Non,,,Non,Non,Non,Commerciale
menzili,https://www.menzili.tn/annonce/a-vendre-un-beau-terrain28256015-nabeul-hammamet-116001,Terrain,,2023-05-24,Nabeul,Hammamet,Hammamet,8050,269,Non,Non,Non,Non,,,Non,Non,Non,Commerciale
menzili,https://www.menzili.tn/annonce/magnifique-terrain-de-400-m-nabeul-kelibia-115987,Terrain,135000,2023-05-24,Nabeul,Kélibia,Kélibia,8000,400,Non,Non,Non,Non,,,Non,Non,Non,Commerciale
menzili,https://www.menzili.tn/annonce/a-vendre-un-terrain-situe-a-4km-hammamet-sud-nabeul-hammamet-115985,Terrain,,2023-05-24,Nabeul,Hammamet,Hammamet,8050,1040,Non,Non,Non,Non,,,Non,Non,Non,Commerciale
menzili,https://www.menzili.tn/annonce/A-vendre-des-terrains-au-ennaser2-futur-jardin-el-manzeh3-et-des-terrains-mnihla-tunis-laouina-115979,Terrain,2350,2023-05-24,Tunis,L'aouina,JARDIN EL MENZAH3,1004,,Titre Individuel,Non,Non,Oui,,,Non,Non,Non,Commerciale
menzili,https://www.menzili.tn/annonce/a-vendre-un-terrain-de-429-m2-nabeul-hammamet-115976,Terrain,,2023-05-24,Nabeul,Hammamet,Hammamet,8050,429,Non,Non,Non,Non,,,Non,Non,Non,Commerciale
menzili,https://www.menzili.tn/annonce/terrain-agricole-bouficha-hammamet-sousse-bouficha-115975,Terrain,,2023-05-24,Sousse,Bouficha,Ainrahma bouficha Sousse,4000,53000,Non,Non,Non,Non,,,Non,Non,Non,Commerciale
menzili,https://www.menzili.tn/annonce/a-vendre-un-terrain-superbe-de-423-m2-nabeul-hammamet-115973,Terrain,,2023-05-24,Nabeul,Hammamet,Hammamet,8050,423,Non,Non,Non,Non,,,Non,Non,Non,Commerciale
menzili,https://www.menzili.tn/annonce/a-vendre-un-terrain-28256015-nabeul-hammamet-115964,Terrain,,2023-05-24,Nabeul,Hammamet,Hammamet,8050,890,Non,Non,Non,Non,,,Non,Non,Non,Commerciale
menzili,https://www.menzili.tn/annonce/a-vendre-un-superbe-terrain-a-hammamet-sud-nabeul-hammamet-115961,Terrain,,2023-05-24,Nabeul,Hammamet,Hammamet,8050,2000,Non,Non,Non,Non,,,Non,Non,Non,Commerciale
menzili,https://www.menzili.tn/annonce/a-vendre-un-terrain-superbe-de-1031-m2-nabeul-hammamet-115958,Terrain,,2023-05-24,Nabeul,Hammamet,Hammamet,8050,1031,Non,Non,Non,Non,,,Non,Non,Non,Commerciale
menzili,https://www.menzili.tn/annonce/a-vendre-un-terrain-situe-a-5-minutes-de-jinen-hammamet-nabeul-hammamet-115955,Terrain,,2023-05-24,Nabeul,Hammamet,Hammamet,8050,414,Non,Non,Non,Non,,,Non,Non,Non,Commerciale
menzili,https://www.menzili.tn/annonce/a-vendre-un-terrain-situe-a-4km-de-jinen-hammamet-nabeul-hammamet-115946,Terrain,,2023-05-24,Nabeul,Hammamet,Hammamet,8050,247,Non,Non,Non,Non,,,Non,Non,Non,Commerciale
menzili,https://www.menzili.tn/annonce/a-vendre-un-terrain-superbe-nabeul-hammamet-115940,Terrain,,2023-05-24,Nabeul,Hammamet,Hammamet,8050,399,Non,Non,Non,Non,,,Non,Oui,Oui,Commerciale
menzili,https://www.menzili.tn/annonce/investissement-d-avenir-a-vendre-un-beau-terrain28256015-nabeul-hammamet-115937,Terrain,,2023-05-24,Nabeul,Hammamet,Hammamet,8050,955,Non,Non,Non,Non,,,Non,Non,Non,Commerciale
menzili,https://www.menzili.tn/annonce/terrain-belle-occasion-sousse-kalaasghira-115921,Terrain,,2023-05-24,Sousse,Kalaâ Sghira,Kalaâ Sghira,4000,,Oui,Non,Non,Non,,,Non,Non,Non,Commerciale
menzili,https://www.menzili.tn/annonce/terrain-de-5000-m2-a-boumhel-directement-sur-av-de-l-environnement-mc39-benarous-boumhel-115918,Terrain,2000000,2023-05-24,Ben Arous,Boumhel,Avenue de l’environnement (route MC39) en face caf,2013,5000,Non,Non,Non,Non,,40,Oui,Non,Non,Commerciale
menzili,https://www.menzili.tn/annonce/terrain-de-2000-m2-a-vendre-avec-vue-panoramique-bizerte-bizertenord-115901,Terrain,600000,2023-05-23,Bizerte,Bizerte Nord,Bizerte Nord,7000,2000,Non,Non,Non,Non,,,Non,Non,Non,Commerciale
menzili,https://www.menzili.tn/annonce/un-terrain-de-1846-m2-a-vendre-sousse-kalaakebira-114290,Terrain,,2023-04-19,Sousse,Kalaâ Kebira,Kalaâ Kebira,4000,,Non,Non,Non,Non,,,Non,Non,Non,Commerciale
menzili,https://www.menzili.tn/annonce/vente-lots-terrains-a-oued-ellil-essaida-500dt-m2-manouba-ouedellil-115853,Terrain,,2023-05-22,Manouba,Oued Ellil,Oued Ellil,2021,500,Non,Non,Non,Oui,,,Non,Non,Non,Commerciale
menzili,https://www.menzili.tn/annonce/terrain-agricole-nadhour-a-vendre-a-kasserine-kasserine-kasserinenord-115839,Terrain,450000,2023-05-22,Kasserine,Kasserine Nord,Kasserine Nord,1200,450000,Non,Non,Non,Non,,,Non,Non,Non,Commerciale
menzili,https://www.menzili.tn/annonce/terrain-chatt-guebli-nabeul-elhaouaria-115831,Terrain,39000,2023-05-22,Nabeul,El Haouaria,El Haouaria,8045,175,Titre Bleu,Non,Non,Non,,,Non,Non,Non,Commerciale
menzili,https://www.menzili.tn/annonce/terrain-a-rampoin-jawhara-medenine-djerbahoumtsouk-115819,Terrain,,2023-05-22,Médenine,Djerba-Houmt Souk,Djerba-Houmt Souk,4180,732,Non,Non,Non,Non,,,Non,Non,Non,Commerciale
menzili,https://www.menzili.tn/annonce/terrain-promoteur-hannah-a-vendre-a-boumhal-benarous-boumhel-115733,Terrain,1820000,2023-05-19,Ben Arous,Boumhel,Boumhel,2013,1300,Non,Non,Non,Non,,,Oui,Non,Non,Commerciale
menzili,https://www.menzili.tn/annonce/terrain-villa-sevilla-a-vendre-a-hammam-linf-benarous-hammamlif-115707,Terrain,530000,2023-05-19,Ben Arous,Hammam Lif,54670670,2050,530,Non,Non,Non,Non,,,Non,Non,Non,Résidentielle
menzili,https://www.menzili.tn/annonce/a-vendre-un-terrain-a-korba-de-410-m2-nabeul-korba-115703,Terrain,230000,2023-05-19,Nabeul,Korba,Korba,8070,410,Non,Non,Non,Non,,18,Non,Non,Non,Résidentielle
menzili,https://www.menzili.tn/annonce/terrain-promoteur-faurecia-a-vendre-a-boumhal-benarous-boumhel-115700,Terrain,4900000,2023-05-19,Ben Arous,Boumhel,Boumhel,2013,3552,Non,Non,Non,Non,,,Oui,Non,Non,Commerciale
menzili,https://www.menzili.tn/annonce/terrain-entre-mnihla-et-cite-menzah-ariana-mnihla-115695,Terrain,,2023-05-19,Ariana,Mnihla,En arrière banque zaytouna,2094,1154,Non,Non,Non,Non,,,Oui,Non,Non,Commerciale
menzili,https://www.menzili.tn/annonce/terrain-th1123-besbessia-hammamet-sud-nabeul-hammamet-115659,Terrain,162000,2023-05-18,Nabeul,Hammamet,Hammamet,8050,600,Non,Non,Non,Non,,,Non,Non,Non,Résidentielle
menzili,https://www.menzili.tn/annonce/terrain-th1123-besbessia-hammamet-sud-nabeul-hammamet-115652,Terrain,162000,2023-05-18,Nabeul,Hammamet,Besbessia,8050,600,Non,Non,Non,Non,,,Non,Non,Non,Résidentielle
menzili,https://www.menzili.tn/annonce/terrain-agricole-azmour-nabeul-kelibia-115638,Terrain,100000,2023-05-18,Nabeul,Kélibia,azmour,8000,18000,Non,Non,Non,Non,,,Non,Non,Non,Commerciale
menzili,https://www.menzili.tn/annonce/terrain-a-vendre-vu-de-mer-nabeul-elhaouaria-115637,Terrain,30000,2023-05-18,Nabeul,El Haouaria,28808223,8045,200,Non,Non,Non,Non,,,Non,Oui,Oui,Résidentielle
menzili,https://www.menzili.tn/annonce/une-magnifique-ferme-a-vendre-tunis-laouina-106847,Terrain,1500000,2023-01-12,Tunis,L'aouina,L'aouina,1000,180000,Non,Non,Non,Non,,,Non,Non,Non,Commerciale
menzili,https://www.menzili.tn/annonce/ref-3351-terrain-a-cite-riadh-bizerte-bizerte-bizertenord-115588,Terrain,730000,2023-05-17,Bizerte,Bizerte Nord,Ain mareim,7000,573,Non,Non,Non,Non,,,Non,Non,Non,Commerciale
menzili,https://www.menzili.tn/annonce/a-vendre-un-terrain-situe-a-4-km-de-jinen-hammamet-nabeul-hammametnord-115584,Terrain,33000,2023-05-17,Nabeul,Hammamet Nord,Hammamet Nord,8050,247,Non,Non,Non,Non,,,Non,Oui,Oui,Commerciale
menzili,https://www.menzili.tn/annonce/a-vendre-un-terrain-situe-a-hammamet-sud-nabeul-hammametnord-115579,Terrain,,2023-05-17,Nabeul,Hammamet Nord,Hammamet Nord,8050,955,Non,Non,Non,Non,,,Non,Non,Non,Commerciale
menzili,https://www.menzili.tn/annonce/a-vendre-chez-immoteam-un-terrain-de-414m-nabeul-hammametsud-115572,Terrain,,2023-05-17,Nabeul,Hammamet Sud,Hammamet Sud,8050,414,Non,Non,Non,Non,,,Non,Oui,Oui,Commerciale
menzili,https://www.menzili.tn/annonce/terrain-narcis-a-vendre-a-borj-touil-ariana-raoued-115503,Terrain,321000,2023-05-16,Ariana,Raoued,borj touil,2083,1070,Non,Non,Non,Non,,,Non,Non,Non,Résidentielle
menzili,https://www.menzili.tn/annonce/terrain-ariana-ville-400-m2-r-3-ariana-arianaville-115477,Terrain,660000,2023-05-15,Ariana,Ariana Ville,Ariana,2080,400,Non,Non,Non,Non,,,Non,Non,Non,Résidentielle
menzili,https://www.menzili.tn/annonce/terrain-de-335m-qui-fait-le-coin-a-nabeul-nabeul-nabeul-115473,Terrain,435000,2023-05-15,Nabeul,Nabeul,Nabeul,8000,335,Non,Non,Non,Non,,19,Non,Non,Non,Résidentielle
menzili,https://www.menzili.tn/annonce/un-terrain-a-vendre-situe-a-bir-bouragba-hammamet-nabeul-hammamet-115453,Terrain,,2023-05-15,Nabeul,Hammamet,Hammamet,8050,450,Non,Non,Non,Non,,,Non,Oui,Oui,Commerciale
menzili,https://www.menzili.tn/annonce/un-terrain-a-vendre-situe-a-bir-bouragba-hammamet-nabeul-nabeul-115449,Terrain,,2023-05-15,Nabeul,Nabeul,Hammamet,8000,355,Non,Non,Non,Non,,,Non,Non,Non,Commerciale
menzili,https://www.menzili.tn/annonce/un-beau-terrain-de-4000-m2-a-vendre-a-sidi-hammed-hammamet-nabeul-hammamet-115437,Terrain,,2023-05-15,Nabeul,Hammamet,Sidi Hammed,8050,4000,Non,Non,Non,Non,,,Non,Non,Non,Commerciale
menzili,https://www.menzili.tn/annonce/un-terrain-a-vendre-situe-hammamet-nabeul-nabeul-115418,Terrain,,2023-05-14,Nabeul,Nabeul,Hammamet,8000,333,Non,Non,Non,Non,,,Oui,Non,Non,Commerciale
menzili,https://www.menzili.tn/annonce/un-terrain-a-vendre-situe-a-hammamet-nabeul-nabeul-115415,Terrain,,2023-05-14,Nabeul,Nabeul,Hammamet,8000,306,Non,Non,Non,Non,,,Non,Non,Non,Commerciale
menzili,https://www.menzili.tn/annonce/a_______vendre-un-beau-terraint-216-29256234-nabeul-nabeul-115411,Terrain,,2023-05-14,Nabeul,Nabeul,Hammamet,8000,180,Non,Non,Non,Non,,,Non,Non,Non,Commerciale
menzili,https://www.menzili.tn/annonce/un-terrain-a-vendre-situe-a-hammamet-nabeul-nabeul-115408,Terrain,,2023-05-14,Nabeul,Nabeul,Hammamet,8000,126,Non,Non,Non,Non,,,Non,Non,Non,Commerciale
menzili,https://www.menzili.tn/annonce/terrain-route-saltenia-klm-6-1093-m2-sfax-sakieteddaier-115392,Terrain,180000,2023-05-13,Sfax,Sakiet Eddaïer,Sakiet Eddaïer,3011,1093,Non,Non,Non,Non,,,Oui,Oui,Oui,Commerciale
menzili,https://www.menzili.tn/annonce/A-vendre-un-terrain-sur-la-route-principale-de-tazarka-korba-nabeul-hammamet-115391,Terrain,,2023-05-13,Nabeul,Hammamet,Hammamet,8050,,Titre Individuel,Non,Non,Oui,,,Oui,Non,Non,Commerciale
menzili,https://www.menzili.tn/annonce/ferme-de-14-hectares-a-morneg-benarous-mornag-115383,Terrain,4000000,2023-05-13,Ben Arous,Mornag,Mornag,2090,140000,Non,Non,Non,Non,,,Oui,Non,Non,Commerciale
menzili,https://www.menzili.tn/annonce/terrains-de-construction-a-kelibia-nabeul-kelibia-115374,Terrain,,2023-05-13,Nabeul,Kélibia,Indiquée sur les photos Google map,8000,530,Non,Non,Non,Oui,,,Non,Non,Non,Commerciale
menzili,https://www.menzili.tn/annonce/terrain-de-621m-a-vendre-a-rue-de-parc-la-soukra-ariana-lasoukra-115293,Terrain,1100,2023-05-12,Ariana,La Soukra,La Soukra,2036,621,Titre Individuel,Non,Non,Non,,,Non,Non,Non,Commerciale
menzili,https://www.menzili.tn/annonce/un-terrain-r-6-a-vendre-a-khzema-est-sousse-soussejawhara-111103,Terrain,2500000,2023-02-25,Sousse,Sousse Jawhara,Sousse Jawhara,4000,699,Non,Non,Non,Non,,,Non,Non,Non,Commerciale
menzili,https://www.menzili.tn/annonce/terrain-villa-miston-a-vendre-a-hamem-ghazez-nabeul-kelibia-115237,Terrain,135000,2023-05-11,Nabeul,Kélibia,54670670,8000,210,Non,Non,Non,Non,,,Non,Non,Non,Commerciale
menzili,https://www.menzili.tn/annonce/terrain-a-vendre-a-el-mournagia-manouba-mornaguia-115187,Terrain,89250,2023-05-11,Manouba,Mornaguia,Mornaguia Sidi ali alhattab,1110,525,Non,Non,Non,Non,,,Non,Non,Non,Commerciale
menzili,https://www.menzili.tn/annonce/terrain-a-kerkouane-nabeul-kelibia-115183,Terrain,26000,2023-05-10,Nabeul,Kélibia,Kélibia,8000,126,Titre Bleu,Non,Non,Non,,,Non,Non,Non,Commerciale
menzili,https://www.menzili.tn/annonce/dar-allouch-klibia-300m2-nabeul-kelibia-115156,Terrain,105000,2023-05-10,Nabeul,Kélibia,Dar Allouch,8000,300,Non,Non,Non,Non,,,Oui,Non,Non,Commerciale
menzili,https://www.menzili.tn/annonce/un-terrain-a-vendre-situe-a-4km-de-hammamet-yasmine-route-bouficha-900m-de-la-plage-nabeul-hammamet-115155,Terrain,,2023-05-10,Nabeul,Hammamet,Hammamet,8050,400,Non,Non,Non,Non,,,Oui,Non,Non,Commerciale
menzili,https://www.menzili.tn/annonce/terrain-a-raoued-plage-ariana-raoued-115148,Terrain,,2023-05-10,Ariana,Raoued,Raoued,2083,300,Non,Non,Non,Non,,,Non,Non,Non,Commerciale
menzili,https://www.menzili.tn/annonce/terrain-de-770m-a-vendre-a-hergla-aribatt-a-50-tnd-m2-sousse-hergla-115106,Terrain,190000,2023-05-10,Sousse,Hergla,Aribatt,4000,770,Non,Non,Non,Non,,,Oui,Non,Non,Commerciale
menzili,https://www.menzili.tn/annonce/vente-d-un-terrain-agricole-beja-testour-115092,Terrain,480000,2023-05-09,Béja,Testour,ain younes,9040,110000,Oui,Non,Non,Non,,,Oui,Non,Non,Commerciale
menzili,https://www.menzili.tn/annonce/un-beau-terrain-a-vendre-de-1033-m-a-yasmine-hammamet-nabeul-hammametsud-115012,Terrain,,2023-05-09,Nabeul,Hammamet Sud,Hammamet Sud,8050,1033,Non,Non,Non,Non,,,Non,Non,Non,Commerciale
menzili,https://www.menzili.tn/annonce/terrain-a-vendre-de-60-m2-a-bizeret-sud-bizerte-bizertesud-115008,Terrain,,2023-05-08,Bizerte,Bizerte Sud,Bizerte Sud,7000,,Non,Non,Non,Non,,,Non,Non,Non,Commerciale
menzili,https://www.menzili.tn/annonce/terrain-de-399-m2-a-jinen-hammamet-nabeul-nabeul-114959,Terrain,,2023-05-08,Nabeul,Nabeul,Nabeul,8000,399,Non,Non,Non,Non,,,Non,Oui,Oui,Commerciale
menzili,https://www.menzili.tn/annonce/ferme-al-safwa-a-vendre-a-ghar-el-mellah-bizerte-gharelmelh-114949,Terrain,1550000,2023-05-08,Bizerte,Ghar El Melh,54670670,7023,28390,Non,Non,Non,Non,,,Oui,Non,Oui,Commerciale
menzili,https://www.menzili.tn/annonce/un-terrain-a-vendre-de-424m-a-jinen-hammamet-nabeul-nabeul-114945,Terrain,,2023-05-08,Nabeul,Nabeul,Nabeul,8000,424,Non,Non,Non,Non,,,Non,Oui,Oui,Commerciale
menzili,https://www.menzili.tn/annonce/terrain-agricole-asouja-a-vendre-a-ghar-el-mellah-bizerte-gharelmelh-114925,Terrain,970000,2023-05-08,Bizerte,Ghar El Melh,Ghar El Melh,7023,7000,Non,Non,Non,Non,,,Oui,Non,Oui,Commerciale
menzili,https://www.menzili.tn/annonce/un-beau-terrain-a-vendre-situe-a-5min-de-yasmine-hammamet-nabeul-nabeul-114921,Terrain,,2023-05-08,Nabeul,Nabeul,hammamet,8000,1043,Non,Non,Non,Non,,,Non,Non,Non,Commerciale
menzili,https://www.menzili.tn/annonce/un-terrain-situe-a-3km-de-yasmine-hammamet-nabeul-nabeul-114912,Terrain,,2023-05-08,Nabeul,Nabeul,hammamet,8000,1038,Non,Non,Non,Non,,,Oui,Non,Non,Commerciale
menzili,https://www.menzili.tn/annonce/un-beau-terrain-de-1038m-nabeul-nabeul-114907,Terrain,,2023-05-08,Nabeul,Nabeul,Nabeul,8000,900,Non,Non,Non,Non,,,Oui,Non,Non,Commerciale
menzili,https://www.menzili.tn/annonce/terrains-a-vendre-a-sidi-thabet-ariana-sidithabet-114897,Terrain,,2023-05-08,Ariana,Sidi Thabet,eya.guellim94@gmail.com,2080,400,Non,Non,Non,Non,,,Oui,Non,Non,Commerciale
menzili,https://www.menzili.tn/annonce/terrain-a-vendre-900-m2-sfax-sakieteddaier-114869,Terrain,250000,2023-05-06,Sfax,Sakiet Eddaïer,markeez kaaniche sakiet eddaier route mahdia hzem,3011,900,Non,Non,Non,Non,,,Oui,Non,Non,Commerciale
menzili,https://www.menzili.tn/annonce/mnihla-des-lots-de-terrain-a-200-dinars-m2-ariana-mnihla-114864,Terrain,,2023-05-06,Ariana,Mnihla,Cité El gouabssia,2094,400,Non,Non,Non,Non,,,Non,Non,Non,Commerciale
menzili,https://www.menzili.tn/annonce/un-beau-terrain-a-4-km-de-hammamet-yasmine-29256483-nabeul-hammametsud-114850,Terrain,,2023-05-06,Nabeul,Hammamet Sud,HAMMAMET SUD,8050,1040,Non,Non,Non,Non,,,Oui,Non,Non,Commerciale
menzili,https://www.menzili.tn/annonce/terrain-pour-usage-commercial-et-habitat-jendouba-tabarka-114802,Terrain,,2023-05-05,Jendouba,Tabarka,commercial.msdev@gmail.com,8110,310,Non,Non,Non,Non,,,Non,Non,Non,Commerciale
menzili,https://www.menzili.tn/annonce/terrain-villa-tayma-a-vendre-a-hammam-linf-benarous-hammamlif-114784,Terrain,420000,2023-05-05,Ben Arous,Hammam Lif,Hammam Lif,2050,310,Non,Non,Non,Non,,,Non,Non,Non,Résidentielle
menzili,https://www.menzili.tn/annonce/terrain-invest-calisto-a-vendre-a-boumhal-el-bassetine-benarous-boumhel-114782,Terrain,2400000,2023-05-05,Ben Arous,Boumhel,Boumhel,2013,701,Non,Non,Non,Non,,,Non,Non,Non,Résidentielle
menzili,https://www.menzili.tn/annonce/terrain-de-300-m2-a-raoued-ariana-raoued-114739,Terrain,70000,2023-05-05,Ariana,Raoued,Raoued,2083,300,Non,Non,Non,Non,,,Non,Non,Non,Commerciale
menzili,https://www.menzili.tn/annonce/magnifique-terrain-a-beni-wael-nabeul-hammametnord-114715,Terrain,475000,2023-05-04,Nabeul,Hammamet Nord,beniwael a hammamet birbouregba,8050,2377,Non,Non,Non,Non,,,Non,Non,Oui,Commerciale
menzili,https://www.menzili.tn/annonce/terrain-a-vendre-de-288-m-sousse-hammamsousse-114722,Terrain,172000,2023-05-04,Sousse,Hammam Sousse,Hammam Sousse,4011,288,Non,Non,Non,Oui,,,Non,Non,Non,Commerciale
menzili,https://www.menzili.tn/annonce/un-terrain-a-vendre-de-175-m2-nabeul-hammamet-114713,Terrain,31500,2023-05-04,Nabeul,Hammamet,Hammamet,8050,175,Non,Non,Non,Non,,,Non,Non,Non,Commerciale
menzili,https://www.menzili.tn/annonce/terrain-agricole-kia-a-vendre-a-borj-touil-ariana-raoued-114654,Terrain,1500000,2023-05-03,Ariana,Raoued,borj touil,2083,10000,Non,Non,Non,Non,,,Non,Non,Non,Commerciale
menzili,https://www.menzili.tn/annonce/un-terrain-r-4-a-vendre-a-sahloul-sousse-sahloul-110388,Terrain,795000,2023-02-15,Sousse,Sahloul,Sahloul,4054,530,Non,Non,Non,Non,,,Non,Non,Non,Commerciale
menzili,https://www.menzili.tn/annonce/un-terrain-a-vendre-situe-a-sahloul-sousse-sahloul-110178,Terrain,550000,2023-02-13,Sousse,Sahloul,Sahloul,4054,400,Non,Non,Non,Non,,,Non,Non,Non,Commerciale
menzili,https://www.menzili.tn/annonce/terrain-agricole-elga-a-vendre-d-el-fahs-zaghouan-elfahs-114639,Terrain,1620000,2023-05-02,Zaghouan,El Fahs,54670670,1140,930000,Non,Non,Non,Non,,,Non,Non,Oui,Commerciale
menzili,https://www.menzili.tn/annonce/terrain-industriel-leora-a-vendre-a-zagouan-zaghouan-zaghouan-114637,Terrain,1972000,2023-05-02,Zaghouan,Zaghouan,Zaghouan,1100,11600,Non,Non,Non,Non,,,Oui,Non,Non,Commerciale
menzili,https://www.menzili.tn/annonce/terrain-agricole-zelina-a-vendre-a-sidi-aich-gafsa-sidiaich-114636,Terrain,405000,2023-05-02,Gafsa,Sidi Aïch,Sidi Aïch,2100,90000,Non,Non,Non,Non,,,Non,Non,Oui,Commerciale
menzili,https://www.menzili.tn/annonce/terrain-agricole-wallis-a-vendre-a-sidi-aich-gafsa-sidiaich-114619,Terrain,320000,2023-05-02,Gafsa,Sidi Aïch,54670670,2100,30000,Non,Non,Non,Non,,,Non,Non,Oui,Commerciale
menzili,https://www.menzili.tn/annonce/2-lots-de-terrain-de-400m-chaqu-un-bizerte-bizertenord-114592,Terrain,1600,2023-04-30,Bizerte,Bizerte Nord,Corniche - Bizerte,7000,400,Non,Non,Non,Non,,,Oui,Non,Non,Commerciale
menzili,https://www.menzili.tn/annonce/large-terrain-a-vendre-a-borj-touil-ariana-arianaville-114579,Terrain,,2023-04-29,Ariana,Ariana Ville,Ariana Ville,2080,1368,Non,Non,Non,Non,,31,Non,Non,Non,Commerciale
menzili,https://www.menzili.tn/annonce/terrain-a-bas-prix-a-borj-touil-ariana-ariana-arianaville-114578,Terrain,245000,2023-04-29,Ariana,Ariana Ville,Ariana Ville,2080,700,Non,Non,Non,Non,,,Non,Non,Non,Commerciale
menzili,https://www.menzili.tn/annonce/terrain-r-6-manouba-denden-114577,Terrain,1700000,2023-04-29,Manouba,Denden,Cité El Amal denden,2011,3454,Titre Individuel,Non,Non,Non,,,Non,Non,Non,Commerciale
menzili,https://www.menzili.tn/annonce/terrain-agricole-jastin-a-vendre-a-borj-touil-ariana-raoued-114573,Terrain,300000,2023-04-29,Ariana,Raoued,borj thabet,2083,8000,Non,Non,Non,Non,,,Non,Non,Non,Commerciale
menzili,https://www.menzili.tn/annonce/terrain-gomez-a-vendre-a-raoued-ariana-raoued-114571,Terrain,90000,2023-04-29,Ariana,Raoued,raoued,2083,300,Non,Non,Non,Non,,,Non,Non,Non,Résidentielle
menzili,https://www.menzili.tn/annonce/terrain-flamant-rose-ariana-raoued-114565,Terrain,,2023-04-28,Ariana,Raoued,28402258,2083,228,Non,Non,Oui,Non,,,Non,Non,Non,Commerciale
menzili,https://www.menzili.tn/annonce/terrain-1ere-position-sidi-youssef-sfax-kerkennah-114561,Terrain,500000,2023-04-28,Sfax,Kerkennah,Sidi Youssef,3070,13000,Non,Non,Non,Non,,,Oui,Non,Non,Commerciale
menzili,https://www.menzili.tn/annonce/terrain-usage-villa-fait-le-coin-tunis-lebardo-114553,Terrain,873450,2023-04-28,Tunis,Le Bardo,Mitoyen terrain de football stade tunisien,2000,647,Non,Non,Non,Non,20x15,,Non,Non,Non,Résidentielle
menzili,https://www.menzili.tn/annonce/terrain-agricole-jemma-a-vendre-a-bejaoua-ariana-sidithabet-114535,Terrain,650000,2023-04-28,Ariana,Sidi Thabet,Sidi Thabet,2080,16090,Non,Non,Non,Non,,34,Oui,Non,Non,Commerciale
menzili,https://www.menzili.tn/annonce/terrain-bon-emplacement-268-m-a-bhar-lazreg-marsa-tunis-lamarsa-114534,Terrain,140000,2023-04-28,Tunis,La Marsa,bhar lazreg marsa,2070,268,Non,Non,Non,Non,,,Oui,Non,Non,Commerciale
menzili,https://www.menzili.tn/annonce/terrain-vue-mer-kebili-kebilinord-114532,Terrain,,2023-04-28,Kébili,Kébili Nord,Lebna,4200,900,Oui,Oui,Non,Non,,,Non,Non,Non,Commerciale
menzili,https://www.menzili.tn/annonce/terrain-fait-le-coin-tunis-lebardo-114510,Terrain,918000,2023-04-27,Tunis,Le Bardo,Mitoyen terrain de football stade tunisien,2000,680,Non,Non,Non,Non,,,Non,Non,Non,Résidentielle
menzili,https://www.menzili.tn/annonce/terrain-a-hammam-jdidi-nabeul-hammamet-114490,Terrain,27000,2023-04-26,Nabeul,Hammamet,Hammam bent jdidi,8050,273,Non,Non,Non,Non,,,Oui,Oui,Oui,Commerciale
menzili,https://www.menzili.tn/annonce/terrain-agricole-trevino-a-vendre-a-sidi-aich-gafsa-sidiaich-114487,Terrain,480000,2023-04-26,Gafsa,Sidi Aïch,Sidi Aïch,2100,16000,Non,Non,Non,Non,,,Non,Non,Oui,Commerciale
menzili,https://www.menzili.tn/annonce/terrain-a-vendre-a-mnihla-devant-maison-renault-ariana-mnihla-114461,Terrain,1200000,2023-04-26,Ariana,Mnihla,Mnihla,2094,16000,Non,Non,Non,Non,,,Non,Non,Non,Commerciale
menzili,https://www.menzili.tn/annonce/depot-et-terrain-a-vendre-sfax-sfaxville-114443,Terrain,,2023-04-25,Sfax,Sfax Ville,route gabes km 2.5 zi sidi salem,3000,,Non,Non,Non,Non,,,Oui,Non,Non,Commerciale
menzili,https://www.menzili.tn/annonce/vente-terrain-nabeul-menzeltemime-114430,Terrain,123000,2023-04-25,Nabeul,Menzel Temime,Menzel hor,8080,,Non,Oui,Non,Oui,,,Non,Non,Non,Commerciale
menzili,https://www.menzili.tn/annonce/un-terrain-agricole-a-vendre-a-kalaa-kbira-sousse-kalaakebira-99427,Terrain,1200000,2022-10-15,Sousse,Kalaâ Kebira,Kalaâ Kebira,4000,,Oui,Non,Non,Non,,,Non,Non,Non,Commerciale
menzili,https://www.menzili.tn/annonce/terrain-invest-narcos-a-vendre-a-ben-arous-benarous-medinajedida-114405,Terrain,1200000,2023-04-24,Ben Arous,Medina Jedida,Medina Jedida,2013,804,Non,Non,Non,Non,,,Non,Non,Non,Résidentielle
menzili,https://www.menzili.tn/annonce/terrain-agricole-a-vendre-el-haouaria-nabeul-elhaouaria-114371,Terrain,800000,2023-04-24,Nabeul,Al Huwariyah,C26,8000,19950,Non,Non,Non,Non,,,Oui,Non,Oui,Résidentielle
menzili,https://www.menzili.tn/annonce/terrain-dans-une-residence-familiale-calme-ariana-mnihla-114367,Terrain,,2023-04-24,Ariana,Mnihla,rue principale BIZERT,2094,438,Non,Non,Non,Non,,,Non,Non,Non,Commerciale
menzili,https://www.menzili.tn/annonce/terrain-a-vendre-a-cite-zouhour-3-tunis-ezzouhour-114366,Terrain,,2023-04-24,Tunis,Ezzouhour,Ezzouhour,1010,,Non,Non,Non,Oui,,,Non,Non,Non,Commerciale
menzili,https://www.menzili.tn/annonce/terrain-500-metres-a-vendre-manouba-mornaguia-114365,Terrain,120000,2023-04-23,Manouba,Mornaguia,Sidi ali hattab,1110,500,Non,Non,Non,Non,,,Oui,Non,Non,Commerciale
menzili,https://www.menzili.tn/annonce/terrain-a-ksour-essef-route-de-sfax-mahdia-ksouressef-114343,Terrain,68000,2023-04-23,Mahdia,Ksour Essef,Ksour Essef,5180,446,Non,Non,Oui,Non,,,Oui,Non,Non,Commerciale
menzili,https://www.menzili.tn/annonce/terrain-a-vendre-sousse-fatma-zahrra-sousse-soussejawhara-114337,Terrain,,2023-04-22,Sousse,Sousse Jawhara,sousse,4000,609,Non,Non,Non,Non,,,Non,Non,Non,Commerciale
menzili,https://www.menzili.tn/annonce/terrain-vue-de-mer-a-vendre-dar-al-ain-melloula-ta-jendouba-tabarka-114334,Terrain,11111,2023-04-21,Jendouba,Tabarka,Jendouba,8110,419,Non,Oui,Non,Non,,,Non,Non,Non,Commerciale
menzili,https://www.menzili.tn/annonce/terrain-a-vendre-a-menzel-abderrahman-bir-tarbi3a-bizerte-menzeljemil-114332,Terrain,364000,2023-04-21,Bizerte,Menzel Jemil,Menzel Abderrahmen (bir tarbi3a),7080,1040,Non,Non,Non,Non,,,Non,Non,Non,Commerciale
menzili,https://www.menzili.tn/annonce/terrain-a-vendre-a-menzel-abderrahman-bir-essenia-bizerte-menzeljemil-114331,Terrain,468000,2023-04-21,Bizerte,Menzel Jemil,Menzel Abderrahmen sur l'avenue principale Bourgui,7080,624,Non,Non,Non,Non,,,Non,Non,Non,Commerciale
menzili,https://www.menzili.tn/annonce/terrainde1300m-de110000dtafoukaia-sousse-akouda-114322,Terrain,110000,2023-04-20,Sousse,Akouda,Akouda,4022,1300,Oui,Non,Non,Non,,,Non,Non,Non,Commerciale
menzili,https://www.menzili.tn/annonce/terrain-a-vendre-kelibia-nabeul-kelibia-114215,Terrain,300000,2023-04-17,Nabeul,Kélibia,kelibia-dar alloich,8090,16000,Titre Bleu,Non,Non,Non,,,Non,Oui,Oui,Commerciale
menzili,https://www.menzili.tn/annonce/a-vendre-terrain-a-mnaki3-ksouressef-mahdia-ksouressef-114303,Terrain,60000,2023-04-20,Mahdia,Ksour Essef,Mnaki3,5180,513,Non,Non,Non,Oui,,,Non,Oui,Oui,Commerciale
menzili,https://www.menzili.tn/annonce/terrain-a-vendre-a-la-falaise-de-monastir-monastir-monastir-114300,Terrain,900000000,2023-04-19,Monastir,Monastir,Monastir,5000,513,Titre Bleu,Non,Non,Non,,,Non,Non,Non,Commerciale
menzili,https://www.menzili.tn/annonce/terrain-dalida-a-vendre-a-ain-zaghouan-sud-tunis-ainzaghouan-114293,Terrain,1312000,2023-04-19,Tunis,Aïn Zaghouan,ain zaghouan sud,1100,750,Non,Non,Non,Non,,,Oui,Non,Non,Résidentielle
menzili,https://www.menzili.tn/annonce/terrain-a-vendre-a-maamoura-5135535-nabeul-benikhiar-114280,Terrain,,2023-04-19,Nabeul,Béni Khiar,Béni Khiar,8000,2737,Titre Bleu,Non,Non,Non,,,Oui,Non,Oui,Commerciale
menzili,https://www.menzili.tn/annonce/terrain-nabeul-nainou-%D8%B9%D9%84%D9%89-%D8%A7%D9%84%D8%B4%D9%8A%D8%A7%D8%B9-nabeul-nabeul-114260,Terrain,450000,2023-04-18,Nabeul,Nabeul,nabeul nainou,8000,45000,Non,Non,Non,Non,,,Non,Non,Non,Commerciale
menzili,https://www.menzili.tn/annonce/terrain-nu-a-moknine-168-m2-monastir-moknine-114255,Terrain,47000,2023-04-18,Monastir,Moknine,moknine prés de lycée bir bou tazzaa,5050,168,Non,Non,Non,Non,,,Non,Non,Non,Commerciale
menzili,https://www.menzili.tn/annonce/deux-terrains-de-150m-a-omheni-menzel-bourguiba-bizerte-menzelbourguiba-114254,Terrain,,2023-04-18,Bizerte,Menzel Bourguiba,Omheni,7050,300,Non,Non,Non,Non,,,Non,Non,Non,Commerciale
menzili,https://www.menzili.tn/annonce/terrain-villa-rihane-a-vendre-a-hammem-ghazez-nabeul-hammamghezeze-114251,Terrain,320000,2023-04-18,Nabeul,Hammam Ghezèze,Hammam Ghezèze,8000,352,Non,Non,Non,Non,,,Non,Non,Non,Commerciale
menzili,https://www.menzili.tn/annonce/terrain-villa-ghosn-a-vendre-a-hammem-ghazez-nabeul-hammamghezeze-114249,Terrain,45000,2023-04-18,Nabeul,Hammam Ghezèze,Hammam Ghezèze,8000,250,Non,Non,Non,Non,,,Non,Non,Non,Commerciale
menzili,https://www.menzili.tn/annonce/terrain-villa-abboud-a-vendre-a-hammem-ghazez-nabeul-hammamghezeze-114247,Terrain,130000,2023-04-18,Nabeul,Hammam Ghezèze,Hammam Ghezèze,8000,162,Non,Non,Non,Non,,,Non,Non,Non,Commerciale
menzili,https://www.menzili.tn/annonce/terrain-agricole-12km-sfax-agareb-114226,Terrain,1150000,2023-04-17,Sfax,Agareb,route aguereb ( matar) km 12,3030,11500,Oui,Non,Non,Non,,,Oui,Non,Non,Commerciale
menzili,https://www.menzili.tn/annonce/un-terrain-a-kelibia-nabeul-kelibia-114177,Terrain,25000,2023-04-16,Nabeul,Kélibia,Tihert kélibia,8000,11959,Non,Non,Non,Non,,,Non,Oui,Oui,Commerciale
menzili,https://www.menzili.tn/annonce/un-terrain-a-kelibia-jinen-mansoura-nabeul-kelibia-114176,Terrain,99000,2023-04-16,Nabeul,Kélibia,Jinan Mansourah kélibia,8000,220,Non,Non,Non,Non,,,Non,Non,Non,Commerciale
menzili,https://www.menzili.tn/annonce/un-terrain-a-kelibia-pour-vous-projet-nabeul-kelibia-114175,Terrain,620000,2023-04-16,Nabeul,Kélibia,kélibia sur la route principale MC27,8000,518,Oui,Non,Non,Non,,,Oui,Non,Non,Commerciale
menzili,https://www.menzili.tn/annonce/un-terrain-a-kelibia-cite-riadh-zone-villa-nabeul-kelibia-114174,Terrain,110000,2023-04-16,Nabeul,Kélibia,Kélibia,8000,371,Non,Non,Non,Non,,,Non,Non,Non,Commerciale
menzili,https://www.menzili.tn/annonce/un-terrain-a-kelibia-cite-merdesse-zone-villa-nabeul-kelibia-114173,Terrain,115000,2023-04-16,Nabeul,Kélibia,cité merdesse,8000,231,Non,Non,Non,Non,,16,Non,Oui,Oui,Résidentielle
menzili,https://www.menzili.tn/annonce/-3-lots-de-terrain-a-kelibi-270-200-et-221m-a-vendre-nabeul-kelibia-114172,Terrain,75000,2023-04-16,Nabeul,Kélibia,Kélibia,8000,200,Non,Non,Non,Non,,,Non,Oui,Oui,Résidentielle
menzili,https://www.menzili.tn/annonce/lotissement-a-cite-riadh-kelibia-nabeul-kelibia-114171,Terrain,112000,2023-04-16,Nabeul,Kélibia,cité Riadh kélibia,8000,186,Non,Non,Non,Non,,,Non,Oui,Oui,Résidentielle
menzili,https://www.menzili.tn/annonce/un-terrain-a-kelibia-de-572-m-nabeul-kelibia-114170,Terrain,154000,2023-04-16,Nabeul,Kélibia,Kélibia,8000,572,Non,Non,Non,Non,,,Non,Oui,Oui,Résidentielle
menzili,https://www.menzili.tn/annonce/un-terrain-a-kelibia-cite-riadh-nabeul-kelibia-114169,Terrain,104000,2023-04-16,Nabeul,Kélibia,cité Riadh kélibia,8000,231,Non,Non,Non,Oui,,12,Non,Non,Non,Commerciale
menzili,https://www.menzili.tn/annonce/un-terrain-a-kelibia-de-273m-nabeul-kelibia-114168,Terrain,75000,2023-04-16,Nabeul,Kélibia,Kélibia,8000,273,Non,Non,Non,Non,,13,Non,Oui,Oui,Résidentielle
menzili,https://www.menzili.tn/annonce/un-bon-terrain-au-zone-touristique-djerba-medenine-djerbamidoun-114156,Terrain,248000,2023-04-15,Médenine,Djerba - Midoun,Zone touristique Djerba d’arriere Cafe Palm Djerba,4180,705,Non,Non,Non,Non,,,Non,Non,Non,Commerciale
menzili,https://www.menzili.tn/annonce/terrain-maxim-A-vendre-A-la-soukra-ariana-chotrana-114135,Terrain,838000,2023-04-15,Ariana,Chotrana,chotrana 1 la soukra,2086,838,Non,Non,Non,Non,,,Oui,Non,Non,Résidentielle
menzili,https://www.menzili.tn/annonce/a-vendre-terrain-a-el-fatha-mansoura_kelibia-nabeul-kelibia-114090,Terrain,,2023-04-14,Nabeul,Kélibia,Mansoura,8000,263,Titre Bleu,Non,Non,Non,,,Non,Oui,Non,Résidentielle
menzili,https://www.menzili.tn/annonce/a-vendre-au-prix-du-terrain-tunis-centrevillelafayette-114129,Terrain,880000,2023-04-14,Tunis,Centre Ville - Lafayette,ahmedwalidmrad@gmail.com,1000,247,Non,Non,Non,Oui,,,Non,Non,Non,Commerciale
menzili,https://www.menzili.tn/annonce/vente-d-un-terrain-a-la-soukra-ariana-lasoukra-114123,Terrain,1300,2023-04-14,Ariana,La Soukra,La Soukra,2036,2000,Non,Non,Non,Non,,,Oui,Non,Non,Commerciale
menzili,https://www.menzili.tn/annonce/terrain-constructible-viabilise-a-vendre-a-nabeul-51355351-nabeul-nabeul-114120,Terrain,186000,2023-04-14,Nabeul,Nabeul,Nabeul,8000,233,Titre Individuel,Non,Oui,Oui,,13,Non,Non,Non,Commerciale
menzili,https://www.menzili.tn/annonce/terrain-a-vendre-a-carthage-byrsa-tunis-carthage-114087,Terrain,1128600,2023-04-13,Tunis,Carthage,carthage,2016,418,Non,Non,Non,Non,,,Non,Non,Non,Commerciale
menzili,https://www.menzili.tn/annonce/terrain-viabilise-pied-dans-l-eau-a-vendre-51355351-nabeul-korba-114002,Terrain,,2023-04-11,Nabeul,Korba,Korba,8070,1300,Titre Bleu,Non,Oui,Non,,,Non,Non,Oui,Résidentielle
menzili,https://www.menzili.tn/annonce/terrain-defacto-a-vendre-a-cite-essahafa-ghazela-ariana-ghazela-113954,Terrain,340000,2023-04-10,Ariana,Ghazela,ghazella,2080,530,Non,Non,Non,Non,,,Non,Non,Non,Résidentielle
menzili,https://www.menzili.tn/annonce/terrain-salloum-bouficha-sousse-bouficha-113840,Terrain,,2023-04-06,Sousse,Sousse,Bouficha,4000,20000,Non,Non,Non,Non,,,Non,Non,Oui,Commerciale
menzili,https://www.menzili.tn/annonce/terrain-luna-A-vendre-A-la-soukra-ariana-lasoukra-113814,Terrain,400000,2023-04-06,Ariana,La Soukra,la soukra,2036,350,Non,Non,Non,Non,,,Oui,Non,Non,Résidentielle
menzili,https://www.menzili.tn/annonce/vente-des-terrains-a-kerkennah-sfax-kerkennah-113807,Terrain,,2023-04-06,Sfax,Kerkennah,kerkannah,3070,,Non,Non,Non,Non,,,Non,Non,Non,Commerciale
menzili,https://www.menzili.tn/annonce/vente-des-terrains-a-karkana-sfax-kerkennah-113753,Terrain,,2023-04-05,Sfax,Kerkennah,kerkana,3070,,Non,Non,Non,Non,,,Non,Non,Non,Commerciale
menzili,https://www.menzili.tn/annonce/a-vendre-ferme-18-ha-zaghouan-zaghouan-113750,Terrain,2200,2023-04-04,Zaghouan,Zaghouan,Zaghouan,1100,180000,Non,Non,Non,Non,,,Oui,Oui,Oui,Commerciale
menzili,https://www.menzili.tn/annonce/terrain-viabilise-a-vendre-a-mrezga-51355351-nabeul-mrezga-113708,Terrain,180000,2023-04-04,Nabeul,Mrezga,Mrezga,8058,300,Titre Bleu,Non,Oui,Oui,,,Non,Non,Oui,Commerciale
menzili,https://www.menzili.tn/annonce/terrain-viabilise-et-constructible-a-vendre-a-afh-mrezga51355351-nabeul-mrezga-113698,Terrain,,2023-04-04,Nabeul,Mrezga,Mrezga,8058,640,Oui,Non,Oui,Oui,,,Non,Non,Oui,Résidentielle
menzili,https://www.menzili.tn/annonce/villa-mikhail-a-vendre-a-kheireddine-tunis-lagoulette-113671,Terrain,525000,2023-04-03,Tunis,La Goulette,La Goulette,2060,222,Non,Non,Non,Non,,,Non,Non,Non,Résidentielle
menzili,https://www.menzili.tn/annonce/terrain-constructible-a-vendre-a-120-md-a-mrezga-51355351-nabeul-mrezga-113631,Terrain,120000,2023-04-02,Nabeul,Mrezga,Mrezga,8058,170,Non,Non,Non,Oui,,,Non,Non,Non,Résidentielle
menzili,https://www.menzili.tn/annonce/terrain-a-vendre-oued-ellil-chebaou-manouba-ouedellil-113628,Terrain,,2023-04-02,Manouba,Oued Ellil,Tri9 chnowa,2021,550,Non,Non,Non,Non,,,Non,Non,Non,Commerciale
menzili,https://www.menzili.tn/annonce/terrain-a-vendre-djerba-superficie-2400m-medenine-djerbamidoun-113621,Terrain,240000,2023-04-01,Médenine,Djerba - Midoun,Djerba - Midoun,4180,2400,Non,Non,Non,Non,,,Non,Non,Non,Commerciale
menzili,https://www.menzili.tn/annonce/terrain-villa-nouh-a-vendre-a-gammarth-tunis-lamarsa-113600,Terrain,724000,2023-04-01,Tunis,La Marsa,La Marsa,2070,724,Non,Non,Non,Non,,,Non,Non,Non,Résidentielle
menzili,https://www.menzili.tn/annonce/terrain-benjamin-A-vendre-A-chotrana-ariana-chotrana-113522,Terrain,492800,2023-03-30,Ariana,Chotrana,chotrana 2 la soukra,2086,448,Non,Non,Non,Non,,,Oui,Non,Non,Résidentielle
menzili,https://www.menzili.tn/annonce/terrain-1096m-megrine-saint-gobain-benarous-megrine-113485,Terrain,1800000,2023-03-30,Ben Arous,Mégrine,Mégrine,2033,1096,Non,Non,Non,Non,,,Non,Non,Non,Commerciale
menzili,https://www.menzili.tn/annonce/ref-3276-terrain-constructible-de-500-m-a-corniche-bizerte-bizerte-bizertenord-113473,Terrain,500000,2023-03-29,Bizerte,Bizerte Nord,bizerte centre complexe commercial,7000,500,Oui,Non,Non,Oui,,,Oui,Non,Non,Commerciale
menzili,https://www.menzili.tn/annonce/terrain-sandra-a-vendre-a-raoued-plage-ariana-raoued-113445,Terrain,111000,2023-03-29,Ariana,Raoued,raoued plage,2083,246,Non,Non,Non,Non,,,Non,Non,Non,Résidentielle
menzili,https://www.menzili.tn/annonce/terrain-monastir-monastir-113440,Terrain,3000,2023-03-29,Monastir,Monastir,monastir,5000,1550,Non,Non,Non,Oui,,,Non,Non,Non,Commerciale
menzili,https://www.menzili.tn/annonce/terrain-de-557-m-a-vendre-a-90-md-a-hammamet-sud-51355351-nabeul-hammametsud-113437,Terrain,90000,2023-03-29,Nabeul,Hammamet Sud,Hammamet Sud,8050,557,Non,Non,Non,Non,,,Non,Non,Non,Commerciale
menzili,https://www.menzili.tn/annonce/terrain-habitation-anacapri-a-vendre-a-kelibia-nabeul-kelibia-113424,Terrain,127000,2023-03-29,Nabeul,Kélibia,54670670,8000,316,Non,Non,Non,Non,,,Non,Non,Non,Résidentielle
menzili,https://www.menzili.tn/annonce/terrain-capri-a-vendre-a-la-marsa-tunis-lamarsa-113370,Terrain,330000,2023-03-27,Tunis,La Marsa,54670670,2070,366,Non,Non,Non,Non,,,Non,Non,Non,Résidentielle
menzili,https://www.menzili.tn/annonce/terrain-agricole-a-vendre-a-menzel-bourguiba-bizerte-menzelbourguiba-113361,Terrain,630000,2023-03-27,Bizerte,Menzel Bourguiba,54670670,7050,70000,Non,Non,Non,Non,,,Non,Non,Oui,Commerciale
menzili,https://www.menzili.tn/annonce/terrain-a-vendre-de-467m-a-boukhris-bizerte-bizerte-bizertenord-113332,Terrain,,2023-03-27,Bizerte,Bizerte Nord,Bizerte Nord,7000,467,Titre Bleu,Non,Non,Non,,,Non,Non,Non,Résidentielle
menzili,https://www.menzili.tn/annonce/terrain-avec-beaucoup-de-potentiel-sousse-kalaakebira-113326,Terrain,,2023-03-26,Sousse,Kalaâ Kebira,Route de roknine,4000,5500,Titre Bleu,Non,Non,Non,,,Oui,Non,Non,Commerciale
menzili,https://www.menzili.tn/annonce/des-terrains-a-vendre-chatt-zouhour-_libna-nabeul-elmida-113323,Terrain,30000,2023-03-26,Nabeul,El Mida,شط الزهور_لبنة,8000,300,Non,Non,Non,Non,,,Non,Non,Non,Commerciale
menzili,https://www.menzili.tn/annonce/terrain-pres-de-mosquee-nabeul-hammamghezeze-113317,Terrain,,2023-03-25,Nabeul,Hammam Ghezèze,Hammam Ghezèze,8000,500,Non,Non,Non,Non,,,Non,Non,Non,Commerciale
menzili,https://www.menzili.tn/annonce/un-terrain-centre-ville-dar-allouche-5-min-de-la-plage-nabeul-nabeul-113303,Terrain,27000,2023-03-25,Nabeul,Nabeul,dar Allouche kelibia,8000,225,Non,Non,Non,Non,,,Non,Non,Non,Commerciale
menzili,https://www.menzili.tn/annonce/a-vendre-un-terrain-vue-sur-mer-a-kerkouene-kelibia-nabeul-kelibia-113296,Terrain,72000,2023-03-25,Nabeul,Kélibia,kerkouene kelibia,8090,330,Titre Bleu,Oui,Non,Non,,,Non,Oui,Non,Commerciale
menzili,https://www.menzili.tn/annonce/terrain-a-vendre-pour-les-promoteurs-front-de-mer-mahdia-mahdia-110171,Terrain,,2023-02-13,Mahdia,Mahdia,zone touristique mahdia,5100,2632,Non,Non,Non,Non,,,Non,Non,Non,Commerciale
menzili,https://www.menzili.tn/annonce/terrain-yanis-a-vendre-a-raoued-plage-ariana-raoued-113290,Terrain,275000,2023-03-25,Ariana,Raoued,menzah@hsh.tn,2083,500,Non,Non,Non,Non,,,Non,Non,Non,Résidentielle
menzili,https://www.menzili.tn/annonce/terrain-amiens-A-vendre-A-bhar-lazreg-tunis-lamarsa-113253,Terrain,807500,2023-03-24,Tunis,La Marsa,bhar lazrak,2070,850,Non,Non,Non,Non,,,Oui,Non,Non,Résidentielle
menzili,https://www.menzili.tn/annonce/terrain-louis-braille-tunis-mutuelleville-113229,Terrain,2300,2023-03-24,Tunis,Cité les jardins,avenue louis braille,1000,905,Non,Non,Non,Non,,,Non,Non,Non,Commerciale
menzili,https://www.menzili.tn/annonce/terrain-r-4-etages-a-hegla-sousse-hergla-113223,Terrain,465500,2023-03-24,Sousse,Hergla,TERRAIN R+4 A HERGLA,4000,665,Non,Non,Non,Non,,,Non,Non,Non,Résidentielle
menzili,https://www.menzili.tn/annonce/terrain-spacieux-avec-villa-a-vendre-a-chotrana-la-soukra-ariana-lasoukra-113219,Terrain,,2023-03-24,Ariana,La Soukra,La Soukra,2036,1852,Non,Non,Non,Non,,,Oui,Non,Non,Commerciale
menzili,https://www.menzili.tn/annonce/spacieux-terrain-a-vendre-a-sidi-salah-la-soukra-ariana-lasoukra-113195,Terrain,291000,2023-03-23,Ariana,La Soukra,La Soukra,2036,667,Non,Non,Non,Non,,,Non,Non,Non,Commerciale
menzili,https://www.menzili.tn/annonce/terrain-de-belle-vue-a-foukaia-chatt-meriem-sousse-akouda-113168,Terrain,192000,2023-03-23,Sousse,Akouda,Akouda,4022,2399,Non,Non,Non,Non,,,Non,Non,Non,Commerciale
menzili,https://www.menzili.tn/annonce/terrain-agricole-borj-el-omri-manouba-borjelamri-113153,Terrain,300000,2023-03-22,Manouba,Borj El Amri,Borj el omri,2010,580,Non,Non,Non,Non,,,Non,Oui,Non,Commerciale
menzili,https://www.menzili.tn/annonce/terrain-magi-a-vendre-a-raoued-ariana-raoued-113135,Terrain,50000,2023-03-22,Ariana,Raoued,raoued,2083,200,Non,Non,Non,Non,,,Non,Non,Non,Résidentielle
menzili,https://www.menzili.tn/annonce/terrain-habitation-independant-en-vente-sousse-kantaoui-113102,Terrain,1900000,2023-03-22,Sousse,Kantaoui,kantaoui,4089,1162,Non,Non,Non,Non,,,Oui,Non,Non,Résidentielle
menzili,https://www.menzili.tn/annonce/terrain-agricole-a-vendre-a-kantaoui-sousse-kantaoui-113100,Terrain,580000,2023-03-22,Sousse,Kantaoui,kantaoui,4089,1424,Non,Non,Non,Non,,,Non,Non,Non,Commerciale
menzili,https://www.menzili.tn/annonce/terrain-habitation-collective-en-vente-a-kantaoui-sousse-kantaoui-113099,Terrain,620000,2023-03-22,Sousse,Kantaoui,kantaoui,4089,886,Non,Non,Non,Non,,,Non,Non,Non,Résidentielle
menzili,https://www.menzili.tn/annonce/vt804terrain-3207-m-a-wed-khatf-kelibia-nabeul-kelibia-113057,Terrain,270000,2023-03-21,Nabeul,Kélibia,aspisimmo@gmail.com,8000,3207,Oui,Non,Non,Non,,91,Oui,Non,Oui,Commerciale
menzili,https://www.menzili.tn/annonce/vente-terrain-constructible-pied-dans-l-eau-a-gammarth-tunis-gammarth-113043,Terrain,,2023-03-21,Tunis,Gammarth,contact@princesseimmo.com,2078,1500,Non,Non,Non,Oui,,,Non,Non,Oui,Résidentielle
menzili,https://www.menzili.tn/annonce/terrain-merveilleuse-avec-vue-sur-mer-nabeul-hammamet-113039,Terrain,750000,2023-03-21,Nabeul,Hammamet,122 AVENUE DU KOWEIT,8050,1500,Non,Oui,Non,Non,,,Non,Non,Non,Commerciale
menzili,https://www.menzili.tn/annonce/terrain-merveilleuse-avec-vue-sur-mer-nabeul-hammamet-113038,Terrain,750000,2023-03-21,Nabeul,Hammamet,hammamet@tps-immobiliere.com,8050,1500,Non,Oui,Non,Non,,,Non,Non,Non,Commerciale
menzili,https://www.menzili.tn/annonce/terrain-990-m2-cloture-a-saltnia-sfax-sakieteddaier-113026,Terrain,200000,2023-03-21,Sfax,5,Essaltnia km 5,3000,990,Non,Non,Non,Non,,,Oui,Non,Non,Commerciale
menzili,https://www.menzili.tn/annonce/terrain-triada-a-vendre-a-borj-touil-ariana-raoued-113021,Terrain,266000,2023-03-21,Ariana,Raoued,borj touil,2083,591,Non,Non,Non,Non,,,Non,Non,Non,Résidentielle
menzili,https://www.menzili.tn/annonce/beau-terrain-500m2-benarous-ezzahra-112938,Terrain,,2023-03-18,Ben Arous,Ezzahra,Avenue farhat hached,2034,500,Non,Non,Non,Non,,,Non,Non,Non,Commerciale
menzili,https://www.menzili.tn/annonce/terrain-a-vendre-a-sidi-bou-ali-route-de-la-plage-sousse-sidibouali-112960,Terrain,,2023-03-20,Sousse,Route de la plage,Sidi Bou Ali,4040,531,Titre Bleu,Non,Non,Non,,,Oui,Non,Non,Commerciale
menzili,https://www.menzili.tn/annonce/vente-terrain-agricole-zaghouan-birmchergua-112954,Terrain,390000,2023-03-19,Zaghouan,Bir Mchergua,hassen.ferchichi96@gmail.com,1100,65000,Non,Non,Non,Non,,,Non,Non,Non,Commerciale
menzili,https://www.menzili.tn/annonce/terrain-villa-oumaya-a-vendre-a-gabes-gabes-gabessud-112910,Terrain,114000,2023-03-18,Gabès,Gabès Sud,Gabès Sud,6000,380,Non,Non,Non,Non,,,Non,Non,Non,Commerciale
menzili,https://www.menzili.tn/annonce/terrain-agricole-safi-a-vendre-a-mornag-benarous-mornag-112907,Terrain,350000,2023-03-18,Ben Arous,Mornag,54670670,2090,25000,Non,Non,Non,Non,,,Non,Non,Non,Commerciale
menzili,https://www.menzili.tn/annonce/terrain-vendre-nabeul-hammamet-112837,Terrain,290000000,2023-03-17,Nabeul,Hammamet,El monchar (hammamat),8050,2900,Titre Bleu,Non,Non,Non,,,Non,Non,Non,Commerciale
menzili,https://www.menzili.tn/annonce/terrain-jersey-a-vendre-a-la-marsa-tunis-lamarsa-112807,Terrain,484400,2023-03-17,Tunis,La Marsa,La Marsa,2070,346,Non,Non,Non,Non,,,Non,Non,Non,Résidentielle
menzili,https://www.menzili.tn/annonce/terrain-khansaa-a-vendre-a-boumhal-benarous-boumhel-112803,Terrain,176400,2023-03-17,Ben Arous,Boumhel,Boumhel,2013,315,Non,Non,Non,Non,,,Non,Non,Non,Résidentielle
menzili,https://www.menzili.tn/annonce/terrain-tucson-a-vendre-a-la-marsa-tunis-lamarsa-112788,Terrain,520000,2023-03-16,Tunis,La Marsa,La Marsa,2070,400,Non,Non,Non,Non,,,Non,Non,Non,Résidentielle
menzili,https://www.menzili.tn/annonce/terrain-titre-bleu-a-vendre-sousse-sousseriadh-112754,Terrain,122500,2023-03-16,Sousse,Sousse Riadh,Sousse,4000,350,Titre Bleu,Non,Non,Non,,,Non,Non,Non,Commerciale
menzili,https://www.menzili.tn/annonce/terrain-5556-m-a-bizerte-bizerte-zarzouna-112710,Terrain,,2023-03-16,Bizerte,Zarzouna,https://goo.gl/maps/sU7mZucb1G5bWk66A,7000,5556,Titre Bleu,Non,Non,Non,,,Non,Oui,Oui,Commerciale
menzili,https://www.menzili.tn/annonce/un-bel-terrain-a-vendre-a-rue-de-parc-la-soukra-ariana-lasoukra-112691,Terrain,966000,2023-03-15,Ariana,La Soukra,La Soukra,2036,966,Non,Non,Non,Non,,,Non,Non,Non,Commerciale
menzili,https://www.menzili.tn/annonce/spacieux-terrain-a-vendre-a-rue-de-parc-la-soukra-ariana-lasoukra-112682,Terrain,,2023-03-15,Ariana,La Soukra,La Soukra,2036,1224,Non,Non,Non,Non,,,Non,Non,Non,Commerciale
menzili,https://www.menzili.tn/annonce/sur-la-hauteur-de-bejou-avec-une-vue-degagee-terrain-a-vendre-bizerte-gharelmelh-101877,Terrain,,2022-11-13,Bizerte,Ghar El Melh,BEJOU,7023,8000,Non,Non,Non,Non,,,Non,Non,Non,Commerciale
menzili,https://www.menzili.tn/annonce/terrain-habitation-ghanim-a-vendre-a-bizerte-bizerte-bizertenord-112467,Terrain,150000,2023-03-13,Bizerte,Bizerte Nord,Bizerte Nord,7000,239,Non,Non,Non,Non,,,Non,Non,Non,Résidentielle
menzili,https://www.menzili.tn/annonce/terrain-villa-jasrah-a-vendre-a-boumhal-benarous-boumhel-112465,Terrain,120000,2023-03-13,Ben Arous,Boumhel,Boumhel,2013,300,Non,Non,Non,Non,,,Non,Non,Non,Commerciale
menzili,https://www.menzili.tn/annonce/5-terrains-a-mohamadia-benarous-mohamedia-112440,Terrain,,2023-03-12,Ben Arous,sidi faraj,cité des jeunes juges à mohamadia,2013,350,Non,Non,Non,Non,,,Non,Non,Non,Commerciale
menzili,https://www.menzili.tn/annonce/-a_vendre-un-terrain-a-jardin-d-el-manzah-ariana-jardinsdelmenzah-112411,Terrain,,2023-03-12,Ariana,Jardins D'el Menzah,Jardins D'el Menzah,1004,400,Non,Non,Non,Non,,,Non,Non,Non,Commerciale
menzili,https://www.menzili.tn/annonce/terrain-michelle-a-vendre-a-sidi-daoud-tunis-sididaoud-112330,Terrain,468000,2023-03-11,Tunis,Sidi Daoud,sidi daoud,1000,520,Non,Non,Non,Non,,,Oui,Non,Non,Résidentielle
menzili,https://www.menzili.tn/annonce/terrain-mnihla-ariana-mnihla-112244,Terrain,240000,2023-03-10,Ariana,Mnihla,tunis,2094,400,Non,Non,Non,Oui,,,Oui,Non,Non,Commerciale
menzili,https://www.menzili.tn/annonce/terrain-2600m-1er-position-medenine-djerbamidoun-111977,Terrain,,2023-03-07,Médenine,Djerba - Midoun,m.naimi@hotmail.fr,4180,2600,Non,Oui,Non,Non,,,Oui,Non,Non,Commerciale
menzili,https://www.menzili.tn/annonce/a-vendre-un-lot-de-terrain-ariana-lasoukra-111912,Terrain,,2023-03-07,Ariana,La Soukra,La Soukra,2036,400,Non,Non,Non,Non,,,Non,Non,Non,Commerciale
menzili,https://www.menzili.tn/annonce/terrain-de-900-m-a-vendre-a-250-md-a-hammamet-sud-51355351t-nabeul-hammametsud-111906,Terrain,250000,2023-03-07,Nabeul,Hammamet Sud,Hammamet Sud,8050,900,Non,Non,Non,Non,,,Non,Non,Non,Commerciale
menzili,https://www.menzili.tn/annonce/vente-terrain-de-1500-m2-a-jemmal-monastir-jemmal-111836,Terrain,60000,2023-03-06,Monastir,coté Barage,Route soddina,5000,1500,Titre Bleu,Non,Non,Non,,,Oui,Non,Non,Commerciale
menzili,https://www.menzili.tn/annonce/vente-terrain-de-260-m2-a-jemmal-monastir-jemmal-111835,Terrain,,2023-03-06,Monastir,werghemma,Coté Stade,5000,260,Non,Non,Non,Non,,,Non,Non,Non,Commerciale
menzili,https://www.menzili.tn/annonce/terrain-a-vendre-hammamet-centre-nabeul-hammamet-111834,Terrain,715000,2023-03-06,Nabeul,Hammamet,Hammamet,8050,649,Non,Non,Non,Non,,,Non,Oui,Oui,Commerciale
menzili,https://www.menzili.tn/annonce/-a_vendre-un-terrain-a-jardin-d-el-manzah-ariana-jardinsdelmenzah-111650,Terrain,,2023-03-04,Ariana,Jardins D'el Menzah,JARDIN D'EL MANZEH,1004,400,Non,Non,Non,Non,,,Non,Non,Non,Commerciale
menzili,https://www.menzili.tn/annonce/-a_vendre-un-terrain-a-jardin-d-el-manzah-ariana-jardinsdelmenzah-111605,Terrain,,2023-03-04,Ariana,Jardins D'el Menzah,JARDIN D'EL MANZEH,1004,,Non,Non,Non,Non,,,Non,Non,Non,Commerciale
menzili,https://www.menzili.tn/annonce/a-vendre-un-terrain-a-ghar-el-melh-aouesja-tunis-lamarsa-111568,Terrain,850000,2023-03-04,Tunis,La Marsa,Route de la marsa,2070,13000,Non,Non,Non,Non,,,Oui,Non,Non,Commerciale
menzili,https://www.menzili.tn/annonce/terrain-de-7902m-derriere-mall-of-sousse-sousse-akouda-111548,Terrain,948240,2023-03-03,Sousse,Akouda,Akouda,4022,7902,Non,Non,Non,Non,,,Oui,Non,Non,Commerciale
menzili,https://www.menzili.tn/annonce/terrain-a-vendre-kalaat-andalous-ariana-kalaatelandalous-111526,Terrain,,2023-03-03,Ariana,Kalaât El Andalous,Kalaât El Andalous,2080,,Non,Non,Non,Non,,,Non,Non,Non,Commerciale
menzili,https://www.menzili.tn/annonce/terrain-promoteur-crestaix-a-vendre-a-boumhal-benarous-boumhel-111508,Terrain,5000000,2023-03-03,Ben Arous,Boumhel,54670670,2013,3552,Non,Non,Non,Non,,,Non,Oui,Oui,Commerciale
menzili,https://www.menzili.tn/annonce/terrain-jardin-el-menzah-ariana-jardinsdelmenzah-111459,Terrain,120000,2023-03-02,Ariana,Jardins D'el Menzah,ammarchabbou@gmail.com,1004,164,Non,Non,Non,Non,,,Non,Non,Non,Commerciale
menzili,https://www.menzili.tn/annonce/a-vendre-terrain-sidi-hassine-sijoumi-tunis-sidihassine-111440,Terrain,650000,2023-03-02,Tunis,Sidi Hassine,Sidi Hassine,1096,600,Non,Non,Non,Non,,30,Oui,Non,Non,Commerciale
menzili,https://www.menzili.tn/annonce/terrain-titre-a-gammarth-village-ztv0043-tunis-gammarth-111267,Terrain,540000,2023-02-28,Tunis,Gammarth,contact@croisettimmo.com,2078,360,Non,Non,Non,Oui,,,Non,Non,Non,Résidentielle
menzili,https://www.menzili.tn/annonce/vente-d-un-terrain-a-rue-yakout-hamaoui-la-soukra-ariana-lasoukra-111264,Terrain,,2023-02-28,Ariana,La Soukra,palmaresimmo@gmail.com,2036,542,Non,Non,Non,Non,,,Non,Non,Non,Commerciale
menzili,https://www.menzili.tn/annonce/terrain-nu-constructible-ariana-raoued-111221,Terrain,,2023-02-28,Ariana,Raoued,Raoued,2083,,Non,Non,Oui,Oui,,,Non,Non,Non,Commerciale
menzili,https://www.menzili.tn/annonce/vt792-terrain-agricole-5000-m-a-tahert-kelibia-nabeul-kelibia-111210,Terrain,150000,2023-02-27,Nabeul,Kélibia,tahert kelibia,8090,5000,Oui,Non,Non,Non,,32,Oui,Non,Oui,Commerciale
menzili,https://www.menzili.tn/annonce/vt791-terrain-d-habitation-561-m-pieds-dans-l-eau-plage-ain-grinz-kelibia-nabeul-kelibia-111209,Terrain,475000,2023-02-27,Nabeul,Kélibia,kelibia Ain grinz,8090,600,Oui,Non,Non,Non,,12,Non,Non,Oui,Résidentielle
menzili,https://www.menzili.tn/annonce/vt790-terrain-agricole-5966-m-a-menzel-temim-nabeul-kelibia-111208,Terrain,330000,2023-02-27,Nabeul,Kélibia,menzel temim,8080,5966,Oui,Non,Non,Non,,30,Non,Non,Non,Commerciale
menzili,https://www.menzili.tn/annonce/terrain-a-sidi-bouali-sousse-sidibouali-111199,Terrain,,2023-02-27,Sousse,Sidi Bou Ali,stebabayimmobilier@gmail.com,4040,100000,Oui,Non,Non,Non,,,Non,Non,Non,Commerciale
menzili,https://www.menzili.tn/annonce/terrain-kamila-a-vendre-a-chotrana-ariana-chotrana-111140,Terrain,1275000,2023-02-27,Ariana,Chotrana,chotrana 3,2086,1500,Non,Non,Non,Non,,,Oui,Non,Non,Résidentielle
menzili,https://www.menzili.tn/annonce/-a_vendre-un-terrain-a-chotrana-ariana-chotrana-111080,Terrain,,2023-02-25,Ariana,Chotrana,Ariana,2086,,Non,Non,Non,Non,,,Non,Non,Non,Commerciale
menzili,https://www.menzili.tn/annonce/terrain-a-vendre-a-chargiya-1-ariana-lasoukra-110964,Terrain,2200,2023-02-23,Ariana,La Soukra,Chargiya 1,2036,,Non,Non,Non,Non,,,Oui,Non,Non,Commerciale
menzili,https://www.menzili.tn/annonce/terrain-triss-a-vendre-a-raoued-ariana-raoued-110906,Terrain,143000,2023-02-23,Ariana,Raoued,raoued,2083,191,Non,Non,Non,Non,,,Non,Non,Non,Résidentielle
menzili,https://www.menzili.tn/annonce/-avendre-un-terrain-vue-sur-mer-a-hammamet_nord-nabeul-hammametnord-110886,Terrain,1042,2023-02-23,Nabeul,Hammamet Nord,à proximité rondpoint Radisson bleu,8050,336,Non,Oui,Non,Non,,,Oui,Non,Non,Commerciale
menzili,https://www.menzili.tn/annonce/-a_vendre-un-terrain-commercial-a-chotrana-1-ariana-chotrana-110879,Terrain,,2023-02-23,Ariana,Chotrana,chotrana,2086,,Non,Non,Non,Non,,,Non,Non,Non,Commerciale
menzili,https://www.menzili.tn/annonce/terrain-agricole-d-oliviers-zaghouan-ezzeriba-110875,Terrain,,2023-02-23,Zaghouan,Ez-Zeriba,Cité du lycée rue dejla 1152 Zriba-Hammam,1121,1000,Non,Non,Non,Non,,,Non,Non,Non,Commerciale
menzili,https://www.menzili.tn/annonce/terrain-residentiel-r-5-tunis-lamarsa-110867,Terrain,,2023-02-22,Tunis,La Marsa,Monastir,2070,320,Non,Non,Non,Non,,,Non,Non,Non,Résidentielle
menzili,https://www.menzili.tn/annonce/terrain-agricole-afia-a-vendre-a-sidi-aich-gafsa-sidiaich-110858,Terrain,2000000,2023-02-22,Gafsa,Sidi Aïch,54670670,2100,450000,Non,Non,Non,Non,,,Non,Non,Oui,Commerciale
menzili,https://www.menzili.tn/annonce/-a_vendre-un-terrain-commercial-a-la-marsa-ariana-lasoukra-110813,Terrain,3000,2023-02-22,Ariana,La Soukra,LA MARSA,2036,564,Non,Non,Non,Non,,,Non,Non,Non,Commerciale
menzili,https://www.menzili.tn/annonce/terrain-violeta-a-vendre-a-la-soukra-ariana-lasoukra-110755,Terrain,180000,2023-02-21,Ariana,La Soukra,La Soukra,2036,200,Non,Non,Non,Non,,,Oui,Non,Non,Résidentielle
menzili,https://www.menzili.tn/annonce/opportunite-un-beau-terrain-viabilise-ariana-lasoukra-110744,Terrain,1130,2023-02-20,Ariana,La Soukra,la soukra,2036,500,Non,Non,Oui,Non,,,Non,Non,Non,Commerciale
menzili,https://www.menzili.tn/annonce/-a_vendre-un-terrain-a-gammarth--tunis-gammarth-110742,Terrain,1350,2023-02-20,Tunis,Gammarth,gammarth,2078,,Non,Non,Non,Non,,,Non,Non,Non,Commerciale
menzili,https://www.menzili.tn/annonce/terrain-a-manouba-bien-situe-manouba-denden-110718,Terrain,95200,2023-02-20,Manouba,Denden,Denden,2011,140,Non,Non,Non,Oui,,,Non,Non,Non,Commerciale
menzili,https://www.menzili.tn/annonce/terrain-veronica-a-vendre-a-chotrana-ariana-chotrana-110717,Terrain,700000,2023-02-20,Ariana,Chotrana,chotrana 3,2086,507,Non,Non,Non,Non,,,Oui,Non,Non,Résidentielle
menzili,https://www.menzili.tn/annonce/terrain-daniela-a-vendre-a-chotrana-ariana-chotrana-110680,Terrain,244000,2023-02-20,Ariana,Chotrana,chotrana 2,2086,406,Non,Non,Non,Non,,,Oui,Non,Non,Résidentielle
menzili,https://www.menzili.tn/annonce/terrain-villa-torres-a-vendre-a-dar-allouche-nabeul-nabeul-nabeul-110672,Terrain,62500,2023-02-20,Nabeul,Nabeul,Nabeul,8000,250,Non,Non,Non,Non,,,Non,Oui,Oui,Résidentielle
menzili,https://www.menzili.tn/annonce/un-terrain-de-880m2-tunis-lebardo-110627,Terrain,1500000,2023-02-18,Tunis,Le Bardo,Le Bardo,2000,880,Non,Non,Non,Non,,,Oui,Non,Non,Commerciale
menzili,https://www.menzili.tn/annonce/terrain-de-2023m2-sur-la-route-de-l-afrane-km8-5-a-sfax-sfax-routeelafrane-110592,Terrain,1000000,2023-02-17,Sfax,route el afrane km8.5,sfax,3000,2023,Non,Non,Non,Non,,,Oui,Non,Non,Résidentielle
menzili,https://www.menzili.tn/annonce/terrain-habitation-punta-a-vendre-a-gabes-sud-gabes-gabessud-110583,Terrain,210000,2023-02-17,Gabès,Gabès Sud,Gabès Sud,6000,600,Non,Non,Non,Non,,,Non,Non,Non,Résidentielle
menzili,https://www.menzili.tn/annonce/terrain-habitation-vaumera-a-vendre-a-gabes-sud-gabes-gabessud-110580,Terrain,232400,2023-02-17,Gabès,Gabès Sud,54670670,6000,664,Non,Non,Non,Non,,,Oui,Non,Non,Résidentielle
menzili,https://www.menzili.tn/annonce/terrain-villa-turo-a-vendre-a-rades-benarous-rades-110570,Terrain,350000,2023-02-17,Ben Arous,Radès,54670670,2013,321,Non,Non,Non,Non,,,Non,Non,Non,Résidentielle
menzili,https://www.menzili.tn/annonce/terrain-elena-a-vendre-a-la-soukra-tunis-lamarsa-110564,Terrain,871000,2023-02-17,Tunis,La Marsa,bhar lazrak,2070,1210,Non,Non,Non,Non,,,Oui,Non,Non,Résidentielle
menzili,https://www.menzili.tn/annonce/terrain-agricole-montaura-a-vendre-a-sidi-aich-gafsa-gafsa-sidiaich-110535,Terrain,160000,2023-02-17,Gafsa,Sidi Aïch,Sidi Aïch,2100,80000,Non,Non,Non,Non,,,Non,Non,Non,Commerciale
menzili,https://www.menzili.tn/annonce/terrains-de-500-m2-a-8000-m2-mahdia-chebba-110530,Terrain,,2023-02-17,Mahdia,Chebba,Ghedhabna,5170,500,Non,Oui,Non,Non,,,Non,Oui,Oui,Commerciale
menzili,https://www.menzili.tn/annonce/terrain-gloria-a-vendre-a-chotrana-ariana-chotrana-110497,Terrain,200000,2023-02-16,Ariana,Chotrana,chotrana 1 la soukra,2086,500,Non,Non,Non,Non,,,Oui,Non,Non,Résidentielle
menzili,https://www.menzili.tn/annonce/terrain-a-batir-r-4-kasserine-kasserinesud-110496,Terrain,,2023-02-16,Kasserine,Kasserine Sud,jmlago8@gmail.com,1200,513,Non,Non,Non,Non,,,Non,Non,Non,Commerciale
menzili,https://www.menzili.tn/annonce/terrain-livia-a-vendre-a-chotrana-ariana-chotrana-110472,Terrain,338000,2023-02-16,Ariana,Chotrana,chotrana 1 la soukra,2086,250,Non,Non,Non,Non,,,Oui,Non,Non,Résidentielle
menzili,https://www.menzili.tn/annonce/terrain-au-coeur-du-centre-ville-de-fouchana-benarous-fouchana-110429,Terrain,2000000,2023-02-16,Ben Arous,Fouchana,Fouchana centre ville,2082,3997,Titre Individuel,Non,Non,Non,,,Non,Non,Non,Commerciale
menzili,https://www.menzili.tn/annonce/terrain-a-corniche-plage-bizerte-bizerte-bizertenord-110417,Terrain,,2023-02-15,Bizerte,Bizerte Nord,corniche,7000,2500,Non,Non,Non,Non,,,Non,Non,Non,Commerciale
menzili,https://www.menzili.tn/annonce/a_vendre-un-terrain-a-la-marsa-tunis-lamarsa-110333,Terrain,,2023-02-15,Tunis,La Marsa,La Marsa,2070,233,Non,Non,Non,Non,,,Non,Non,Non,Commerciale
menzili,https://www.menzili.tn/annonce/terrain-a-vendre-ariana-ariana-lasoukra-67769,Terrain,150000,2021-09-23,Ariana,La Soukra,La Soukra,2036,310,Non,Non,Non,Non,5x4,,Non,Non,Non,Résidentielle
menzili,https://www.menzili.tn/annonce/terrain-au-centre-ville-bizerte-bizerte-bizertenord-110317,Terrain,1500,2023-02-14,Bizerte,Bizerte Nord,Bizerte - centre ville,7000,320,Non,Non,Non,Non,,,Non,Non,Non,Commerciale
menzili,https://www.menzili.tn/annonce/-avendre-un-terrain-viabilise-cloture-nabeul-hammamet-110306,Terrain,180000,2023-02-14,Nabeul,Hammamet,cité des jasmin hammamet,8050,250,Non,Non,Oui,Non,,,Non,Non,Non,Commerciale
menzili,https://www.menzili.tn/annonce/terrain-a-2-pas-de-chatt-bilez-sfax-kerkennah-110271,Terrain,,2023-02-14,Sfax,Kerkennah,zohraalimakhlouf@gmail.com,3070,1300,Non,Non,Non,Non,,,Non,Non,Non,Commerciale
menzili,https://www.menzili.tn/annonce/terrain-villa-joud-a-vendre-a-gabes-gabes-gabessud-110269,Terrain,250000,2023-02-14,Gabès,Gabès Sud,54670670,6000,492,Non,Non,Non,Non,,,Non,Non,Non,Commerciale
menzili,https://www.menzili.tn/annonce/terrain-villa-arenal-a-vendre-a-gammarth-tunis-gammarth-110246,Terrain,350000,2023-02-14,Tunis,Gammarth,Gammarth,2078,750,Non,Non,Non,Non,,19,Non,Non,Non,Résidentielle
menzili,https://www.menzili.tn/annonce/terrain-laura-a-vendre-a-chotrana-ariana-chotrana-110243,Terrain,706000,2023-02-14,Ariana,Chotrana,chotrana 1 la soukra,2086,860,Non,Non,Non,Non,,,Oui,Non,Non,Résidentielle
menzili,https://www.menzili.tn/annonce/a-vendre-un-terrain-superbe-nabeul-hammamet-110225,Terrain,,2023-02-13,Nabeul,Hammamet,Hammamet,8050,403,Non,Non,Non,Non,,,Non,Non,Non,Commerciale
menzili,https://www.menzili.tn/annonce/terrain-tres-bon-affaire-manouba-manoubaville-110169,Terrain,850000,2023-02-13,Manouba,Manouba Ville,Assyl01@gmail.com,2010,,Non,Non,Non,Non,,,Non,Non,Non,Résidentielle
menzili,https://www.menzili.tn/annonce/terrain-elsa-a-vendre-a-raoued-ariana-raoued-110162,Terrain,285000,2023-02-13,Ariana,Raoued,54670670,2083,300,Non,Non,Non,Non,,,Non,Non,Non,Résidentielle
menzili,https://www.menzili.tn/annonce/terrain-a-vendre-sur-gammarth-village-tunis-lamarsa-110155,Terrain,1200,2023-02-12,Tunis,La Marsa,Gammarth village,2070,300,Oui,Non,Non,Oui,,,Non,Non,Non,Commerciale
menzili,https://www.menzili.tn/annonce/a-vendre-un-beau-terrain-viabilise-avec-triple-facades-a-la-nouvelle-soukra-ariana-lasoukra-110153,Terrain,,2023-02-12,Ariana,La Soukra,La Soukra,2036,500,Non,Non,Oui,Non,,,Non,Non,Non,Commerciale
menzili,https://www.menzili.tn/annonce/-terrain-entoure-par-des-villas-a-hammamet-nord-cite-diamant-29-758-358-nabeul-hammametnord-110121,Terrain,260000,2023-02-12,Nabeul,Hammamet Nord,avenue Moncef bey 8050yasmine Hammamet,8050,260,Non,Non,Non,Non,,,Non,Non,Oui,Commerciale
menzili,https://www.menzili.tn/annonce/-terrain-a-hammamet-zone-craxi-29-758-358-nabeul-hammamet-110119,Terrain,104000,2023-02-12,Nabeul,Hammamet,avenue Moncef bey 8050yasmine Hammamet,8050,398,Non,Non,Non,Non,,,Non,Oui,Oui,Commerciale
menzili,https://www.menzili.tn/annonce/vt576-terrain-d-habitation-462-m-pieds-dans-l-eau-a-plage-chraf-hawaria-nabeul-kelibia-56568,Terrain,320000,2021-04-06,Nabeul,Kélibia,Ezzahra kelibia,2034,462,Oui,Oui,Non,Non,,,Non,Non,Oui,Résidentielle
menzili,https://www.menzili.tn/annonce/a-vendre-un-beau-terrain-a-chotrana-2-ariana-chotrana-110069,Terrain,,2023-02-11,Ariana,Chotrana,Chotrana,2086,540,Non,Non,Non,Non,,,Non,Non,Non,Commerciale
menzili,https://www.menzili.tn/annonce/a_vendre-un-un-terrain-a-la-soukra-27-246-327-ariana-lasoukra-110050,Terrain,,2023-02-11,Ariana,La Soukra,La Soukra,2036,696,Non,Non,Non,Non,,,Non,Non,Non,Commerciale
menzili,https://www.menzili.tn/annonce/a-vendre-un-beau-terrain-a-chotrana-1-sidi-salah-ariana-chotrana-110048,Terrain,,2023-02-11,Ariana,Chotrana,Chotrana,2086,350,Non,Non,Non,Non,,,Non,Non,Non,Commerciale
menzili,https://www.menzili.tn/annonce/a_vendre-un-terrain-constructible-situe-a-chotrana-3-ariana-chotrana-110046,Terrain,,2023-02-11,Ariana,Chotrana,Chotrana,2086,500,Non,Non,Non,Oui,,,Non,Non,Non,Commerciale
menzili,https://www.menzili.tn/annonce/a_vendre-un-beau-terrain-a-la-nouvelle-soukra-ariana-lasoukra-110038,Terrain,,2023-02-11,Ariana,La Soukra,La Soukra,2036,610,Non,Non,Non,Non,,,Non,Non,Non,Commerciale
menzili,https://www.menzili.tn/annonce/a_vendre-un-terrain-a-la-soukra-a-proximite-californiya-gym-ariana-lasoukra-110020,Terrain,,2023-02-11,Ariana,La Soukra,La Soukra,2036,220,Non,Non,Non,Non,,,Non,Non,Non,Commerciale
menzili,https://www.menzili.tn/annonce/a_vendre-un-terrain-a-la-nouvelle-soukra-zone-des-villas-ariana-lasoukra-110017,Terrain,1130,2023-02-11,Ariana,La Soukra,La Soukra,2036,500,Non,Non,Non,Non,,,Non,Non,Non,Commerciale
menzili,https://www.menzili.tn/annonce/a-vendre-un-beau-terrain-viabilise-avec-triple-facades-a-la-nouvelle-soukra-ariana-lasoukra-110004,Terrain,1130,2023-02-11,Ariana,La Soukra,La Soukra,2036,500,Non,Non,Oui,Non,,,Non,Non,Non,Commerciale
menzili,https://www.menzili.tn/annonce/terrain-lysa-a-vendre-a-raoued-ariana-raoued-110002,Terrain,79300,2023-02-11,Ariana,Raoued,raoued,2083,305,Non,Non,Non,Non,,,Non,Non,Non,Résidentielle
menzili,https://www.menzili.tn/annonce/a_vendre-un-terrain-a-gammarth-tunis-gammarth-109997,Terrain,1350,2023-02-11,Tunis,Gammarth,Gammarth,2078,300,Non,Non,Non,Non,,,Non,Non,Non,Commerciale
menzili,https://www.menzili.tn/annonce/un-terrain-a-500-m-de-la-plage-a-vendre-nabeul-hammamet-109995,Terrain,250000,2023-02-11,Nabeul,Hammamet,Hammamet,8050,497,Non,Non,Non,Non,,,Non,Non,Non,Commerciale
menzili,https://www.menzili.tn/annonce/terrain-gbana-a-vendre-a-raoued-ariana-raoued-109992,Terrain,69000,2023-02-11,Ariana,Raoued,raoued,2083,265,Non,Non,Non,Non,,,Non,Non,Non,Résidentielle
menzili,https://www.menzili.tn/annonce/terrain-agricole-magel-bel-abbes-a-vendre-a-kasserine-kasserine-majelbelabbes-109990,Terrain,480000,2023-02-11,Kasserine,Majel Bel Abbès,Majel Bel Abbès,1200,600000,Non,Non,Non,Non,,,Non,Non,Non,Commerciale
menzili,https://www.menzili.tn/annonce/a_vendre-un-terrain-a-soukra-rue-du-parc-ariana-lasoukra-109988,Terrain,,2023-02-11,Ariana,La Soukra,La Soukra,2036,398,Non,Non,Non,Non,,,Non,Non,Non,Commerciale
menzili,https://www.menzili.tn/annonce/a_vendre-un-terrain-a-raoued-ariana-raoued-109986,Terrain,,2023-02-11,Ariana,Raoued,Raoued,2083,149,Non,Non,Non,Non,,,Non,Non,Non,Commerciale
menzili,https://www.menzili.tn/annonce/terrain-alberto-a-vendre-a-raoued-plage-ariana-raoued-109983,Terrain,2464200,2023-02-11,Ariana,Raoued,raoued,2083,4107,Non,Non,Non,Non,,,Non,Non,Non,Commerciale
menzili,https://www.menzili.tn/annonce/azmour-kelibia-grand-lot-de-terrain-a-vendre-nabeul-elhaouaria-107046,Terrain,,2023-01-14,Nabeul,El Haouaria,sidi daoud elhaouaria,8045,1421,Non,Non,Non,Non,,,Non,Non,Non,Commerciale
menzili,https://www.menzili.tn/annonce/terrain-jana-a-vendre-a-la-soukra-ariana-lasoukra-109973,Terrain,256000,2023-02-10,Ariana,La Soukra,La Soukra,2036,611,Non,Non,Non,Non,,,Oui,Non,Non,Résidentielle
menzili,https://www.menzili.tn/annonce/vt518-terrain-d-habitation-286-m-a-cite-jadaria-kelibia-nabeul-kelibia-44965,Terrain,100000,2020-10-21,Nabeul,Kélibia,Agence ASPIS IMMO,8000,286,Oui,Non,Non,Non,,12,Non,Non,Non,Résidentielle
menzili,https://www.menzili.tn/annonce/a_vendre-un-beau-terrain-cloture-a-la-marsa-tunis-lamarsa-109941,Terrain,,2023-02-10,Tunis,La Marsa,La Marsa,2070,320,Non,Non,Non,Non,,,Non,Non,Non,Commerciale
menzili,https://www.menzili.tn/annonce/a_vendre-un-terrain-a-soukra-rue-du-parc-ariana-lasoukra-109916,Terrain,,2023-02-10,Ariana,La Soukra,La Soukra,2036,398,Non,Non,Non,Non,,,Non,Non,Non,Commerciale
menzili,https://www.menzili.tn/annonce/a_vendre-un-terrain-a-la-soukra-a-proximite-mosquee-rawdah-ariana-lasoukra-109914,Terrain,,2023-02-10,Ariana,La Soukra,La Soukra,2036,150,Non,Non,Non,Non,,,Non,Non,Non,Commerciale
menzili,https://www.menzili.tn/annonce/terrain-th1096-hammamet-sud-nabeul-hammametsud-109909,Terrain,1300000,2023-02-10,Nabeul,Hammamet Sud,zone touristique,8050,1200,Titre Bleu,Non,Non,Non,,,Non,Non,Non,Résidentielle
menzili,https://www.menzili.tn/annonce/a_vendre-un-beau-terrain-a-la-soukra-ariana-lasoukra-109899,Terrain,,2023-02-10,Ariana,La Soukra,La Soukra,2036,250,Non,Non,Non,Non,,,Non,Non,Non,Commerciale
menzili,https://www.menzili.tn/annonce/terrain-promoteur-celine-a-vendre-a-menzah-1-ariana-menzah-109898,Terrain,2200000,2023-02-10,Ariana,Menzah,menzah1,1004,948,Non,Non,Non,Non,,,Non,Non,Non,Résidentielle
menzili,https://www.menzili.tn/annonce/terrain-th691-corniche-nabeul-hammamet-78866,Terrain,420000,2022-01-27,Nabeul,Hammamet,http://www.yasmina-proimmo.com/bien/details/35436-,8050,280,Non,Non,Non,Non,,,Non,Non,Non,Commerciale
menzili,https://www.menzili.tn/annonce/terrain-th914-hammamet-nord-nabeul-hammamet-76024,Terrain,393540,2021-12-21,Nabeul,Hammamet,Hammamet Nord,8050,937,Non,Non,Non,Non,,,Non,Non,Non,Résidentielle
menzili,https://www.menzili.tn/annonce/a_vendre-un-terrain-commercial-a-la-marsa-tunis-lamarsa-109868,Terrain,3000,2023-02-10,Tunis,La Marsa,La Marsa,2070,564,Non,Non,Non,Non,,,Non,Non,Non,Commerciale
menzili,https://www.menzili.tn/annonce/a_vendre-un-terrain-a-borj-louzir-ariana-borjlouzir-109863,Terrain,,2023-02-09,Ariana,Borj Louzir,Borj Louzir,2073,575,Non,Non,Non,Non,,,Non,Non,Non,Commerciale
menzili,https://www.menzili.tn/annonce/a_vendre-un-terrain-a-ghazela-ariana-ghazela-109859,Terrain,,2023-02-09,Ariana,Ghazela,Ghazela,2080,300,Non,Non,Non,Non,,,Non,Non,Non,Commerciale
menzili,https://www.menzili.tn/annonce/nouveau-lotissement-a-dar_allouch-nabeul-hammamghezeze-109785,Terrain,,2023-02-09,Nabeul,Hammam Ghezèze,Dar allouche hammem ghzez,8000,250,Titre Bleu,Non,Non,Non,,,Non,Oui,Oui,Résidentielle
menzili,https://www.menzili.tn/annonce/nouveau-terrain-a-ezzahra-surfaces-520-m-nabeul-hammamghezeze-109782,Terrain,182000,2023-02-09,Nabeul,Hammam Ghezèze,ezzahra,2034,,Titre Bleu,Non,Non,Non,,,Non,Oui,Oui,Commerciale
menzili,https://www.menzili.tn/annonce/vt708-des-terrains-d-habitation-a-kelibia-nabeul-kelibia-82818,Terrain,80000,2022-03-25,Nabeul,Kélibia,kelibia,8090,269,Oui,Non,Non,Non,,12,Oui,Non,Non,Résidentielle
menzili,https://www.menzili.tn/annonce/terrain-petra-a-vendre-a-borj-touil-ariana-raoued-109753,Terrain,225000,2023-02-09,Ariana,Raoued,borj touil,2083,536,Non,Non,Non,Non,,,Non,Non,Non,Résidentielle
menzili,https://www.menzili.tn/annonce/terrain-a-vendre-a-bir-jadi-99679470-nabeul-kelibia-109737,Terrain,4000,2023-02-09,Nabeul,Kélibia,rouaimmo16@gmail.com,8000,4000,Non,Non,Non,Non,,,Non,Non,Oui,Commerciale
menzili,https://www.menzili.tn/annonce/hectare-a-vendre-a-sidi-daoued-99679470-nabeul-kelibia-109734,Terrain,35000,2023-02-09,Nabeul,Kélibia,99679470,8000,10000,Non,Non,Non,Non,,,Non,Non,Non,Commerciale
menzili,https://www.menzili.tn/annonce/terrain-dont-deux-maison-benarous-rades-109713,Terrain,,2023-02-08,Ben Arous,Radès,Ben arous el Yasminet,2013,1500,Non,Non,Non,Non,,,Non,Non,Non,Commerciale
menzili,https://www.menzili.tn/annonce/un-beau-terrain-a-vendre-de-1000-m2-nabeul-hammamet-109690,Terrain,120000,2023-02-08,Nabeul,Hammamet,Hammamet,8050,1000,Non,Non,Non,Non,,,Non,Non,Non,Commerciale
menzili,https://www.menzili.tn/annonce/terrain-taline-a-vendre-a-l-aouina-tunis-laouina-109619,Terrain,240000,2023-02-08,Tunis,L'aouina,rue du parc l'aouina,1000,300,Non,Non,Non,Non,,,Oui,Non,Non,Résidentielle
menzili,https://www.menzili.tn/annonce/terrain-a-solimen-nabeul-soliman-109594,Terrain,125000,2023-02-07,Nabeul,Soliman,Terrain a solimen,8020,315,Non,Non,Non,Non,,,Non,Non,Non,Commerciale
menzili,https://www.menzili.tn/annonce/terrain-a-brarja-raoued-ariana-raoued-109593,Terrain,42000,2023-02-07,Ariana,Raoued,Elbrarja -raoued,2083,200,Non,Non,Non,Non,,,Oui,Non,Non,Commerciale
menzili,https://www.menzili.tn/annonce/terrain-a-brarja-raoued-ariana-raoued-109592,Terrain,42000,2023-02-07,Ariana,Raoued,Elbrarja -raouedñn,2083,200,Non,Non,Non,Non,,,Oui,Non,Non,Commerciale
menzili,https://www.menzili.tn/annonce/des-lots-de-terrain-a-vendre-a-boumhal-bessatin-ariana-ennasr-109590,Terrain,1400,2023-02-07,Ariana,Ennasr,Ennaser 2,2037,,Oui,Non,Non,Non,,,Non,Non,Non,Commerciale
menzili,https://www.menzili.tn/annonce/un-beau-terrain-bien-place-a-5min-de-yasmine-hammamet-nabeul-hammamet-109528,Terrain,107000,2023-02-07,Nabeul,Hammamet,agence immoteam,8050,890,Non,Non,Non,Non,,,Non,Non,Non,Commerciale
menzili,https://www.menzili.tn/annonce/terrain-a-vendre-pre-geant-city-tunis-bizerte-bizertenord-109499,Terrain,,2023-02-07,Bizerte,Bizerte Nord,Bizerte Nord,7000,10000,Non,Non,Non,Non,,,Oui,Non,Non,Commerciale
menzili,https://www.menzili.tn/annonce/terrain-a-vendre-a-bir-jadi-el-hawaria-nabeul-kelibia-109474,Terrain,,2023-02-07,Nabeul,Kélibia,99679470,8000,1034,Non,Non,Non,Non,,,Non,Non,Non,Commerciale
menzili,https://www.menzili.tn/annonce/terrain-a-vendre-pied-dans-leau-nabeul-kelibia-109452,Terrain,,2023-02-07,Nabeul,Kélibia,99679470,8000,1750,Non,Non,Non,Non,,,Non,Non,Non,Commerciale
menzili,https://www.menzili.tn/annonce/terrain-a-vendre-a-tinja-bizerte-tinja-109383,Terrain,,2023-02-06,Bizerte,Tinja,Route bizerte-mateur,7012,250,Non,Non,Non,Non,,,Oui,Non,Non,Commerciale
menzili,https://www.menzili.tn/annonce/vt783des-terrains-pieds-dans-l-eau-a-dar-allouche-nabeul-kelibia-109381,Terrain,550000,2023-02-06,Nabeul,Kélibia,DAR ALLOUCH KELIBIA,8090,1000,Oui,Oui,Non,Non,,20,Non,Non,Oui,Commerciale
menzili,https://www.menzili.tn/annonce/vt782des-terrains-a-dar-allouche-nabeul-kelibia-109379,Terrain,46000,2023-02-06,Nabeul,Kélibia,DAR ALLOUCH KELIBIA,8090,310,Oui,Non,Non,Non,,14,Non,Non,Non,Commerciale
menzili,https://www.menzili.tn/annonce/vt780terrain-d-habitation-290-m-en-face-de-fort-kelibia-nabeul-kelibia-109376,Terrain,290000,2023-02-06,Nabeul,Kélibia,en face de fort kelibia,8090,290,Oui,Non,Non,Non,,14,Non,Non,Non,Résidentielle
menzili,https://www.menzili.tn/annonce/vt778terrain-agricole-5396-m-a-hammam-ghzez-nabeul-kelibia-109370,Terrain,480000,2023-02-06,Nabeul,Kélibia,hammem ghzez kelibia,8090,5396,Oui,Non,Non,Non,,,Non,Non,Oui,Commerciale
menzili,https://www.menzili.tn/annonce/terrain-anais-a-vendre-a-sidi-daoud-tunis-sididaoud-109353,Terrain,968000,2023-02-06,Tunis,Sidi Daoud,sidi daoud,1000,440,Non,Non,Non,Non,,,Oui,Non,Non,Résidentielle
menzili,https://www.menzili.tn/annonce/terrain-ford-a-vendre-a-borj-touil-ariana-raoued-109298,Terrain,193500,2023-02-06,Ariana,Raoued,borj touil,2083,2150,Non,Non,Non,Non,,,Non,Non,Non,Commerciale
menzili,https://www.menzili.tn/annonce/terrain-cyclodex-a-vendre-a-borj-touil-ariana-raoued-109293,Terrain,222000,2023-02-06,Ariana,Raoued,borj touil,2083,1850,Non,Non,Non,Non,,,Non,Non,Non,Commerciale
menzili,https://www.menzili.tn/annonce/un-beau-terrain-a-vendre-de-890-m2-nabeul-hammamet-109291,Terrain,107000,2023-02-05,Nabeul,Hammamet,Hammamet,8050,890,Non,Non,Non,Non,,,Non,Non,Non,Commerciale
menzili,https://www.menzili.tn/annonce/un-terrain-a-vendre-de-429-m-nabeul-hammamet-109290,Terrain,69000,2023-02-05,Nabeul,Hammamet,Hammamet,8050,429,Non,Non,Non,Non,,,Non,Non,Non,Commerciale
menzili,https://www.menzili.tn/annonce/terrain-a-vendre-yasmine-hammamet-residence-rahma-nabeul-hammamet-104101,Terrain,367500,2022-12-12,Nabeul,Hammamet,Residence Rahma yasmine hammamet,8050,350,Titre Bleu,Non,Non,Non,,,Non,Non,Non,Commerciale
menzili,https://www.menzili.tn/annonce/un-terrain-situe-a-3km-de-jinen-hammamet-nabeul-hammamet-109211,Terrain,75000,2023-02-05,Nabeul,Hammamet,agence immoteam,8050,571,Non,Non,Non,Non,,,Non,Non,Non,Commerciale
menzili,https://www.menzili.tn/annonce/terrain-a-vendre-%D8%B4%D8%A7%D8%B1%D8%B9-%D8%A7%D9%84%D8%A8%D9%8A%D8%A6%D8%A9-jendouba-jendouba-109194,Terrain,,2023-02-04,Jendouba,Jendouba,شارع البيئة,8100,338,Non,Non,Non,Non,,,Non,Non,Non,Commerciale
menzili,https://www.menzili.tn/annonce/terrain-a-vendre-a-somaa-nabeul-nabeul-benikhiar-109176,Terrain,,2023-02-04,Nabeul,Béni Khiar,Avenue 28 Janvier 1952 Somaa Beni Khiar Nabeul,8000,290,Non,Non,Non,Non,,,Non,Oui,Oui,Commerciale
menzili,https://www.menzili.tn/annonce/terrain-a-vendre-a-borej-salhi-99679470-nabeul-kelibia-109140,Terrain,,2023-02-04,Nabeul,Kélibia,99679470,8000,4000,Non,Non,Non,Non,,,Non,Non,Non,Commerciale
menzili,https://www.menzili.tn/annonce/terrain-elyes-ref-t1010-nabeul-hammamet-109127,Terrain,680000,2023-02-04,Nabeul,Hammamet,122 AVENUE DU KOWEIT,8050,1190,Oui,Oui,Non,Non,,,Non,Non,Non,Commerciale
menzili,https://www.menzili.tn/annonce/terrain-a-vendre-rafraf-plage-bizerte-bizerte-bizertesud-109087,Terrain,,2023-02-03,Bizerte,Bizerte Sud,Rafraf plage,7000,300,Titre Bleu,Non,Non,Non,,,Non,Non,Non,Commerciale
menzili,https://www.menzili.tn/annonce/-terrain-a-5min-de-plage-hammam-leghzez-nabeul-kelibia-109072,Terrain,11500,2023-02-03,Nabeul,Kélibia,avenue Moncef bey 8050yasmine Hammamet,8050,,Non,Non,Non,Non,,,Non,Non,Non,Commerciale
menzili,https://www.menzili.tn/annonce/terrain-a-vendre-a-hawaria-99679470-nabeul-kelibia-109043,Terrain,110000,2023-02-03,Nabeul,Kélibia,99679470,8000,1000,Non,Non,Non,Non,,,Non,Non,Non,Commerciale
menzili,https://www.menzili.tn/annonce/avendre-terrain-constructible-ariana-raoued-109004,Terrain,,2023-02-03,Ariana,Raoued,Raoued,2083,250,Non,Non,Non,Oui,,,Non,Non,Non,Commerciale
menzili,https://www.menzili.tn/annonce/terrain-a-vendre-a-kelibia-99679470-nabeul-kelibia-109001,Terrain,,2023-02-03,Nabeul,Kélibia,rouaimmo16@gmail.com,8000,10000,Non,Non,Non,Non,,,Non,Non,Non,Commerciale
menzili,https://www.menzili.tn/annonce/spacieux-terrain-a-vendre-a-sidi-fraj-la-soukra-ariana-lasoukra-108999,Terrain,975000,2023-02-03,Ariana,La Soukra,La Soukra,2036,1500,Non,Non,Non,Non,,,Non,Non,Non,Commerciale
menzili,https://www.menzili.tn/annonce/terrain-juliette-a-vendre-aux-jardins-de-carthage-tunis-jardindecarthage-108989,Terrain,230000,2023-02-03,Tunis,Jardin De Carthage,Jardins de Carthage,2016,100,Non,Non,Non,Non,,,Oui,Non,Non,Résidentielle
menzili,https://www.menzili.tn/annonce/terrain-a-vendre-de-3471-m2-a-ajim-djerba-medenine-djerbaajim-108956,Terrain,,2023-02-02,Médenine,Djerba - Ajim,Djerba - Ajim,4180,3471,Titre Bleu,Non,Non,Oui,,,Non,Non,Non,Commerciale
menzili,https://www.menzili.tn/annonce/vt776terrain-d-habitation-a-500-metres-de-plage-kerkouene-nabeul-kelibia-108933,Terrain,105000,2023-02-02,Nabeul,Kélibia,PLAGE KERKOUAN,8000,400,Oui,Non,Non,Non,,,Non,Non,Non,Résidentielle
menzili,https://www.menzili.tn/annonce/a-vendre-terrain-1624m-pour-promotion-immobiliere-nabeul-nabeul-108930,Terrain,2705000,2023-02-02,Nabeul,Nabeul,tunis,8000,1624,Oui,Non,Oui,Non,,27,Non,Non,Non,Commerciale
menzili,https://www.menzili.tn/annonce/terrain-a-vendre-a-sidi-fraj-la-soukra-ariana-lasoukra-108897,Terrain,325000,2023-02-02,Ariana,La Soukra,La Soukra,2036,500,Non,Non,Non,Non,,,Non,Non,Non,Commerciale
menzili,https://www.menzili.tn/annonce/terrain-a-vendre-a-hamem-laghzez-nabeul-kelibia-108853,Terrain,,2023-02-02,Nabeul,Kélibia,99679470,8000,260,Non,Non,Non,Non,,,Non,Non,Non,Commerciale
menzili,https://www.menzili.tn/annonce/terrain-327m2-a-100-metre-de-plage-a-clioptra-kantaoui-sousse-sousse-hammamsousse-108852,Terrain,490000,2023-02-02,Sousse,Hammam Sousse,Hammam sousse kantaoui pré la plage,4011,327,Non,Non,Non,Non,,,Non,Non,Non,Commerciale
menzili,https://www.menzili.tn/annonce/avendre-terrain-saniet-yamni-khezama-sahloul-sousse-sahloul-108841,Terrain,360000,2023-02-02,Sousse,Sahloul,Khezama ouest sahloul lotissement yamni,4054,300,Titre Bleu,Non,Non,Non,,,Non,Non,Non,Résidentielle
menzili,https://www.menzili.tn/annonce/terrain-villa-muhba-a-vendre-a-bizerte-bizerte-bizertenord-108803,Terrain,40000,2023-02-02,Bizerte,Bizerte Nord,Bizerte Nord,7000,200,Non,Non,Non,Non,,,Non,Non,Non,Résidentielle
menzili,https://www.menzili.tn/annonce/terrain-a-vendre-a-7-min-de-yesmin-hammamet-23427803-nabeul-hammamet-108765,Terrain,65000,2023-02-02,Nabeul,Hammamet,Hammamet,8050,500,Non,Non,Non,Non,,,Non,Non,Non,Commerciale
menzili,https://www.menzili.tn/annonce/a-vendre-terrain-430m-au-bord-de-la-mer-a-mrezga-nabeul-nabeul-108716,Terrain,516000,2023-02-01,Nabeul,Nabeul,Mrezga,8000,430,Oui,Non,Non,Oui,22x19,,Oui,Non,Non,Commerciale
menzili,https://www.menzili.tn/annonce/terrain-r-2-a-messadine-sousse-sousse-msaken-108662,Terrain,260000,2023-01-31,Sousse,M'saken,M'saken,4070,650,Non,Non,Non,Oui,,,Oui,Non,Non,Commerciale
menzili,https://www.menzili.tn/annonce/vends-terrain-250m2-proche-mornaguia-manouba-mornaguia-108661,Terrain,60000,2023-01-31,Manouba,Mornaguia,Mornaguia,1110,250,Non,Non,Non,Non,,,Oui,Non,Oui,Commerciale
menzili,https://www.menzili.tn/annonce/terrain-badira-nabeul-hammamet-108596,Terrain,,2023-01-31,Nabeul,Hammamet,Hammamet,8050,1200,Non,Non,Non,Non,,,Non,Non,Non,Commerciale
menzili,https://www.menzili.tn/annonce/vente-des-lots-de-terrains-entre-jardin-menzah2-et-ennasr2-future-jm3-titre-individuel-ariana-jardinsdelmenzah-108575,Terrain,,2023-01-31,Ariana,Jardins D'el Menzah,Jardins D'el Menzah,1004,271,Titre Individuel,Non,Non,Non,,,Non,Non,Non,Commerciale
menzili,https://www.menzili.tn/annonce/terrain-a-vendre-a-alain-savary-tunis-citeelkhadra-108512,Terrain,2500,2023-01-31,Tunis,Cité El Khadra,Cité El Khadra,1003,800,Non,Non,Non,Non,,,Non,Non,Non,Commerciale
menzili,https://www.menzili.tn/annonce/investissement-terrain-a-4-km-de-rond-point-jinen-hammamet-nabeul-hammametsud-108494,Terrain,34000,2023-01-31,Nabeul,Hammamet Sud,agence immoteam,8050,250,Non,Non,Non,Non,,,Non,Non,Non,Commerciale
menzili,https://www.menzili.tn/annonce/terrain-techno-a-vendre-a-ariana-ariana-arianaville-108379,Terrain,950000,2023-01-30,Ariana,Ariana Ville,ariana,2080,1466,Non,Non,Non,Non,,,Non,Non,Non,Commerciale
menzili,https://www.menzili.tn/annonce/terrain-alabaster-a-vendre-a-el-manar-ariana-manar-108365,Terrain,890000,2023-01-30,Ariana,Manar,manar,1004,714,Non,Non,Non,Non,,,Non,Non,Non,Résidentielle
menzili,https://www.menzili.tn/annonce/terrain-a-vendre-situe-a-4km-de-jinen-hammamet-nabeul-hammamet-108345,Terrain,52000,2023-01-30,Nabeul,Hammamet,agence immoteam,8050,400,Non,Non,Non,Non,,,Non,Non,Non,Commerciale
menzili,https://www.menzili.tn/annonce/terrain-a-vendre-a-jemmel-monastir-jemmal-108341,Terrain,,2023-01-30,Monastir,Jemmal,طريق بني حسان، جمال، قرب جامع السلام,5020,298,Non,Non,Non,Non,,,Non,Non,Non,Commerciale
menzili,https://www.menzili.tn/annonce/A-vendre-un-terrain-situe-a-mrezga---nabeul-mrezga-108228,Terrain,155000,2023-01-29,Nabeul,Mrezga,hammamet,8058,198,Non,Non,Non,Non,,,Non,Non,Non,Commerciale
menzili,https://www.menzili.tn/annonce/terrain-titre-pres-de-sousse-mall-sousse-akouda-108192,Terrain,41000,2023-01-28,Sousse,Akouda,Route reliant gp1 et Akouda,4022,165,Titre Bleu,Non,Non,Non,,,Oui,Non,Non,Commerciale
menzili,https://www.menzili.tn/annonce/terrain-a-4-km-de-rond-point-yasmine-hammamet-nabeul-hammametsud-108132,Terrain,90000,2023-01-27,Nabeul,Hammamet Sud,agence immoteam,8050,500,Non,Non,Non,Non,,,Oui,Non,Non,Commerciale
menzili,https://www.menzili.tn/annonce/un-terrain-a-vendre-situe-a-akouda-sousse-akouda-108095,Terrain,165000,2023-01-27,Sousse,Akouda,Akouda,4022,407,Non,Non,Non,Non,,,Non,Non,Non,Commerciale
menzili,https://www.menzili.tn/annonce/terrain-a-4-minutes-de-jinen-hammamet-nabeul-hammametsud-108087,Terrain,33000,2023-01-27,Nabeul,Hammamet Sud,agence immoteam,8050,247,Non,Non,Non,Non,,,Non,Non,Non,Commerciale
menzili,https://www.menzili.tn/annonce/a-vendre-un-terrain-a-hammamet-sud-exactement-sidi-hamed-27246306-nabeul-hammametsud-108058,Terrain,22000,2023-01-26,Nabeul,Hammamet Sud,hammamet,8050,198,Non,Non,Non,Non,,,Non,Non,Non,Commerciale
menzili,https://www.menzili.tn/annonce/terrain-bali-a-vendre-a-raoued-ariana-raoued-108047,Terrain,725000,2023-01-26,Ariana,Raoued,raoued,2083,151,Non,Non,Non,Non,,,Non,Non,Non,Résidentielle
menzili,https://www.menzili.tn/annonce/un-terrain-commercial-r-8-a-vendre-situe-a-sahloul-sousse-sahloul-108024,Terrain,7200,2023-01-26,Sousse,Sahloul,Sahloul,4054,3600,Oui,Non,Non,Non,,,Non,Non,Non,Commerciale
menzili,https://www.menzili.tn/annonce/terrain-chez-zawiyet-soussa-sousse-zaouitksibatthrayett-107922,Terrain,130000,2023-01-25,Sousse,Zaouit-Ksibat Thrayett,Zaouit-Ksibat Thrayett,4000,308,Non,Non,Non,Non,,,Non,Non,Non,Commerciale
menzili,https://www.menzili.tn/annonce/terrain-chez-zawiyet-sousse-sousse-sousseriadh-94109,Terrain,130000,2022-08-19,Sousse,Sousse Riadh,Sousse Riadh,4000,307,Non,Non,Non,Non,,,Non,Non,Non,Commerciale
menzili,https://www.menzili.tn/annonce/terrain-a-vendre-proche-de-la-mer-sousse-hammamsousse-107703,Terrain,1500,2023-01-23,Sousse,Hammam Sousse,حمام سوسة,4011,327,Non,Non,Non,Non,,,Non,Non,Non,Commerciale
menzili,https://www.menzili.tn/annonce/un-terrain-proche-de-toutes-les-commodites-situe-a-entrer-baraket-sahel-nabeul-hammamet-107673,Terrain,70000,2023-01-23,Nabeul,Hammamet,Hammamet,8050,200,Non,Non,Non,Non,,,Non,Non,Non,Commerciale
menzili,https://www.menzili.tn/annonce/terrain-dans-une-zone-industrielle-sfax-routegremda-107651,Terrain,,2023-01-23,Sfax,Route Gremda,Route Gremda,3000,833,Non,Non,Non,Non,,,Oui,Non,Non,Commerciale
menzili,https://www.menzili.tn/annonce/terrain-a-vendre-taniour-km-13-5-sfax-routeteniour-107622,Terrain,455000,2023-01-22,Sfax,Route Teniour,Route Teniour,3000,7604,Non,Non,Non,Non,,,Oui,Non,Non,Commerciale
menzili,https://www.menzili.tn/annonce/a-vendre-terrain-kelibia-ezzahra-600-m-nabeul-kelibia-107621,Terrain,145000,2023-01-22,Nabeul,Kélibia,Ezzahra KELIBIA,2034,600,Titre Bleu,Non,Non,Non,20x30,,Non,Non,Non,Commerciale
menzili,https://www.menzili.tn/annonce/terrain-titre-a-bangalow-gabes-gabes-gabessud-107618,Terrain,,2023-01-21,Gabès,Gabès Sud,Bungalow tebolbou,6000,600,Non,Non,Non,Non,,,Non,Non,Non,Commerciale
menzili,https://www.menzili.tn/annonce/terrain-nouri-1-ref-t1673-pres-de-la-mer-sousse-bouficha-107586,Terrain,450000,2023-01-21,Sousse,Bouficha,Bouficha,4000,10000,Non,Non,Non,Non,,,Non,Non,Non,Commerciale
menzili,https://www.menzili.tn/annonce/terrain-zaineb-1-ref-t1674-nabeul-hammamet-107579,Terrain,1595200,2023-01-21,Nabeul,Hammamet,122 AVENUE DU KOWEIT,8050,7972,Non,Non,Non,Non,,,Non,Non,Non,Commerciale
menzili,https://www.menzili.tn/annonce/terrain-zaineb-2-ref-t1675-nabeul-hammamet-107573,Terrain,472000,2023-01-21,Nabeul,Hammamet,hammamet@tps-immobiliere.com,8050,2360,Non,Non,Non,Non,,,Non,Non,Non,Commerciale
menzili,https://www.menzili.tn/annonce/a-vendre-un-terrain-a-hammamet-sud-27246306-nabeul-hammametsud-107538,Terrain,26000,2023-01-20,Nabeul,Hammamet Sud,Hammamet sud,8050,190,Non,Non,Non,Non,,,Non,Oui,Oui,Commerciale
menzili,https://www.menzili.tn/annonce/a-vendre-un-terrain-a-hammamet-sud-27246306-nabeul-hammametsud-107537,Terrain,22000,2023-01-20,Nabeul,Hammamet Sud,Hammamet,8050,171,Non,Non,Non,Non,,,Non,Oui,Oui,Commerciale
menzili,https://www.menzili.tn/annonce/a-vendre-un-terrain-a-hammamet-sud-27246306-nabeul-hammametsud-107533,Terrain,23000,2023-01-20,Nabeul,Hammamet Sud,hammamet,8050,183,Non,Non,Non,Non,,,Non,Oui,Oui,Commerciale
menzili,https://www.menzili.tn/annonce/terrain-a-thyna-sfax-thyna-107530,Terrain,,2023-01-20,Sfax,Thyna,Thyna,3040,2602,Non,Non,Non,Non,,,Non,Non,Non,Commerciale
menzili,https://www.menzili.tn/annonce/a-vendre-un-terrain-a-hammamet-nord-27246306-nabeul-hammametnord-107528,Terrain,90000,2023-01-20,Nabeul,Hammamet Nord,Hammamet sud,8050,90,Non,Non,Non,Oui,,,Non,Non,Non,Commerciale
menzili,https://www.menzili.tn/annonce/terrain-pard-ice-a-vendre-a-raoued-ariana-raoued-107500,Terrain,149000,2023-01-20,Ariana,Raoued,raoued plage,2083,257,Non,Non,Non,Non,,,Non,Non,Oui,Résidentielle
menzili,https://www.menzili.tn/annonce/terrain-tokya-a-vendre-a-raoued-ariana-raoued-107467,Terrain,165000,2023-01-20,Ariana,Raoued,raoued,2083,300,Non,Non,Non,Non,,,Non,Non,Oui,Résidentielle
menzili,https://www.menzili.tn/annonce/terrain-cedric-a-vendre-a-raoued-ariana-raoued-107461,Terrain,269000,2023-01-20,Ariana,Raoued,raoued plage,2083,490,Non,Non,Non,Non,,,Non,Non,Oui,Résidentielle
menzili,https://www.menzili.tn/annonce/terrain-glovo-a-vendre-a-raoued-ariana-raoued-107406,Terrain,318000,2023-01-19,Ariana,Raoued,raoued,2083,600,Non,Non,Non,Non,,,Non,Non,Oui,Résidentielle
menzili,https://www.menzili.tn/annonce/terrain-bluesky-ref-t1670-nabeul-hammamet-107388,Terrain,574200,2023-01-19,Nabeul,Hammamet,122 AVENUE DU KOWEIT,8050,261,Non,Non,Non,Non,,,Non,Non,Non,Commerciale
menzili,https://www.menzili.tn/annonce/terrain-serdar-a-vendre-a-raoued-plage-ariana-raoued-107387,Terrain,225000,2023-01-19,Ariana,Raoued,raoued,2083,500,Non,Non,Non,Non,,,Non,Non,Oui,Résidentielle
menzili,https://www.menzili.tn/annonce/terrain-habitation-cap-bon-a-vendre-a-nabeul-nabeul-elhaouaria-107383,Terrain,350000,2023-01-19,Nabeul,El Haouaria,El Haouaria,8045,1000,Non,Non,Non,Non,,,Non,Non,Oui,Résidentielle
menzili,https://www.menzili.tn/annonce/terrain-magistral-ref-t1671-nabeul-hammamet-107382,Terrain,643450,2023-01-19,Nabeul,Hammamet,Hammamet,8050,757,Non,Non,Non,Non,,,Non,Non,Non,Commerciale
menzili,https://www.menzili.tn/annonce/terrain-hedi-1-ref-t1672-nabeul-hammamet-107367,Terrain,395850,2023-01-19,Nabeul,Hammamet,Hammamet,8050,1131,Non,Non,Non,Non,,,Non,Non,Non,Commerciale
menzili,https://www.menzili.tn/annonce/39600-riadh136-benarous-fouchana-107335,Terrain,,2023-01-18,Ben Arous,Fouchana,RUE IBN ELHAYTHEM,2082,1150,Titre Bleu,Non,Non,Non,,,Non,Non,Non,Résidentielle
menzili,https://www.menzili.tn/annonce/a-vendre-un-terrain-situe-a-manaret_hammamet-nabeul-hammametsud-107316,Terrain,287000,2023-01-18,Nabeul,Hammamet Sud,hammamet sud,8050,430,Titre Bleu,Non,Non,Non,,,Non,Non,Non,Commerciale
menzili,https://www.menzili.tn/annonce/terrain-agricole-a-vendre-a-kasserine-kasserine-kasserinesud-107295,Terrain,594000,2023-01-18,Kasserine,Kasserine Sud,Kasserine Sud,1200,330000,Non,Non,Non,Non,,,Non,Non,Non,Commerciale
menzili,https://www.menzili.tn/annonce/terrains-a-vendre-monastir-jemmal-107281,Terrain,,2023-01-18,Monastir,Jemmal,Zaouiet Kontèche,5020,1239,Non,Non,Non,Non,,,Non,Non,Non,Commerciale
menzili,https://www.menzili.tn/annonce/terrain-habitation-ind-en-vente-mahdia-mahdia-107276,Terrain,379000,2023-01-18,Mahdia,Mahdia,Mahdia,5100,440,Oui,Non,Non,Non,,,Non,Non,Non,Résidentielle
menzili,https://www.menzili.tn/annonce/magnifique-terrain-corniche-bizerte-bizerte-bizertenord-107263,Terrain,2770800,2023-01-17,Bizerte,Bizerte Nord,Route panoramique corniche Bizerte,7000,2309,Titre Individuel,Non,Non,Non,,35,Oui,Non,Non,Commerciale
menzili,https://www.menzili.tn/annonce/terrain-villa-a-vendre-a-bizerte-corniche-bizerte-bizertenord-107240,Terrain,586000,2023-01-17,Bizerte,Bizerte Nord,54670670,7000,690,Non,Non,Non,Non,,,Non,Non,Non,Commerciale
menzili,https://www.menzili.tn/annonce/terrain-vue-de-mer-a-cite-mahrsi-2min-a-pieds-de-la-plage-nabeul-hammamet-107230,Terrain,420000,2023-01-17,Nabeul,Hammamet,hammamet,8050,350,Non,Oui,Non,Non,,,Oui,Non,Non,Commerciale
menzili,https://www.menzili.tn/annonce/terrain-a-vendre-dans-une-cit-r-sidentiel-800m-de-la-mer-hammamet-nabeul-hammamet-107228,Terrain,79000,2023-01-17,Nabeul,Hammamet,hammamet,8050,295,Non,Non,Non,Non,,,Oui,Non,Non,Commerciale
menzili,https://www.menzili.tn/annonce/terrain-villa-irbid-a-vendre-a-mornaguia-manouba-mornaguia-107181,Terrain,74000,2023-01-17,Manouba,Mornaguia,Mornaguia,1110,165,Non,Non,Non,Non,,,Oui,Non,Non,Commerciale
menzili,https://www.menzili.tn/annonce/terrain-titre-a-hay-waha-bizerte-bizerte-bizertenord-73486,Terrain,136000,2021-11-24,Bizerte,Bizerte Nord,Hay Waha bizerte,7000,339,Non,Non,Non,Non,,,Oui,Non,Non,Commerciale
menzili,https://www.menzili.tn/annonce/terrain-villa-ataq-a-vendre-a-mornaguia-manouba-mornaguia-107178,Terrain,200000,2023-01-17,Manouba,Mornaguia,Mornaguia,1110,400,Non,Non,Non,Non,,,Non,Non,Non,Commerciale
menzili,https://www.menzili.tn/annonce/ref-t-100-terrain-titre-a-corniche-bizerte-bizerte-bizertenord-44196,Terrain,,2020-10-09,Bizerte,Bizerte Nord,Corniche Bizerte,7000,681,Non,Non,Non,Non,,,Oui,Non,Non,Commerciale
menzili,https://www.menzili.tn/annonce/terrain-4200-m-a-kalla-kbira-sousse-kalaakebira-107170,Terrain,160000,2023-01-17,Sousse,Kalaâ Kebira,Vicor Hugo,4000,4200,Oui,Non,Non,Non,,,Oui,Non,Non,Commerciale
menzili,https://www.menzili.tn/annonce/terrain-villa-molfetta-a-vendre-a-mornaguia-manouba-mornaguia-107138,Terrain,75000,2023-01-16,Manouba,Mornaguia,54670670,1110,280,Non,Non,Non,Non,,,Non,Non,Non,Commerciale
menzili,https://www.menzili.tn/annonce/terrain-promoteur-aversa-a-vendre-a-boumhal-benarous-boumhel-107090,Terrain,840000,2023-01-16,Ben Arous,Boumhel,Boumhel,2013,3137,Non,Non,Non,Non,,,Non,Non,Non,Commerciale
menzili,https://www.menzili.tn/annonce/terrain-villa-velvet-a-gammarth-foret-tunis-gammarth-107066,Terrain,400000,2023-01-16,Tunis,Gammarth,54670670,2078,,Non,Non,Non,Non,,,Non,Non,Non,Résidentielle
menzili,https://www.menzili.tn/annonce/terrain-coccinelle-a-vendre-a-cite-des-pins-tunis-lamarsa-107062,Terrain,4500000,2023-01-16,Tunis,La Marsa,54670670,2070,,Non,Non,Non,Non,,,Oui,Non,Non,Commerciale
menzili,https://www.menzili.tn/annonce/ferme-6-hec-nabeul-soliman-107049,Terrain,1200,2023-01-14,Nabeul,Soliman,Soliman,8020,,Non,Non,Non,Non,,,Non,Non,Oui,Commerciale
menzili,https://www.menzili.tn/annonce/fermes-sandra-a-vendre-a-sidi-thabet-ariana-sidithabet-107008,Terrain,630000,2023-01-14,Ariana,Sidi Thabet,sidi thabet,2080,10300,Non,Non,Non,Non,,,Non,Non,Non,Commerciale
menzili,https://www.menzili.tn/annonce/terrain-idol-a-vendre-a-raoued-ariana-raoued-106995,Terrain,62000,2023-01-14,Ariana,Raoued,raoued,2083,248,Non,Non,Non,Non,,,Non,Non,Non,Résidentielle
menzili,https://www.menzili.tn/annonce/terrain-gammarth-village-tunis-gammarth-106988,Terrain,280000,2023-01-14,Tunis,Gammarth,54670670,2078,,Non,Non,Non,Non,,,Non,Non,Non,Commerciale
menzili,https://www.menzili.tn/annonce/terrain-teramo-a-vendre-a-mornaguia-manouba-mornaguia-106966,Terrain,270000,2023-01-13,Manouba,Mornaguia,54670670,1110,10000,Non,Non,Non,Non,,,Oui,Oui,Oui,Commerciale
menzili,https://www.menzili.tn/annonce/terrain-promoteur-livourne-a-vendre-a-dubosville-tunis-elouardia-106927,Terrain,2150000,2023-01-13,Tunis,El Ouardia,El Ouardia,1000,1330,Non,Non,Non,Non,,35,Non,Non,Non,Commerciale
menzili,https://www.menzili.tn/annonce/terrain-exceptionnel-a-demna-metline-bizerte-avec-titre-individuel-bizerte-bizertesud-106888,Terrain,,2023-01-13,Bizerte,Bizerte Sud,La soukra,7000,3400,Titre Individuel,Non,Non,Non,,,Oui,Non,Non,Commerciale
menzili,https://www.menzili.tn/annonce/terrain-ellador-a-vendre-a-cite-ennaser-2-ariana-ennasr-106882,Terrain,1045000,2023-01-13,Ariana,Ennasr,ennaser 2,2037,950,Non,Non,Non,Non,,,Non,Non,Non,Résidentielle
menzili,https://www.menzili.tn/annonce/terrain-gold-a-vendre-a-cite-el-ghazella-ariana-ghazela-106866,Terrain,485000,2023-01-12,Ariana,Ghazela,ghazella,2080,750,Non,Non,Non,Non,,,Non,Non,Non,Résidentielle
menzili,https://www.menzili.tn/annonce/terrain-2060-m-a-fouka3iya-sousse-akouda-106863,Terrain,160000,2023-01-12,Sousse,Akouda,Rue victor hugo en face recette de finance Sousse,4022,2060,Oui,Oui,Non,Non,,,Non,Non,Non,Commerciale
menzili,https://www.menzili.tn/annonce/terrain-a-vendre-600-m2-tunis-sidihassine-78112,Terrain,60000,2022-01-19,Tunis,Sidi Hassine,Sidi Hassine,1096,600,Non,Non,Non,Non,,,Oui,Non,Non,Commerciale
menzili,https://www.menzili.tn/annonce/un-terrain-de-type-r-8-situee-a-khzema-sousse-sousse-soussejawhara-106851,Terrain,7410300000,2023-01-12,Sousse,Sousse Jawhara,Sousse Jawhara,4000,4359,Non,Non,Non,Non,,,Non,Non,Non,Commerciale
menzili,https://www.menzili.tn/annonce/terrain-a-vendre-avec-titre-bleu-ariana-raoued-106734,Terrain,,2023-01-11,Ariana,raoued prés lycée raoued,ariana,2083,120,Titre Bleu,Non,Non,Non,,,Non,Non,Non,Commerciale
menzili,https://www.menzili.tn/annonce/lot-de-terrain-a-sidi-ahmed-zarroug-gafsa-gafsa-gafsasud-106708,Terrain,417690,2023-01-11,Gafsa,Gafsa Sud,Gafsa Sud,2100,1989,Non,Non,Non,Non,,,Non,Non,Non,Commerciale
menzili,https://www.menzili.tn/annonce/des-lots-de-terrain-a-vendre-a-ghar-el-melh-bizerte-gharelmelh-106664,Terrain,78400,2023-01-10,Bizerte,Ghar El Melh,Ghar El Melh,7023,224,Non,Non,Non,Non,,,Non,Non,Non,Commerciale
menzili,https://www.menzili.tn/annonce/terrain-de-villa-carthaginian-a-vendre-a-carthage-tunis-carthage-106659,Terrain,3200000,2023-01-10,Tunis,Carthage,54670670,2016,586,Non,Non,Non,Non,,,Non,Non,Non,Commerciale
menzili,https://www.menzili.tn/annonce/terrain-slimane-plage-nabeul-soliman-106539,Terrain,,2023-01-09,Nabeul,Soliman,Soliman,8020,477,Non,Non,Non,Non,,,Non,Non,Non,Commerciale
menzili,https://www.menzili.tn/annonce/a-vendre-un-terrain-situe-a-hammamet-nabeul-hammamet-106524,Terrain,20800,2023-01-09,Nabeul,Hammamet,laouina,8050,160,Non,Non,Non,Non,,,Non,Non,Non,Commerciale
menzili,https://www.menzili.tn/annonce/terrain-villa-zafra-a-vendre-a-chat-mariem-sousse-sousse-soussemedina-106487,Terrain,458000,2023-01-09,Sousse,Sousse Médina,Sousse Médina,1008,1065,Non,Non,Non,Non,,,Non,Non,Non,Résidentielle
menzili,https://www.menzili.tn/annonce/terrain-a-vendre-borj-touil-ariana-raoued-106432,Terrain,,2023-01-07,Ariana,Raoued,برج الطويل,2083,1152,Non,Non,Non,Non,,,Non,Non,Non,Commerciale
menzili,https://www.menzili.tn/annonce/vt773terrain-agricole-5337-m-a-kelibia-nabeul-kelibia-106426,Terrain,325000,2023-01-07,Nabeul,Kélibia,kelibia,8090,5337,Oui,Non,Non,Non,,,Oui,Non,Non,Commerciale
menzili,https://www.menzili.tn/annonce/vt772terrain-d-habitation-a-400-metres-plage-ezzahra-hammam-ghzeez-nabeul-kelibia-106425,Terrain,73000,2023-01-07,Nabeul,Kélibia,Ezzahra kelibia,2034,230,Oui,Non,Non,Non,,14,Non,Non,Non,Résidentielle
menzili,https://www.menzili.tn/annonce/vt770terrain-d-habitation-253-m-a-jinen-el-mansourah-kelibia-nabeul-kelibia-106422,Terrain,85000,2023-01-07,Nabeul,Kélibia,jinen el mansourah,8000,253,Non,Non,Non,Non,,10,Non,Non,Non,Résidentielle
menzili,https://www.menzili.tn/annonce/terrain-a-la-compagnie-de-hammamet-nabeul-hammamet-106416,Terrain,130000,2023-01-07,Nabeul,Hammamet,Birboregba,8050,1500,Non,Non,Non,Non,,,Non,Non,Non,Commerciale
menzili,https://www.menzili.tn/annonce/A-vendre-un-terrain-constructible-situe-a-jardins-el-menzah-ariana-jardinsdelmenzah-106356,Terrain,494500,2023-01-07,Ariana,Jardins D'el Menzah,benabedf1@gmail.com,1004,430,Non,Non,Non,Oui,,,Non,Non,Non,Commerciale
menzili,https://www.menzili.tn/annonce/terrain-promoteur-el-anja-a-vendre-a-mehammedia-benarous-mohamedia-106332,Terrain,30000000,2023-01-07,Ben Arous,Mohamedia,Mohamedia,2084,250000,Non,Non,Non,Non,,,Oui,Non,Non,Commerciale
menzili,https://www.menzili.tn/annonce/terrain-agricole-excellente-affaire-possibilite-de-batir-mahdia-chebba-106323,Terrain,,2023-01-06,Mahdia,Chebba,chihaamir23@gmail.com,5170,2300,Non,Non,Non,Non,,,Non,Non,Non,Commerciale
menzili,https://www.menzili.tn/annonce/encore-3-jours-pour-la-promotion-du-terrain-nabeul-hammamet-106274,Terrain,20800,2023-01-06,Nabeul,Hammamet,sidi hamed,8050,183,Non,Oui,Non,Non,,,Non,Non,Non,Commerciale
menzili,https://www.menzili.tn/annonce/terrain-agricole-plante-des-oliviers-de-belle-vue-a-foukaia-chottmeriem-sousse-akouda-106255,Terrain,85000,2023-01-06,Sousse,Akouda,Akouda,4022,1000,Non,Non,Non,Non,,,Non,Non,Non,Commerciale
menzili,https://www.menzili.tn/annonce/A-vendre-un-terrain-constructible-situe-sur-la-roue-la-marsa-gammarth-tunis-gammarth-106245,Terrain,1500,2023-01-06,Tunis,Gammarth,l'aouina,2078,500,Non,Non,Non,Oui,,,Non,Non,Non,Commerciale
menzili,https://www.menzili.tn/annonce/terrain-et-villa-a-vendre-benarous-hammamlif-106135,Terrain,620000,2023-01-04,Ben Arous,Hammam Lif,Hammam Lif,2050,812,Non,Non,Non,Non,,,Non,Non,Non,Commerciale
menzili,https://www.menzili.tn/annonce/terrain-th968-mrezka-nabeul-hammamet-75721,Terrain,300000,2021-12-17,Nabeul,Hammamet,Mrezka,8050,1222,Non,Non,Non,Non,,,Non,Non,Non,Résidentielle
menzili,https://www.menzili.tn/annonce/terrain-th513-nabeul-hammamet-75637,Terrain,365400,2021-12-16,Nabeul,Hammamet,contacts@yasmina-proimmo.com,8050,522,Non,Non,Non,Non,,,Non,Non,Non,Résidentielle
menzili,https://www.menzili.tn/annonce/terrain-agricole-a-foukaia-chott-meriem-sousse-sousse-hammamsousse-106032,Terrain,529680,2023-01-03,Sousse,Hammam Sousse,Hammam Sousse,4011,3414,Non,Non,Non,Non,,,Non,Non,Oui,Commerciale
menzili,https://www.menzili.tn/annonce/terrain-agricole-a-vendre-a-sidi-aich-gafsa-sidiaich-106026,Terrain,300000,2023-01-03,Gafsa,Sidi Aïch,Sidi Aïch,2100,200000,Non,Non,Non,Non,,,Non,Non,Non,Commerciale
menzili,https://www.menzili.tn/annonce/terrain-constructible-al-chebba-pres-de-la-plage-2-km-borj-khadija-mahdia-chebba-105958,Terrain,,2023-01-03,Mahdia,Chebba,la chebba borj khadija,5170,520,Non,Non,Non,Oui,,,Non,Oui,Oui,Commerciale
menzili,https://www.menzili.tn/annonce/terrain-vedette-a-vendre-a-raoued-plage-ariana-raoued-105896,Terrain,164500,2023-01-02,Ariana,Raoued,raoued plage,2083,470,Non,Non,Non,Non,,,Non,Non,Non,Résidentielle
menzili,https://www.menzili.tn/annonce/terrain-a-vendre-a-route-de-bizerte-ariana-kalaatelandalous-105885,Terrain,100000,2023-01-02,Ariana,Kalaât El Andalous,Kalaât El Andalous,2080,500,Non,Non,Non,Non,,,Oui,Non,Non,Commerciale
menzili,https://www.menzili.tn/annonce/A-vendre-un-terrain-constructible-situe-a-raoued-ariana-raoued-105807,Terrain,40000,2022-12-30,Ariana,Raoued,l'aouina,2083,260,Non,Non,Non,Oui,,,Non,Non,Non,Commerciale
menzili,https://www.menzili.tn/annonce/a-vendre-un-beau-terrain-situe-a-4km-de-jinen-hammamet-nabeul-hammamet-105437,Terrain,,2022-12-27,Nabeul,Hammamet,21256253,8050,571,Non,Non,Non,Non,,,Non,Non,Non,Commerciale
menzili,https://www.menzili.tn/annonce/a-vendre-un-terrain-situe-a-3km-de-jinen-hammamet-nabeul-hammamet-105434,Terrain,69000,2022-12-27,Nabeul,Hammamet,21256253,8050,429,Non,Non,Non,Non,,,Non,Non,Non,Commerciale
menzili,https://www.menzili.tn/annonce/a-vendre-un-terrain-situe-a-3km-de-jinen-hammamet-nabeul-hammamet-105433,Terrain,72000,2022-12-27,Nabeul,Hammamet,21256253,8050,423,Non,Non,Non,Non,,,Non,Non,Non,Commerciale
menzili,https://www.menzili.tn/annonce/a-vendre-entrepot-terrain-1330m2-tunis-elouardia-105743,Terrain,1050000,2022-12-30,Tunis,El Ouardia,DUBOZVILLE,1000,1327,Non,Non,Non,Non,,35,Non,Non,Non,Commerciale
menzili,https://www.menzili.tn/annonce/terrain-sima-a-vendre-a-raoued-ariana-raoued-105671,Terrain,76000,2022-12-29,Ariana,Raoued,raoued,2083,253,Non,Non,Non,Non,,,Non,Non,Non,Résidentielle
menzili,https://www.menzili.tn/annonce/a-vendre-un-beau-terrain-sur-deux-facades-nabeul-hammamet-105541,Terrain,,2022-12-28,Nabeul,Hammamet,21256253,8050,500,Non,Non,Non,Non,,,Non,Non,Non,Commerciale
menzili,https://www.menzili.tn/annonce/a-vendre-un-terrain-situe-a-4km-de-jinen-hammamet-nabeul-hammamet-105509,Terrain,,2022-12-28,Nabeul,Hammamet,21256253,8050,571,Non,Non,Non,Non,,,Non,Non,Non,Commerciale
menzili,https://www.menzili.tn/annonce/a-vendre-terrain-situe-a-4km-de-jinen-hammamet-nabeul-hammamet-105495,Terrain,,2022-12-28,Nabeul,Hammamet,21256253,8050,495,Non,Non,Non,Non,,,Non,Non,Non,Commerciale
menzili,https://www.menzili.tn/annonce/a-vendre-un-beau-terrain-nabeul-hammamet-105491,Terrain,,2022-12-28,Nabeul,Hammamet,21256253,8050,429,Non,Non,Non,Non,,,Non,Non,Non,Commerciale
menzili,https://www.menzili.tn/annonce/a-vendre-un-beau-terrain-nabeul-hammamet-105487,Terrain,,2022-12-28,Nabeul,Hammamet,21256253,8050,2000,Non,Non,Non,Non,,,Non,Non,Non,Commerciale
menzili,https://www.menzili.tn/annonce/a-vendre-un-terrain-situe-a-3km-de-jinen-hammamet-nabeul-hammamet-105448,Terrain,,2022-12-27,Nabeul,Hammamet,21256253,8050,423,Non,Non,Non,Non,,,Non,Non,Non,Commerciale
menzili,https://www.menzili.tn/annonce/a-vendre-un-terrain-a-900-metres-de-la-plage-nabeul-hammamet-105447,Terrain,180000,2022-12-27,Nabeul,Hammamet,21256253,8050,1000,Non,Non,Non,Non,,,Oui,Non,Non,Commerciale
menzili,https://www.menzili.tn/annonce/a-vendre-un-terrain-a-900-metres-de-la-plage-nabeul-hammamet-105445,Terrain,90000,2022-12-27,Nabeul,Hammamet,21256253,8050,500,Non,Non,Non,Non,,,Oui,Non,Non,Commerciale
menzili,https://www.menzili.tn/annonce/a-vendre-un-terrain-situe-a-3km-de-jinen-hammamet-nabeul-hammamet-105440,Terrain,,2022-12-27,Nabeul,Hammamet,21256253,8050,435,Non,Non,Non,Non,,,Non,Non,Non,Commerciale
menzili,https://www.menzili.tn/annonce/a-vendre-un-terrain-situe-a-3km-de-jinen-hammamet-nabeul-hammamet-105439,Terrain,,2022-12-27,Nabeul,Hammamet,21256253,8050,602,Non,Non,Non,Non,,,Non,Non,Non,Commerciale
menzili,https://www.menzili.tn/annonce/a-vendre-un-beau-terrain-situe-a-4km-de-jinen-hammamet-nabeul-hammamet-105436,Terrain,,2022-12-27,Nabeul,Hammamet,21256253,8050,500,Non,Non,Non,Non,,,Non,Non,Non,Commerciale
menzili,https://www.menzili.tn/annonce/a-vendre-un-terrain-a-slimen-plage-nabeul-soliman-105413,Terrain,,2022-12-27,Nabeul,Soliman,Soline plage,8020,,Non,Non,Non,Non,,,Non,Non,Non,Résidentielle
menzili,https://www.menzili.tn/annonce/terrain-2600-m2-a-vendre-au-port-de-zarzis-medenine-zarzis-105370,Terrain,520000,2022-12-26,Médenine,Zarzis,Zarzis,4170,2600,Non,Non,Non,Non,,,Non,Non,Non,Commerciale
menzili,https://www.menzili.tn/annonce/terrain-sergio-a-vendre-a-chat-mariem-sousse-sousse-soussemedina-105350,Terrain,673000,2022-12-26,Sousse,Sousse Médina,54670670,1008,1224,Non,Non,Non,Non,,30,Non,Non,Non,Commerciale
menzili,https://www.menzili.tn/annonce/A-vendre-un-terrain-constructible-situe-a-chotrana-3-ariana-chotrana-105238,Terrain,,2026-03-31,,,,,,Non,Non,Non,Non,,,Non,Non,Non,
menzili,https://www.menzili.tn/annonce/terrain-sur-la-route-principale-de-tunis-nabeul-nabeul-105228,Terrain,,2026-03-31,,,,,,Non,Non,Non,Non,,,Non,Non,Non,
menzili,https://www.menzili.tn/annonce/A-vendre-un-terrain-constructible-situe-a-ain-zaghouen-tunis-ainzaghouan-105199,Terrain,1200,2022-12-24,Tunis,Aïn Zaghouan,l'aouina,1100,4120,Non,Non,Non,Oui,,,Non,Non,Non,Commerciale
menzili,https://www.menzili.tn/annonce/terrain-a-vendre-a-baraket-sahel-nabeul-hammamet-105175,Terrain,70000,2022-12-24,Nabeul,Hammamet,hammamet,8050,200,Non,Non,Non,Non,,,Non,Non,Non,Commerciale
menzili,https://www.menzili.tn/annonce/A-vendre-un-terrain-situe-a-la-soukra-ariana-lasoukra-105072,Terrain,187600,2022-12-23,Ariana,La Soukra,benabedf1@gmail.com,2036,268,Non,Non,Non,Non,,,Non,Non,Non,Commerciale
menzili,https://www.menzili.tn/annonce/terrain-sfax-sfax-routegremda-104849,Terrain,10000,2022-12-21,Sfax,Route Gremda,Gremda KLM 20,3000,450,Non,Non,Non,Non,,,Oui,Non,Non,Commerciale
menzili,https://www.menzili.tn/annonce/terrain-dore-ref-t1669-nabeul-hammamet-104833,Terrain,280000,2022-12-21,Nabeul,Hammamet,122 AVENUE DU KOWEIT,8050,7600,Non,Non,Non,Non,,,Non,Non,Non,Commerciale
menzili,https://www.menzili.tn/annonce/terrain-richmond-a-vendre-a-gammarth-tunis-gammarth-104827,Terrain,750000,2022-12-21,Tunis,Gammarth,54670670,2078,840,Non,Non,Non,Non,,,Non,Non,Non,Résidentielle
menzili,https://www.menzili.tn/annonce/terrain-a-vendre-a-ennasr-2-ariana-ennasr-104800,Terrain,1680,2022-12-21,Ariana,Ennasr,Ennasr,2037,504,Oui,Non,Non,Non,,,Non,Non,Non,Résidentielle
menzili,https://www.menzili.tn/annonce/terrain-tomy-a-vendre-a-raoued-ariana-raoued-104765,Terrain,40500,2022-12-21,Ariana,Raoued,raoued,2083,135,Non,Non,Non,Non,,,Non,Non,Non,Résidentielle
menzili,https://www.menzili.tn/annonce/terrain-kindel-a-vendre-a-jardin-d-el-menzah-ariana-jardinsdelmenzah-104736,Terrain,345000,2022-12-20,Ariana,Jardins D'el Menzah,jardin d'el menzah 1,1004,345,Non,Non,Non,Non,,,Non,Non,Non,Résidentielle
menzili,https://www.menzili.tn/annonce/terrain-1higtar-a-avendre-tunis-sejoumi-104732,Terrain,,2022-12-20,Tunis,Séjoumi,Sidi hssine birine,1007,10000,Non,Non,Non,Non,,,Oui,Non,Non,Commerciale
menzili,https://www.menzili.tn/annonce/terrain-agricole-palacios-a-vendre-a-sidi-hssine-tunis-sidihassine-104679,Terrain,2500000,2022-12-19,Tunis,Sidi Hassine,Sidi Hassine,1096,39000,Non,Non,Non,Non,,,Non,Non,Non,Commerciale
menzili,https://www.menzili.tn/annonce/2-terrains-ksar-said-2-tunis-lebardo-104672,Terrain,,2022-12-19,Tunis,Le Bardo,ksar said 2,2000,750,Non,Non,Non,Non,,,Non,Non,Non,Commerciale
menzili,https://www.menzili.tn/annonce/terrain-villa-martinez-a-vendre-a-gammarth-sup-tunis-gammarth-104619,Terrain,990000,2022-12-19,Tunis,Gammarth,Gammarth,2078,396,Non,Non,Non,Non,,,Non,Non,Non,Résidentielle
menzili,https://www.menzili.tn/annonce/A-vendre-un-terrain-constructible-situe-a-la-marsa-tunis-lamarsa-104608,Terrain,551650,2022-12-18,Tunis,La Marsa,benabedf1@gmail.com,2070,649,Non,Non,Non,Oui,,,Non,Non,Non,Commerciale
menzili,https://www.menzili.tn/annonce/A-vendre-un-bon-terrain-situe-a-hammamet-nabeul-hammametsud-104598,Terrain,25000,2022-12-18,Nabeul,Hammamet Sud,benabedf1@gmail.com,8050,175,Non,Oui,Non,Non,,,Non,Non,Non,Commerciale
menzili,https://www.menzili.tn/annonce/A-vendre-un-bon-terrain-situe-a-kelibia-nabeul-kelibia-104596,Terrain,32500,2022-12-18,Nabeul,Kélibia,benabedf1@gmail.com,8000,130,Non,Oui,Non,Non,,,Non,Non,Non,Commerciale
menzili,https://www.menzili.tn/annonce/A-vendre-un-bon-terrain-situe-a-kelibia-nabeul-kelibia-104595,Terrain,33500,2022-12-18,Nabeul,Kélibia,benabedf1@gmail.com,8000,134,Non,Oui,Non,Non,,,Non,Non,Non,Commerciale
menzili,https://www.menzili.tn/annonce/A-vendre-un-bon-terrain-situe-a-kelibia-nabeul-kelibia-104563,Terrain,32500,2022-12-17,Nabeul,Kélibia,l'aouina,8000,130,Non,Oui,Non,Non,,,Non,Non,Non,Commerciale
menzili,https://www.menzili.tn/annonce/A-vendre-un-terrain-constructible-situe-a-riadh-andalous-ariana-jardinsdelmenzah-104529,Terrain,668100,2022-12-17,Ariana,Jardins D'el Menzah,benabedf1@gmail.com,1004,786,Non,Non,Non,Oui,,,Non,Non,Non,Commerciale
menzili,https://www.menzili.tn/annonce/a-vendre-un-terrain-situe-a-hammamet-sud-exactement-sidi-hamed-nabeul-hammamet-104494,Terrain,20800,2022-12-16,Nabeul,Hammamet,hammamet,8050,183,Non,Non,Non,Non,,,Non,Non,Non,Commerciale
menzili,https://www.menzili.tn/annonce/a-vendre-un-terrain-a-hammamet-27246306-nabeul-hammamet-104492,Terrain,20800,2022-12-16,Nabeul,Hammamet,hammamet,8050,183,Non,Non,Non,Non,,,Non,Non,Non,Commerciale
menzili,https://www.menzili.tn/annonce/terrain-senya-sur-route-elhaouaria-1-95-h-nabeul-elhaouaria-104421,Terrain,,2022-12-16,Nabeul,El Haouaria,ELHAOUARIA,8045,19950,Non,Non,Non,Non,,,Oui,Non,Oui,Résidentielle
menzili,https://www.menzili.tn/annonce/terrain-kinder-a-vendre-a-raoued-ariana-raoued-104410,Terrain,77000,2022-12-16,Ariana,Raoued,raoued,2083,256,Non,Non,Non,Non,,,Non,Non,Non,Résidentielle
menzili,https://www.menzili.tn/annonce/terrain-maya-a-vendre-a-raoued-plage-ariana-raoued-104405,Terrain,85000,2022-12-16,Ariana,Raoued,raoued,2083,250,Non,Non,Non,Non,,,Non,Non,Non,Résidentielle
menzili,https://www.menzili.tn/annonce/terrain-a-kelibia-route-hammam-aghzez-nabeul-kelibia-104400,Terrain,,2022-12-15,Nabeul,11.088560731672313,36.86227460394134,8000,375,Non,Non,Non,Non,,,Oui,Non,Non,Commerciale
menzili,https://www.menzili.tn/annonce/A-vendre-un-terrain-constructible-situe-a-ghazela-ariana-ghazela-104376,Terrain,198000,2022-12-15,Ariana,Ghazela,l'aouina,2080,300,Non,Non,Non,Oui,,,Non,Non,Non,Commerciale
menzili,https://www.menzili.tn/annonce/terrain-a-vendre-a-bir-mcherga-tunisie-zaghouan-birmchergua-104237,Terrain,,2022-12-13,Zaghouan,Bir Mchergua,Bir Mchergua,1100,6620,Non,Non,Non,Oui,,,Non,Non,Non,Commerciale
menzili,https://www.menzili.tn/annonce/terrain-raya-a-vendre-a-raoued-plage-ariana-raoued-104149,Terrain,100000,2022-12-12,Ariana,Raoued,raoued,2083,302,Non,Non,Non,Non,,,Non,Non,Non,Résidentielle
menzili,https://www.menzili.tn/annonce/un-terrain-proche-de-la-plage-a-el-haouaria-nabeul-elhaouaria-104133,Terrain,76300,2022-12-12,Nabeul,El Haouaria,el Haouaria,8045,218,Titre Bleu,Non,Non,Non,,,Non,Oui,Oui,Commerciale
menzili,https://www.menzili.tn/annonce/plusieurs-lots-de-terrain-a-vendre-kef-kefouest-104093,Terrain,13400,2022-12-11,Kef,Kef Ouest,El Kardmi Kef,7100,168,Non,Non,Non,Non,,,Oui,Non,Non,Commerciale
menzili,https://www.menzili.tn/annonce/un-lot-de-terrain-sur-l-autoroute-tunis-bizerte-ariana-sidithabet-79164,Terrain,780000,2022-01-31,Ariana,Sidi Thabet,Borj Youssef -Cebalet Ben Ammar,2080,2600,Non,Non,Non,Non,,,Non,Non,Non,Commerciale
menzili,https://www.menzili.tn/annonce/lots-de-terrain-a-borj-youssef-cebalet-ben-ammar-ariana-sidithabet-81732,Terrain,154700,2022-03-06,Ariana,Sidi Thabet,Borj Youssef -Cebalet Ben Ammar,2080,442,Non,Non,Non,Non,,,Non,Non,Non,Commerciale
menzili,https://www.menzili.tn/annonce/terrain-a-pas-prix-a-vendre-a-rue-de-parc-ariana-lasoukra-104038,Terrain,270000,2022-12-10,Ariana,La Soukra,La Soukra,2036,315,Non,Non,Non,Non,,,Non,Non,Non,Commerciale
menzili,https://www.menzili.tn/annonce/-a_vendre-un-terrain-constructible-situe-a-la-soukra-ariana-arianaville-104019,Terrain,300000,2022-12-09,Ariana,Ariana Ville,Ariana Ville,2080,600,Non,Non,Non,Oui,,,Non,Non,Non,Commerciale
menzili,https://www.menzili.tn/annonce/a-vendre-chez-notre-agence-leaders-immobilier-un-terrain-situe-a-riadh_andalous-ariana-arianaville-103992,Terrain,372000,2022-12-09,Ariana,Ariana Ville,Ariana Ville,2080,240,Non,Non,Non,Non,,,Non,Non,Non,Commerciale
menzili,https://www.menzili.tn/annonce/terrain-a-vendre-a-rades-route-ezzahra-benarous-ezzahra-103981,Terrain,,2022-12-09,Ben Arous,Ezzahra,Ezzahra,2034,186,Non,Non,Non,Non,,,Oui,Non,Non,Commerciale
menzili,https://www.menzili.tn/annonce/terrain-112-m-a-kalaa-kebira-sousse-kalaakebira-103958,Terrain,35000,2022-12-08,Sousse,Kalaâ Kebira,Kalaâ Kebira,4000,112,Non,Non,Non,Non,,,Oui,Non,Non,Commerciale
menzili,https://www.menzili.tn/annonce/A-vendre-un-terrain-constructible-situe-a-chotrana-2-ariana-chotrana-103954,Terrain,525000,2022-12-08,Ariana,Chotrana,l'aouina,2086,500,Non,Non,Non,Oui,,,Non,Non,Non,Commerciale
menzili,https://www.menzili.tn/annonce/A-vendre-un-terrain-constructible-situe-a-chotrana-2-ariana-chotrana-103952,Terrain,525000,2022-12-08,Ariana,Chotrana,l'aouina,2086,500,Non,Non,Non,Oui,,,Non,Non,Non,Commerciale
menzili,https://www.menzili.tn/annonce/A-vendre-un-terrain-constructible-situe-a-chotrana-2-ariana-chotrana-103950,Terrain,513000,2022-12-08,Ariana,Chotrana,l'aouina,2086,540,Non,Non,Non,Oui,,,Non,Non,Non,Commerciale
menzili,https://www.menzili.tn/annonce/A-vendre-un-terrain-constructible-situe-a-chotrana-3-ariana-chotrana-103934,Terrain,458000,2022-12-08,Ariana,Chotrana,l'aouina,2086,,Non,Non,Non,Oui,,,Non,Non,Non,Commerciale
menzili,https://www.menzili.tn/annonce/terrain-russ-a-vendre-a-raoued-plage-ariana-raoued-103900,Terrain,392000,2022-12-08,Ariana,Raoued,raoued,2083,594,Non,Non,Non,Non,,,Non,Non,Oui,Résidentielle
menzili,https://www.menzili.tn/annonce/terrain-a-vendre-pieds-dans-l-eau-a-kerkouan-nabeul-hammamghezeze-103886,Terrain,,2022-12-08,Nabeul,Hammam Ghezèze,Terrain à vendre pieds dans l'eau à Kerkouan,8000,1000,Non,Oui,Non,Non,,,Non,Non,Oui,Commerciale
menzili,https://www.menzili.tn/annonce/terrain-constructible-a-vendre-a-dar-allouche-nabeul-hammamghezeze-103885,Terrain,,2022-12-08,Nabeul,Hammam Ghezèze,DAR ALLOUCHE,8000,2100,Non,Oui,Non,Oui,,,Non,Non,Oui,Commerciale
menzili,https://www.menzili.tn/annonce/lotissement-constructible-a-sidi-madhkour-dar-allouche-nabeul-elhaouaria-103883,Terrain,,2022-12-08,Nabeul,El Haouaria,SIDI Madhkour / dar allouche,8045,100,Non,Non,Non,Oui,,,Non,Non,Non,Résidentielle
menzili,https://www.menzili.tn/annonce/terrain-paul-a-vendre-a-raoued-ariana-raoued-103875,Terrain,33000,2022-12-08,Ariana,Raoued,58850670,2083,168,Non,Non,Non,Non,,,Non,Non,Non,Résidentielle
menzili,https://www.menzili.tn/annonce/a-vendre-un-terrain-a-yasmine-hammamet-27246306-nabeul-hammamet-103870,Terrain,22000,2022-12-08,Nabeul,Hammamet,hammamet,8050,200,Non,Non,Non,Non,,,Non,Non,Non,Commerciale
menzili,https://www.menzili.tn/annonce/A-vendre-un-terrain-situe-a-ghazela-ariana-ghazela-103837,Terrain,198000,2022-12-07,Ariana,Ghazela,l'aouina,2080,300,Non,Non,Non,Non,,,Non,Non,Non,Commerciale
menzili,https://www.menzili.tn/annonce/terrain-flamingo-a-vendre-a-raoued-ariana-raoued-103695,Terrain,33000,2022-12-05,Ariana,Raoued,raoued,2083,280,Non,Non,Non,Non,,,Oui,Non,Non,Résidentielle
menzili,https://www.menzili.tn/annonce/a-vendre-un-terrain-a-kelibia-27246306-nabeul-kelibia-103687,Terrain,39440,2022-12-05,Nabeul,Kélibia,Hammamet,8050,492,Non,Non,Non,Non,,,Non,Non,Non,Commerciale
menzili,https://www.menzili.tn/annonce/terrain-vagary-a-vendre-a-raoued-ariana-raoued-103686,Terrain,31000,2022-12-05,Ariana,Raoued,raoued,2083,260,Non,Non,Non,Non,,,Oui,Non,Non,Résidentielle
menzili,https://www.menzili.tn/annonce/A-vendre-un-terrain-constructible-situe-a-borj-louzir-ariana-borjlouzir-103629,Terrain,,2022-12-05,Ariana,Borj Louzir,l'aouina,2073,325,Non,Non,Non,Oui,,,Non,Non,Non,Commerciale
menzili,https://www.menzili.tn/annonce/-A-vendre-un-terrain-constructible-a-chotrana-3-ariana-chotrana-103625,Terrain,,2022-12-05,Ariana,Chotrana,l'aouina,2086,381,Non,Non,Non,Oui,,,Non,Non,Non,Commerciale
menzili,https://www.menzili.tn/annonce/terrain-villa-baruffi-a-vendre-a-tunis-tunis-sidielbechir-103620,Terrain,220000,2022-12-05,Tunis,Sidi El Béchir,Sidi El Béchir,1002,180,Non,Non,Non,Non,,,Non,Non,Non,Commerciale
menzili,https://www.menzili.tn/annonce/a-vendre-un-terrain-2-km-de-yasmine-hammamet-nabeul-hammamet-103579,Terrain,18500,2022-12-03,Nabeul,Hammamet,Hammamet,8050,156,Non,Non,Non,Non,,,Non,Oui,Oui,Commerciale
menzili,https://www.menzili.tn/annonce/-a_vendre-un-terrain-a-borj-louzir-cite-saha-ariana-borjlouzir-103576,Terrain,,2022-12-03,Ariana,Borj Louzir,Borj Louzir,2073,325,Non,Non,Non,Non,,,Non,Non,Non,Commerciale
menzili,https://www.menzili.tn/annonce/-a_vendre-un-beau-terrain-a-chotrana-3-ariana-lasoukra-103559,Terrain,375000,2022-12-03,Ariana,La Soukra,La Soukra,2036,500,Non,Non,Non,Non,,,Non,Non,Non,Commerciale
menzili,https://www.menzili.tn/annonce/-a_vendre-un-un-terrain-a-la-soukra-ariana-lasoukra-103551,Terrain,,2022-12-03,Ariana,La Soukra,La Soukra,2036,696,Non,Non,Non,Non,,,Non,Non,Non,Commerciale
menzili,https://www.menzili.tn/annonce/-a-vendre-un-beau-terrain-a-chotrana-2-ariana-lasoukra-103547,Terrain,,2022-12-03,Ariana,La Soukra,La Soukra,2036,540,Non,Non,Non,Non,,,Non,Non,Non,Commerciale
menzili,https://www.menzili.tn/annonce/-a-vendre-un-beau-terrain-a-chotrana-2-ariana-lasoukra-103544,Terrain,475000,2022-12-03,Ariana,La Soukra,La Soukra,2036,500,Non,Non,Non,Non,,,Non,Non,Non,Commerciale
menzili,https://www.menzili.tn/annonce/terrain-a-vendre-menzel-jemil-bizerte-menzeljemil-103540,Terrain,4000,2022-12-03,Bizerte,Menzel Jemil,Menzel Jemil,7080,480,Non,Non,Non,Oui,,,Non,Non,Non,Commerciale
menzili,https://www.menzili.tn/annonce/-a_vendre-un-terrain-constructible-situe-a-bhar_lazrak-tunis-lamarsa-103538,Terrain,210000,2022-12-03,Tunis,La Marsa,La Marsa,2070,750,Non,Non,Non,Oui,,,Non,Non,Non,Commerciale
menzili,https://www.menzili.tn/annonce/-terrains_-vue-sur-mer-a-quelques-pas-de-la-plage-nabeul-elmida-103508,Terrain,30000,2022-12-02,Nabeul,El Mida,Plage de chat al zouhour,8000,300,Non,Oui,Non,Non,,,Non,Non,Non,Commerciale
menzili,https://www.menzili.tn/annonce/terrain-mohamed-ref-t1656-nabeul-hammamet-103439,Terrain,102375,2022-12-01,Nabeul,Hammamet,hammamet@tps-immobiliere.com,8050,102375,Non,Non,Non,Non,,,Non,Non,Non,Commerciale
menzili,https://www.menzili.tn/annonce/terrain-floral-a-vendre-a-raoued-ariana-raoued-103432,Terrain,119000,2022-12-01,Ariana,Raoued,raoued,2083,496,Non,Non,Non,Non,,,Non,Non,Non,Résidentielle
menzili,https://www.menzili.tn/annonce/terraina-a-vendre-nabeul-hammametsud-103370,Terrain,60000,2022-12-01,Nabeul,Hammamet Sud,amarasabrine04@gmail.com,8050,400,Non,Non,Non,Non,,,Oui,Non,Non,Commerciale
menzili,https://www.menzili.tn/annonce/terrain-pour-investissement-a-vendre-en-plein-zone-touristique-mahdia-mahdia-100565,Terrain,,2022-10-26,Mahdia,Mahdia,Mahdia,5100,751,Non,Non,Non,Non,,,Non,Non,Non,Commerciale
menzili,https://www.menzili.tn/annonce/terrain-villa-pallavicino-a-vendre-a-gammath-foret-tunis-lamarsa-103274,Terrain,303000,2022-11-29,Tunis,La Marsa,La Marsa,2070,233,Non,Non,Non,Non,,,Non,Non,Non,Résidentielle
menzili,https://www.menzili.tn/annonce/lot-de-terrain-a-zaghouan-de-1000-m-zaghouan-zaghouan-103243,Terrain,150000,2022-11-29,Zaghouan,pres de la salle couverte et lycee nozh,ZAGHOUEN,1100,1000,Non,Non,Non,Non,,,Oui,Non,Non,Commerciale
menzili,https://www.menzili.tn/annonce/des-terrains-a-vendre-chatt-zouhour-_lebna-nabeul-elmida-103206,Terrain,30000,2022-11-29,Nabeul,El Mida,kelibia,8090,300,Non,Non,Non,Non,,,Non,Non,Non,Commerciale
menzili,https://www.menzili.tn/annonce/terrain-el-hana-a-vendre-a-kalaat-al-andalous-ariana-kalaatelandalous-103197,Terrain,530000,2022-11-29,Ariana,Kalaât El Andalous,kalaat el andalous,2080,3302,Non,Non,Non,Non,,,Non,Non,Non,Résidentielle
menzili,https://www.menzili.tn/annonce/terrain-prix-correct-sousse-hammamsousse-101934,Terrain,314600,2022-11-14,Sousse,Hammam Sousse,H.Sousse,4011,484,Oui,Non,Non,Non,,,Non,Non,Non,Commerciale
menzili,https://www.menzili.tn/annonce/terrain-khaled-1-ref-t1657-nabeul-hammamet-103144,Terrain,158050,2022-11-28,Nabeul,Hammamet,122 AVENUE DU KOWEIT,8050,3161,Non,Non,Non,Non,,,Non,Non,Non,Commerciale
menzili,https://www.menzili.tn/annonce/terrain-nizar-ref-t1665-nabeul-hammamet-103141,Terrain,169000,2022-11-28,Nabeul,Hammamet,122 AVENUE DU KOWEIT,8050,338,Oui,Non,Non,Non,,,Non,Non,Non,Commerciale
menzili,https://www.menzili.tn/annonce/terrain-villa-vintimille-a-vendre-a-rades-meliane-benarous-rades-103130,Terrain,230000,2022-11-28,Ben Arous,Radès,54670670,2013,327,Non,Non,Non,Non,,,Non,Non,Non,Résidentielle
menzili,https://www.menzili.tn/annonce/terrain-agricole-aich-a-vendre-a-sidi-aich-gafsa-sidiaich-103096,Terrain,1025000,2022-11-28,Gafsa,Sidi Aïch,54670670,2100,410000,Non,Non,Non,Non,,,Non,Oui,Oui,Commerciale
menzili,https://www.menzili.tn/annonce/deux-terrains-adjacents-a-vendre-monastir-jemmal-103059,Terrain,,2022-11-27,Monastir,Jemmal,حي الأنس ،جمال المنستير,5020,823,Non,Non,Non,Oui,,,Oui,Non,Non,Commerciale
menzili,https://www.menzili.tn/annonce/lot-de-terrain-ariana-sidithabet-103054,Terrain,,2022-11-27,Ariana,Sidi Thabet,Jabbes sidi thabet,2080,,Non,Non,Non,Non,,,Non,Non,Non,Commerciale
menzili,https://www.menzili.tn/annonce/terrain-a-vendre-riadh-andalous-ariana-ariana-arianaville-103045,Terrain,,2022-11-26,Ariana,Ariana Ville,Ariana Riadh andalous,2080,1036,Non,Non,Non,Non,,,Non,Non,Non,Commerciale
menzili,https://www.menzili.tn/annonce/terrain-a-zaghaoun-zaghouan-birmchergua-103031,Terrain,,2022-11-26,Zaghouan,Bir Mchergua,Ain asker zaghaoun,1100,4000,Non,Non,Non,Non,,,Oui,Non,Non,Commerciale
menzili,https://www.menzili.tn/annonce/a-vendre-terrain-de-1284m-a-la-soukra-tunis-lamarsa-102967,Terrain,,2022-11-25,Tunis,La Marsa,lamarsa.immo@hotmail.com,2070,1284,Non,Non,Non,Non,,,Non,Non,Non,Commerciale
menzili,https://www.menzili.tn/annonce/a-vendre-un-terrain-de-5466m-a-chotrana-tunis-lamarsa-102966,Terrain,,2022-11-25,Tunis,La Marsa,lamarsa.immo@hotmail.com,2070,5466,Non,Non,Non,Non,,,Non,Non,Non,Commerciale
menzili,https://www.menzili.tn/annonce/terrain-agricoles-nabeul-nabeul-102954,Terrain,30000,2022-11-25,Nabeul,Nabeul,cilim@internet.lu,8000,8000,Non,Non,Non,Non,,,Non,Non,Non,Commerciale
menzili,https://www.menzili.tn/annonce/terrain-a-vendre-souss-sousse-soussemedina-102952,Terrain,30000,2022-11-25,Sousse,Sousse Médina,cilim@internet.lu,1008,5800,Non,Non,Non,Non,,,Oui,Non,Non,Commerciale
menzili,https://www.menzili.tn/annonce/terrain-cloture-a-vendre-a-sidi-amor-ariana-ariana-raoued-102908,Terrain,78000,2022-11-25,Ariana,Raoued,Raoued,2083,260,Non,Non,Non,Non,,16,Non,Non,Non,Commerciale
menzili,https://www.menzili.tn/annonce/terrain-viabilise-sur-deux-facades29-758-358-nabeul-hammamet-102864,Terrain,120000,2022-11-24,Nabeul,Hammamet,le coin immobilier,8050,507,Titre Bleu,Non,Oui,Non,,,Oui,Non,Non,Commerciale
menzili,https://www.menzili.tn/annonce/terrain-a-vendre-en-plein-zone-touristique-mahdia-mahdia-mahdia-98959,Terrain,,2022-10-12,Mahdia,Mahdia,zone touristique mahdia,5100,906,Non,Non,Non,Non,,,Non,Non,Non,Commerciale
menzili,https://www.menzili.tn/annonce/terrain-constructible-situe-a-hammametsud-nabeul-hammamet-102862,Terrain,120000,2022-11-24,Nabeul,Hammamet,le coin immobilier,8050,300,Non,Non,Non,Oui,,,Non,Non,Non,Commerciale
menzili,https://www.menzili.tn/annonce/terrain-perez-a-vendre-d-el-mourouj-benarous-elmourouj-102854,Terrain,1860000,2022-11-24,Ben Arous,El Mourouj,54670670,2074,6205,Non,Non,Non,Non,,,Oui,Non,Non,Commerciale
menzili,https://www.menzili.tn/annonce/terrain-600m2-a-bon-emplacement-strategique-a-khezama-sousse-soussejawhara-102851,Terrain,565000,2022-11-24,Sousse,Sousse Jawhara,Khezama.sousse,4000,600,Non,Non,Non,Non,,,Non,Non,Non,Commerciale
menzili,https://www.menzili.tn/annonce/a-vendre-terrain-pieds-dans-l-eau-a-kheireddine-tunis-lamarsa-102836,Terrain,2500,2022-11-24,Tunis,La Marsa,lamarsa.immo@hotmail.com,2070,3520,Non,Non,Non,Non,,,Non,Non,Oui,Commerciale
menzili,https://www.menzili.tn/annonce/terrain-a-vendre-a-sidi-salah-la-soukra-ariana-lasoukra-102811,Terrain,310050,2022-11-24,Ariana,La Soukra,La Soukra,2036,585,Non,Non,Oui,Oui,,,Non,Non,Non,Commerciale
menzili,https://www.menzili.tn/annonce/un-beau-terrain-commercial-a-nabeul-mme-nakkaa-95-141-712-nabeul-nabeul-102723,Terrain,247000,2022-11-23,Nabeul,Nabeul,nabeul,8000,298,Non,Non,Non,Non,,,Non,Non,Non,Commerciale
menzili,https://www.menzili.tn/annonce/terrain-a-vendre-80-000-numero-de-tele-92790161-nabeul-hammametcentre-102660,Terrain,,2022-11-22,Nabeul,Hammamet Centre,Hammamet Centre,8050,158,Non,Non,Non,Non,,,Non,Non,Non,Commerciale
menzili,https://www.menzili.tn/annonce/vt761-terrain-pieds-dans-l-eau-a-plage-ain-grinz-kelibia-nabeul-kelibia-102607,Terrain,225000,2022-11-21,Nabeul,Kélibia,plage Ain Grinz Kelibia,8090,287,Non,Oui,Non,Non,,11,Non,Non,Oui,Commerciale
menzili,https://www.menzili.tn/annonce/terrain-bien-place-a-la-marsa-tunis-lamarsa-102563,Terrain,,2022-11-21,Tunis,La Marsa,Bhar Lazreg,2070,6000,Non,Non,Non,Non,,,Non,Non,Non,Commerciale
menzili,https://www.menzili.tn/annonce/a-vendre-terrain-de-372m2-manouba-manoubaville-102546,Terrain,270000,2022-11-21,Manouba,Manouba Ville,MANOUBA,2010,372,Oui,Non,Oui,Non,,,Non,Non,Non,Commerciale
menzili,https://www.menzili.tn/annonce/a-vendre-terrain-de-325m2-ariana-chotrana-102534,Terrain,,2022-11-21,Ariana,Chotrana,chotrana 1,2086,325,Non,Non,Oui,Non,,,Non,Non,Non,Commerciale
menzili,https://www.menzili.tn/annonce/terrain-ichraf-ref-t1663-sousse-bouficha-102532,Terrain,350000,2022-11-21,Sousse,Bouficha,hammamet@tps-immobiliere.com,8050,12500,Non,Non,Non,Non,,,Non,Non,Non,Commerciale
menzili,https://www.menzili.tn/annonce/terrain-a-usage-habitation-a-vendre-bizerte-menzelbourguiba-102448,Terrain,,2022-11-19,Bizerte,Menzel Bourguiba,Guingla cité laarich,7050,237,Non,Non,Non,Non,,,Non,Non,Non,Résidentielle
menzili,https://www.menzili.tn/annonce/3000-m2-terrain-nu-kairouan-kairouannord-102330,Terrain,,2022-11-18,Kairouan,Kairouan Nord,Rte de Tunis Kairouan,3100,3000,Non,Non,Non,Non,,,Non,Non,Non,Commerciale
menzili,https://www.menzili.tn/annonce/terrain-a-jardin-d-el-menzah2-ariana-jardinsdelmenzah-102303,Terrain,,2022-11-18,Ariana,Jardins D'el Menzah,Jardin d'el Menzah2,1004,,Oui,Non,Non,Non,,,Non,Non,Non,Résidentielle
menzili,https://www.menzili.tn/annonce/terrain-pied-dans-l-eau-a-el-haouaria-vue-zembra-et-zembretta-nabeul-elhaouaria-102243,Terrain,126000,2022-11-17,Nabeul,El Haouaria,el Haouaria,8045,361,Non,Non,Non,Non,,,Non,Oui,Oui,Commerciale
menzili,https://www.menzili.tn/annonce/terrain-david-a-vendre-a-manar1-ariana-manar-102223,Terrain,200000,2022-11-17,Ariana,Manar,manar 1,1004,200,Non,Non,Non,Non,,,Non,Non,Non,Résidentielle
menzili,https://www.menzili.tn/annonce/-avendre-des-terrain-khezama-ouest-saniyet-yamni-sousse-soussejawhara-102214,Terrain,265000,2022-11-17,Sousse,Sousse Jawhara,#Khezama #ouest #saniyet #yamni #sahloul,4000,327,Titre Bleu,Non,Non,Non,,,Non,Non,Non,Résidentielle
menzili,https://www.menzili.tn/annonce/terrain-a-vendre-a-ras-jdir-ariana-lasoukra-102095,Terrain,310000,2022-11-16,Ariana,La Soukra,La Soukra,2036,340,Non,Non,Non,Non,,,Non,Non,Non,Commerciale
menzili,https://www.menzili.tn/annonce/terrain-agricole-situe-a-30-km-d-el-fahs-zaghouan-elfahs-102073,Terrain,1344000,2022-11-15,Zaghouan,El Fahs,El Fahs,1140,1120000,Non,Non,Non,Non,,,Oui,Non,Oui,Commerciale
menzili,https://www.menzili.tn/annonce/terrain-a-vendre-a-rue-de-parc-ariana-lasoukra-102061,Terrain,1300,2022-11-15,Ariana,La Soukra,palmaresimmo@gmail.com,2036,448,Non,Non,Non,Non,,,Non,Non,Non,Commerciale
menzili,https://www.menzili.tn/annonce/terrain-a-vendre-a-jardin-d-el-menzah-2-ariana-jardinsdelmenzah-102034,Terrain,930000,2022-11-15,Ariana,Jardins D'el Menzah,jardin d el menzah 2,1004,750,Non,Non,Non,Non,,25,Non,Non,Non,Résidentielle
menzili,https://www.menzili.tn/annonce/a-vendre-terrain-de-400m-a-la-soukra-tunis-lamarsa-101969,Terrain,,2022-11-14,Tunis,La Marsa,lamarsa.immo@hotmail.com,2070,400,Non,Non,Non,Non,,,Non,Non,Non,Commerciale
menzili,https://www.menzili.tn/annonce/terrain-constructible-a-kelibia-5-min-de-mer-nabeul-kelibia-101962,Terrain,152800,2022-11-14,Nabeul,Kélibia,شارع المغرب العربي. قليبية,8000,,Non,Non,Non,Oui,,21,Oui,Non,Non,Commerciale
menzili,https://www.menzili.tn/annonce/un-terrain-pied-dans-l-eau-a-el-haouaria-nabeul-elhaouaria-101961,Terrain,126350,2022-11-14,Nabeul,El Haouaria,el haouaria,8045,361,Non,Non,Non,Non,,,Non,Non,Oui,Commerciale
menzili,https://www.menzili.tn/annonce/un-terrain-vue-sur-mer-a-plage-el-haouaria-chate-geubli-nabeul-elhaouaria-101960,Terrain,74200,2022-11-14,Nabeul,El Haouaria,el haouaria,8045,212,Titre Bleu,Oui,Non,Non,,,Non,Oui,Oui,Commerciale
menzili,https://www.menzili.tn/annonce/terrain-nu-ennasser-2-ariana-arianaville-101946,Terrain,,2022-11-14,Ariana,Ariana Ville,Ennasser 2,2080,378,Non,Non,Non,Non,,,Non,Non,Non,Commerciale
menzili,https://www.menzili.tn/annonce/terrain-loys-ref-t1664-nabeul-hammamet-101930,Terrain,385000,2022-11-14,Nabeul,Hammamet,hammamet@tps-immobiliere.com,8050,350,Non,Non,Non,Non,,,Non,Non,Non,Commerciale
menzili,https://www.menzili.tn/annonce/terrain-agricole-tiba-a-vendre-a-sidi-aich-gafsa-sidiaich-101909,Terrain,403000,2022-11-14,Gafsa,Sidi Aïch,Sidi Aïch,2100,310000,Non,Non,Non,Non,,,Non,Non,Non,Commerciale
menzili,https://www.menzili.tn/annonce/terrain-a-vendre-a-soukra-tunis-laouina-101904,Terrain,415000,2022-11-14,Tunis,L'aouina,L'aouina,1000,320,Non,Non,Non,Non,,,Non,Non,Non,Commerciale
menzili,https://www.menzili.tn/annonce/beau-terrain-a-5km-de-la-plage-sidi-rais-nabeul-soliman-101886,Terrain,,2022-11-13,Nabeul,10.555831362254569,36.720226437605454,8000,18600,Titre Bleu,Non,Non,Non,,,Oui,Oui,Oui,Résidentielle
menzili,https://www.menzili.tn/annonce/terrain-a-a-rue-de-parc-tunis-laouina-101828,Terrain,1250,2022-11-12,Tunis,L'aouina,L'aouina,1000,1400,Non,Non,Non,Non,,,Non,Non,Non,Commerciale
menzili,https://www.menzili.tn/annonce/terrain-agricole-guyot-a-vendre-a-sidi-aich-gafsa-sidiaich-101757,Terrain,1350000,2022-11-11,Gafsa,Sidi Aïch,Sidi Aïch,2100,1500000,Non,Non,Non,Non,,,Non,Non,Non,Commerciale
menzili,https://www.menzili.tn/annonce/%D8%A3%D8%B1%D8%B6-%D9%84%D9%84%D8%A8%D9%8A%D8%B9-%D9%81%D9%8A-%D8%B5%D9%81%D8%A7%D9%82%D8%B3-%D8%B3%D8%A7%D9%82%D9%8A%D8%A9-%D8%A7%D9%84%D8%AF%D8%A7%D9%8A%D8%B1-%D9%83%D9%85-7-terrain-a-vendre-sfax-sakieteddaier-101632,Terrain,700000,2022-11-10,Sfax,Sakiet Eddaïer,ساقية الداير,3011,2400,Non,Non,Non,Non,,,Non,Non,Non,Commerciale
menzili,https://www.menzili.tn/annonce/terrain-a-vendre-a-mnihla-%D8%A7%D8%B1%D8%B6-%D9%84%D9%84%D8%A8%D9%8A%D8%B9-%D9%81%D9%8A-%D8%A7%D9%84%D9%85%D9%86%D9%8A%D9%87%D9%84%D8%A9-ariana-mnihla-101575,Terrain,,2022-11-09,Ariana,Mnihla,Mnihla,2094,500,Non,Non,Non,Non,,,Non,Non,Non,Commerciale
menzili,https://www.menzili.tn/annonce/terrain-agricole-brun-a-vendre-a-sanhaja-manouba-ouedellil-101526,Terrain,554900,2022-11-09,Manouba,Oued Ellil,Oued Ellil,2021,5549,Non,Non,Non,Non,,,Non,Non,Non,Commerciale
menzili,https://www.menzili.tn/annonce/terrain-avec-un-bon-emplacement-kossour-gharnata-sousse-akouda-101463,Terrain,146520,2022-11-08,Sousse,Akouda,Kossour Gharnata Sousse,4022,396,Non,Non,Non,Non,,,Oui,Oui,Oui,Commerciale
menzili,https://www.menzili.tn/annonce/terrain-agricole-foukaia-sousse-akouda-101462,Terrain,392000,2022-11-08,Sousse,Akouda,Sousse,4022,2805,Non,Non,Non,Non,,,Oui,Non,Non,Commerciale
menzili,https://www.menzili.tn/annonce/terrain-vidal-a-vendre-a-mornag-benarous-mornag-101458,Terrain,580000,2022-11-08,Ben Arous,Mornag,Mornag,2090,6000,Non,Non,Non,Non,,,Oui,Non,Non,Commerciale
menzili,https://www.menzili.tn/annonce/a-vendre-terrain-a-chatt-meriem-sousse-sousse-akouda-101387,Terrain,48000,2022-11-07,Sousse,Akouda,Chatt Meriem,4022,190,Non,Non,Non,Non,,,Non,Non,Non,Commerciale
menzili,https://www.menzili.tn/annonce/terrain-a-vendre-a-boulifa-sur-la-route-c71-kef-dahmani-kef-kefouest-101328,Terrain,,2022-11-06,Kef,Kef Ouest,Kef ville,7100,10000,Non,Non,Non,Non,4x4,,Oui,Non,Non,Commerciale
menzili,https://www.menzili.tn/annonce/des-terrain-a-nouveau-cite-sahloul-khezama-saniyet-yamni-sousse-sahloul-101322,Terrain,344000,2022-11-06,Sousse,Sahloul,Sahloul.lotussement yamni,4054,327,Non,Non,Non,Non,,,Non,Non,Non,Commerciale
menzili,https://www.menzili.tn/annonce/des-terrains-titre-cartier-residentielle-a-khezama-est-sousse-sousse-soussejawhara-101321,Terrain,1250,2022-11-06,Sousse,Sousse Jawhara,Khezama,4000,455,Oui,Non,Non,Non,,,Non,Non,Non,Résidentielle
menzili,https://www.menzili.tn/annonce/terrain-zina-nabeul-hammamghezeze-101318,Terrain,,2022-11-06,Nabeul,Hammam Ghezèze,entre kerkwen et dar allouch,8000,12000,Non,Non,Non,Non,,,Non,Non,Non,Commerciale
menzili,https://www.menzili.tn/annonce/des-terrain-pied-dans-leau-a-hammam-sousse-kantaoui-sousse-kantaoui-101310,Terrain,,2022-11-05,Sousse,Kantaoui,Hammam sousse kantaoui,4089,1950,Oui,Non,Non,Non,,,Non,Non,Non,Commerciale
menzili,https://www.menzili.tn/annonce/vt758terrain-agricole-7226-m-a-kelibia-nabeul-kelibia-101308,Terrain,295000,2022-11-05,Nabeul,Kélibia,kelibia,8090,7226,Oui,Non,Non,Non,,,Oui,Non,Non,Commerciale
menzili,https://www.menzili.tn/annonce/terrain-commercile-780m2-a-route-sahloul-hammam-sousse-pre-feriere-sousse-hammamsousse-101248,Terrain,,2022-11-04,Sousse,Hammam Sousse,20 792 784,4011,780,Non,Non,Non,Oui,,,Oui,Non,Non,Commerciale
menzili,https://www.menzili.tn/annonce/terrain-cloture-et-titre-foncier-a-chaffar-sfax-mahres-101235,Terrain,170000,2022-11-04,Sfax,Mahrès,chaffar,3000,,Oui,Non,Non,Non,,,Non,Non,Non,Commerciale
menzili,https://www.menzili.tn/annonce/terrain-th536-monchar-2-nabeul-hammamet-78940,Terrain,550000,2022-01-28,Nabeul,Hammamet,Monchar,8050,5000,Non,Non,Non,Non,,,Oui,Non,Non,Résidentielle
menzili,https://www.menzili.tn/annonce/terrain-th715-hammamet-plage-nabeul-hammamet-101215,Terrain,1820000,2022-11-04,Nabeul,Hammamet,Zone Touristique d'Hammamet,8050,700,Non,Non,Non,Non,,,Oui,Non,Non,Commerciale
menzili,https://www.menzili.tn/annonce/terrain-joummaira-a-vendre-a-joumine-mateur-bizerte-djoumime-101205,Terrain,740000,2022-11-04,Bizerte,Djoumime,54670670,7000,200000,Non,Non,Non,Non,,,Oui,Non,Non,Commerciale
menzili,https://www.menzili.tn/annonce/ferme-chloe-ref-t1659-zaghouan-zaghouan-101194,Terrain,650000,2022-11-04,Zaghouan,Zaghouan,hammamet@tps-immobiliere.com,1100,130000,Non,Non,Non,Non,,,Oui,Non,Non,Commerciale
menzili,https://www.menzili.tn/annonce/terrain-th641-craxi-nabeul-hammamet-101189,Terrain,405000,2022-11-04,Nabeul,Hammamet,Zone Craxi Hammamet,8050,900,Non,Non,Non,Non,,,Non,Non,Non,Résidentielle
menzili,https://www.menzili.tn/annonce/960-m-dar-chaabane-el-fehri-nabeul-darchaabaneelfehri-101172,Terrain,530000,2022-11-03,Nabeul,Dar Châabane El Fehri,Dar Châabane El Fehri,8000,960,Titre Individuel,Non,Non,Non,,,Oui,Non,Non,Commerciale
menzili,https://www.menzili.tn/annonce/terrain-a-batir-korba-nabeul-korba-101168,Terrain,,2022-11-03,Nabeul,Korba,Korba,8070,15300,Titre Individuel,Non,Non,Non,,,Oui,Non,Non,Commerciale
menzili,https://www.menzili.tn/annonce/terrain-a-batir-mammoura-plage-nabeul-benikhiar-101167,Terrain,,2022-11-03,Nabeul,Béni Khiar,Maamoura plage,8000,390,Titre Individuel,Non,Oui,Non,,,Non,Non,Non,Commerciale
menzili,https://www.menzili.tn/annonce/terrain-papillon-ref-t1661-nabeul-hammamet-101146,Terrain,420000,2022-11-03,Nabeul,Hammamet,Hammamet,8050,600,Oui,Non,Non,Non,,,Non,Non,Non,Commerciale
menzili,https://www.menzili.tn/annonce/terrain-flora-ref-t1660-nabeul-hammamet-101139,Terrain,210000,2022-11-03,Nabeul,Hammamet,122 AVENUE DU KOWEIT,8050,300,Non,Non,Non,Non,,,Non,Non,Non,Commerciale
menzili,https://www.menzili.tn/annonce/un-terrain-a-vendre-a-hammamet-sud-5-min-de-la-plage-27246306-nabeul-hammametsud-101133,Terrain,60000,2022-11-03,Nabeul,Hammamet Sud,hammamet baraket sahel,8050,500,Non,Non,Non,Non,,,Non,Non,Non,Commerciale
menzili,https://www.menzili.tn/annonce/un-terrain-a-vendre-a-hammamet-sud-27246306-nabeul-hammametsud-101126,Terrain,,2022-11-03,Nabeul,Hammamet Sud,hammamet baraket sahel,8050,170,Non,Non,Non,Non,,,Non,Non,Non,Commerciale
menzili,https://www.menzili.tn/annonce/terrain-aux-jardins-d-el-menzah-1-ariana-jardinsdelmenzah-101088,Terrain,400000,2022-11-02,Ariana,Jardins D'el Menzah,Jardins D'el Menzah,1004,400,Non,Non,Non,Non,,,Non,Non,Non,Résidentielle
menzili,https://www.menzili.tn/annonce/terrain-d-investissement-sousse-enfidha-61828,Terrain,120000,2021-06-30,Sousse,Enfidha,Enfidha,4030,170000,Non,Non,Non,Non,,,Non,Non,Non,Commerciale
menzili,https://www.menzili.tn/annonce/terrain-el-ons-nabeul-nabeul-50911,Terrain,260000,2021-01-24,Nabeul,Nabeul,Nabeul,8000,1000,Non,Non,Non,Non,,,Non,Non,Non,Commerciale
menzili,https://www.menzili.tn/annonce/terrain-wafa-nabeul-hammamet-916,Terrain,,2026-03-31,,,,,,Non,Non,Non,Non,,,Non,Non,Non,
menzili,https://www.menzili.tn/annonce/terrain-lemaitre-a-vendre-a-sidi-aich-gafsa-gafsa-sidiaich-101039,Terrain,,2026-03-31,,,,,,Non,Non,Non,Non,,,Non,Non,Non,
menzili,https://www.menzili.tn/annonce/vente-terrain-a-zarzis-medenine-zarzis-100973,Terrain,,2022-11-01,Médenine,Zarzis,belkis.bouissi@gmail.com,4170,11863,Non,Non,Non,Non,,,Non,Non,Non,Commerciale
menzili,https://www.menzili.tn/annonce/terrain-agricole-guerin-a-vendre-a-sidi-aich-gafsa-sidiaich-100964,Terrain,50000,2022-11-01,Gafsa,Sidi Aïch,gafsa,2100,20000,Non,Non,Non,Non,,,Non,Non,Non,Commerciale
menzili,https://www.menzili.tn/annonce/vous-propose-un-superbe-terrain-a-sidi-mansour-hammem_ghezez-zone-tres-calme--nabeul-kelibia-100955,Terrain,,2022-11-01,Nabeul,Kélibia,kelibia,8090,4000,Titre Bleu,Non,Non,Non,,,Non,Non,Non,Commerciale
menzili,https://www.menzili.tn/annonce/vt475-terrain-d-habitation-1-017-m-a-ain-grinz-kelibia-nabeul-kelibia-38137,Terrain,180000,2020-07-11,Nabeul,Kélibia,Agence ASPIS IMMO,8000,1017,Oui,Non,Non,Non,,,Non,Non,Non,Résidentielle
menzili,https://www.menzili.tn/annonce/vt407-terrain-d-habitation-1271-m-a-el-fatha-2-kelibia-nabeul-kelibia-26080,Terrain,550000,2019-12-02,Nabeul,Kélibia,Agence ASPIS IMMO,8000,1271,Oui,Non,Non,Non,,20,Non,Non,Non,Résidentielle
menzili,https://www.menzili.tn/annonce/terrain-a-chotrana-jaafar-ariana-chotrana-100866,Terrain,70000,2022-10-30,Ariana,Chotrana,92126345,2086,200,Non,Non,Non,Non,,,Non,Non,Non,Commerciale
menzili,https://www.menzili.tn/annonce/terrain-commercile-vocation-r-5-a-sahloul-pre-sou9-sebt-sousse-sahloul-100860,Terrain,1400000,2022-10-30,Sousse,Sahloul,Entre Sahloul et hammam sousse,4054,780,Non,Non,Non,Non,,,Non,Non,Non,Commerciale
menzili,https://www.menzili.tn/annonce/deux-terrains-avendre-benarous-fouchana-100856,Terrain,,2022-10-30,Ben Arous,Fouchana,Birine,2082,1000,Non,Non,Non,Non,,,Non,Non,Non,Commerciale
menzili,https://www.menzili.tn/annonce/terrain-salem-ref-t1655-nabeul-benikhiar-100734,Terrain,410550,2022-10-28,Nabeul,Béni Khiar,122 AVENUE DU KOWEIT,8000,2737,Oui,Non,Non,Non,,,Non,Non,Non,Commerciale
menzili,https://www.menzili.tn/annonce/emplacement-ideal-pour-la-construction-d-une-villa-de-charme-manouba-mornaguia-100624,Terrain,700000,2022-10-26,Manouba,Mornaguia,Mornaguia,1110,2000,Titre Bleu,Non,Non,Oui,,,Non,Non,Non,Commerciale
menzili,https://www.menzili.tn/annonce/terrain-r2-a-jardins-d-el-menzah-2-ariana-manar-100583,Terrain,1000000,2022-10-26,Ariana,Manar,Jardin el Manzah 2,1004,677,Titre Bleu,Non,Non,Non,,,Non,Non,Non,Commerciale
menzili,https://www.menzili.tn/annonce/terrain-a-jardins-d-el-menzah-2-ariana-menzah-100581,Terrain,800000,2022-10-26,Ariana,Menzah,Jardin el Manzah 2,1004,533,Titre Bleu,Non,Non,Non,,,Non,Non,Non,Commerciale
menzili,https://www.menzili.tn/annonce/terrain-promoteur-leblanc-a-vendre-a-gammarth-village-tunis-lamarsa-100569,Terrain,2329200,2022-10-26,Tunis,La Marsa,La Marsa,2070,2588,Non,Non,Non,Non,,,Non,Non,Non,Commerciale
menzili,https://www.menzili.tn/annonce/terrain-en-plein-zone-touristique-mahdia-mahdia-mahdia-93308,Terrain,,2022-08-05,Mahdia,Mahdia,Mahdia,5100,505,Non,Non,Non,Non,,,Non,Non,Non,Commerciale
menzili,https://www.menzili.tn/annonce/terrain-vierge-sfax-routetunis-50921,Terrain,,2021-01-24,Sfax,Route Tunis,Route de Tunis Km 4,1000,900,Non,Non,Non,Non,,,Oui,Non,Non,Commerciale
menzili,https://www.menzili.tn/annonce/terrain-300-m2-vue-sur-mer-a-hergla-sousse-hergla-100488,Terrain,120000,2022-10-24,Sousse,Hergla,Hergla,4000,300,Titre Individuel,Oui,Non,Oui,,,Non,Non,Non,Commerciale
menzili,https://www.menzili.tn/annonce/terrain-habitation-meyer-a-vendre-a-mornagia-manouba-mornaguia-100482,Terrain,34000,2022-10-24,Manouba,Mornaguia,54670670,1110,200,Non,Non,Non,Non,,,Non,Non,Non,Résidentielle
menzili,https://www.menzili.tn/annonce/terrain-villa-baron-a-vendre-d-ezzahra-benarous-ezzahra-100461,Terrain,1296000,2022-10-24,Ben Arous,Ezzahra,Ezzahra,2034,864,Non,Non,Non,Non,,,Non,Non,Non,Résidentielle
menzili,https://www.menzili.tn/annonce/ferme-la-prairie-ref-t1077-nabeul-soliman-100383,Terrain,2100000,2022-10-22,Nabeul,Soliman,122 AVENUE DU KOWEIT,8020,107500,Non,Non,Non,Non,,,Oui,Oui,Oui,Commerciale
menzili,https://www.menzili.tn/annonce/ferme-bouficha-ref-t1302-sousse-bouficha-100375,Terrain,1950000,2022-10-22,Sousse,Bouficha,hammamet@tps-immobiliere.com,8050,300000,Non,Non,Non,Non,,,Oui,Non,Non,Commerciale
menzili,https://www.menzili.tn/annonce/ferme-agrume-ref-t1408-benarous-mornag-100349,Terrain,580000,2022-10-22,Ben Arous,Mornag,MORNEG BEN AROUS,2090,75000,Non,Non,Non,Non,,7,Oui,Oui,Non,Commerciale
menzili,https://www.menzili.tn/annonce/terrain-villa-girard-a-vendre-a-borj-taouil-ariana-ariana-arianaville-100211,Terrain,391000,2022-10-21,Ariana,Ariana Ville,Ariana Ville,2080,1150,Non,Non,Non,Non,,,Non,Non,Non,Résidentielle
menzili,https://www.menzili.tn/annonce/a-vendre-un-terrain-a-hammamet_sud-a-3km-de-la-plage-nabeul-hammametsud-100196,Terrain,20800,2022-10-21,Nabeul,Hammamet Sud,Hammamet Sud,8050,160,Non,Non,Non,Non,,,Non,Non,Non,Commerciale
menzili,https://www.menzili.tn/annonce/a-vendre-chez-notre-agence-leaders-immobilier-un-beau-terrain-viabilise-situe-a-borj-louzir-ariana-borjlouzir-100112,Terrain,140000,2022-10-20,Ariana,Borj Louzir,Borj Louzir,2073,194,Non,Non,Oui,Non,,,Non,Non,Non,Commerciale
menzili,https://www.menzili.tn/annonce/terrain-a-vendre-a-sousse-khezama-sousse-soussejawhara-100094,Terrain,,2022-10-20,Sousse,Sousse Jawhara,Khezama ouest,4000,455,Non,Non,Non,Non,,,Non,Non,Non,Commerciale
menzili,https://www.menzili.tn/annonce/terrain-residentiel-de-252-m-baghdedi-mahdia-mahdia-mahdia-100032,Terrain,150000,2022-10-19,Mahdia,Mahdia,Mahdia,5100,252,Non,Non,Non,Non,,,Non,Non,Non,Résidentielle
menzili,https://www.menzili.tn/annonce/a-vendre-chez-notre-agence-leaders-immobilier-un-beau-terrain-viabilise-situe-a-chotrana-3-ariana-chotrana-99919,Terrain,350000,2022-10-19,Ariana,Chotrana,Chotrana,2086,500,Non,Non,Oui,Non,,,Non,Non,Non,Commerciale
menzili,https://www.menzili.tn/annonce/terrain-villa-el-bey-a-vendre-a-bhar-lazreg-tunis-lamarsa-99895,Terrain,276000,2022-10-18,Tunis,La Marsa,La Marsa,2070,438,Non,Non,Non,Non,,19,Non,Non,Non,Résidentielle
menzili,https://www.menzili.tn/annonce/lotissement-a-plage-dar-allouche-kelibia-nabeul-kelibia-99891,Terrain,,2022-10-18,Nabeul,Kélibia,Dar Allouche Kélibia,8000,290,Non,Non,Non,Non,,,Non,Non,Non,Résidentielle
menzili,https://www.menzili.tn/annonce/terrain-hamem-laghzez-nabeul-hammamghezeze-99618,Terrain,,2022-10-16,Nabeul,Hammam Ghezèze,Hammam Ghezèze,8000,300,Non,Non,Non,Non,,,Non,Non,Non,Commerciale
menzili,https://www.menzili.tn/annonce/terrain-villa-ricalcata-a-vendre-d-ennasr-ariana-ennasr-99739,Terrain,600000,2022-10-17,Ariana,Ennasr,Ennasr,2037,400,Non,Non,Non,Non,,,Non,Non,Non,Résidentielle
menzili,https://www.menzili.tn/annonce/un-terrain-vue-sur-mer-a-kelibia-a-vendre-nabeul-hammamghezeze-99602,Terrain,10000,2022-10-16,Nabeul,Hammam Ghezèze,27246353,8000,156,Non,Oui,Non,Non,,,Non,Non,Non,Commerciale
menzili,https://www.menzili.tn/annonce/un-terrain-r-4-a-hammem-sousse-sousse-hammamsousse-99421,Terrain,1081,2022-10-15,Sousse,Hammam Sousse,Hammam Sousse,4011,901,Oui,Non,Non,Non,,,Non,Non,Non,Commerciale
menzili,https://www.menzili.tn/annonce/terrain-th923-sidi-mahrsi-nabeul-nabeul-76002,Terrain,1245000,2021-12-21,Nabeul,Nabeul,Sidi Mahrsi,8000,830,Non,Non,Non,Non,,,Non,Non,Non,Résidentielle
menzili,https://www.menzili.tn/annonce/a-vendre-un-lot-terrain-de-320-m-27246306-nabeul-nabeul-99270,Terrain,42000,2022-10-14,Nabeul,Nabeul,Hammamet sud,8000,320,Non,Non,Non,Non,,,Non,Non,Non,Commerciale
menzili,https://www.menzili.tn/annonce/terrain-promoteur-habu-a-vendre-a-riadh-andalous-ariana-arianaville-99220,Terrain,2467500,2022-10-14,Ariana,Ariana Ville,Ariana Ville,2080,3525,Non,Non,Non,Non,,,Non,Non,Non,Commerciale
menzili,https://www.menzili.tn/annonce/terrain-agricole-biirat-a-vendre-a-mornagia-manouba-mornaguia-99218,Terrain,580000,2022-10-14,Manouba,Mornaguia,Mornaguia,1110,15000,Non,Non,Non,Non,,,Oui,Non,Non,Commerciale
menzili,https://www.menzili.tn/annonce/terrain-d-excellent-opportunite-manouba-douarhicher-99081,Terrain,,2022-10-13,Manouba,Douar Hicher,Douar Hicher,2010,130,Non,Non,Non,Non,,,Non,Non,Non,Commerciale
menzili,https://www.menzili.tn/annonce/terrain-villa-merine-a-vendre-d-el-manzah-ariana-menzah-99065,Terrain,720000,2022-10-13,Ariana,Menzah,Menzah,1004,471,Non,Non,Non,Non,,,Non,Non,Non,Résidentielle
menzili,https://www.menzili.tn/annonce/terrain-500m2-a-panorama-jawhra-sousse-soussejawhara-99010,Terrain,250000,2022-10-12,Sousse,Sousse Jawhara,Pré patisserie jawaher sousse,4000,500,Non,Non,Non,Non,,,Non,Non,Non,Commerciale
menzili,https://www.menzili.tn/annonce/terrain-a-vendre-a-sidi-jdidi-hammamet-nabeul-hammamet-98915,Terrain,130000,2022-10-12,Nabeul,Hammamet,Hammamet,8050,1064,Non,Non,Non,Non,,,Non,Non,Non,Commerciale
menzili,https://www.menzili.tn/annonce/terrain-a-vendre-a-sidi-hamed-nabeul-hammamet-98911,Terrain,120000,2022-10-12,Nabeul,Hammamet,Hammamet,8050,300,Non,Non,Non,Non,,,Non,Non,Non,Commerciale
menzili,https://www.menzili.tn/annonce/terrain-287m2-khezama-ouest-saniyetel-yamni-sousse-soussejawhara-98910,Terrain,344000,2022-10-12,Sousse,Sousse Jawhara,Khezam sahloul saniyet el yamni,4000,287,Titre Bleu,Non,Non,Non,,,Non,Non,Non,Commerciale
menzili,https://www.menzili.tn/annonce/a-vendre-terrain-viabilise-a-hammamet-nabeul-hammamet-98896,Terrain,1200,2022-10-12,Nabeul,Hammamet,Z.T. Hammamet Nord,8050,1400,Non,Non,Oui,Non,,,Oui,Non,Non,Résidentielle
menzili,https://www.menzili.tn/annonce/vente-terrain-a-jebeniana-sfax-jebiniana-98810,Terrain,,2022-10-11,Sfax,Jebiniana,Jebeniana,3080,7354,Oui,Non,Non,Non,,,Non,Non,Non,Résidentielle
menzili,https://www.menzili.tn/annonce/terrain-proche-du-lac-de-bizerte-bizerte-menzelbourguiba-98775,Terrain,130000,2022-10-11,Bizerte,Menzel Bourguiba,Guengla,7050,264,Non,Non,Non,Non,,,Non,Non,Non,Commerciale
menzili,https://www.menzili.tn/annonce/terrain-villa-laleli-a-vendre-d-el-manzah-ariana-menzah-98773,Terrain,895000,2022-10-11,Ariana,Menzah,Menzah,1004,450,Non,Non,Non,Non,,,Non,Non,Non,Résidentielle
menzili,https://www.menzili.tn/annonce/5-hectares-avec-titre-bleu-individuel-zaghouan-zaghouan-98705,Terrain,230000,2022-10-10,Zaghouan,Zaghouan,Oued Sbaihia,1100,50000,Titre Bleu,Non,Non,Non,,,Non,Non,Oui,Commerciale
menzili,https://www.menzili.tn/annonce/a-vendre-un-beau-terrain-viabilise-situe-a-ariana-esoghra-ariana-arianaville-98699,Terrain,,2022-10-10,Ariana,Ariana Ville,Ariana Ville,2080,400,Non,Non,Oui,Non,,,Non,Non,Non,Commerciale
menzili,https://www.menzili.tn/annonce/terrain-promoteur-a-vendre-a-louis-bray-tunis-citeelkhadra-98698,Terrain,2250000,2022-10-10,Tunis,Cité El Khadra,54670670,1003,905,Non,Non,Non,Non,,,Non,Non,Non,Commerciale
menzili,https://www.menzili.tn/annonce/a-vendre-superbe-terrain-benarous-boumhel-98614,Terrain,,2022-10-10,Ben Arous,Boumhel,Boumhal,2013,235,Non,Non,Non,Non,,,Non,Non,Non,Commerciale
menzili,https://www.menzili.tn/annonce/terrain-340m2-vocation-r-3-a-sahloul-pre-univercite-de-sousse-sousse-soussejawhara-98526,Terrain,370000,2022-10-09,Sousse,Sousse Jawhara,Pré univercité de sousse er patisserie bonepi,4000,340,Non,Non,Non,Non,,,Non,Non,Non,Commerciale
menzili,https://www.menzili.tn/annonce/terrain-estable-ariana-arianaville-98487,Terrain,,2022-10-08,Ariana,Ariana Ville,Ariana,2080,5000,Non,Non,Non,Non,,,Oui,Non,Non,Commerciale
menzili,https://www.menzili.tn/annonce/vt752-terrain-d-habitation-309-m-a-hammam-ghzez-nabeul-hammamghezeze-98254,Terrain,110000,2022-10-06,Nabeul,Hammam Ghezèze,hammem ghzez kelibia,8090,309,Non,Non,Non,Non,,18,Non,Non,Oui,Résidentielle
menzili,https://www.menzili.tn/annonce/un-terrain-de-6-hectares-sousse-sidibouali-95924,Terrain,980000,2022-09-16,Sousse,Sidi Bou Ali,Rue victor hugo en face recette de finance Sousse,4040,60000,Non,Non,Non,Non,,,Oui,Non,Non,Commerciale
menzili,https://www.menzili.tn/annonce/terrain-khezama-gharbia-pre-ciap-et-jaxen-pizza-sousse-sahloul-98165,Terrain,552000,2022-10-06,Sousse,Sahloul,Khezama ouest pré rompoit rezgi,4054,460,Non,Non,Non,Non,,,Non,Non,Non,Commerciale
menzili,https://www.menzili.tn/annonce/a-vendre-chez-notre-agence-leaders-immobilier-un-beau-terrain-situe-a-borj-louzir-ariana-borjlouzir-98160,Terrain,,2022-10-06,Ariana,Borj Louzir,Borj Louzir,2073,335,Non,Non,Oui,Non,,,Non,Non,Non,Commerciale
menzili,https://www.menzili.tn/annonce/A-vendre-un-terrain-situe-a-chotrana-1-ariana-arianaville-98155,Terrain,370000,2022-10-06,Ariana,Ariana Ville,Ariana Ville,2080,325,Non,Non,Non,Oui,,,Non,Non,Non,Commerciale
menzili,https://www.menzili.tn/annonce/a-vendre-un-beau-terrain-viabilise-situe-a-la-soukra-ariana-arianaville-98133,Terrain,,2022-10-06,Ariana,Ariana Ville,Ariana Ville,2080,31,Non,Non,Oui,Non,,,Non,Non,Non,Commerciale
menzili,https://www.menzili.tn/annonce/a-vendre-un-beau-terrain-viabilise-situe-a-ariana-ville-ariana-arianaville-98114,Terrain,1550,2022-10-06,Ariana,Ariana Ville,Ariana Ville,2080,240,Non,Non,Oui,Non,,,Non,Non,Non,Commerciale
menzili,https://www.menzili.tn/annonce/a-vendre-un-beau-terrain-a-la-gammarth-tunis-gammarth-98104,Terrain,1648,2022-10-06,Tunis,Gammarth,Gammarth,2078,1648,Non,Non,Non,Non,,,Non,Non,Non,Commerciale
menzili,https://www.menzili.tn/annonce/terrain-a-sidi-jmour-medenine-zarzis-98035,Terrain,,2022-10-05,Médenine,Zarzis,Zarzis,4170,7740,Non,Non,Non,Non,,,Non,Oui,Oui,Commerciale
menzili,https://www.menzili.tn/annonce/vente-terrain-a-djerba-mellita-benarous-rades-97787,Terrain,,2022-10-04,Ben Arous,Radès,Rades,2040,50000,Non,Non,Non,Non,,,Non,Non,Non,Commerciale
menzili,https://www.menzili.tn/annonce/terrain-villa-viola-a-vendre-a-chotrana-ariana-lasoukra-97785,Terrain,684560,2022-10-04,Ariana,La Soukra,La Soukra,2036,796,Non,Non,Non,Non,,,Non,Non,Oui,Résidentielle
menzili,https://www.menzili.tn/annonce/terrain-kantaoui-sousse-hammamsousse-97672,Terrain,,2022-10-03,Sousse,Hammam Sousse,Kantaoui hammam Sousse,4011,886,Non,Non,Non,Non,,,Non,Non,Non,Commerciale
menzili,https://www.menzili.tn/annonce/vendre-chez-notre-agence-leaders-immobilier-un-beau-terrain-viabilise-et-cloture-situe-au-bardo-tunis-lebardo-97496,Terrain,,2022-10-02,Tunis,Le Bardo,Le Bardo,2000,500,Non,Non,Oui,Non,,,Non,Non,Non,Commerciale
menzili,https://www.menzili.tn/annonce/a-vendre-chez-notre-agence-leaders-immobilier-un-beau-terrain-viabilise-situe-a-chotrana-1-ariana-chotrana-97489,Terrain,182000,2022-10-02,Ariana,Chotrana,Chotrana,2086,350,Non,Non,Oui,Non,,,Non,Non,Non,Commerciale
menzili,https://www.menzili.tn/annonce/a-vendre-un-beau-terrain-viabilise-situe-a-chotrana-1-ariana-chotrana-97488,Terrain,,2022-10-02,Ariana,Chotrana,Chotrana,2086,660,Non,Non,Oui,Non,,,Non,Non,Non,Commerciale
menzili,https://www.menzili.tn/annonce/a-vendre-un-beau-terrain-viabilise-situe-a-la-soukra-a-proximite-villa-twenty-ariana-lasoukra-97484,Terrain,408600,2022-10-02,Ariana,La Soukra,La Soukra,2036,454,Non,Non,Oui,Non,,,Non,Non,Non,Commerciale
menzili,https://www.menzili.tn/annonce/terrain-a-sfax-sfax-sakieteddaier-97467,Terrain,,2022-10-01,Sfax,Sakiet Eddaïer,Sidi Mansour,3011,974,Titre Bleu,Non,Non,Non,,,Oui,Non,Non,Commerciale
menzili,https://www.menzili.tn/annonce/terrain-de-1320m-sur-la-route-principale-a-3km-de-la-plage-ras-engla-bizerte-bizerte-bizertenord-97356,Terrain,165000,2022-09-30,Bizerte,Bizerte Nord,lamarsa.immo@hotmail.com,7000,1320,Non,Non,Non,Non,,,Oui,Non,Non,Commerciale
menzili,https://www.menzili.tn/annonce/a-vendre-terrain-de-1321m-chotrana-1-ariana-lasoukra-97350,Terrain,1050,2022-09-30,Ariana,La Soukra,lamarsa.immo@hotmail.com,2036,1324,Non,Non,Non,Non,,,Non,Non,Non,Résidentielle
menzili,https://www.menzili.tn/annonce/terrterrain-agricole-nabeul-nabeul-97347,Terrain,,2022-09-30,Nabeul,Nabeul,Mhadhba billy,8000,5400,Non,Non,Non,Non,,,Oui,Oui,Oui,Commerciale
menzili,https://www.menzili.tn/annonce/a-vendre-un-beau-terrain-a-chotrana-2-ariana-chotrana-97342,Terrain,,2022-09-30,Ariana,Chotrana,Chotrana,2086,,Non,Non,Non,Non,,,Non,Non,Non,Commerciale
menzili,https://www.menzili.tn/annonce/terrain-cinstructible-situe-centre-ville-dar-allouch-nabeul-kelibia-97336,Terrain,117000,2022-09-30,Nabeul,Kélibia,ammounajb2@gmail.com,8000,318,Non,Non,Non,Non,,,Non,Non,Oui,Commerciale
menzili,https://www.menzili.tn/annonce/vt747-terrain-500-metres-plage-kerkouane-nabeul-kelibia-97305,Terrain,50000,2022-09-29,Nabeul,Kélibia,kerkouan kelibia,8090,250,Oui,Non,Non,Non,,,Non,Non,Non,Résidentielle
menzili,https://www.menzili.tn/annonce/terrain-vue-de-mer-a-hammamet-sud-a-vendre-nabeul-hammametsud-97301,Terrain,47000,2022-09-29,Nabeul,Hammamet Sud,Hammamet,8050,320,Non,Oui,Non,Non,,,Non,Non,Non,Commerciale
menzili,https://www.menzili.tn/annonce/terrain-pour-villa-a-vendre-a-hammamet-nabeul-hammametsud-97300,Terrain,65000,2022-09-29,Nabeul,Hammamet Sud,Hammamet,8050,500,Non,Non,Non,Non,,,Non,Non,Non,Commerciale
menzili,https://www.menzili.tn/annonce/vt744-terrain-d-habitation-a-hammam-ghzeez-a-cote-de-lycee-nabeul-kelibia-97299,Terrain,43000,2022-09-29,Nabeul,Kélibia,hammem ghzez kelibia,8090,125,Oui,Non,Non,Non,,10,Non,Non,Non,Résidentielle
menzili,https://www.menzili.tn/annonce/terrain-a-vendre-a-menchar-hammamet-nabeul-hammamet-97237,Terrain,127000,2022-09-29,Nabeul,Hammamet,Hammamet,8050,750,Non,Non,Non,Non,,,Non,Non,Non,Commerciale
menzili,https://www.menzili.tn/annonce/terrain-villa-alba-a-vendre-a-gammarth-village-tunis-lamarsa-97098,Terrain,1550000,2022-09-28,Tunis,La Marsa,La Marsa,2070,,Non,Non,Non,Non,,,Non,Non,Non,Résidentielle
menzili,https://www.menzili.tn/annonce/terrain-promoteur-elijah-a-vendre-a-cite-el-habib-tunis-lamarsa-97091,Terrain,2500000,2022-09-28,Tunis,La Marsa,La Marsa,2070,2500,Non,Non,Non,Non,,,Non,Non,Non,Résidentielle
menzili,https://www.menzili.tn/annonce/un-terrain-cloture-de-1245m-a-mornag-benarous-mornag-97078,Terrain,,2022-09-27,Ben Arous,Mornag,Mornag ezzaouia,2090,,Oui,Non,Non,Non,,,Oui,Non,Non,Commerciale
menzili,https://www.menzili.tn/annonce/vente-terrain-a-batir-salakta-mahdia-ksouressef-96954,Terrain,133000,2022-09-26,Mahdia,Ksour Essef,سلقطة الصغيرة,5180,,Non,Non,Non,Non,,,Non,Non,Non,Commerciale
menzili,https://www.menzili.tn/annonce/terrain-tel-52-260280-kef-kefouest-96929,Terrain,,2022-09-26,Kef,Kef Ouest,Un terrain à vendre inscrit dans un carnet de terr,7100,600,Non,Non,Non,Non,,,Non,Non,Non,Commerciale
menzili,https://www.menzili.tn/annonce/terrain-250-m-rapued-plage-citee-des-juges-ariana-raoued-96800,Terrain,83000,2022-09-25,Ariana,Raoued,Raoued,2083,250,Non,Non,Non,Non,,,Non,Non,Non,Commerciale
menzili,https://www.menzili.tn/annonce/terrain-a-vendre-a-menzel-abderahmen-bizerte-travaux-non-termines-bizerte-bizertesud-96674,Terrain,2650000,2022-09-24,Bizerte,Prés de lycée Al-canal,Oued Roumine,7000,178,Non,Non,Non,Non,,,Non,Non,Non,Résidentielle
menzili,https://www.menzili.tn/annonce/terrain-860m2-a-ennkhilet-sur-rue-jaouhara-ariana-lasoukra-96638,Terrain,,2022-09-24,Ariana,La Soukra,Rue Jaouhara,2036,860,Titre Bleu,Non,Non,Oui,,,Non,Non,Non,Commerciale
menzili,https://www.menzili.tn/annonce/terrain-sidel-a-vendre-a-borj-cedria-benarous-borjcedria-96508,Terrain,251900,2022-09-23,Ben Arous,Borj Cedria,54670670,2013,458,Non,Non,Non,Non,,,Non,Non,Non,Résidentielle
menzili,https://www.menzili.tn/annonce/terrain-7500-m2-cebalat-ben-ammar-ariana-sidithabet-96483,Terrain,975000,2022-09-23,Ariana,Sidi Thabet,Cebalat Ben Ammar,2080,7500,Non,Non,Non,Non,,,Non,Non,Non,Commerciale
menzili,https://www.menzili.tn/annonce/terrain-promoteur-roudi-a-vendre-a-sidi-daoud-tunis-sididaoud-96425,Terrain,7000000,2022-09-22,Tunis,Sidi Daoud,54670670,1000,4242,Non,Non,Non,Non,,,Non,Non,Non,Commerciale
menzili,https://www.menzili.tn/annonce/terrain-agricole-titre-bleu-sfax-sakietezzit-88688,Terrain,60000,2022-06-11,Sfax,Sakiet Ezzit,Zone El Bderna,3021,7630,Titre Bleu,Non,Non,Non,,,Oui,Non,Non,Commerciale
menzili,https://www.menzili.tn/annonce/terrain-a-vendre-0016-93-743-350-neila-nabeul-hammametsud-96276,Terrain,,2022-09-20,Nabeul,Hammamet Sud,chaima.chouk007@gmail.com,8050,424,Non,Non,Non,Non,,,Non,Non,Non,Commerciale
menzili,https://www.menzili.tn/annonce/terrain-a-vendre-0016-93-743-350-neila-nabeul-hammametsud-96275,Terrain,,2022-09-20,Nabeul,Hammamet Sud,chaima.chouk007@gmail.com,8050,417,Non,Non,Non,Non,,,Non,Non,Non,Commerciale
menzili,https://www.menzili.tn/annonce/terrain-a-vendre-0016-93-743-350-neila-nabeul-hammametsud-96274,Terrain,,2022-09-20,Nabeul,Hammamet Sud,chaima.chouk007@gmail.com,8050,413,Non,Non,Non,Non,,,Non,Non,Non,Commerciale
menzili,https://www.menzili.tn/annonce/terrain-a-vendre-neila-00216-93-743-350-nabeul-hammametsud-96218,Terrain,,2022-09-20,Nabeul,Hammamet Sud,Hammamet Sud,8050,180,Non,Non,Non,Non,,,Non,Non,Non,Commerciale
menzili,https://www.menzili.tn/annonce/terrain-villa-sindibad-a-vendre-a-cathage-tunis-carthage-96214,Terrain,1300000,2022-09-20,Tunis,Carthage,Carthage,2016,418,Non,Non,Non,Non,,15,Non,Non,Non,Résidentielle
menzili,https://www.menzili.tn/annonce/terrain-a-vendre-93-743-350-nabeul-hammametsud-96211,Terrain,29640,2022-09-20,Nabeul,Hammamet Sud,Hammamet Sud,8050,120,Non,Non,Non,Non,,,Non,Non,Non,Commerciale
menzili,https://www.menzili.tn/annonce/avendre-des-terrain-construction-khezama-ouest-sahloul-sousse-soussejawhara-96132,Terrain,340000,2022-09-19,Sousse,Sousse Jawhara,Khezama ouest saniyet yamni,4000,300,Titre Bleu,Non,Non,Oui,,,Non,Non,Non,Commerciale
menzili,https://www.menzili.tn/annonce/avendre-des-terrain-contruction-khezama-ouest-sahloul-sousse-soussejawhara-96131,Terrain,340000,2022-09-19,Sousse,Sousse Jawhara,Khezama ouest saniyet yamni,4000,300,Titre Bleu,Non,Non,Non,,,Non,Non,Non,Commerciale
menzili,https://www.menzili.tn/annonce/terrain-en-vente-a-akouda-superficie-414m-sousse-akouda-96078,Terrain,,2022-09-19,Sousse,Akouda,Chat romaine,4022,414,Non,Non,Non,Non,,,Non,Non,Non,Commerciale
menzili,https://www.menzili.tn/annonce/terrain-a-vendre-a-thalabet-kasserine-feriana-96072,Terrain,,2022-09-18,Kasserine,Fériana,MESSAOUDI7777@GAMIL.COM,1200,,Non,Non,Non,Non,,,Oui,Non,Non,Commerciale
menzili,https://www.menzili.tn/annonce/A-saisir-terrain-zone-urbaine-2100m2-87000dt-medenine-djerbaajim-96070,Terrain,287000,2022-09-18,Médenine,Djerba - Ajim,Djerba - Ajim,4180,2100,Oui,Non,Non,Oui,,,Non,Non,Non,Résidentielle
menzili,https://www.menzili.tn/annonce/a-vendre-un-beau-terrain-viabilise-et-cloture-situe-au-bardo-tunis-lebardo-96066,Terrain,1500,2022-09-18,Tunis,Le Bardo,Le Bardo,2000,647,Non,Non,Oui,Non,,,Non,Non,Non,Commerciale
menzili,https://www.menzili.tn/annonce/a-vendre-un-beau-terrain-viabilise-situe-au-jardins-el-menzah-2-ariana-jardinsdelmenzah-96064,Terrain,1250,2022-09-18,Ariana,Jardins D'el Menzah,Jardins D'el Menzah,1004,448,Non,Non,Oui,Non,,,Non,Non,Non,Commerciale
menzili,https://www.menzili.tn/annonce/terrain-a-vendre-mahdia-chebba-96063,Terrain,,2022-09-18,Mahdia,Chebba,Chebba,5170,735,Non,Non,Non,Non,,,Non,Non,Oui,Commerciale
menzili,https://www.menzili.tn/annonce/a-vendre-un-terrain-viabilise-a-el-omrane-superieur-ariana-menzah-96055,Terrain,875000,2022-09-18,Ariana,Menzah,Menzah,1004,835,Non,Non,Oui,Non,,,Non,Non,Non,Commerciale
menzili,https://www.menzili.tn/annonce/a-vendre-un-beau-terrain-viabilise-zone-des-villas-situe-a-chotrana-2-ariana-chotrana-96054,Terrain,1320000,2022-09-18,Ariana,Chotrana,Chotrana,2086,1100,Non,Non,Oui,Non,,,Non,Non,Non,Commerciale
menzili,https://www.menzili.tn/annonce/a-vendre-un-terrain-viabilise-qui-sis-a-gammarth-tunis-gammarth-96044,Terrain,320000,2022-09-18,Tunis,Gammarth,Gammarth,2078,320,Non,Non,Oui,Non,,,Non,Non,Non,Commerciale
menzili,https://www.menzili.tn/annonce/vente-terrain-1000m2-methline-bizerte-bizerte-bizertesud-96035,Terrain,200000,2022-09-18,Bizerte,Bizerte Sud,Bizerte Sud,7000,1000,Non,Non,Non,Oui,,,Non,Non,Non,Commerciale
menzili,https://www.menzili.tn/annonce/un-terrain-bien-situe-a-hergla-sousse-hergla-95937,Terrain,4495000,2022-09-16,Sousse,Hergla,Rue victor hugo en face recette de finance Sousse,4000,,Oui,Non,Non,Non,,,Oui,Non,Non,Commerciale
menzili,https://www.menzili.tn/annonce/terrain-150-m2-a-vendre-benarous-mohamedia-95920,Terrain,,2022-09-16,Ben Arous,Mohamedia,MHAMMDIA,2084,150,Non,Non,Non,Non,,,Non,Non,Non,Commerciale
menzili,https://www.menzili.tn/annonce/terrain-de-386m-a-cite-el-wafa-nabeul-nabeul-nabeul-95886,Terrain,366000,2022-09-16,Nabeul,Nabeul,Mrezga,8000,386,Oui,Non,Non,Non,,,Non,Non,Non,Commerciale
menzili,https://www.menzili.tn/annonce/A-vendre-un-terrain-constructible-situe-a-jardins-d-el-menzah-2-tunis-jardindecarthage-95875,Terrain,186000,2022-09-16,Tunis,Jardin De Carthage,Jardin De Carthage,2016,248,Non,Non,Non,Oui,,,Non,Non,Non,Commerciale
menzili,https://www.menzili.tn/annonce/terrain-constructible-r-2-a-vendre-sousse-soussejawhara-95825,Terrain,330000,2022-09-15,Sousse,Sousse Jawhara,bouhsina cité taamir,4000,600,Non,Non,Non,Oui,,,Oui,Non,Non,Commerciale
menzili,https://www.menzili.tn/annonce/terrain-industriel-de-6000-m-sousse-msaken-95824,Terrain,330000,2022-09-15,Sousse,M'saken,messadine zone industrielle,4070,6000,Titre Individuel,Non,Non,Non,,,Non,Non,Non,Commerciale
menzili,https://www.menzili.tn/annonce/terrain-villa-clarita-a-vendre-a-la-marsa-ville-tunis-lamarsa-95794,Terrain,1300000,2022-09-15,Tunis,La Marsa,La Marsa,2070,431,Non,Non,Non,Non,,,Non,Non,Non,Commerciale
menzili,https://www.menzili.tn/annonce/A-vendre-un-terrain-constructible-situe-a-chotrana-1-ariana-lasoukra-95771,Terrain,240000,2022-09-15,Ariana,La Soukra,La Soukra,2036,200,Non,Non,Non,Oui,,,Non,Oui,Oui,Commerciale
menzili,https://www.menzili.tn/annonce/lot-de-terrain-a-vendre-a-cote-cite-hidhab-fouchena-benarous-fouchana-95767,Terrain,165700,2022-09-14,Ben Arous,Fouchana,Fouchana,2082,366,Non,Non,Non,Non,,,Non,Non,Non,Résidentielle
menzili,https://www.menzili.tn/annonce/a-vendre-un-beau-terrain-viabilise-situe-a-la-soukra-ariana-lasoukra-95750,Terrain,212500,2022-09-14,Ariana,La Soukra,La Soukra,2036,250,Non,Non,Oui,Non,,,Non,Non,Non,Commerciale
menzili,https://www.menzili.tn/annonce/terrain-tizia-a-vendre-a-cite-des-juges-tunis-lamarsa-95744,Terrain,850000,2022-09-14,Tunis,La Marsa,La Marsa,2070,412,Non,Non,Non,Non,,,Non,Non,Non,Résidentielle
menzili,https://www.menzili.tn/annonce/villa-violetta-a-vendre-aux-jardins-de-carthage-tunis-carthage-95711,Terrain,1825000,2022-09-14,Tunis,Carthage,jardin de carthage,2016,700,Non,Non,Non,Non,,,Non,Non,Non,Résidentielle
menzili,https://www.menzili.tn/annonce/terrains-a-m-nihla-ariana-mnihla-55428,Terrain,44000,2021-03-21,Ariana,Mnihla,Terrains a M'nihla,2094,200,Non,Non,Non,Non,,,Non,Non,Non,Résidentielle
menzili,https://www.menzili.tn/annonce/a-vendre-terrain-a-gammarth-superieur-tunis-lamarsa-95681,Terrain,2350,2022-09-13,Tunis,La Marsa,lamarsa.immo@hotmail.com,2070,311,Titre Individuel,Oui,Non,Oui,,,Non,Non,Non,Commerciale
menzili,https://www.menzili.tn/annonce/terrain-a-raoued-260-m-a-vendre-ariana-raoued-95648,Terrain,,2022-09-13,Ariana,Raoued,saifbouchaala2@gmail.com,2083,260,Non,Non,Non,Non,,,Non,Non,Non,Commerciale
menzili,https://www.menzili.tn/annonce/2-grandes-maisons-residence-touristique-front-de-mer-nabeul-kelibia-95634,Terrain,5000000,2022-09-12,Nabeul,Kélibia,Kélibia,8000,20000,Non,Non,Non,Non,,,Non,Non,Non,Commerciale
menzili,https://www.menzili.tn/annonce/A-vendre-un-terrain-constructible-situe-a-la-soukra-ariana-lasoukra-95587,Terrain,487800,2022-09-12,Ariana,La Soukra,La Soukra,2036,542,Non,Non,Non,Oui,,,Non,Non,Non,Commerciale
menzili,https://www.menzili.tn/annonce/terrain-1000-m-el-katira-soliman-nabeul-soliman-95585,Terrain,150000,2022-09-12,Nabeul,Soliman,soliman,8020,1000,Non,Non,Non,Non,,,Oui,Non,Non,Commerciale
menzili,https://www.menzili.tn/annonce/a-vendre-un-beau-terrain-viabilise-situe-a-la-soukra-ariana-lasoukra-95478,Terrain,400000,2022-09-10,Ariana,La Soukra,La Soukra,2036,500,Non,Non,Oui,Non,,,Non,Non,Non,Commerciale
menzili,https://www.menzili.tn/annonce/terrain-a-vendre-la-soukra-prix-negotiable-ariana-lasoukra-95422,Terrain,850000,2022-09-09,Ariana,La Soukra,la soukra,2036,454,Non,Non,Non,Non,,,Non,Non,Non,Commerciale
menzili,https://www.menzili.tn/annonce/terrain-400m2-cote-la-plage-vocation-r-4-a-tantana-chatt-mariem-sousse-akouda-95348,Terrain,360000,2022-09-08,Sousse,Akouda,20 792 784,4022,400,Non,Non,Non,Non,,20,Non,Non,Non,Commerciale
menzili,https://www.menzili.tn/annonce/terrain-habitation-ind-en-vente-a-gammarth-foret-tunis-gammarth-95300,Terrain,349000,2022-09-08,Tunis,Gammarth,Gammarth,2078,324,Oui,Non,Non,Non,,23,Non,Non,Non,Résidentielle
menzili,https://www.menzili.tn/annonce/terrain-habitation-ind-en-vente-tunis-lamarsa-95298,Terrain,374000,2022-09-08,Tunis,La Marsa,Hatemc1960@gmail.com,2070,550,Oui,Non,Non,Non,,24,Non,Non,Non,Résidentielle
menzili,https://www.menzili.tn/annonce/terrain-el-wafa-manouba-borjelamri-59484,Terrain,115000,2021-05-28,Manouba,Borj El Amri,Borj El amri,2010,1200,Non,Non,Non,Non,,,Non,Non,Non,Résidentielle
menzili,https://www.menzili.tn/annonce/terrain-a-vendre-l-aouina-tunis-laouina-90199,Terrain,1200000,2022-06-26,Tunis,L'aouina,L'aouina,1000,1295,Non,Non,Non,Non,,,Non,Non,Non,Commerciale
menzili,https://www.menzili.tn/annonce/terrain-a-vendre-hammamet-nabeul-hammamet-92844,Terrain,210000,2022-07-26,Nabeul,Hammamet,Hammamet,8050,317,Non,Non,Non,Non,,,Non,Non,Non,Commerciale
menzili,https://www.menzili.tn/annonce/terrain-superficie-de-1000-et-500-a-jardin-menzah-2-ariana-jardinsdelmenzah-53387,Terrain,350000,2021-02-24,Ariana,Jardins D'el Menzah,Jardins D'el Menzah,1004,500,Non,Non,Oui,Non,,,Non,Non,Non,Commerciale
menzili,https://www.menzili.tn/annonce/terrain-a-bardo-de-270-m2-tunis-lebardo-53245,Terrain,270000,2021-02-22,Tunis,Le Bardo,Le Bardo,2000,270,Non,Non,Non,Non,,,Non,Non,Non,Commerciale
menzili,https://www.menzili.tn/annonce/terrain-a-ennassr-3-de-288-m2-ariana-ennasr-53241,Terrain,170000,2021-02-22,Ariana,Ennasr,Ennasr,2037,288,Non,Non,Non,Non,,,Non,Non,Non,Commerciale
menzili,https://www.menzili.tn/annonce/terrain-agricole-oliveraie-sousse-msaken-95096,Terrain,,2022-09-05,Sousse,M'saken,Borjine route de frada,4070,7000,Non,Non,Non,Non,,,Oui,Non,Non,Commerciale
menzili,https://www.menzili.tn/annonce/terrain-a-jinene-ennassr-ariana-ennasr-53388,Terrain,150000,2021-02-24,Ariana,Ennasr,Ennassr 3,2037,346,Non,Non,Oui,Non,,,Non,Non,Non,Commerciale
menzili,https://www.menzili.tn/annonce/a-vendre-terrain-450m-a-dar-fadhal-la-soukra-ariana-lasoukra-95077,Terrain,350000,2022-09-04,Ariana,La Soukra,La Soukra,2036,450,Non,Non,Non,Non,,,Non,Non,Non,Commerciale
menzili,https://www.menzili.tn/annonce/terrain-a-rafraf-el-hmeri-bizerte-rasjebel-95025,Terrain,350000,2022-09-03,Bizerte,Ras Jebel,Rafraf el hmeri,7025,500,Non,Non,Non,Non,,,Oui,Non,Non,Commerciale
menzili,https://www.menzili.tn/annonce/terrain-327m2-a-100metre-de-la-plage-hammam-sousse-clioptra-sousse-hammamsousse-95024,Terrain,,2022-09-03,Sousse,Hammam Sousse,100métre de la plage,4011,327,Non,Non,Non,Non,,,Non,Non,Non,Résidentielle
menzili,https://www.menzili.tn/annonce/terrain-387m2-titre-deriere-clinique-les-olivies-khezama-sousse-sousse-soussejawhara-95023,Terrain,580000,2022-09-03,Sousse,Sousse Jawhara,Khezama est deriere clinique les olivié,4000,387,Non,Non,Non,Non,,,Non,Non,Non,Résidentielle
menzili,https://www.menzili.tn/annonce/terrain-kassas-bouali-sfax-sakieteddaier-94955,Terrain,,2022-09-02,Sfax,Sakiet Eddaïer,Sakiet Eddaïer,3011,1235,Non,Non,Non,Non,,,Non,Non,Non,Commerciale
menzili,https://www.menzili.tn/annonce/terrain-de-6-hectares-sousse-sidibouali-94942,Terrain,980000,2022-09-02,Sousse,Sidi Bou Ali,Rue victor hugo en face recette de finance Sousse,4040,60000,Non,Non,Non,Non,,,Oui,Non,Non,Commerciale
menzili,https://www.menzili.tn/annonce/deux-terrain-a-vendre-pour-construction-villa-a-khezama-ouest-sousse-soussejawhara-94881,Terrain,470000,2022-09-01,Sousse,Sousse Jawhara,Khezama ouest pré carrefour market,4000,362,Titre Bleu,Non,Non,Oui,,,Non,Non,Non,Résidentielle
menzili,https://www.menzili.tn/annonce/terrain-constructible-500-metre-de-yasmine-hammamet-nabeul-hammametsud-94871,Terrain,119350,2022-09-01,Nabeul,Hammamet Sud,le coin immobilier,8050,341,Non,Non,Non,Oui,,,Non,Non,Non,Commerciale
menzili,https://www.menzili.tn/annonce/avendre-terrain-660m2-de-vocation-r-3-pre-cafe-fation-kantaoui-sousse-kantaoui-94868,Terrain,1188000,2022-09-01,Sousse,Kantaoui,20 792 784,4089,660,Titre Bleu,Non,Non,Non,,,Non,Oui,Oui,Commerciale
menzili,https://www.menzili.tn/annonce/a-vendre-chez-notre-agence-leaders-immobilier-un-beau-terrain-a-la-soukra-ariana-lasoukra-94842,Terrain,,2022-09-01,Ariana,La Soukra,La Soukra,2036,398,Non,Non,Non,Non,,,Non,Non,Non,Commerciale
menzili,https://www.menzili.tn/annonce/a-vendre-un-beau-terrain-viabilise-situe-a-chotrana-1-ariana-chotrana-94806,Terrain,,2022-08-31,Ariana,Chotrana,Chotrana,2086,500,Non,Non,Oui,Non,,,Non,Non,Non,Commerciale
menzili,https://www.menzili.tn/annonce/a-vendre-un-terrain-a-la-marsa-tunis-lamarsa-94802,Terrain,2050,2022-08-31,Tunis,La Marsa,la marsa,2070,657,Titre Individuel,Non,Non,Non,,,Non,Non,Non,Résidentielle
menzili,https://www.menzili.tn/annonce/un-lot-de-terrain-cloture-de-1974-m2-a-manzah-9c-ariana-menzah-94696,Terrain,125000,2022-08-29,Ariana,Menzah,Manzah 9c,1004,1974,Oui,Non,Non,Non,,,Oui,Non,Non,Commerciale
menzili,https://www.menzili.tn/annonce/a-vendre-chez-notre-agence-leaders-immobilier-un-beau-terrain-viabilise-situe-a-la-sokra-ariana-lasoukra-94691,Terrain,475000,2022-08-29,Ariana,La Soukra,La Soukra,2036,500,Non,Non,Oui,Non,,,Non,Non,Non,Commerciale
menzili,https://www.menzili.tn/annonce/terrain-en-face-port-financier-raoued-ariana-raoued-94670,Terrain,1200000,2022-08-29,Ariana,Raoued,Bouhnch,2083,10000,Oui,Non,Non,Non,,50,Oui,Non,Non,Commerciale
menzili,https://www.menzili.tn/annonce/a-vendre-chez-notre-agence-leaders-immobilier-un-terrain-constructible-situe-a-sokra-ariana-lasoukra-94666,Terrain,556800,2022-08-29,Ariana,La Soukra,La Soukra,2036,696,Non,Non,Non,Oui,,,Non,Non,Non,Commerciale
menzili,https://www.menzili.tn/annonce/terrain-marsa-ville-tunis-lamarsa-94617,Terrain,850000,2022-08-28,Tunis,La Marsa,Marsa Safsaf,2070,300,Non,Non,Non,Non,,,Non,Non,Non,Commerciale
menzili,https://www.menzili.tn/annonce/a-vendre-un-terrain-a-borj-louzir-ariana-lasoukra-94555,Terrain,,2022-08-27,Ariana,La Soukra,La Soukra,2036,244,Non,Non,Non,Non,,,Non,Non,Non,Commerciale
menzili,https://www.menzili.tn/annonce/terrain-a-vendre-hammamet-nord-a-58md-nabeul-hammametnord-94541,Terrain,58000,2022-08-27,Nabeul,Hammamet Nord,Av Moncef Bey 8050 Yasmine Hammamet,8050,143,Non,Non,Non,Non,,,Non,Non,Non,Résidentielle
menzili,https://www.menzili.tn/annonce/terrain-r-2-a-vendre-raoued-ariana-raoued-94464,Terrain,,2022-08-25,Ariana,Raoued,Raoued,2083,1100,Non,Non,Non,Oui,,,Non,Non,Non,Commerciale
menzili,https://www.menzili.tn/annonce/investissement-terrain-pour-les-promoteurs-omrane-monastir-monastir-monastir-94446,Terrain,1400,2022-08-25,Monastir,Monastir,Monastir,5000,4242,Non,Non,Non,Non,,,Non,Non,Non,Commerciale
menzili,https://www.menzili.tn/annonce/terrain-constructible-a-hammamet-centre-nabeul-hammametcentre-94433,Terrain,168000,2022-08-25,Nabeul,Hammamet Centre,le coin immobilier,8050,240,Non,Non,Non,Oui,,,Non,Non,Non,Commerciale
menzili,https://www.menzili.tn/annonce/a-vendre-un-terrain-a-afh-mrezga-nabeul-mrezga-94414,Terrain,,2022-08-25,Nabeul,Mrezga,Mrezga,8058,250,Non,Non,Oui,Non,,,Non,Non,Non,Commerciale
menzili,https://www.menzili.tn/annonce/terrain-a-hammam-sousse-pre-cnam-et-mosque-hamza-sousse-hammamsousse-94387,Terrain,332000,2022-08-24,Sousse,Hammam Sousse,20 792 784,4011,415,Titre Bleu,Non,Non,Oui,,,Non,Non,Non,Commerciale
menzili,https://www.menzili.tn/annonce/un-terrain-de-6-hectares-a-sidi-abelhamid-sousse-sidibouali-94376,Terrain,980000,2022-08-24,Sousse,Sidi Bou Ali,sidi bou ALI,4040,60000,Non,Non,Non,Non,,,Oui,Non,Non,Commerciale
menzili,https://www.menzili.tn/annonce/a-vendre-un-terrain-a-chotrana-3-ariana-chotrana-94351,Terrain,,2022-08-24,Ariana,Chotrana,Chotrana,2086,500,Non,Non,Non,Non,,,Non,Non,Non,Commerciale
menzili,https://www.menzili.tn/annonce/a-vendre-terrain-a-tormous-mahdia-459-m2-mahdia-mahdia-93855,Terrain,150000,2022-08-15,Mahdia,Mahdia,Mahdia,5100,459,Non,Non,Oui,Non,,,Non,Non,Non,Commerciale
menzili,https://www.menzili.tn/annonce/a-vendre-terrain-a-tormous-mahdia-341-m2-mahdia-mahdia-93149,Terrain,116000,2022-08-01,Mahdia,Mahdia,Mahdia,5100,341,Non,Non,Oui,Non,,,Non,Non,Non,Commerciale
menzili,https://www.menzili.tn/annonce/terrain-500m2-centre-villa-jawhra-soussd-sousse-soussejawhara-94330,Terrain,250000,2022-08-23,Sousse,Sousse Jawhara,Jawhra pré garde national,4000,500,Non,Non,Non,Non,,,Non,Non,Non,Commerciale
menzili,https://www.menzili.tn/annonce/a-vendre-terrain-chotrana1-ariana-lasoukra-94236,Terrain,1200,2022-08-22,Ariana,La Soukra,Chotrana1,2036,834,Non,Non,Non,Non,,,Non,Non,Non,Commerciale
menzili,https://www.menzili.tn/annonce/a-vendre-des-lots-de-terrain-a-chebeddah-benarous-mornag-94234,Terrain,,2022-08-22,Ben Arous,Mornag,Chebbedah,2090,1980,Non,Non,Non,Non,,,Non,Non,Non,Commerciale
menzili,https://www.menzili.tn/annonce/terrain-constructible-a-hammamet-nord-nabeul-hammametnord-94187,Terrain,58000,2022-08-21,Nabeul,Hammamet Nord,Hammamet Nord,8050,143,Non,Non,Non,Oui,,,Non,Non,Non,Commerciale
menzili,https://www.menzili.tn/annonce/terrain-550m2-a-akouda-a-5mn-d-el-kantaoui-sousse-akouda-91650,Terrain,,2022-07-11,Sousse,Akouda,Akouda,4022,500,Non,Non,Non,Oui,,,Non,Non,Non,Commerciale
menzili,https://www.menzili.tn/annonce/terrain-a-tres-bon-prix-ariana-raoued-92992,Terrain,85000,2022-07-28,Ariana,Raoued,Raoued Plage Cité des juges,2083,392,Oui,Non,Non,Oui,,,Non,Non,Non,Commerciale
menzili,https://www.menzili.tn/annonce/un-terrain-de-250m-situe-a-afh-mrezga-nabeul-mrezga-94144,Terrain,300000,2022-08-20,Nabeul,Mrezga,Av Moncef Bey 8050 Yasmine Hammamet,8058,250,Non,Non,Non,Non,,,Non,Non,Non,Commerciale
menzili,https://www.menzili.tn/annonce/terrain-constructible-a-vendre-nabeul-hammametsud-94100,Terrain,105000,2022-08-19,Nabeul,Hammamet Sud,avenue Moncef bey 8050yasmine Hammamet,8050,300,Non,Non,Non,Oui,,,Non,Oui,Oui,Commerciale
menzili,https://www.menzili.tn/annonce/terrain-a-vendre-pres-mosque-elhidaya-omrane-monastir-monastir-monastir-94088,Terrain,,2022-08-19,Monastir,Monastir,Monastir,5000,385,Non,Non,Non,Non,,,Non,Non,Non,Commerciale
menzili,https://www.menzili.tn/annonce/a-vendre-luxueux-duplex-s3-avec-piscine-chotrana-1-ariana-lasoukra-94058,Terrain,1040000,2022-08-19,Ariana,La Soukra,Chotrana 1,2036,300,Non,Non,Non,Non,,,Non,Non,Oui,Résidentielle
menzili,https://www.menzili.tn/annonce/terrain-a-vendre-cite-milaha-nouvelle-ariana-ariana-arianaville-93979,Terrain,1600,2022-08-17,Ariana,Ariana Ville,Cite milaha Nouvelle ariana,2080,1120,Non,Non,Non,Non,,,Non,Non,Non,Commerciale
menzili,https://www.menzili.tn/annonce/terrain-agricole-oliviers-nabeul-soliman-93965,Terrain,,2022-08-17,Nabeul,Soliman,route de korbous,8020,9703,Non,Non,Non,Non,,,Oui,Non,Non,Commerciale
menzili,https://www.menzili.tn/annonce/a-vendre-des-lotsde-terrain-de-5000m-n-tamazret-kelibia-nabeul-kelibia-93946,Terrain,43000,2022-08-17,Nabeul,Kelibia,Tamazret,8090,5000,Non,Non,Non,Non,,,Non,Non,Non,Commerciale
menzili,https://www.menzili.tn/annonce/terrain-a-vendre-a-cite-mourouj-ksar-gafsa-gafsa-elksar-93932,Terrain,,2022-08-16,Gafsa,El Ksar,Cité Mourouj Ksar Gafsa,2110,377,Non,Non,Non,Non,,,Non,Non,Non,Commerciale
menzili,https://www.menzili.tn/annonce/terrain-660m2-de-3-facade-a-kantaoui-sousse-sousse-kantaoui-93916,Terrain,1320000,2022-08-16,Sousse,Kantaoui,Kantaoui pré fation et hotel venchi,4089,660,Titre Bleu,Non,Non,Non,,,Non,Oui,Oui,Commerciale
menzili,https://www.menzili.tn/annonce/a-vendre-terrain-a-sfax-sur-la-routes-de-gremda-et-lafrane-sfax-routegremda-93858,Terrain,,2022-08-15,Sfax,Route Gremda,lac2 tunis,1000,5600,Oui,Non,Non,Non,,,Oui,Non,Non,Commerciale
menzili,https://www.menzili.tn/annonce/terrain-233m2-a-sahloul-3-pre-cafe-jet-7-sousse-soussejawhara-93791,Terrain,315000,2022-08-13,Sousse,Sousse Jawhara,Sahloul 3 pré la poste,4000,233,Titre Bleu,Non,Non,Non,,,Non,Non,Non,Résidentielle
menzili,https://www.menzili.tn/annonce/terrain-commerciale-r-8-pre-slim-center-khezama-zone-touristique-sousse-soussejawhara-93788,Terrain,2900,2022-08-13,Sousse,Sousse Jawhara,Khezama zone touristique àvenu 14 janvier,4000,515,Non,Non,Non,Non,,,Non,Non,Non,Commerciale
menzili,https://www.menzili.tn/annonce/terrain-promoteur-nelig-a-vendre-a-boumhal-benarous-boumhel-93714,Terrain,360000,2022-08-12,Ben Arous,Boumhel,Boumhel,2013,1200,Non,Non,Non,Non,,,Non,Oui,Oui,Commerciale
menzili,https://www.menzili.tn/annonce/terrain-promoteur-nelig-a-vendre-a-boumhal-benarous-boumhel-93713,Terrain,360000,2022-08-12,Ben Arous,Boumhel,54670670,2013,1200,Non,Non,Non,Non,,,Non,Oui,Oui,Commerciale
menzili,https://www.menzili.tn/annonce/avendre-terrain-267m2-et-300m2-a-chatt-mariem-sousse-akouda-93682,Terrain,227000,2022-08-11,Sousse,Akouda,Chatt mariem,4022,300,Non,Non,Non,Non,,,Non,Non,Non,Résidentielle
menzili,https://www.menzili.tn/annonce/terrain-invest-sadim-a-vendre-a-rades-benarous-rades-93559,Terrain,825000,2022-08-10,Ben Arous,Radès,Radès,2013,660,Non,Non,Non,Non,,,Oui,Oui,Oui,Commerciale
menzili,https://www.menzili.tn/annonce/lot-de-terrain-a-vendre-cite-hidhab-2-fouchena-benarous-fouchana-93554,Terrain,180000,2022-08-10,Ben Arous,Fouchana,Cité hidhab 2,2082,366,Non,Non,Non,Non,,,Non,Non,Non,Résidentielle
menzili,https://www.menzili.tn/annonce/vente-terrain-pour-villa-ariana-ghazela-93552,Terrain,585000,2022-08-10,Ariana,La Petite Ariana,Rue Abou Loubeba Al Ansari,2080,514,Oui,Non,Non,Oui,,,Non,Non,Non,Commerciale
menzili,https://www.menzili.tn/annonce/terrain-a-vendre-a-boumhal-bassatine-benarous-boumhel-93471,Terrain,143000,2022-08-08,Ben Arous,Boumhel,hatemfray47@gmail.com,2013,242,Non,Non,Non,Non,,,Non,Non,Oui,Commerciale
menzili,https://www.menzili.tn/annonce/terrain-sur-autoroute-tunis-hrairia-93330,Terrain,200000,2022-08-05,Tunis,Hraïria,Rue 4127 cité Ezzouhour 2 Tunis,1000,,Non,Non,Non,Non,,,Oui,Non,Non,Commerciale
menzili,https://www.menzili.tn/annonce/terrain-sur-autoroute-tunis-ezzouhour-93432,Terrain,200000,2022-08-07,Tunis,Ezzouhour,ridhazou85@gmail.com,1010,,Non,Non,Non,Non,,,Non,Non,Non,Commerciale
menzili,https://www.menzili.tn/annonce/vt736-terrain-2835-m-sur-la-route-principale-de-ceinture-kelibia-nabeul-kelibia-93431,Terrain,1150000,2022-08-07,Nabeul,Kélibia,route de ceinture kelibia,8090,2835,Oui,Non,Non,Non,,40,Oui,Non,Non,Résidentielle
menzili,https://www.menzili.tn/annonce/terrain-pres-golf-flamingo-monastir-monastir-monastir-93335,Terrain,,2022-08-06,Monastir,Monastir,monastir,5000,433,Non,Non,Non,Non,,,Non,Non,Non,Commerciale
menzili,https://www.menzili.tn/annonce/terrain-agricole-est-sur-la-route-principale-sousse-sidibouali-73852,Terrain,900000,2021-11-28,Sousse,Sidi Bou Ali,Knena,4040,60000,Titre Individuel,Non,Non,Non,,,Oui,Oui,Oui,Commerciale
menzili,https://www.menzili.tn/annonce/a-vendre-terrain-a-beni-khiar-nabeul-benikhiar-93268,Terrain,,2022-08-04,Nabeul,Béni Khiar,Hadjkacemahmed1975@gmail.com,8000,312,Non,Non,Non,Non,,,Non,Non,Non,Commerciale
menzili,https://www.menzili.tn/annonce/terrain-a-vendre-a-borj-touil-ariana-raoued-93178,Terrain,,2022-08-03,Ariana,Raoued,Raoued,2083,480,Non,Non,Non,Non,,,Non,Non,Non,Commerciale
menzili,https://www.menzili.tn/annonce/terrain-a-borj-louzir-ariana-ariana-borjlouzir-93172,Terrain,,2022-08-02,Ariana,Borj Louzir,Borj Louzir,2073,350,Non,Non,Non,Non,,,Non,Non,Non,Commerciale
menzili,https://www.menzili.tn/annonce/vend-un-terrain-de-2000-m2-ariana-raoued-93123,Terrain,450000,2022-08-01,Ariana,Raoued,Lotfi.benyedder@yahoo.fr,2083,2000,Non,Non,Non,Non,,,Non,Non,Non,Commerciale
menzili,https://www.menzili.tn/annonce/terrain-situe-a-jdaida-la-manouba-route-de-batame-manouba-djedeida-93064,Terrain,101250,2022-07-30,Manouba,Djedeida,الجديدة طريق البطام,2010,2025,Non,Non,Non,Non,,,Oui,Non,Non,Commerciale
menzili,https://www.menzili.tn/annonce/terrain-a-vendre-a-sfax-el-ain-km-6-sfax-routeelain-93051,Terrain,,2022-07-29,Sfax,Route el Ain,Route el Ain,3000,1170,Non,Non,Non,Oui,,,Oui,Non,Non,Commerciale
menzili,https://www.menzili.tn/annonce/terrain-agricole-oliviers-a-vendre-ouerdanine-monastir-monastir-ouerdanine-93047,Terrain,,2022-07-29,Monastir,Ouerdanine,Ouerdanine,5000,50000,Non,Non,Non,Non,,,Non,Non,Oui,Commerciale
menzili,https://www.menzili.tn/annonce/terrain-a-500-m-de-la-plage-zahra-nabeul-hammamghezeze-92982,Terrain,87500,2022-07-27,Nabeul,Hammam Ghezèze,Hammam Ghezèze,8000,350,Titre Bleu,Non,Non,Non,,,Non,Non,Non,Commerciale
menzili,https://www.menzili.tn/annonce/terrain-a-hammam-ghzeze-nabeul-hammamghezeze-92981,Terrain,60000,2022-07-27,Nabeul,Hammam Ghezèze,Hammam Ghezèze,8000,240,Non,Non,Non,Non,,,Non,Non,Non,Commerciale
menzili,https://www.menzili.tn/annonce/terrain-a-400-m-de-la-plage-hammam-ghzeze-nabeul-hammamghezeze-92980,Terrain,152000,2022-07-27,Nabeul,Hammam Ghezèze,Hammam Ghezèze,8000,400,Non,Non,Non,Non,,,Oui,Non,Non,Commerciale
menzili,https://www.menzili.tn/annonce/un-terrain-a-vendre-manouba-mornaguia-92860,Terrain,,2022-07-26,Manouba,Mornaguia,"la Mornaguia près de la salle des fêtes ""Nadia""",1110,400,Non,Non,Non,Non,22x18,,Non,Non,Non,Commerciale
menzili,https://www.menzili.tn/annonce/terrain-a-vendre-a-afh-mrezga-nabeul-mrezga-92797,Terrain,,2022-07-24,Nabeul,Mrezga,Mrezga,8058,,Non,Oui,Non,Non,,,Non,Non,Non,Commerciale
menzili,https://www.menzili.tn/annonce/terrain-a-vendre-pas-loin-de-yasmine-hammamet-nabeul-hammametsud-92776,Terrain,,2022-07-24,Nabeul,Hammamet Sud,Hammamet Sud,8050,,Non,Non,Non,Non,,,Non,Non,Non,Commerciale
menzili,https://www.menzili.tn/annonce/terrain-a-vendre-au-bord-de-mer-a-elhaouaria-nabeul-elhaouaria-92760,Terrain,,2022-07-23,Nabeul,El Haouaria,plage Elhaouaria,8045,240,Non,Oui,Non,Non,,,Non,Non,Non,Résidentielle
menzili,https://www.menzili.tn/annonce/terrrain-agricole-villagio-a-vendre-a-sidi-thabet-ariana-sidithabet-92746,Terrain,1100000,2022-07-23,Ariana,Sidi Thabet,Sidi Thabet,2080,20000,Non,Non,Non,Non,,,Oui,Non,Non,Commerciale
menzili,https://www.menzili.tn/annonce/terrain-a-vendre-a-nahlii-ariana-ariana-ghazela-92685,Terrain,,2022-07-22,Ariana,Ghazela,Ghazela,2080,800,Non,Non,Non,Non,,,Non,Non,Non,Commerciale
menzili,https://www.menzili.tn/annonce/terrain-villa-chili-a-vendre-a-monchar-nabeul-hammamet-92576,Terrain,364800,2022-07-21,Nabeul,Hammamet,Hammamet,8050,3040,Non,Non,Non,Non,,,Oui,Non,Non,Résidentielle
menzili,https://www.menzili.tn/annonce/vente-terrain-a-kerkennah-sfax-kerkennah-92569,Terrain,,2022-07-21,Sfax,Mellita,kerkennah,3070,4000,Non,Non,Non,Non,,,Non,Non,Non,Commerciale
menzili,https://www.menzili.tn/annonce/vente-terrain-a-kerkennah-sfax-kerkennah-92568,Terrain,,2022-07-21,Sfax,Mellita,kerkennah,3070,1600,Non,Non,Non,Non,,,Non,Oui,Oui,Commerciale
menzili,https://www.menzili.tn/annonce/vente-terrain-a-kerkennah-sfax-kerkennah-92567,Terrain,,2022-07-21,Sfax,Mellita,kerkennah,3070,2300,Non,Non,Non,Non,,,Non,Oui,Oui,Commerciale
menzili,https://www.menzili.tn/annonce/vente-terrain-a-kerkennah-sfax-kerkennah-92566,Terrain,,2022-07-21,Sfax,kerkennah,ouled ezzeddine,3070,7500,Non,Oui,Non,Non,,,Non,Non,Oui,Commerciale
menzili,https://www.menzili.tn/annonce/terrain-au-bord-de-la-mer-a-quot-chatt-ezouhour-quot-nabeul-korba-92559,Terrain,66000,2022-07-20,Nabeul,Korba,Korba,8070,200,Titre Individuel,Non,Non,Non,,,Non,Non,Non,Résidentielle
menzili,https://www.menzili.tn/annonce/terrain-pres-de-la-mer-de-300m2-el-haouaria-cap-bon-nabeul-elhaouaria-92457,Terrain,65000,2022-07-20,Nabeul,El Haouaria,a la mer d'el haouaria 8045,8045,300,Non,Non,Non,Oui,,,Non,Non,Non,Commerciale
menzili,https://www.menzili.tn/annonce/terrain-de-1730-m2-nabeul-prix-megociable-nabeul-nabeul-92382,Terrain,150000,2022-07-19,Nabeul,Nabeul,Nabeul,8000,1730,Titre Bleu,Non,Non,Non,,,Non,Non,Non,Commerciale
menzili,https://www.menzili.tn/annonce/iles-kerkennah-a-vendre-un-terrain-de-1063m-a-voir-sur-les-photos-sfax-kerkennah-92302,Terrain,,2022-07-18,Sfax,Kerkennah,kerkennah,3070,1063,Non,Non,Non,Non,,,Non,Non,Non,Commerciale
menzili,https://www.menzili.tn/annonce/terrain-dune-superficie-de-609-m-sousse-akouda-92235,Terrain,40000,2022-07-16,Sousse,Akouda,rue victor hugo immeuble mahjoub,4022,609,Oui,Non,Non,Non,,,Non,Non,Non,Commerciale
menzili,https://www.menzili.tn/annonce/vendre-terrain-el-haouaria-plage-nabeul-elhaouaria-92111,Terrain,187500,2022-07-15,Nabeul,El Haouaria,El Haouaria,8045,750,Non,Non,Non,Non,,,Non,Non,Non,Commerciale
menzili,https://www.menzili.tn/annonce/terrain-a-vendre-a-sidi-bouzid-sidibouzid-sidibouzidouest-92064,Terrain,,2022-07-14,Sidi Bouzid,Sidi Bouzid Ouest,Sidi Bouzid Ouest,9100,969,Non,Non,Non,Non,,,Non,Non,Non,Commerciale
