source,url_annonce,type_bien,prix,date_insertion,gouvernorat,delegation,localite,code_postal,superficie,titre_foncier,vue_mer,etat,standing,nb_chambres,nb_salles_bain,dressing,balcon,parking,piscine,chauffage_central,jardin,etage,ascenseur,syndic,climatisation
afariat,https://afariat.com/annonce-%C3%A0-tunis/Immobilier/appartement-s-3-laouina-690b7c54d7752.html,Appartement,380000.0,2025-11-05,Tunis,La Marsa,L'aouina,2070,107.0,Non,Non,Neuf,Haut standing,3.0,,Non,Oui,Oui,Non,Oui,Oui,2,Non,Non,Oui
afariat,https://afariat.com/annonce-%C3%A0-nabeul/Immobilier/appartement-s-2-la-queen-691d7d59b6e0d.html,Appartement,350000.0,2025-11-19,Nabeul,Hammamet,Hammamet,8050,100.0,Non,Non,Neuf,Haut standing,2.0,,Non,Oui,Oui,Non,Oui,Oui,3,Non,Non,Oui
afariat,https://afariat.com/annonce-%C3%A0-ben-arous/Immobilier/appartement-le-feu-vert-68e8ede81788f.html,Appartement,255000.0,2025-10-10,Ben Arous,Radès,Chouchet Rades,2040,81.0,Non,Non,Neuf,Luxe,2.0,1.0,Non,Oui,Oui,Non,Oui,Oui,3,Oui,Non,Oui
afariat,https://afariat.com/annonce-%C3%A0-ariana/Immobilier/appartement-maria-s-3-690f48c34a8a9.html,Appartement,400000.0,2025-11-08,Ariana,Ariana Ville,el nasr 2,2080,136.0,Non,Non,Neuf,Haut standing,3.0,2.0,Oui,Oui,Oui,Non,Non,Oui,3,Oui,Non,Non
menzili,https://www.menzili.tn/annonce/un-appartement-s-3-tunis-sididaoud-142139,Appartement,520000.0,2025-05-07,Tunis,Sidi Daoud,Sidi Daoud,1000.0,130.0,Non,Non,Non précisé,Haut standing,3.0,3.0,Oui,Non,Oui,Non,Oui,Oui,1.0,Oui,Non,Oui
menzili,https://www.menzili.tn/annonce/appartement-s-3-mourouj-3-benarous-elmourouj-147577,Appartement,190000.0,2025-10-05,Ben Arous,El Mourouj,El Mourouj,2074.0,100.0,Non,Non,Bon état,Non précisé,3.0,1.0,Non,Oui,Oui,Non,Non,Non,3.0,Non,Non,Non
menzili,https://www.menzili.tn/annonce/appartement-sur-plant-a-ennassr-2-ariana-ennasr-117833,Appartement,230000.0,2023-06-21,Ariana,Ennasr,Ennassr 2,2037.0,59.0,Non,Non,Non précisé,Non précisé,3.0,2.0,Non,Non,Oui,Non,Non,Non,,Non,Non,Non
menzili,https://www.menzili.tn/annonce/super-appartement-tres-haut-standing-a-soukra-parc-ariana-lasoukra-147202,Appartement,630000.0,2025-09-24,Ariana,La Soukra,Soukra parc,2036.0,125.0,Non,Non,Non précisé,Luxe,2.0,2.0,Oui,Non,Oui,Non,Oui,Oui,2.0,Oui,Non,Oui
menzili,https://www.menzili.tn/annonce/appartement-s-2-la-queen-nabeul-hammamet-147623,Appartement,350000.0,2025-10-06,Nabeul,Hammamet,Hammamet nord,8050.0,100.0,Non,Non,Non précisé,Haut standing,2.0,1.0,Non,Non,Oui,Non,Oui,Non,,Oui,Non,Oui
menzili,https://www.menzili.tn/annonce/vente-appartement-wajih-hammamet-nabeul-hammamet-141388,Appartement,220000.0,2025-04-14,Nabeul,Hammamet,Hammamet,8050.0,80.0,Non,Non,Non précisé,Non précisé,1.0,1.0,Oui,Oui,Oui,Non,Non,Non,2.0,Non,Non,Non
menzili,https://www.menzili.tn/annonce/vente-appartement-silver-a-hammamet-nabeul-hammamet-139375,Appartement,690000.0,2025-02-07,Nabeul,Hammamet,Hammamet,8050.0,160.0,Non,Non,Neuf,Haut standing,3.0,2.0,Oui,Non,Oui,Oui,Oui,Oui,0.0,Non,Non,Oui
menzili,https://www.menzili.tn/annonce/appartement-s-1-2-3-a-vendre-ennassr-2-ariana-ennasr-116982,Appartement,230000.0,2023-06-08,Ariana,Ennasr,Ennassr 2,2037.0,81.0,Non,Non,Non précisé,Haut standing,3.0,2.0,Non,Non,Oui,Non,Non,Non,,Non,Non,Non
menzili,https://www.menzili.tn/annonce/appartement-quot-maria-quot-s-3-ariana-ennasr-146865,Appartement,400000.0,2025-09-15,Ariana,Ariana,Ariana,2080.0,136.0,Non,Non,Non précisé,Haut standing,3.0,2.0,Oui,Non,Oui,Non,Oui,Non,,Oui,Non,Oui
menzili,https://www.menzili.tn/annonce/appartement-s-3-a-menzah-9c-ariana-menzah-141269,Appartement,550000.0,2025-04-09,Ariana,Menzah,Menzah 9c,1004.0,163.0,Non,Non,Non précisé,Haut standing,3.0,3.0,Non,Non,Oui,Non,Oui,Oui,1.0,Oui,Non,Oui
menzili,https://www.menzili.tn/annonce/bardo-bel-air-vend-appartement-au-1er-etage-tunis-lebardo-146681,Appartement,260000.0,2025-09-10,Tunis,Le Bardo,avenue whran bardo bel-air TUNIS,2000.0,100.0,Non,Non,Non précisé,Non précisé,2.0,1.0,Non,Non,Oui,Non,Oui,Oui,1.0,Non,Non,Non
menzili,https://www.menzili.tn/annonce/vendre-s-1-tunis-lebardo-147366,Appartement,,2025-09-29,Tunis,Le Bardo,Bardo,2000.0,,Non,Non,Non précisé,Moyen standing,1.0,1.0,Non,Non,Oui,Non,Oui,Non,3.0,Non,Non,Oui
menzili,https://www.menzili.tn/annonce/A-vendre-appartement-s-3-avec-parking-proche-de-la-plage-a-mahdia-mahdia-mahdia-137178,Appartement,,2024-12-02,Mahdia,Mahdia,mahdia,5100.0,157.0,Non,Non,Neuf,Non précisé,3.0,1.0,Non,Non,Oui,Non,Non,Non,2.0,Oui,Non,Non
menzili,https://www.menzili.tn/annonce/-s-2-a-cite-riadh-1-avec-place-de-parking-sousse-sousseriadh-148715,Appartement,249000.0,2025-11-08,Sousse,bouhsina,sousse,4000.0,103.0,Non,Non,Non précisé,Moyen standing,2.0,1.0,Non,Non,Oui,Non,Oui,Non,,Oui,Non,Non
menzili,https://www.menzili.tn/annonce/vente-appart-beb-bhar-sfax-sfax-sfaxville-147869,Appartement,125000.0,2025-10-15,Sfax,Sfax Ville,Avenue Habib Bourguiba Sfax,3000.0,93.0,Non,Non,Non précisé,Non précisé,3.0,1.0,Non,Non,Oui,Non,Non,Non,,Non,Non,Non
menzili,https://www.menzili.tn/annonce/appartement-s-2-a-vendre-a-soliman-plage-nabeul-soliman-148359,Appartement,190000.0,2025-10-30,Nabeul,Soliman,Soliman,8020.0,91.0,Non,Non,Non précisé,Non précisé,2.0,1.0,Oui,Oui,Oui,Non,Non,Non,1.0,Non,Non,Non
menzili,https://www.menzili.tn/annonce/A-vendre-studio-s0-meuble-dans-residence-avec-piscine-proche-de-la-plage-sousse-akouda-148352,Appartement,135000.0,2025-10-29,Sousse,Akouda,Akouda,4022.0,23.0,Non,Non,Non précisé,Haut standing,1.0,1.0,Non,Oui,Oui,Oui,Non,Non,1.0,Non,Non,Oui
menzili,https://www.menzili.tn/annonce/appartement-s-1-a-vendre-a-cite-jardins-tunis-citeelkhadra-148339,Appartement,267000.0,2025-10-29,Tunis,Cité El Khadra,cité jardins,1003.0,67.0,Non,Non,Neuf,Moyen standing,1.0,1.0,Non,Non,Oui,Non,Oui,Non,2.0,Oui,Non,Non
menzili,https://www.menzili.tn/annonce/a-vendre-appartement-au-lac-2-tunis-lamarsa-148335,Appartement,1050000.0,2025-10-29,Tunis,La Marsa,La Marsa,2070.0,230.0,Non,Non,Non précisé,Moyen standing,3.0,1.0,Oui,Non,Oui,Non,Oui,Non,,Oui,Non,Oui
menzili,https://www.menzili.tn/annonce/a-vendre-appartement-s-2-a-kelibia-jinen-mansoura-nabeul-kelibia-148329,Appartement,190000.0,2025-10-29,Nabeul,Kélibia,kélibia jinen mansoura,8000.0,100.0,Non,Non,Non précisé,Non précisé,2.0,1.0,Non,Non,Oui,Non,Non,Non,2.0,Non,Non,Non
menzili,https://www.menzili.tn/annonce/a-vendre-appartement-s2-avec-jardin-a-afh-mrezga-cite-el-wafa-nabeul-nabeul-148259,Appartement,450000.0,2025-10-27,Nabeul,Nabeul,Nabeul,8000.0,133.0,Non,Non,Non précisé,Haut standing,2.0,2.0,Oui,Non,Oui,Oui,Oui,Oui,,Non,Non,Oui
menzili,https://www.menzili.tn/annonce/appartement-s1-sidi-frej-ariana-lasoukra-148252,Appartement,195000.0,2025-10-27,Ariana,La Soukra,La Soukra,2036.0,75.0,Non,Non,Neuf,Haut standing,1.0,1.0,Oui,Non,Oui,Non,Oui,Non,1.0,Oui,Non,Non
menzili,https://www.menzili.tn/annonce/appartement-s2-jardin-menzah-1-ariana-mnihla-148249,Appartement,260000.0,2025-10-27,Ariana,Mnihla,Mnihla,2094.0,125.0,Titre Individuel,Non,Non précisé,Moyen standing,2.0,1.0,Non,Oui,Oui,Non,Oui,Oui,5.0,Non,Non,Non
menzili,https://www.menzili.tn/annonce/appartement-s-2-de-115-m-a-la-nouvelle-medina-benarous-medinajedida-148194,Appartement,,2025-10-25,Ben Arous,Medina Jedida,milogimmobilier@gmail.com,2013.0,115.0,Non,Non,Non précisé,Moyen standing,2.0,1.0,Non,Non,Oui,Non,Oui,Non,,Oui,Non,Non
menzili,https://www.menzili.tn/annonce/appartement-a-vendre-benarous-rades-148125,Appartement,205000.0,2025-10-23,Ben Arous,Radès,Avenue Habib bourguiba,2013.0,81.0,Non,Non,Non précisé,Non précisé,2.0,1.0,Non,Non,Oui,Non,Non,Non,3.0,Non,Non,Non
menzili,https://www.menzili.tn/annonce/duplex-a-vendre-a-l-aouina-superficie-207-m-tunis-laouina-148111,Appartement,560000.0,2025-10-22,Tunis,L'aouina,L'aouina,1000.0,207.0,Non,Non,Non précisé,Moyen standing,4.0,3.0,Oui,Non,Oui,Non,Oui,Non,2.0,Oui,Non,Oui
menzili,https://www.menzili.tn/annonce/appartement-s-2-a-vendre-a-hammam-sousse-sousse-hammamsousse-148105,Appartement,140000.0,2025-10-22,Sousse,Hammam Sousse,georgeachour@gmail.com,4011.0,70.0,Non,Non,Non précisé,Moyen standing,2.0,1.0,Non,Non,Oui,Non,Non,Non,1.0,Non,Non,Oui
menzili,https://www.menzili.tn/annonce/A-vendre-appartement-s3-nouvelle-soukra-ariana-lasoukra-148092,Appartement,520000.0,2025-10-22,Ariana,La Soukra,La Soukra,2036.0,149.0,Non,Non,Non précisé,Moyen standing,3.0,3.0,Oui,Non,Oui,Non,Non,Non,,Non,Non,Non
menzili,https://www.menzili.tn/annonce/appartement-avec-place-de-parking-sousse-hergla-148082,Appartement,,2025-10-22,Sousse,Hergla,sana.bensaleh@yahoo.com,4000.0,,Titre Individuel,Non,Non précisé,Moyen standing,,,Non,Non,Oui,Non,Oui,Non,1.0,Non,Non,Oui
menzili,https://www.menzili.tn/annonce/A-vendre-appartement-s-2-a-hammem-sousse-sousse-hammamsousse-148081,Appartement,280000.0,2025-10-22,Sousse,Hammam Sousse,Hammam Sousse,4011.0,100.0,Non,Non,Non précisé,Haut standing,2.0,1.0,Non,Non,Oui,Non,Oui,Non,2.0,Oui,Non,Oui
menzili,https://www.menzili.tn/annonce/location-appartement-avec-piscine-au-lac-2-tunis-lamarsa-148071,Appartement,5500.0,2025-10-21,Tunis,La Marsa,La Marsa,2070.0,300.0,Non,Non,Non précisé,Haut standing,3.0,1.0,Oui,Non,Oui,Oui,Oui,Non,,Oui,Non,Oui
menzili,https://www.menzili.tn/annonce/coquet-appartement-meuble-a-hammamet-nord-a-vendre-51355351-nabeul-hammametnord-148060,Appartement,195000.0,2025-10-21,Nabeul,Hammamet Nord,Hammamet Nord,8050.0,100.0,Non,Non,Non précisé,Non précisé,2.0,1.0,Non,Non,Oui,Non,Non,Non,2.0,Non,Non,Non
menzili,https://www.menzili.tn/annonce/appartement-s-3-a-50-m-de-la-plage-a-hammamet-a-vendre-51355351-nabeul-hammametcentre-148041,Appartement,630000.0,2025-10-21,Nabeul,Hammamet Centre,Hammamet Centre,8050.0,120.0,Non,Non,Non précisé,Moyen standing,3.0,1.0,Non,Non,Oui,Non,Oui,Oui,0.0,Non,Non,Oui
menzili,https://www.menzili.tn/annonce/appartement-s-2-de-90-m-a-la-nouvelle-medina-benarous-medinajedida-148036,Appartement,,2025-10-20,Ben Arous,Medina Jedida,milogimmobilier@gmail.com,2013.0,90.0,Non,Non,Non précisé,Moyen standing,2.0,1.0,Non,Oui,Oui,Non,Non,Non,1.0,Non,Non,Non
menzili,https://www.menzili.tn/annonce/appartement-a-vendre-a-boumhel-benarous-boumhel-148032,Appartement,150000.0,2025-10-20,Ben Arous,Boumhel,Résidence El Iklil SPROLS à Boumhel centre,2013.0,90.0,Non,Non,Non précisé,Non précisé,2.0,1.0,Non,Oui,Oui,Non,Oui,Oui,3.0,Non,Non,Non
menzili,https://www.menzili.tn/annonce/--appartement-de-reve-a-zahra-kelibia-nabeul-kelibia-148028,Appartement,265000.0,2025-10-20,Nabeul,hammem ghzez,ezzzahra,8000.0,78.0,Non,Oui,Non précisé,Luxe,1.0,1.0,Non,Non,Oui,Non,Non,Non,2.0,Non,Non,Oui
menzili,https://www.menzili.tn/annonce/a-vendre-appartement-s1-vue-mer-a-sidi-mahersi-nabeul-nabeul-nabeul-148025,Appartement,320000.0,2025-10-20,Nabeul,Nabeul,Nabeul,8000.0,58.0,Non,Oui,Neuf,Haut standing,1.0,1.0,Oui,Oui,Oui,Oui,Oui,Non,2.0,Non,Non,Oui
menzili,https://www.menzili.tn/annonce/appartement-s-3-a-port-el-kantaoui-les-maisons-de-la-mer-sousse-hammamsousse-148019,Appartement,650000.0,2025-10-20,Sousse,Hammam Sousse,Hammam Sousse,4011.0,85.0,Non,Oui,Non précisé,Moyen standing,3.0,1.0,Non,Non,Oui,Oui,Oui,Oui,0.0,Non,Non,Oui
menzili,https://www.menzili.tn/annonce/joli-appartement-s3-ariana-borjlouzir-147989,Appartement,,2025-10-18,Ariana,Borj Louzir,Behi ladgham,2073.0,120.0,Non,Non,Rénové,Haut standing,3.0,1.0,Oui,Non,Oui,Non,Oui,Non,2.0,Non,Non,Oui
menzili,https://www.menzili.tn/annonce/un-appartement-s-2-rdc-a-vendre-a-hammamet-51355351-nabeul-hammametcentre-147967,Appartement,120000.0,2025-10-18,Nabeul,Hammamet Centre,Hammamet Centre,8050.0,50.0,Titre Individuel,Non,Non précisé,Non précisé,2.0,1.0,Non,Non,Oui,Non,Non,Non,0.0,Non,Non,Non
menzili,https://www.menzili.tn/annonce/appartement-s-2-de-90-m-a-la-nouvelle-medina-benarous-medinajedida-147958,Appartement,170000.0,2025-10-17,Ben Arous,Medina Jedida,milogimmobilier@gmail.com,2013.0,90.0,Non,Non,Non précisé,Moyen standing,2.0,1.0,Non,Oui,Oui,Non,Non,Non,1.0,Non,Non,Non
menzili,https://www.menzili.tn/annonce/appartement-s-2-de-90-m-a-la-nouvelle-medina-benarous-medinajedida-147957,Appartement,210000.0,2025-10-17,Ben Arous,Medina Jedida,milogimmobilier@gmail.com,2013.0,90.0,Non,Non,Non précisé,Moyen standing,2.0,1.0,Non,Oui,Oui,Non,Oui,Non,2.0,Oui,Non,Non
menzili,https://www.menzili.tn/annonce/a-vendre-appartement-s3-a-ezzahra-avec-jardin-et-terrasse-benarous-ezzahra-147923,Appartement,295000.0,2025-10-16,Ben Arous,Ezzahra,Ezzahra,2034.0,120.0,Non,Non,Non précisé,Moyen standing,3.0,1.0,Oui,Oui,Oui,Non,Oui,Oui,0.0,Non,Non,Non
menzili,https://www.menzili.tn/annonce/A-vendre-appartement-s2-en-premiere-position-face-a-la-mer-corniche-mahdia-mahdia-mahdia-147910,Appartement,640000.0,2025-10-16,Mahdia,Mahdia,Mahdia,5100.0,113.0,Non,Oui,Non précisé,Moyen standing,2.0,3.0,Oui,Oui,Oui,Non,Oui,Non,,Oui,Non,Oui
menzili,https://www.menzili.tn/annonce/appartement-s-3-residence-aziz-ariana-lasoukra-147868,Appartement,,2025-10-15,Ariana,La Soukra,Rue du parc soukra Dar fadhal,2036.0,200.0,Non,Non,Non précisé,Non précisé,,,Non,Non,Oui,Non,Non,Non,,Non,Non,Non
menzili,https://www.menzili.tn/annonce/vendre-appart-s-3-sfax-routesoukra-147866,Appartement,,2025-10-15,Sfax,Route Soukra,route soukra,2036.0,95.0,Oui,Non,Non précisé,Non précisé,4.0,1.0,Non,Non,Oui,Non,Non,Non,3.0,Oui,Oui,Non
menzili,https://www.menzili.tn/annonce/appartement-bien-equipe-ariana-borjlouzir-147852,Appartement,155000.0,2025-10-14,Ariana,Borj Louzir,Résidence semiramis immeuble chahrazed APP33 Borj,2073.0,105.0,Oui,Non,Rénové,Moyen standing,3.0,2.0,Non,Oui,Oui,Non,Oui,Oui,4.0,Non,Non,Oui
menzili,https://www.menzili.tn/annonce/appartement-a-vendre-a-chott-mariem-sousse-akouda-147826,Appartement,230000.0,2025-10-14,Sousse,Akouda,chott mariem,4022.0,76.0,Non,Oui,Non précisé,Haut standing,2.0,1.0,Non,Non,Oui,Non,Non,Non,,Oui,Non,Oui
menzili,https://www.menzili.tn/annonce/A-vendre-bel-appartement-150-m-3-chambres-salon-quartier-complet-en-commodites-gafsa-gafsasud-147808,Appartement,,2025-10-13,Gafsa,école amor ben slimen 2,Moualla Gafsa,2100.0,150.0,Non,Non,Bon état,Moyen standing,3.0,2.0,Non,Oui,Oui,Non,Non,Non,1.0,Non,Non,Non
menzili,https://www.menzili.tn/annonce/un-appartement-a-ezzahra-a-louer-benarous-ezzahra-147807,Appartement,,2025-10-13,Ben Arous,Ezzahra,archicasaarchiwar@gmail.com,2034.0,,Non,Non,Non précisé,Haut standing,2.0,1.0,Oui,Non,Oui,Non,Oui,Non,,Oui,Oui,Non
menzili,https://www.menzili.tn/annonce/-A-louer-appartement-s-3-au-3eme-etage-a-residence-nour-2-el-ghazela-ariana-ghazela-147801,Appartement,1300.0,2025-10-13,Ariana,Ghazela,Ghazela,2080.0,,Non,Non,Non précisé,Haut standing,3.0,1.0,Oui,Non,Oui,Non,Oui,Non,3.0,Oui,Non,Non
menzili,https://www.menzili.tn/annonce/A-vendre--bel-appartement-s1-a-port-el-kantaoui-sousse-hammamsousse-147712,Appartement,350000.0,2025-10-09,Sousse,Hammam Sousse,Hammam Sousse,4011.0,48.0,Non,Non,Bon état,Moyen standing,1.0,,Oui,Oui,Oui,Non,Oui,Non,,Non,Non,Oui
menzili,https://www.menzili.tn/annonce/A-vendre-appartement-s2-la-marsa-tunis-lamarsa-147695,Appartement,350000.0,2025-10-08,Tunis,La Marsa,La Marsa,2070.0,150.0,Non,Non,Non précisé,Non précisé,2.0,3.0,Oui,Non,Oui,Non,Non,Non,1.0,Non,Non,Non
menzili,https://www.menzili.tn/annonce/A-vendre-appartement-s2-avec-jardin-la-marsa-tunis-lamarsa-147694,Appartement,370000.0,2025-10-08,Tunis,La Marsa,La Marsa,2070.0,175.0,Non,Non,Bon état,Moyen standing,2.0,3.0,Oui,Non,Oui,Non,Non,Oui,1.0,Non,Non,Non
menzili,https://www.menzili.tn/annonce/a-vendre-appartement-s1-a-2-min-de-la-plage-chraff-bekalta-monastir-bekalta-147685,Appartement,105000.0,2025-10-08,Monastir,Bekalta,Bekalta,5014.0,62.0,Non,Non,Non précisé,Non précisé,1.0,1.0,Non,Oui,Oui,Non,Non,Non,,Non,Non,Non
menzili,https://www.menzili.tn/annonce/s-3-haut-standing-neuf-a-vendre-a-cite-taamir-emplacement-strategique-sur-rue-principale-sousse-sousseriadh-147651,Appartement,250000.0,2025-10-07,Sousse,Sousse Riadh,Sousse Riadh,4000.0,100.0,Non,Oui,Neuf,Haut standing,3.0,1.0,Oui,Non,Oui,Non,Oui,Non,1.0,Oui,Non,Oui
menzili,https://www.menzili.tn/annonce/appartement-s2-laaouina-tunis-lamarsa-147631,Appartement,236000.0,2025-10-07,Tunis,La Marsa,La Marsa,2070.0,100.0,Titre Individuel,Non,Non précisé,Haut standing,2.0,1.0,Non,Oui,Oui,Non,Oui,Non,5.0,Non,Non,Non
menzili,https://www.menzili.tn/annonce/magnifique-appartement-a-el-maamoura-nabeul-benikhiar-140120,Appartement,255000.0,2025-02-27,Nabeul,Béni Khiar,Rue de Caire maamoura nabeul,8000.0,110.0,Non,Non,Non précisé,Non précisé,3.0,2.0,Non,Non,Oui,Non,Non,Non,1.0,Non,Non,Oui
menzili,https://www.menzili.tn/annonce/A-louer-bel-appartement-s1-bien-meuble-avec-vue-magnifique-sur-le-port-port-el-kantaoui-sousse-hammamsousse-147618,Appartement,1300.0,2025-10-06,Sousse,Hammam Sousse,Hammam Sousse,4011.0,55.0,Non,Non,Non précisé,Moyen standing,1.0,1.0,Non,Oui,Oui,Non,Oui,Non,1.0,Non,Non,Oui
menzili,https://www.menzili.tn/annonce/a-vendre-appartement-s2-meuble-avec-vue-mer-residence-avec-piscines-sousse-akouda-147614,Appartement,465000.0,2025-10-06,Sousse,Akouda,Akouda,4022.0,95.0,Non,Oui,Non précisé,Haut standing,2.0,1.0,Non,Oui,Oui,Non,Oui,Non,3.0,Non,Non,Oui
menzili,https://www.menzili.tn/annonce/appartement-s4-soukra-ariana-lasoukra-147603,Appartement,380000.0,2025-10-06,Ariana,La Soukra,La Soukra,2036.0,140.0,Titre Individuel,Non,Non précisé,Haut standing,4.0,1.0,Oui,Non,Oui,Non,Oui,Non,0.0,Non,Non,Non
menzili,https://www.menzili.tn/annonce/vente-s-3-a-manouba-manouba-manoubaville-147588,Appartement,260000.0,2025-10-06,Manouba,Manouba Ville,Manouba,2010.0,129.0,Oui,Non,Non précisé,Haut standing,3.0,2.0,Oui,Oui,Oui,Non,Oui,Oui,2.0,Oui,Oui,Oui
menzili,https://www.menzili.tn/annonce/un-appartement-s-2-130m-200m-de-la-plage-nabeul-kelibia-147571,Appartement,200000.0,2025-10-05,Nabeul,Kélibia,Cité Al-Fatha 200 m de la plage,8000.0,130.0,Non,Non,Non précisé,Non précisé,2.0,1.0,Non,Non,Oui,Non,Non,Non,1.0,Non,Non,Non
menzili,https://www.menzili.tn/annonce/un-appartement-s-2-de-115-m-a-la-nouvelle-medina-benarous-medinajedida-147530,Appartement,,2025-10-04,Ben Arous,Ben Arous,nouvelle Medina,2013.0,115.0,Non,Non,Non précisé,Moyen standing,2.0,1.0,Non,Non,Oui,Non,Oui,Non,2.0,Oui,Non,Oui
menzili,https://www.menzili.tn/annonce/a-vendre-appartement-s2-85m-a-afh-mrezga-nabeul-nabeul-nabeul-147512,Appartement,321000.0,2025-10-03,Nabeul,Nabeul,Nabeul,8000.0,85.0,Non,Non,Non précisé,Haut standing,2.0,1.0,Oui,Oui,Oui,Oui,Oui,Non,1.0,Non,Non,Oui
menzili,https://www.menzili.tn/annonce/-s-1-a-kantaoui-direct-promoteur-pres-de-la-mer-sousse-kantaoui-147505,Appartement,298000.0,2025-10-03,Sousse,Kantaoui,rue Hassen ben said 4051 khzema ouest,4089.0,67.0,Non,Non,Non précisé,Haut standing,1.0,1.0,Non,Non,Oui,Oui,Oui,Non,,Oui,Non,Oui
menzili,https://www.menzili.tn/annonce/appartement-s-2-de-100-m-a-la-nouvelle-medina-benarous-medinajedida-147502,Appartement,,2025-10-03,Ben Arous,Medina Jedida,milogimmobilier@gmail.com,2013.0,100.0,Non,Non,Non précisé,Moyen standing,2.0,1.0,Oui,Oui,Oui,Non,Non,Non,0.0,Non,Non,Non
menzili,https://www.menzili.tn/annonce/-s-2-a-cite-riadh-sousse-sousseriadh-147473,Appartement,271000.0,2025-10-02,Sousse,bouhsina,sousse,4000.0,9035.0,Non,Non,Non précisé,Haut standing,2.0,1.0,Non,Non,Oui,Non,Oui,Non,1.0,Oui,Non,Oui
menzili,https://www.menzili.tn/annonce/A-vendre-studio-s0-a-chatt-mariem-pres-de-la-plage-sousse-akouda-147451,Appartement,136000.0,2025-10-01,Sousse,Akouda,Akouda,4022.0,16.0,Titre Bleu,Non,Non précisé,Haut standing,1.0,1.0,Non,Non,Oui,Oui,Non,Oui,2.0,Non,Non,Non
menzili,https://www.menzili.tn/annonce/a-vendre-appartement-s2-a-centre-ville-de-nabeul-nabeul-nabeul-147409,Appartement,280000.0,2025-09-30,Nabeul,Nabeul,Nabeul,8000.0,106.0,Oui,Non,Non précisé,Haut standing,2.0,,Oui,Oui,Oui,Non,Oui,Non,1.0,Oui,Non,Non
menzili,https://www.menzili.tn/annonce/appartemnt-s-1-rc-lafayette-tunis-centrevillelafayette-147408,Appartement,150000.0,2025-09-30,Tunis,Centre Ville - Lafayette,RUE DE IRAN LAFAYETTE,1000.0,70.0,Non,Non,Non précisé,Non précisé,2.0,2.0,Non,Non,Oui,Non,Non,Non,,Non,Non,Non
menzili,https://www.menzili.tn/annonce/appartement-s3-ariana-ariana-arianaville-147401,Appartement,250000.0,2025-09-30,Ariana,Ariana Ville,Ariana Ville,2080.0,110.0,Titre Individuel,Non,Neuf,Moyen standing,3.0,,Non,Oui,Oui,Non,Oui,Non,0.0,Non,Non,Non
menzili,https://www.menzili.tn/annonce/appartement-s3-ariana-ariana-arianaville-147400,Appartement,250000.0,2025-09-30,Ariana,Ariana Ville,Ariana Ville,2080.0,110.0,Titre Individuel,Non,Neuf,Moyen standing,3.0,,Non,Oui,Oui,Non,Oui,Non,0.0,Non,Non,Non
menzili,https://www.menzili.tn/annonce/appartement-s3-ariana-ariana-arianaville-147399,Appartement,250000.0,2025-09-30,Ariana,Ariana Ville,Ariana Ville,2080.0,110.0,Titre Individuel,Non,Neuf,Moyen standing,3.0,,Non,Oui,Oui,Non,Oui,Non,0.0,Non,Non,Non
menzili,https://www.menzili.tn/annonce/appartement-s2-morneg-benarous-mornag-147397,Appartement,270000.0,2025-09-30,Ben Arous,Mornag,Mornag,2090.0,117.0,Non,Non,Non précisé,Haut standing,2.0,1.0,Oui,Oui,Oui,Non,Oui,Non,3.0,Non,Non,Non
menzili,https://www.menzili.tn/annonce/--A-vendre-charmant-duplex-de-82-m-a-el-ghazela-ariana-ghazela-147381,Appartement,240000.0,2025-09-29,Ariana,Ghazela,Ghazela,2080.0,82.0,Non,Non,Non précisé,Non précisé,2.0,,Non,Oui,Oui,Non,Non,Non,0.0,Non,Non,Non
menzili,https://www.menzili.tn/annonce/opportunite-a-la-manouba-charmant-s-3-a-vendre-dans-emplacement-ideal-manouba-manoubaville-147346,Appartement,195000.0,2025-09-28,Manouba,Manouba Ville,Manouba Ville,2010.0,104.0,Non,Non,Bon état,Non précisé,3.0,1.0,Non,Non,Oui,Non,Oui,Non,2.0,Non,Non,Non
menzili,https://www.menzili.tn/annonce/appartement-s-3-a-vendre-el-manar-1-ariana-menzah-147332,Appartement,250000.0,2025-09-27,Ariana,Menzah,El Manar 1,1004.0,80.0,Non,Non,Bon état,Non précisé,3.0,1.0,Non,Non,Oui,Non,Non,Non,2.0,Oui,Non,Non
menzili,https://www.menzili.tn/annonce/-s-2-a-bouhsina-avec-place-de-parking-sousse-soussejawhara-147303,Appartement,270000.0,2025-09-27,Sousse,Sousse Jawhara,Sousse Jawhara,4000.0,110.0,Non,Non,Non précisé,Non précisé,2.0,1.0,Non,Non,Oui,Non,Non,Non,,Oui,Non,Non
menzili,https://www.menzili.tn/annonce/appartement-s-1-afh-mrezga-nabeul-mrezga-147293,Appartement,245000.0,2025-09-27,Nabeul,Mrezga,Cité el Wafa afh2 mrezga,8058.0,65.0,Oui,Non,Non précisé,Haut standing,1.0,1.0,Non,Non,Oui,Oui,Oui,Oui,6.0,Oui,Non,Oui
menzili,https://www.menzili.tn/annonce/a-vendre-immeuble-de-4-etage-2-studios-ariana-raoued-147282,Appartement,1250000.0,2025-09-26,Ariana,Raoued,Marsa,2083.0,660.0,Non,Oui,Neuf,Moyen standing,10.0,4.0,Non,Non,Oui,Non,Oui,Oui,0.0,Non,Non,Non
menzili,https://www.menzili.tn/annonce/appartement-s-1-avec-vue-de-mer-a-hammamet-a-vendre-51355351-nabeul-hammametcentre-147272,Appartement,320000.0,2025-09-26,Nabeul,Hammamet Centre,Hammamet Centre,8050.0,76.0,Titre Individuel,Oui,Non précisé,Haut standing,1.0,1.0,Non,Non,Oui,Non,Oui,Non,2.0,Non,Non,Oui
menzili,https://www.menzili.tn/annonce/bel-appartement-s-2-a-vendre-a-yasmine-hammamet-51355351-nabeul-hammametsud-147259,Appartement,365000.0,2025-09-26,Nabeul,Hammamet Sud,Hammamet Sud,8050.0,114.0,Non,Non,Non précisé,Haut standing,2.0,1.0,Non,Non,Oui,Oui,Oui,Oui,1.0,Non,Non,Oui
menzili,https://www.menzili.tn/annonce/coquet-appartement-meuble-a-hammamet-nord-a-vendre-51355351-nabeul-hammametnord-147241,Appartement,195000.0,2025-09-25,Nabeul,Hammamet Nord,Hammamet Nord,8050.0,100.0,Non,Non,Non précisé,Moyen standing,2.0,1.0,Non,Non,Oui,Non,Oui,Non,2.0,Non,Non,Oui
menzili,https://www.menzili.tn/annonce/appartement-s2-vue-mer-a-sidi-mahersi-nabeul-nabeul-nabeul-147213,Appartement,443000.0,2025-09-24,Nabeul,Nabeul,Nabeul,8000.0,81.0,Non,Oui,Neuf,Luxe,2.0,2.0,Oui,Oui,Oui,Oui,Oui,Non,3.0,Non,Non,Oui
menzili,https://www.menzili.tn/annonce/appartement-s2-avec-terrasse-vue-mer-a-sidi-mahersi-nabeul-nabeul-nabeul-147211,Appartement,509000.0,2025-09-24,Nabeul,Nabeul,Nabeul,8000.0,120.0,Non,Oui,Neuf,Luxe,2.0,2.0,Oui,Oui,Oui,Oui,Oui,Non,3.0,Oui,Non,Oui
menzili,https://www.menzili.tn/annonce/des-appartements-s-2-a-vendre-a-yasmine-hammamet-51355351-nabeul-hammametsud-147207,Appartement,450000.0,2025-09-24,Nabeul,Hammamet Sud,Hammamet Sud,8050.0,120.0,Oui,Oui,Neuf,Haut standing,2.0,1.0,Non,Non,Oui,Oui,Oui,Oui,,Non,Non,Oui
menzili,https://www.menzili.tn/annonce/bel-appartement-s-3-vue-de-mer-a-vendre-a-nabeul-51355351-nabeul-nabeul-147198,Appartement,450000.0,2025-09-24,Nabeul,Nabeul,Nabeul,8000.0,125.0,Non,Oui,Non précisé,Haut standing,3.0,2.0,Non,Non,Oui,Non,Oui,Oui,3.0,Oui,Non,Oui
menzili,https://www.menzili.tn/annonce/appartement-monastir-sahline-147195,Appartement,,2025-09-24,Monastir,Sahline,Avenue ALI BALHOUANE SAHLINE 5012,5012.0,90.0,Non,Non,Non précisé,Non précisé,,1.0,Non,Non,Oui,Non,Non,Non,,Non,Non,Non
menzili,https://www.menzili.tn/annonce/A-vendre-appartement-s-3-au-rdc-ariana-ariana-arianaville-147191,Appartement,,2025-09-23,Ariana,Ariana Ville,Ariana Ville,2080.0,120.0,Non,Non,Non précisé,Moyen standing,3.0,,Oui,Non,Oui,Non,Oui,Non,0.0,Non,Non,Oui
menzili,https://www.menzili.tn/annonce/des-appartements-a-vendre-a-jinen-el-mansoura-kelibia-nabeul-kelibia-147177,Appartement,,2025-09-23,Nabeul,Kélibia,Jinen el Mansoura kelibia,8090.0,100.0,Non,Non,Non précisé,Luxe,4.0,1.0,Oui,Non,Oui,Non,Non,Non,4.0,Non,Non,Oui
menzili,https://www.menzili.tn/annonce/appartement-s-2-de-120-m-a-la-nouvelle-medina-benarous-medinajedida-147168,Appartement,240000.0,2025-09-22,Ben Arous,Medina Jedida,Appartement S+2 de 120 m² à La Nouvelle Medina,2013.0,120.0,Non,Non,Non précisé,Moyen standing,2.0,1.0,Non,Non,Oui,Non,Oui,Non,1.0,Non,Non,Non
menzili,https://www.menzili.tn/annonce/appartement-s-2-de-116-70-m-a-la-nouvelle-medina-benarous-medinajedida-147167,Appartement,280000.0,2025-09-22,Ben Arous,Medina Jedida,Appartement S+2 de 116.70 m² à la Nouvelle Medina,2013.0,116.0,Non,Non,Bon état,Non précisé,2.0,1.0,Non,Oui,Oui,Non,Non,Non,1.0,Oui,Non,Non
menzili,https://www.menzili.tn/annonce/appartement-s-2-de-119-m-a-la-nouvelle-medina-benarous-medinajedida-147166,Appartement,225000.0,2025-09-22,Ben Arous,Medina Jedida,Appartement S+2 de 119 m² à la Nouvelle Medina,2013.0,119.0,Non,Non,Bon état,Haut standing,2.0,1.0,Non,Oui,Oui,Non,Oui,Non,2.0,Oui,Non,Oui
menzili,https://www.menzili.tn/annonce/des-appartements-s-2-avec-vue-sur-la-mer-et-la-foret-a-ezzahra-kelibia-nabeul-hammamghezeze-147142,Appartement,160000.0,2025-09-22,Nabeul,Hammam Ghezèze,Ezzahra Hamem leghzez kelibia,2034.0,100.0,Non,Oui,Non précisé,Moyen standing,2.0,1.0,Non,Non,Oui,Non,Non,Non,,Non,Non,Oui
menzili,https://www.menzili.tn/annonce/coquet-studio-a-vendre-a-140-md-a-hammamet-51355351-nabeul-hammametcentre-147121,Appartement,140000.0,2025-09-21,Nabeul,Hammamet Centre,Hammamet Centre,8050.0,55.0,Non,Non,Non précisé,Non précisé,1.0,1.0,Non,Non,Oui,Non,Non,Non,1.0,Non,Non,Non
menzili,https://www.menzili.tn/annonce/s-1-ariana-lasoukra-147114,Appartement,,2025-09-20,Ariana,La Soukra,Chotrana 1 soukra,2036.0,80.0,Non,Non,Non précisé,Moyen standing,1.0,1.0,Non,Non,Oui,Non,Oui,Oui,1.0,Oui,Non,Oui
menzili,https://www.menzili.tn/annonce/2-appartements-s0-a-vendre-a-afh-mrezga-51355351-nabeul-mrezga-147093,Appartement,150000.0,2025-09-20,Nabeul,Mrezga,Mrezga,8058.0,30.0,Non,Non,Non précisé,Haut standing,1.0,1.0,Non,Non,Oui,Oui,Oui,Oui,0.0,Oui,Non,Oui
menzili,https://www.menzili.tn/annonce/appartement-s3-cite-hedi-nouira-ariana-ariana-arianaville-147055,Appartement,345000.0,2025-09-19,Ariana,Ariana Ville,Ariana Ville,2080.0,144.0,Non,Non,Non précisé,Moyen standing,3.0,1.0,Non,Oui,Oui,Non,Oui,Oui,2.0,Non,Non,Non
menzili,https://www.menzili.tn/annonce/appartement-s3-soukra-dar-fadhal-ariana-lasoukra-147053,Appartement,320000.0,2025-09-19,Ariana,La Soukra,La Soukra,2036.0,130.0,Non,Non,Non précisé,Moyen standing,3.0,1.0,Non,Non,Oui,Non,Oui,Non,0.0,Non,Non,Non
menzili,https://www.menzili.tn/annonce/duplex-s4-ariana-soghra-ariana-raoued-147051,Appartement,400000.0,2025-09-19,Ariana,Raoued,Raoued,2083.0,153.0,Titre Individuel,Non,Non précisé,Moyen standing,4.0,1.0,Non,Oui,Oui,Non,Oui,Oui,,Non,Non,Non
menzili,https://www.menzili.tn/annonce/appartement-s3-lac-1-tunis-lamarsa-147050,Appartement,450000.0,2025-09-19,Tunis,La Marsa,La Marsa,2070.0,130.0,Non,Non,Non précisé,Moyen standing,3.0,1.0,Non,Oui,Oui,Non,Oui,Non,2.0,Oui,Non,Non
menzili,https://www.menzili.tn/annonce/un-bel-appartement-monastir-monastir-147043,Appartement,,2025-09-19,Monastir,Monastir,Skanes,5000.0,150.0,Non,Non,Neuf,Non précisé,4.0,1.0,Oui,Oui,Oui,Non,Non,Non,2.0,Non,Non,Non
menzili,https://www.menzili.tn/annonce/appartement-s-3-a-yasmine-hammamet-a-vendre-51355351-nabeul-hammametsud-147036,Appartement,365000.0,2025-09-19,Nabeul,Hammamet Sud,Hammamet Sud,8050.0,120.0,Non,Oui,Non précisé,Haut standing,3.0,1.0,Non,Non,Oui,Oui,Oui,Oui,2.0,Non,Non,Oui
menzili,https://www.menzili.tn/annonce/2-appartement-a-vendre-a-hamem-leghzez-kelibia-nabeul-hammamghezeze-147024,Appartement,,2025-09-18,Nabeul,Hammam Ghezèze,Ezzahra Hamem leghzez kelibia,2034.0,125.0,Non,Non,Non précisé,Moyen standing,2.0,1.0,Oui,Oui,Oui,Non,Non,Non,1.0,Non,Non,Oui
menzili,https://www.menzili.tn/annonce/appartement-s-3-a-50-m-de-la-plage-a-hammamet-a-vendre-51355351-nabeul-hammametcentre-147014,Appartement,630000.0,2025-09-18,Nabeul,Hammamet Centre,Hammamet Centre,8050.0,120.0,Non,Non,Non précisé,Moyen standing,3.0,1.0,Non,Non,Oui,Non,Oui,Oui,0.0,Non,Non,Oui
menzili,https://www.menzili.tn/annonce/appartement-s2-au-rdc-a-ariana-ariana-arianaville-146997,Appartement,150000.0,2025-09-18,Ariana,Ariana Ville,Ariana Ville,2080.0,,Non,Non,Non précisé,Non précisé,2.0,1.0,Non,Non,Oui,Non,Non,Non,0.0,Non,Non,Non
menzili,https://www.menzili.tn/annonce/appartement-s-2-tout-neuf-a-hammamet-nord-a-vendre-51355351-nabeul-hammametnord-146992,Appartement,220000.0,2025-09-18,Nabeul,Hammamet Nord,Hammamet Nord,8050.0,90.0,Non,Non,Neuf,Haut standing,2.0,1.0,Oui,Non,Oui,Non,Oui,Non,2.0,Non,Non,Oui
menzili,https://www.menzili.tn/annonce/v538-residence-lido-lido-dar-chaaben-nabeul-darchaabaneelfehri-146949,Appartement,1300000.0,2025-09-17,Nabeul,Dar Châabane El Fehri,NABEUL,8000.0,300.0,Non,Oui,Non précisé,Non précisé,2.0,1.0,Non,Non,Oui,Non,Non,Non,0.0,Non,Non,Non
menzili,https://www.menzili.tn/annonce/A-vendre-magnifique-appartement-s-2-a-ennasr-avec-tfi-ariana-ennasr-146946,Appartement,370000.0,2025-09-17,Ariana,Ennasr,Ennasr,2037.0,116.0,Non,Non,Non précisé,Moyen standing,2.0,1.0,Non,Non,Oui,Non,Oui,Non,1.0,Non,Non,Oui
menzili,https://www.menzili.tn/annonce/-A-vendre-appartement-s-2-a-borj-louzir-ariana-borjlouzir-146932,Appartement,245000.0,2025-09-17,Ariana,Borj Louzir,Borj Louzir,2073.0,100.0,Non,Non,Neuf,Moyen standing,2.0,,Oui,Oui,Oui,Non,Oui,Non,1.0,Non,Non,Non
menzili,https://www.menzili.tn/annonce/--A-vendre-appartement-s-3-a-ariana-ville-ariana-arianaville-146929,Appartement,210000.0,2025-09-17,Ariana,Ariana Ville,Ariana Ville,2080.0,130.0,Non,Non,Non précisé,Non précisé,3.0,1.0,Non,Non,Oui,Non,Non,Non,2.0,Oui,Non,Non
menzili,https://www.menzili.tn/annonce/A-vendre-appartement-s-3-lac-1-tunis-tunis-lesbergesdulac-146922,Appartement,450000.0,2025-09-16,Tunis,Les Berges Du Lac,Les Berges Du Lac,1053.0,100.0,Oui,Non,Bon état,Haut standing,3.0,1.0,Non,Non,Oui,Non,Oui,Non,,Oui,Non,Oui
menzili,https://www.menzili.tn/annonce/villa-a-vendre-a-sousse-sousse-soussemedina-146894,Appartement,618000.0,2025-09-16,Sousse,Sousse Médina,sousse corniche,1008.0,200.0,Non,Oui,Non précisé,Luxe,2.0,2.0,Oui,Non,Oui,Non,Oui,Non,,Oui,Non,Oui
menzili,https://www.menzili.tn/annonce/coquet-appartement-de-124-m2-meuble-a-medina-jadida-3-benarous-medinajedida-146883,Appartement,,2025-09-16,Ben Arous,Medina Jedida,Medina Jedida,2013.0,124.0,Non,Non,Non précisé,Haut standing,2.0,1.0,Non,Non,Oui,Non,Oui,Non,2.0,Oui,Non,Non
menzili,https://www.menzili.tn/annonce/a-vendre-un-appartement-a-cite-el-hadika-tunis-tunis-ettahrir-146872,Appartement,150000.0,2025-09-15,Tunis,Ettahrir,cité el hadika,1008.0,,Non,Non,Non précisé,Non précisé,4.0,1.0,Oui,Oui,Oui,Non,Non,Non,4.0,Non,Non,Non
menzili,https://www.menzili.tn/annonce/un-etage-d-une-villa-meuble-de-haut-standing-pour-la-location-benarous-ezzahra-146850,Appartement,1600.0,2025-09-15,Ben Arous,Ezzahra,Ezzahra,2034.0,120.0,Non,Non,Non précisé,Haut standing,3.0,,Non,Non,Oui,Non,Oui,Non,,Non,Non,Oui
menzili,https://www.menzili.tn/annonce/v538-residence-lido-dar-chaaben-nabeul-darchaabaneelfehri-146832,Appartement,1300000.0,2025-09-15,Nabeul,Dar Châabane El Fehri,NABEUL,8000.0,300.0,Non,Oui,Non précisé,Non précisé,2.0,1.0,Non,Non,Oui,Non,Non,Non,0.0,Non,Non,Non
menzili,https://www.menzili.tn/annonce/appartement-de-120-m2-a-yasmine-hammamet-nabeul-hammametsud-146818,Appartement,,2025-09-14,Nabeul,Hammamet Sud,Hammamet Sud,8050.0,120.0,Non,Oui,Non précisé,Haut standing,3.0,1.0,Non,Non,Oui,Oui,Oui,Oui,2.0,Non,Non,Oui
menzili,https://www.menzili.tn/annonce/appartement-s-2-studio-s-1-benarous-elmourouj-146808,Appartement,220000.0,2025-09-13,Ben Arous,El Mourouj,Residence Ines,2074.0,120.0,Non,Non,Non précisé,Non précisé,3.0,2.0,Non,Non,Oui,Non,Non,Oui,1.0,Non,Non,Non
menzili,https://www.menzili.tn/annonce/appartement-s-2-a-el-waha-tunis-agba-146782,Appartement,,2025-09-13,Tunis,el agba,el waha,1000.0,93.0,Non,Non,Non précisé,Moyen standing,2.0,,Non,Oui,Oui,Non,Non,Non,1.0,Non,Non,Non
menzili,https://www.menzili.tn/annonce/A-vendre-locaux-commerciaux-amp-appartements-chouchet-rades-benarous-medinajedida-146756,Appartement,990000000.0,2025-09-12,Ben Arous,Medina Jedida,Medina Jedida,2013.0,360.0,Non,Non,Non précisé,Non précisé,,,Non,Non,Oui,Non,Non,Non,0.0,Non,Non,Non
menzili,https://www.menzili.tn/annonce/appartement-s-1-74-m-residence-ben-arous-center-benarous-medinajedida-146670,Appartement,115000.0,2025-09-10,Ben Arous,Medina Jedida,Résidence Ben Arous Center,2013.0,74.0,Non,Non,Neuf,Haut standing,2.0,1.0,Non,Non,Oui,Non,Oui,Non,4.0,Oui,Non,Oui
menzili,https://www.menzili.tn/annonce/vente-appartement-tunis-elouardia-146719,Appartement,,2025-09-11,Tunis,El Ouardia,حي بن سيناء,1000.0,,Non,Non,Non précisé,Non précisé,3.0,,Non,Non,Oui,Non,Non,Non,,Non,Non,Non
menzili,https://www.menzili.tn/annonce/appartement-s3-a-vendre-monastir-cite-salem-monastir-monastir-146711,Appartement,105000.0,2025-09-11,Monastir,Monastir,Monastir,5000.0,90.0,Non,Non,Non précisé,Non précisé,3.0,1.0,Non,Oui,Oui,Non,Non,Non,1.0,Non,Non,Non
menzili,https://www.menzili.tn/annonce/appartement-s3-haut-standing-a-skanes-monastir-monastir-monastir-146704,Appartement,470000.0,2025-09-11,Monastir,Monastir,Monastir,5000.0,120.0,Non,Non,Non précisé,Haut standing,3.0,2.0,Non,Oui,Oui,Non,Oui,Non,1.0,Non,Non,Oui
menzili,https://www.menzili.tn/annonce/A-vendre-appartement-s-2-a-khzema-est-sousse-soussejawhara-146687,Appartement,295000.0,2025-09-10,Sousse,Sousse Jawhara,Sousse Jawhara,4000.0,110.0,Non,Non,Non précisé,Moyen standing,2.0,1.0,Non,Non,Oui,Non,Oui,Non,2.0,Oui,Non,Oui
menzili,https://www.menzili.tn/annonce/belle-appartement-a-vendre-sfax-sakietezzit-146671,Appartement,170000.0,2025-09-10,Sfax,Sakiet Ezzit,RTE de Tunis km9 sakiet ezzit hay ons,3021.0,102.0,Non,Non,Non précisé,Non précisé,3.0,1.0,Non,Non,Oui,Non,Non,Non,1.0,Non,Non,Non
menzili,https://www.menzili.tn/annonce/appartement-s-3-haut-standing-a-vendre-ariana-lasoukra-146668,Appartement,530000.0,2025-09-10,Ariana,La Soukra,La Soukra,2036.0,162.0,Non,Non,Non précisé,Haut standing,,,Non,Non,Oui,Non,Non,Non,,Non,Non,Non
menzili,https://www.menzili.tn/annonce/etage-de-villa-s4-a-vendre-a-chott-meriem-pied-dans-l-eau-sousse-akouda-146622,Appartement,450000.0,2025-09-08,Sousse,Akouda,Akouda,4022.0,190.0,Non,Non,Non précisé,Haut standing,4.0,,Non,Non,Oui,Non,Oui,Non,1.0,Non,Non,Non
menzili,https://www.menzili.tn/annonce/appartement-s2-a-vendre-investissement-ideal-a-hay-riadh-sousse-sousseriadh-146617,Appartement,,2025-09-08,Sousse,Sousse Riadh,Sousse Riadh,4000.0,124.0,Non,Non,Non précisé,Moyen standing,2.0,,Non,Non,Oui,Non,Non,Non,4.0,Oui,Non,Non
menzili,https://www.menzili.tn/annonce/appartement-s2-a-vendre-investissement-ideal-a-hay-riadh-sousse-sousseriadh-146616,Appartement,,2025-09-08,Sousse,Sousse Riadh,Sousse Riadh,4000.0,124.0,Non,Non,Non précisé,Moyen standing,2.0,,Non,Non,Oui,Non,Non,Non,4.0,Oui,Non,Non
menzili,https://www.menzili.tn/annonce/des-appartements-a-vendre-a-yasmine-hammamet-51355351-nabeul-hammametsud-146577,Appartement,,2025-09-06,Nabeul,Hammamet Sud,Hammamet Sud,8050.0,,Oui,Oui,Neuf,Haut standing,,,Non,Non,Oui,Oui,Oui,Oui,,Non,Non,Oui
menzili,https://www.menzili.tn/annonce/appartement-s-1-pour-la-vente-sousse-hammamsousse-146530,Appartement,210000.0,2025-09-04,Sousse,Hammam Sousse,Hammam Sousse,4011.0,60.0,Non,Non,Non précisé,Haut standing,1.0,1.0,Non,Non,Oui,Non,Oui,Non,1.0,Oui,Non,Oui
menzili,https://www.menzili.tn/annonce/appartemen-s-3-pour-la-vente-sousse-hammamsousse-146529,Appartement,195000.0,2025-09-04,Sousse,Hammam Sousse,Hammam Sousse,4011.0,87.0,Non,Non,Non précisé,Moyen standing,3.0,2.0,Non,Non,Oui,Non,Oui,Non,2.0,Non,Non,Oui
menzili,https://www.menzili.tn/annonce/appartement-s-2-tunis-ainzaghouan-146471,Appartement,275000.0,2025-09-02,Tunis,Aïn Zaghouan,Aïn Zaghouan,1100.0,101.0,Oui,Non,Non précisé,Haut standing,2.0,1.0,Non,Oui,Oui,Non,Oui,Non,7.0,Oui,Non,Oui
menzili,https://www.menzili.tn/annonce/kantaoui-s-1-sousse-hammamsousse-146438,Appartement,260000.0,2025-09-01,Sousse,Hammam Sousse,Kantaoui,4011.0,42.0,Non,Non,Non précisé,Moyen standing,1.0,2.0,Non,Non,Oui,Oui,Oui,Oui,2.0,Non,Non,Oui
menzili,https://www.menzili.tn/annonce/appartement-a-vendre-centre-ville-tunis-tunis-centrevillelafayette-146433,Appartement,160000.0,2025-08-31,Tunis,Centre Ville - Lafayette,Rue de Madrid,1000.0,70.0,Non,Non,À rénover,Non précisé,3.0,1.0,Non,Non,Oui,Non,Non,Non,4.0,Non,Non,Non
menzili,https://www.menzili.tn/annonce/un-s-1-avec-place-parking-ariana-raoued-146425,Appartement,180000.0,2025-08-31,Ariana,Raoued,Raoued,2083.0,65.0,Non,Non,Non précisé,Haut standing,1.0,1.0,Non,Oui,Oui,Non,Oui,Non,5.0,Oui,Non,Oui
menzili,https://www.menzili.tn/annonce/v572-appartement-mayorka-nabeul-hammamet-146379,Appartement,580000.0,2025-08-29,Nabeul,Hammamet,Hammamet,8050.0,,Non,Non,Non précisé,Haut standing,2.0,2.0,Non,Non,Oui,Non,Oui,Non,1.0,Oui,Non,Oui
menzili,https://www.menzili.tn/annonce/v573-appartement-rama-3-nabeul-hammamet-146378,Appartement,400000.0,2025-08-29,Nabeul,Hammamet,contact@smart-owner.com,8050.0,,Non,Oui,Neuf,Haut standing,2.0,1.0,Non,Non,Oui,Non,Oui,Non,2.0,Non,Non,Oui
menzili,https://www.menzili.tn/annonce/un-appartement-s-1-a-vendre-a-afh-mrezga-51355351-nabeul-mrezga-146363,Appartement,220000.0,2025-08-28,Nabeul,Mrezga,Mrezga,8058.0,78.0,Non,Non,Non précisé,Non précisé,1.0,1.0,Non,Non,Oui,Non,Non,Non,1.0,Non,Non,Non
menzili,https://www.menzili.tn/annonce/v398-villa-rima-nabeul-hammamet-146355,Appartement,950000.0,2025-08-28,Nabeul,Hammamet,Hammamet,8050.0,,Non,Non,Neuf,Haut standing,5.0,5.0,Oui,Non,Oui,Oui,Oui,Oui,0.0,Non,Non,Oui
menzili,https://www.menzili.tn/annonce/duplex-s5-a-ennaser2-ariana-menzah-146348,Appartement,875000.0,2025-08-28,Ariana,Menzah,Ennaser 2,1004.0,,Non,Non,Non précisé,Haut standing,6.0,6.0,Oui,Oui,Oui,Non,Non,Non,0.0,Non,Non,Oui
menzili,https://www.menzili.tn/annonce/v412-villa-majorelle-nabeul-hammamet-146346,Appartement,1030000.0,2025-08-28,Nabeul,Hammamet,Hammamet,8050.0,,Non,Non,Non précisé,Haut standing,5.0,3.0,Oui,Non,Oui,Oui,Oui,Oui,0.0,Non,Non,Oui
menzili,https://www.menzili.tn/annonce/a-vendre-appartement-s-4-a-l-aouina-tunis-laouina-146328,Appartement,360000.0,2025-08-27,Tunis,L'aouina,L'aouina,1000.0,200.0,Non,Non,Bon état,Haut standing,4.0,3.0,Oui,Non,Oui,Non,Oui,Non,,Oui,Non,Oui
menzili,https://www.menzili.tn/annonce/appartement-s-3-avec-jardin-a-hammamet-a-vendre-51355351-nabeul-hammametcentre-146312,Appartement,630000.0,2025-08-27,Nabeul,Hammamet Centre,Hammamet Centre,8050.0,120.0,Non,Non,Non précisé,Moyen standing,3.0,1.0,Non,Non,Oui,Non,Oui,Oui,0.0,Non,Non,Oui
menzili,https://www.menzili.tn/annonce/a-vendre-appartement-s3-a-hammam-sousse-sousse-hammamsousse-146300,Appartement,450000.0,2025-08-26,Sousse,Hammam Sousse,Hammam Sousse,4011.0,145.0,Non,Non,Neuf,Haut standing,3.0,1.0,Non,Non,Oui,Non,Oui,Non,5.0,Oui,Non,Oui
menzili,https://www.menzili.tn/annonce/v416-villa-flora-nabeul-hammamet-146297,Appartement,950000.0,2025-08-26,Nabeul,Hammamet,Hammamet,8050.0,,Non,Non,Non précisé,Haut standing,4.0,3.0,Oui,Non,Oui,Oui,Oui,Oui,,Non,Non,Oui
menzili,https://www.menzili.tn/annonce/v418-villa-dora-1-nabeul-hammamet-146292,Appartement,1100000.0,2025-08-26,Nabeul,Hammamet,Hammamet,8050.0,,Non,Non,Neuf,Haut standing,4.0,5.0,Oui,Non,Oui,Oui,Oui,Oui,0.0,Non,Non,Oui
menzili,https://www.menzili.tn/annonce/v434-villa-zina-nabeul-hammamet-146276,Appartement,1100000.0,2025-08-26,Nabeul,Hammamet,Hammamet,8050.0,,Non,Non,Non précisé,Haut standing,5.0,3.0,Oui,Non,Oui,Oui,Oui,Oui,0.0,Non,Non,Oui
menzili,https://www.menzili.tn/annonce/v440-villa-honey-nabeul-hammamet-146274,Appartement,1050000.0,2025-08-26,Nabeul,Hammamet,Hammamet,8050.0,,Non,Non,Non précisé,Haut standing,4.0,4.0,Oui,Non,Oui,Oui,Oui,Oui,0.0,Non,Non,Oui
menzili,https://www.menzili.tn/annonce/appartement-pres-de-la-banque-centrale-sousse-tel-55-52-52-55-sousse-soussemedina-146265,Appartement,,2025-08-25,Sousse,Sousse Médina,PRES DE LA BANQUE CENTRALE SOUSSE,1008.0,122.0,Non,Oui,Non précisé,Non précisé,3.0,,Non,Non,Oui,Non,Non,Non,,Non,Non,Non
menzili,https://www.menzili.tn/annonce/l551-villa-princesse-nabeul-hammamet-146246,Appartement,,2025-08-25,Nabeul,Hammamet,Hammamet,8050.0,,Non,Oui,Non précisé,Haut standing,5.0,6.0,Oui,Non,Oui,Oui,Oui,Oui,0.0,Non,Non,Oui
menzili,https://www.menzili.tn/annonce/vente-appartement-de-110-m2-manouba-manoubaville-146210,Appartement,270000.0,2025-08-23,Manouba,Manouba Ville,residence elmokthar près de l'hôpital de razi,2010.0,110.0,Non,Non,Neuf,Moyen standing,3.0,1.0,Non,Non,Oui,Non,Oui,Non,,Oui,Non,Non
menzili,https://www.menzili.tn/annonce/appartement-4-pieces-190-m2-a-hammam-lif-benarous-hammamlif-146184,Appartement,300000.0,2025-08-23,Ben Arous,Hammam Lif,Hammam Lif,2050.0,190.0,Non,Non,Non précisé,Haut standing,3.0,1.0,Non,Oui,Oui,Non,Oui,Non,1.0,Oui,Non,Oui
menzili,https://www.menzili.tn/annonce/bel-appartement-ezzahra-benarous-ezzahra-146180,Appartement,275000.0,2025-08-23,Ben Arous,Ezzahra,Cité Panorama,2034.0,97.0,Non,Non,Rénové,Non précisé,3.0,1.0,Non,Non,Oui,Non,Oui,Oui,1.0,Non,Non,Non
menzili,https://www.menzili.tn/annonce/appartement-s1-meuble-avec-vue-sur-mer-a-vendre-a-hergla-sousse-hergla-146177,Appartement,220000.0,2025-08-22,Sousse,Hergla,Hergla,4000.0,88.0,Non,Oui,Non précisé,Haut standing,1.0,1.0,Non,Oui,Oui,Oui,Non,Non,2.0,Oui,Non,Non
menzili,https://www.menzili.tn/annonce/v441-villa-florida-nabeul-hammamet-146138,Appartement,1250000.0,2025-08-22,Nabeul,Hammamet,Hammamet,8050.0,,Non,Oui,Non précisé,Haut standing,4.0,4.0,Oui,Non,Oui,Oui,Oui,Oui,0.0,Non,Non,Oui
menzili,https://www.menzili.tn/annonce/v426-villa-la-rose-nabeul-hammamet-146124,Appartement,750000.0,2025-08-21,Nabeul,Hammamet,Hammamet,8050.0,,Non,Non,Non précisé,Haut standing,4.0,3.0,Oui,Non,Oui,Oui,Oui,Oui,0.0,Non,Non,Oui
menzili,https://www.menzili.tn/annonce/v447-villa-narjes-nabeul-hammamet-146121,Appartement,2200000.0,2025-08-21,Nabeul,Hammamet,Hammamet,8050.0,,Non,Oui,Non précisé,Luxe,4.0,3.0,Oui,Non,Oui,Oui,Oui,Oui,0.0,Non,Non,Non
menzili,https://www.menzili.tn/annonce/v450-appartement-nouha-nabeul-hammamet-146120,Appartement,520000.0,2025-08-21,Nabeul,Hammamet,Hammamet,8050.0,,Non,Non,Non précisé,Haut standing,2.0,2.0,Oui,Non,Oui,Non,Non,Non,2.0,Oui,Non,Oui
menzili,https://www.menzili.tn/annonce/v477-villa-le-palais-nabeul-hammamet-146105,Appartement,1250000.0,2025-08-21,Nabeul,Hammamet,Hammamet,8050.0,,Non,Oui,Non précisé,Haut standing,4.0,3.0,Oui,Non,Oui,Oui,Oui,Oui,0.0,Non,Non,Oui
menzili,https://www.menzili.tn/annonce/v490-maison-dia-nabeul-hammamet-146102,Appartement,260000.0,2025-08-21,Nabeul,Hammamet,Hammamet,8050.0,,Non,Non,Non précisé,Non précisé,3.0,1.0,Non,Non,Oui,Non,Non,Oui,,Non,Non,Oui
menzili,https://www.menzili.tn/annonce/v503-villa-splash-nabeul-hammamet-146100,Appartement,770000.0,2025-08-21,Nabeul,Hammamet,Hammamet,8050.0,,Non,Non,Neuf,Haut standing,4.0,4.0,Oui,Non,Oui,Oui,Oui,Oui,0.0,Non,Non,Oui
menzili,https://www.menzili.tn/annonce/v517-villa-claire-nabeul-hammamet-146099,Appartement,690000.0,2025-08-21,Nabeul,Hammamet,Hammamet,8050.0,,Non,Non,Non précisé,Haut standing,3.0,2.0,Oui,Non,Oui,Oui,Oui,Oui,0.0,Non,Non,Oui
menzili,https://www.menzili.tn/annonce/v524-villa-phenicia-nabeul-hammamet-146097,Appartement,1200000.0,2025-08-21,Nabeul,Hammamet,contact@smart-owner.com,8050.0,,Titre Individuel,Non,Non précisé,Haut standing,7.0,4.0,Non,Non,Oui,Oui,Oui,Oui,0.0,Non,Non,Oui
menzili,https://www.menzili.tn/annonce/des-appartements-a-yasmine-hammamet-a-vendre-51355351-nabeul-hammametsud-146095,Appartement,360000.0,2025-08-21,Nabeul,Hammamet Sud,Hammamet Sud,8050.0,90.0,Oui,Non,Neuf,Haut standing,1.0,1.0,Non,Non,Oui,Oui,Oui,Oui,,Non,Non,Oui
menzili,https://www.menzili.tn/annonce/v558-villa-ruby-nabeul-hammamet-146076,Appartement,4000000.0,2025-08-20,Nabeul,Hammamet,Hammamet,8050.0,,Non,Non,Non précisé,Haut standing,7.0,6.0,Oui,Non,Oui,Oui,Oui,Oui,0.0,Non,Non,Oui
menzili,https://www.menzili.tn/annonce/vente-d-appartement-face-a-la-mer-chott-mariem-sousse-akouda-146072,Appartement,,2025-08-20,Sousse,Akouda,gueddesmalek@gmail.com,4022.0,142.0,Non,Oui,Non précisé,Haut standing,,,Non,Non,Oui,Non,Oui,Oui,,Oui,Non,Oui
menzili,https://www.menzili.tn/annonce/vente-d-appartement-face-a-la-mer-chott-mariem-sousse-akouda-146058,Appartement,,2025-08-19,Sousse,Akouda,Akouda,4022.0,102.0,Non,Oui,Non précisé,Haut standing,3.0,1.0,Non,Non,Oui,Non,Oui,Oui,,Oui,Non,Oui
menzili,https://www.menzili.tn/annonce/appartement-s-3-benarous-ezzahra-142238,Appartement,360000.0,2025-05-09,Ben Arous,Ezzahra,riahiimmobilier@gmail.com,2034.0,144.0,Non,Non,Non précisé,Haut standing,3.0,1.0,Oui,Oui,Oui,Non,Oui,Non,,Oui,Non,Oui
menzili,https://www.menzili.tn/annonce/v526-villa-blue-berry-nabeul-hammamet-146050,Appartement,980000.0,2025-08-19,Nabeul,Hammamet,Hammamet,8050.0,,Non,Non,Neuf,Haut standing,5.0,3.0,Oui,Non,Oui,Oui,Oui,Oui,0.0,Non,Non,Oui
menzili,https://www.menzili.tn/annonce/a-vendre-appartement-s3-haut-standing-avec-piscine-a-sousse-sousse-hammamsousse-146049,Appartement,850000.0,2025-08-19,Sousse,Hammam Sousse,Hammam Sousse,4011.0,224.0,Non,Non,Non précisé,Haut standing,3.0,2.0,Oui,Non,Oui,Oui,Oui,Oui,0.0,Non,Non,Oui
menzili,https://www.menzili.tn/annonce/l578-villa-poire-nabeul-hammamet-145846,Appartement,,2025-08-13,Nabeul,Hammamet,Hammamet,8050.0,,Non,Non,Non précisé,Haut standing,4.0,3.0,Oui,Non,Oui,Oui,Non,Oui,0.0,Non,Non,Oui
menzili,https://www.menzili.tn/annonce/v538-residence-lido-appartement-nabeul-darchaabaneelfehri-145826,Appartement,1300000.0,2025-08-12,Nabeul,Dar Châabane El Fehri,NABEUL,8000.0,300.0,Non,Oui,Non précisé,Non précisé,2.0,1.0,Non,Non,Oui,Non,Non,Non,0.0,Non,Non,Non
menzili,https://www.menzili.tn/annonce/v554-villa-la-fontaine-nabeul-hammamet-145673,Appartement,1250000.0,2025-08-08,Nabeul,Hammamet,Hammamet,8050.0,,Non,Oui,Neuf,Haut standing,5.0,6.0,Oui,Non,Oui,Oui,Oui,Oui,0.0,Non,Non,Oui
menzili,https://www.menzili.tn/annonce/v567-les-villas-venise-nabeul-hammamet-145670,Appartement,1050000.0,2025-08-08,Nabeul,Hammamet,Hammamet,8050.0,,Non,Non,Non précisé,Haut standing,4.0,4.0,Oui,Non,Oui,Oui,Oui,Oui,,Non,Non,Oui
menzili,https://www.menzili.tn/annonce/v568-les-villas-azed-nabeul-hammamet-145665,Appartement,690000.0,2025-08-08,Nabeul,Hammamet,Hammamet,8050.0,,Non,Non,Non précisé,Haut standing,4.0,3.0,Oui,Non,Oui,Oui,Oui,Oui,0.0,Non,Non,Oui
menzili,https://www.menzili.tn/annonce/bel-appartement-jardins-de-carthage-tunis-lekram-144431,Appartement,580000.0,2025-07-05,Tunis,Le Kram,les jardins de carthage,2015.0,159.0,Non,Non,Non précisé,Haut standing,3.0,2.0,Oui,Non,Oui,Non,Oui,Non,8.0,Oui,Non,Oui
menzili,https://www.menzili.tn/annonce/v571-villa-aix-1-nabeul-hammamet-145656,Appartement,870000.0,2025-08-08,Nabeul,Hammamet,Hammamet,8050.0,,Non,Non,Neuf,Haut standing,4.0,3.0,Oui,Non,Oui,Oui,Oui,Oui,0.0,Non,Non,Oui
menzili,https://www.menzili.tn/annonce/rare-Etage-de-villa-ariana-arianaville-145654,Appartement,,2025-08-08,Ariana,Ariana Ville,Riadh l'Andalous,2080.0,220.0,Non,Non,Non précisé,Moyen standing,3.0,1.0,Non,Non,Oui,Non,Oui,Oui,1.0,Non,Non,Oui
menzili,https://www.menzili.tn/annonce/l535-villa-safari-nabeul-hammamet-145646,Appartement,6000.0,2025-08-07,Nabeul,Hammamet,Hammamet,8050.0,,Non,Oui,Non précisé,Haut standing,3.0,2.0,Oui,Non,Oui,Oui,Non,Oui,0.0,Non,Non,Oui
menzili,https://www.menzili.tn/annonce/l529-villa-zahra-nabeul-hammamet-145645,Appartement,,2025-08-07,Nabeul,Hammamet,Hammamet,8050.0,,Non,Non,Non précisé,Moyen standing,4.0,3.0,Non,Non,Oui,Oui,Non,Oui,0.0,Non,Non,Oui
menzili,https://www.menzili.tn/annonce/l566-maison-plume-nabeul-hammamet-145644,Appartement,,2025-08-07,Nabeul,Hammamet,Hammamet,8050.0,,Non,Non,Non précisé,Non précisé,3.0,2.0,Non,Non,Oui,Non,Non,Non,0.0,Non,Non,Oui
menzili,https://www.menzili.tn/annonce/appartement-s4-lac-2-tunis-lamarsa-145640,Appartement,1300000.0,2025-08-07,Tunis,La Marsa,La Marsa,2070.0,225.0,Titre Individuel,Non,Non précisé,Haut standing,4.0,3.0,Oui,Non,Oui,Non,Oui,Non,1.0,Oui,Non,Oui
menzili,https://www.menzili.tn/annonce/l569-villa-sierre-nabeul-hammamet-145638,Appartement,,2025-08-07,Nabeul,Hammamet,Hammamet,8050.0,,Non,Oui,Non précisé,Haut standing,6.0,5.0,Oui,Non,Oui,Oui,Non,Non,0.0,Non,Non,Oui
menzili,https://www.menzili.tn/annonce/l574-appartement-safi-nabeul-hammamet-145637,Appartement,,2025-08-07,Nabeul,Hammamet,Hammamet,8050.0,,Non,Non,Non précisé,Moyen standing,2.0,2.0,Non,Non,Oui,Oui,Non,Non,3.0,Non,Non,Non
menzili,https://www.menzili.tn/annonce/l578-villa-poire-nabeul-hammamet-145628,Appartement,,2025-08-07,Nabeul,Hammamet,Hammamet,8050.0,,Non,Non,Non précisé,Haut standing,4.0,3.0,Oui,Non,Oui,Oui,Non,Oui,0.0,Non,Non,Oui
menzili,https://www.menzili.tn/annonce/appartement-s1-laaouina-tunis-lamarsa-145622,Appartement,175000.0,2025-08-07,Tunis,La Marsa,La Marsa,2070.0,67.0,Non,Non,Non précisé,Moyen standing,1.0,,Non,Non,Oui,Non,Oui,Non,1.0,Oui,Non,Non
menzili,https://www.menzili.tn/annonce/appartement-s1-cite-ghazela-ariana-raoued-145598,Appartement,150000.0,2025-08-06,Ariana,Raoued,Raoued,2083.0,54.0,Non,Non,Non précisé,Haut standing,1.0,,Oui,Non,Oui,Non,Oui,Non,3.0,Oui,Non,Non
menzili,https://www.menzili.tn/annonce/v541-villa-noor-nabeul-hammamet-145588,Appartement,1600000.0,2025-08-06,Nabeul,Hammamet,contact@smart-owner.com,8050.0,,Titre Individuel,Oui,Neuf,Haut standing,4.0,3.0,Oui,Non,Oui,Oui,Oui,Oui,0.0,Non,Non,Oui
menzili,https://www.menzili.tn/annonce/appartement-3-pieces-mourouj-6-benarous-elmourouj-140380,Appartement,180000.0,2025-03-07,Ben Arous,El Mourouj,résidence dial el foll - avenue des martyrs,2074.0,90.0,Oui,Non,Non précisé,Haut standing,2.0,1.0,Oui,Non,Oui,Non,Oui,Non,6.0,Oui,Non,Oui
menzili,https://www.menzili.tn/annonce/l581-appartement-valeria-nabeul-hammamet-145541,Appartement,,2025-08-05,Nabeul,Hammamet,Hammamet,8050.0,,Non,Non,Non précisé,Non précisé,1.0,1.0,Non,Non,Oui,Non,Non,Non,2.0,Non,Non,Oui
menzili,https://www.menzili.tn/annonce/v482-villa-royale-nabeul-hammamet-145538,Appartement,2000000.0,2025-08-05,Nabeul,Hammamet,Hammamet,8050.0,,Non,Oui,Non précisé,Haut standing,4.0,3.0,Oui,Non,Oui,Oui,Oui,Oui,0.0,Non,Non,Oui
menzili,https://www.menzili.tn/annonce/v540-villa-reve-2-nabeul-hammamet-145517,Appartement,660000.0,2025-08-04,Nabeul,Hammamet,Hammamet,8050.0,,Non,Non,Non précisé,Haut standing,3.0,3.0,Oui,Non,Oui,Oui,Oui,Oui,0.0,Non,Non,Oui
menzili,https://www.menzili.tn/annonce/v544-villa-soft-nabeul-hammamet-145513,Appartement,690000.0,2025-08-04,Nabeul,Hammamet,Hammamet,8050.0,,Non,Non,Non précisé,Haut standing,3.0,2.0,Oui,Non,Oui,Oui,Oui,Oui,0.0,Non,Non,Oui
menzili,https://www.menzili.tn/annonce/v550-villa-delice-nabeul-hammamet-145510,Appartement,820000.0,2025-08-04,Nabeul,Hammamet,Hammamet,8050.0,,Non,Non,Non précisé,Haut standing,3.0,2.0,Oui,Non,Oui,Oui,Oui,Oui,,Non,Non,Oui
menzili,https://www.menzili.tn/annonce/a-vendre-coquet-appartement-s2-a-nouvelle-mEdina-benarous-medinajedida-139558,Appartement,220000.0,2025-02-12,Ben Arous,Medina Jedida,Medina Jedida,2013.0,121.0,Non,Non,Non précisé,Haut standing,2.0,1.0,Oui,Oui,Oui,Non,Oui,Non,2.0,Oui,Non,Non
menzili,https://www.menzili.tn/annonce/appartements-de-luxe-a-bizerte-vue-sur-mer-residence-les-cascades-bizerte-menzeljemil-145492,Appartement,450000.0,2025-08-03,Bizerte,Menzel Jemil,rimel au coeur de la foret,7080.0,,Non,Oui,Neuf,Luxe,,,Non,Non,Oui,Oui,Oui,Non,0.0,Oui,Non,Oui
menzili,https://www.menzili.tn/annonce/appartement-zone-touristique-mrezga-nabeul-hammamet-145476,Appartement,240000.0,2025-08-02,Nabeul,Hammamet,MREZGA,8050.0,68.0,Non,Non,Non précisé,Moyen standing,1.0,1.0,Non,Non,Oui,Non,Oui,Non,1.0,Non,Non,Oui
menzili,https://www.menzili.tn/annonce/duplex-a-louer-pour-6-personnes-max-nabeul-nabeul-145472,Appartement,,2025-08-02,Nabeul,devant,150 m à la plage prés le cornish du nabeul,8000.0,120.0,Non,Oui,Non précisé,Moyen standing,2.0,,Non,Non,Oui,Non,Non,Non,2.0,Non,Non,Oui
menzili,https://www.menzili.tn/annonce/appartement-s4-renove-soukra-ariana-lasoukra-145459,Appartement,330000.0,2025-08-02,Ariana,La Soukra,La Soukra,2036.0,155.0,Non,Non,Rénové,Non précisé,4.0,1.0,Non,Oui,Oui,Non,Oui,Non,2.0,Non,Non,Non
menzili,https://www.menzili.tn/annonce/v562-villa-sierre-nabeul-hammamet-145433,Appartement,1020000.0,2025-08-01,Nabeul,Hammamet,Hammamet,8050.0,,Non,Oui,Non précisé,Haut standing,7.0,6.0,Oui,Non,Oui,Oui,Oui,Oui,0.0,Non,Non,Oui
menzili,https://www.menzili.tn/annonce/v563-villa-versace-nabeul-hammamet-145430,Appartement,990000.0,2025-08-01,Nabeul,Hammamet,Hammamet,8050.0,,Non,Oui,Neuf,Haut standing,4.0,4.0,Oui,Non,Oui,Oui,Oui,Oui,0.0,Non,Non,Oui
menzili,https://www.menzili.tn/annonce/appartement-s3-borj-baccouche-ariana-arianaville-145419,Appartement,450000.0,2025-08-01,Ariana,Ariana Ville,Ariana Ville,2080.0,146.0,Titre Individuel,Non,Bon état,Haut standing,3.0,1.0,Non,Oui,Oui,Non,Oui,Non,2.0,Non,Non,Non
menzili,https://www.menzili.tn/annonce/a-vendre-appartement-s-3-avec-jardin-la-marsa-stade-tunis-lamarsa-140162,Appartement,780000.0,2025-03-01,Tunis,La Marsa,La Marsa,2070.0,164.0,Non,Non,Non précisé,Moyen standing,3.0,2.0,Non,Non,Oui,Non,Oui,Oui,1.0,Oui,Non,Oui
menzili,https://www.menzili.tn/annonce/a-vendre-s-2-ariana-ghazela-144727,Appartement,240000.0,2025-07-11,Ariana,Ghazela,palmaresimmo@gmail.com,2080.0,105.0,Non,Non,Non précisé,Moyen standing,2.0,1.0,Non,Non,Oui,Non,Oui,Non,,Non,Non,Oui
menzili,https://www.menzili.tn/annonce/des-appartements-de-haut-standing-a-rejich-mahdia-mahdia-mahdia-145046,Appartement,273400.0,2025-07-19,Mahdia,Mahdia,Mahdia,5100.0,78.0,Non,Non,Non précisé,Luxe,2.0,1.0,Non,Non,Oui,Non,Non,Oui,0.0,Non,Non,Non
menzili,https://www.menzili.tn/annonce/v421-villa-tia-nabeul-hammamet-145005,Appartement,720000.0,2025-07-18,Nabeul,Hammamet,Hammamet,8050.0,,Non,Non,Neuf,Moyen standing,5.0,3.0,Oui,Non,Oui,Oui,Non,Oui,0.0,Non,Non,Oui
menzili,https://www.menzili.tn/annonce/un-appartement-s2-a-nouvelle-medina-direct-promoteur-benarous-medinajedida-139843,Appartement,2500.0,2025-02-19,Ben Arous,Medina Jedida,Medina Jedida,2013.0,1.0,Non,Non,Neuf,Moyen standing,2.0,,Non,Non,Oui,Non,Oui,Non,,Oui,Non,Oui
menzili,https://www.menzili.tn/annonce/un-appartement-s-de-109m-a-la-nouvelle-medina-benarous-medinajedida-139436,Appartement,250000.0,2025-02-08,Ben Arous,Medina Jedida,Medina Jedida,2013.0,115.0,Non,Non,Non précisé,Moyen standing,2.0,2.0,Oui,Non,Oui,Non,Oui,Non,4.0,Non,Non,Non
menzili,https://www.menzili.tn/annonce/v474-villa-merveille-nabeul-hammamet-144994,Appartement,1600000.0,2025-07-18,Nabeul,Hammamet,Hammamet,8050.0,,Non,Non,Neuf,Haut standing,4.0,3.0,Oui,Non,Oui,Oui,Oui,Oui,0.0,Non,Non,Oui
menzili,https://www.menzili.tn/annonce/A-vendre-appartement-s-2-haut-standing-a-skanes-monastir-monastir-monastir-144836,Appartement,295000.0,2025-07-14,Monastir,Monastir,Skanes,5000.0,108.0,Titre Bleu,Non,Neuf,Haut standing,2.0,1.0,Oui,Non,Oui,Non,Oui,Non,4.0,Oui,Non,Oui
menzili,https://www.menzili.tn/annonce/a-vendre-un-appartement-s-1-a-khzema-est-sousse-soussejawhara-144933,Appartement,216000.0,2025-07-16,Sousse,Sousse Jawhara,Sousse Jawhara,4000.0,6943.0,Non,Non,Non précisé,Haut standing,1.0,1.0,Non,Non,Oui,Non,Oui,Non,3.0,Oui,Non,Oui
menzili,https://www.menzili.tn/annonce/a-vendre-un-appartement-s-2-a-khzema-est-sousse-soussejawhara-144903,Appartement,370000.0,2025-07-16,Sousse,Sousse Jawhara,Sousse Jawhara,4000.0,11839.0,Non,Non,Non précisé,Haut standing,2.0,1.0,Non,Non,Oui,Non,Oui,Non,7.0,Oui,Non,Oui
menzili,https://www.menzili.tn/annonce/appartement-haut-standing-s3-a-skanes-monastir-monastir-144898,Appartement,460000.0,2025-07-16,Monastir,Monastir,Monastir,5000.0,127.0,Non,Non,Non précisé,Haut standing,3.0,2.0,Non,Non,Oui,Non,Oui,Oui,0.0,Non,Non,Non
menzili,https://www.menzili.tn/annonce/appartement-s-2-a-bouhsina-sousse-soussejawhara-144854,Appartement,65000.0,2025-07-15,Sousse,Sousse Jawhara,Sousse Jawhara,4000.0,70.0,Non,Non,Non précisé,Non précisé,2.0,1.0,Non,Non,Oui,Non,Non,Non,,Non,Non,Non
menzili,https://www.menzili.tn/annonce/vente-appartement-s3-a-la-soukra-ariana-lasoukra-144848,Appartement,310000.0,2025-07-15,Ariana,La Soukra,La Soukra,2036.0,135.0,Non,Non,Non précisé,Moyen standing,3.0,,Non,Oui,Oui,Non,Oui,Non,2.0,Non,Non,Oui
menzili,https://www.menzili.tn/annonce/appartement-s1-baghdadi-monastir-bekalta-144822,Appartement,165000.0,2025-07-14,Monastir,Bekalta,Bekalta,5014.0,68.0,Non,Non,Non précisé,Moyen standing,1.0,1.0,Non,Oui,Oui,Non,Non,Non,2.0,Non,Non,Non
menzili,https://www.menzili.tn/annonce/appartement-s1-de-50m2-ennaser-2-ariana-arianaville-144815,Appartement,195000.0,2025-07-14,Ariana,Ariana Ville,Ariana Ville,2080.0,50.0,Titre Individuel,Non,Non précisé,Moyen standing,1.0,1.0,Non,Oui,Oui,Non,Oui,Non,1.0,Non,Non,Non
menzili,https://www.menzili.tn/annonce/appartement-de-100m2-a-ghazela-ariana-raoued-144814,Appartement,208000.0,2025-07-14,Ariana,Raoued,Raoued,2083.0,100.0,Titre Individuel,Non,Non précisé,Moyen standing,2.0,1.0,Non,Oui,Oui,Non,Oui,Non,4.0,Oui,Non,Non
menzili,https://www.menzili.tn/annonce/v569-villa-saly-nabeul-hammamet-144804,Appartement,1050000.0,2025-07-14,Nabeul,Hammamet,Hammamet,8050.0,,Non,Non,Non précisé,Haut standing,5.0,5.0,Oui,Non,Oui,Oui,Oui,Oui,0.0,Non,Non,Oui
menzili,https://www.menzili.tn/annonce/terrain-cloture-de-230-m-a-hammamet-sud-51355351-nabeul-mrezga-144774,Appartement,380000.0,2025-07-13,Nabeul,Mrezga,Mrezga,8058.0,160.0,Non,Non,Non précisé,Haut standing,2.0,1.0,Non,Non,Oui,Oui,Oui,Oui,2.0,Oui,Non,Oui
menzili,https://www.menzili.tn/annonce/superbe-duplex-s3-avec-jardin-privatif-a-skanes-monastir-monastir-144760,Appartement,,2025-07-12,Monastir,Monastir,Monastir,5000.0,154.0,Non,Non,Bon état,Moyen standing,3.0,1.0,Oui,Oui,Oui,Non,Oui,Oui,0.0,Non,Non,Oui
menzili,https://www.menzili.tn/annonce/un-appartement-s3-a-ain-zaghouan-tunis-lamarsa-144758,Appartement,435000.0,2025-07-12,Tunis,La Marsa,La Marsa,2070.0,120.0,Non,Non,Non précisé,Moyen standing,3.0,2.0,Oui,Non,Oui,Oui,Oui,Oui,,Oui,Non,Oui
menzili,https://www.menzili.tn/annonce/A-vendre-superbe-s-3-direct-promoteur-a-sahloul-4-sousse-sahloul-144749,Appartement,450000.0,2025-07-12,Sousse,Sahloul,Sahloul,4054.0,155.0,Non,Non,Non précisé,Moyen standing,4.0,2.0,Oui,Non,Oui,Non,Oui,Non,,Oui,Non,Oui
menzili,https://www.menzili.tn/annonce/A-vendre-bel-appartement-s-3-a-hergla-sousse-hergla-144742,Appartement,398000.0,2025-07-12,Sousse,Hergla,Hergla,4000.0,129.0,Non,Non,Non précisé,Moyen standing,3.0,,Oui,Oui,Oui,Non,Non,Non,,Non,Non,Non
menzili,https://www.menzili.tn/annonce/a-vendre-un-appartement-s-2-a-khzema-est-sousse-soussejawhara-144737,Appartement,395000.0,2025-07-11,Sousse,Sousse Jawhara,Sousse Jawhara,4000.0,123.0,Non,Oui,Non précisé,Haut standing,2.0,1.0,Oui,Non,Oui,Non,Oui,Non,8.0,Oui,Non,Oui
menzili,https://www.menzili.tn/annonce/l472-villa-clara-nabeul-hammamet-144736,Appartement,6000.0,2025-07-11,Nabeul,Hammamet,Hammamet,8050.0,,Non,Non,Non précisé,Moyen standing,3.0,4.0,Oui,Non,Oui,Oui,Non,Oui,0.0,Non,Non,Oui
menzili,https://www.menzili.tn/annonce/l565-villa-snap-nabeul-hammamet-144733,Appartement,,2025-07-11,Nabeul,Hammamet,Hammamet,8050.0,,Non,Non,Non précisé,Haut standing,4.0,3.0,Oui,Non,Oui,Oui,Oui,Oui,0.0,Non,Non,Oui
menzili,https://www.menzili.tn/annonce/a-vendre-s-2-appartement-s-2-de-127m-ariana-ghazela-144728,Appartement,280000.0,2025-07-11,Ariana,Ghazela,Ghazela,2080.0,127.0,Non,Non,Non précisé,Moyen standing,2.0,1.0,Non,Non,Oui,Non,Oui,Non,,Non,Non,Oui
menzili,https://www.menzili.tn/annonce/A-vendre-bel-appartement-s-3-haut-standing-a-kantaoui-160-m-sousse-kantaoui-144709,Appartement,590000.0,2025-07-11,Sousse,Kantaoui,Kantaoui,4089.0,,Non,Oui,Non précisé,Haut standing,3.0,,Non,Oui,Oui,Non,Non,Non,,Non,Non,Non
menzili,https://www.menzili.tn/annonce/a-vendre-appartement-s2-a-hergla-sousse-hergla-144691,Appartement,255000.0,2025-07-10,Sousse,Hergla,Hergla,4000.0,76.0,Non,Non,Bon état,Haut standing,2.0,2.0,Oui,Oui,Oui,Non,Oui,Non,3.0,Oui,Non,Oui
menzili,https://www.menzili.tn/annonce/appartement-s2-avec-jardin-la-goulette-tunis-lagoulette-144637,Appartement,550000.0,2025-07-09,Tunis,La Goulette,La Goulette,2060.0,110.0,Titre Individuel,Oui,Non précisé,Haut standing,2.0,1.0,Non,Non,Oui,Non,Oui,Oui,0.0,Non,Non,Non
menzili,https://www.menzili.tn/annonce/l427-villa-montana-nabeul-hammamet-144553,Appartement,,2025-07-08,Nabeul,Hammamet,Hammamet,8050.0,,Non,Non,Non précisé,Haut standing,2.0,1.0,Non,Non,Oui,Oui,Oui,Oui,0.0,Non,Non,Oui
menzili,https://www.menzili.tn/annonce/appartement-s-4-haut-standing-une-veritable-perle-a-kantaoui-au-c-ur-de-la-baie-des-anges-sousse-kantaoui-144524,Appartement,1350000.0,2025-07-08,Sousse,Kantaoui,Kantaoui,4089.0,300.0,Non,Non,Non précisé,Haut standing,6.0,5.0,Oui,Oui,Oui,Non,Oui,Non,,Non,Non,Oui
menzili,https://www.menzili.tn/annonce/v564-villa-la-citronnelle-nabeul-hammamet-144520,Appartement,775000.0,2025-07-08,Nabeul,Hammamet,Hammamet,8050.0,,Non,Non,Non précisé,Haut standing,4.0,3.0,Oui,Non,Oui,Oui,Oui,Oui,0.0,Non,Non,Non
menzili,https://www.menzili.tn/annonce/v565-villa-madera-nabeul-hammamet-144516,Appartement,695000.0,2025-07-08,Nabeul,Hammamet,Hammamet,8050.0,,Non,Non,Neuf,Haut standing,2.0,2.0,Oui,Non,Oui,Oui,Oui,Oui,,Non,Non,Oui
menzili,https://www.menzili.tn/annonce/studio-a-vendre-a-sfax-sfax-sfaxville-144439,Appartement,75000.0,2025-07-05,Sfax,Sfax Ville,Rte Sidi Mansour km1 IMM Malek,3000.0,,Non,Non,Non précisé,Non précisé,,,Non,Non,Oui,Non,Non,Non,1.0,Non,Non,Non
menzili,https://www.menzili.tn/annonce/l448-dar-la-vigne-nabeul-hammamet-144403,Appartement,1100.0,2025-07-04,Nabeul,Hammamet,Hammamet,8050.0,,Non,Non,Non précisé,Moyen standing,3.0,3.0,Oui,Non,Oui,Oui,Non,Oui,,Non,Non,Oui
menzili,https://www.menzili.tn/annonce/l472-villa-clara-nabeul-hammamet-144382,Appartement,6000.0,2025-07-04,Nabeul,Hammamet,Hammamet,8050.0,,Non,Non,Non précisé,Moyen standing,3.0,4.0,Oui,Non,Oui,Oui,Non,Oui,0.0,Non,Non,Oui
menzili,https://www.menzili.tn/annonce/l544-maison-d-hote-flora-nabeul-hammamet-144320,Appartement,1200.0,2025-07-03,Nabeul,Hammamet,Hammamet,8050.0,,Non,Oui,Non précisé,Haut standing,3.0,3.0,Oui,Non,Oui,Oui,Non,Oui,0.0,Non,Non,Oui
menzili,https://www.menzili.tn/annonce/l547-villa-twins-nabeul-hammamet-144311,Appartement,6500.0,2025-07-03,Nabeul,Hammamet,Hammamet,8050.0,,Non,Non,Non précisé,Haut standing,4.0,3.0,Oui,Non,Oui,Oui,Non,Oui,0.0,Non,Non,Oui
menzili,https://www.menzili.tn/annonce/l548-villa-pomme-nabeul-hammamet-144308,Appartement,6500.0,2025-07-03,Nabeul,Hammamet,Hammamet,8050.0,,Non,Non,Non précisé,Haut standing,3.0,3.0,Oui,Non,Oui,Oui,Non,Oui,0.0,Non,Non,Non
menzili,https://www.menzili.tn/annonce/vente-coquet-appartement-de-156-m2-a-medina-jadida-3-benarous-medinajedida-132577,Appartement,255000.0,2024-07-02,Ben Arous,Medina Jedida,Medina Jedida,2013.0,156.0,Non,Non,Non précisé,Haut standing,3.0,1.0,Oui,Oui,Oui,Non,Oui,Non,2.0,Oui,Non,Oui
menzili,https://www.menzili.tn/annonce/v381-appartement-louisa-hammamet-nabeul-hammametsud-144294,Appartement,650000.0,2025-07-02,Nabeul,Hammamet Sud,HAMMAMET,8050.0,200.0,Non,Non,Non précisé,Haut standing,2.0,2.0,Non,Non,Oui,Oui,Oui,Oui,0.0,Non,Non,Oui
menzili,https://www.menzili.tn/annonce/l567-maison-kare-2-nabeul-hammamet-144286,Appartement,,2025-07-02,Nabeul,Hammamet,Hammamet,8050.0,,Non,Non,Non précisé,Haut standing,2.0,1.0,Non,Non,Oui,Oui,Oui,Oui,,Non,Non,Oui
menzili,https://www.menzili.tn/annonce/location-exclusive-a-marina-kantaoui-s-1-avec-vue-mer-piscine-sousse-kantaoui-144283,Appartement,,2025-07-02,Sousse,Hammam Sousse,Marina Kantaoui,4011.0,100.0,Non,Oui,Non précisé,Haut standing,1.0,1.0,Non,Non,Oui,Oui,Oui,Oui,,Non,Non,Oui
menzili,https://www.menzili.tn/annonce/v560-villa-nadine-nabeul-hammamet-144264,Appartement,980000.0,2025-07-02,Nabeul,Hammamet,Hammamet,8050.0,340.0,Non,Non,Neuf,Haut standing,4.0,3.0,Oui,Non,Oui,Oui,Non,Oui,0.0,Non,Non,Oui
menzili,https://www.menzili.tn/annonce/v538-residence-lido-dar-chaaban-nabeul-darchaabaneelfehri-144241,Appartement,1300000.0,2025-07-01,Nabeul,Dar Châabane El Fehri,NABEUL,8000.0,300.0,Non,Oui,Non précisé,Non précisé,2.0,1.0,Non,Non,Oui,Non,Non,Non,3.0,Non,Non,Non
menzili,https://www.menzili.tn/annonce/appartement-s2-haut-standing-zone-touristique-mahdia-mahdia-mahdia-144128,Appartement,,2025-06-27,Mahdia,Mahdia,Mahdia,5100.0,112.0,Non,Non,Neuf,Haut standing,2.0,1.0,Non,Non,Oui,Non,Non,Non,,Non,Non,Non
menzili,https://www.menzili.tn/annonce/deux-appartements-s1-et-s0-a-vendre-mahdia-mahdia-mahdia-143831,Appartement,240000.0,2025-06-20,Mahdia,Mahdia,Mahdia,5100.0,120.0,Non,Non,Non précisé,Non précisé,2.0,2.0,Non,Oui,Oui,Non,Non,Non,,Non,Non,Non
menzili,https://www.menzili.tn/annonce/appartement-s1-a-vendre-zone-touristique-mahdia-mahdia-mahdia-143830,Appartement,237000.0,2025-06-20,Mahdia,Mahdia,Mahdia,5100.0,71.0,Non,Non,Non précisé,Moyen standing,1.0,1.0,Oui,Oui,Oui,Oui,Oui,Non,,Non,Non,Non
menzili,https://www.menzili.tn/annonce/l568-appartement-rocher-nabeul-hammamet-143700,Appartement,,2025-06-18,Nabeul,Hammamet,Hammamet,8050.0,,Non,Non,Non précisé,Non précisé,1.0,1.0,Non,Non,Oui,Non,Non,Oui,0.0,Non,Non,Oui
menzili,https://www.menzili.tn/annonce/un-appartement-s-2-a-vendre-situe-a-chatt-mariem-soviva-sousse-akouda-143699,Appartement,420000.0,2025-06-18,Sousse,Akouda,Akouda,4022.0,140.0,Non,Non,Neuf,Haut standing,2.0,1.0,Oui,Non,Oui,Oui,Oui,Non,4.0,Oui,Non,Oui
menzili,https://www.menzili.tn/annonce/v555-villa-cendrillon-nabeul-hammamet-143695,Appartement,920000.0,2025-06-18,Nabeul,Hammamet,Hammamet,8050.0,500.0,Non,Non,Neuf,Haut standing,4.0,3.0,Oui,Non,Oui,Oui,Oui,Oui,0.0,Non,Non,Oui
menzili,https://www.menzili.tn/annonce/un-appartement-s-2-a-vendre-de-150-m2-sousse-akouda-143692,Appartement,520000.0,2025-06-18,Sousse,Akouda,Akouda,4022.0,150.0,Non,Oui,Non précisé,Luxe,2.0,1.0,Oui,Non,Oui,Oui,Oui,Non,,Oui,Non,Oui
menzili,https://www.menzili.tn/annonce/v546-villa-tamara-nabeul-hammamet-143686,Appartement,620000.0,2025-06-18,Nabeul,Hammamet,Hammamet,8050.0,250.0,Non,Non,Neuf,Haut standing,3.0,2.0,Oui,Non,Oui,Oui,Oui,Oui,0.0,Non,Non,Oui
menzili,https://www.menzili.tn/annonce/appartement-s3-vue-sur-mer-a-vendre-bekalta-baghdadi-monastir-bekalta-143548,Appartement,350000.0,2025-06-16,Monastir,Bekalta,Bekalta,5014.0,145.0,Titre Bleu,Oui,Non précisé,Moyen standing,3.0,2.0,Oui,Non,Oui,Non,Oui,Non,2.0,Oui,Non,Non
menzili,https://www.menzili.tn/annonce/appartement-s1-vue-sur-mer-a-vendre-bekalta-baghdadi-monastir-bekalta-143511,Appartement,200000.0,2025-06-14,Monastir,Bekalta,Bekalta,5014.0,75.0,Titre Bleu,Oui,Non précisé,Moyen standing,1.0,1.0,Oui,Non,Oui,Non,Oui,Non,0.0,Oui,Non,Non
menzili,https://www.menzili.tn/annonce/v153-villa-du-charme-nabeul-hammamet-143439,Appartement,2150000.0,2025-06-12,Nabeul,Hammamet,Hammamet,8050.0,480.0,Non,Non,Non précisé,Luxe,3.0,4.0,Oui,Non,Oui,Oui,Oui,Oui,,Non,Non,Oui
menzili,https://www.menzili.tn/annonce/appartement-s2-a-vendre-monastir-el-falaise-monastir-monastir-143351,Appartement,250000.0,2025-06-10,Monastir,Monastir,Monastir,5000.0,97.0,Titre Bleu,Non,Non précisé,Non précisé,2.0,1.0,Non,Oui,Oui,Non,Non,Non,,Non,Non,Non
menzili,https://www.menzili.tn/annonce/l478-appartement-cerise-nabeul-hammamet-143235,Appartement,,2025-06-04,Nabeul,Hammamet,Hammamet,8050.0,,Non,Non,Non précisé,Haut standing,1.0,,Non,Non,Oui,Oui,Non,Oui,2.0,Non,Non,Oui
menzili,https://www.menzili.tn/annonce/A-vendre-superbe-appartement-s-2-front-de-mer-a-chatt-meriem-sousse-akouda-143226,Appartement,,2025-06-04,Sousse,Akouda,chatt mariem sousse,4022.0,119.0,Non,Oui,Non précisé,Moyen standing,2.0,1.0,Non,Non,Oui,Oui,Oui,Oui,2.0,Oui,Non,Oui
menzili,https://www.menzili.tn/annonce/appartements-menzeh-1-ariana-menzah-132774,Appartement,,2024-07-09,Ariana,Menzah,El menzah 1,1004.0,72.0,Non,Non,Rénové,Haut standing,2.0,1.0,Non,Non,Oui,Non,Oui,Non,0.0,Oui,Oui,Non
menzili,https://www.menzili.tn/annonce/a-vendre-appartement-s2-avec-jardin-ariana-lasoukra-143211,Appartement,245000.0,2025-06-04,Ariana,La Soukra,Borj louzir,2036.0,122.0,Non,Non,Non précisé,Haut standing,2.0,1.0,Oui,Non,Oui,Non,Oui,Oui,0.0,Non,Non,Oui
menzili,https://www.menzili.tn/annonce/l546-villa-razan-nabeul-hammamet-143192,Appartement,9800.0,2025-06-03,Nabeul,Hammamet,Hammamet,8050.0,500.0,Non,Non,Non précisé,Moyen standing,5.0,6.0,Oui,Non,Oui,Oui,Non,Oui,0.0,Non,Non,Oui
menzili,https://www.menzili.tn/annonce/v552-villa-libre-2-nabeul-hammametsud-143173,Appartement,650000.0,2025-06-03,Nabeul,Hammamet Sud,contact@smart-owner.com,8050.0,750.0,Non,Non,Neuf,Haut standing,3.0,2.0,Oui,Non,Oui,Oui,Oui,Oui,0.0,Non,Non,Oui
menzili,https://www.menzili.tn/annonce/jolie-appartement-ariana-borjlouzir-143124,Appartement,,2025-05-31,Ariana,Borj Louzir,jolie apparemment,2073.0,98.0,Non,Non,Non précisé,Non précisé,2.0,1.0,Non,Oui,Oui,Non,Non,Oui,1.0,Non,Non,Non
menzili,https://www.menzili.tn/annonce/villas-appartements-amp-duplex-neufs-a-la-soukra-direct-promoteur-ariana-lasoukra-143108,Appartement,3800.0,2025-05-31,Ariana,La Soukra,La Soukra,2036.0,,Non,Non,Neuf,Haut standing,,,Non,Non,Oui,Oui,Oui,Oui,,Oui,Non,Oui
menzili,https://www.menzili.tn/annonce/a-vendre-un-appartement-s-2-residence-le-fort-1-nabeul-nabeul-143017,Appartement,350000.0,2025-05-29,Nabeul,Nabeul,Résidence Le Fort 1,8000.0,107.0,Non,Oui,Non précisé,Luxe,2.0,1.0,Oui,Non,Oui,Non,Oui,Oui,1.0,Oui,Non,Oui
menzili,https://www.menzili.tn/annonce/A-vendre-superbe-appartement-s-2-avec-vue-mer-bilaterale-kantaoui-sousse-kantaoui-143008,Appartement,490000.0,2025-05-29,Sousse,Kantaoui,Kantaoui,4089.0,98.0,Oui,Oui,Bon état,Moyen standing,2.0,1.0,Non,Non,Oui,Non,Non,Non,,Non,Non,Non
menzili,https://www.menzili.tn/annonce/appartement-s2-a-vendre-monastir-el-agba-monastir-monastir-142977,Appartement,220000.0,2025-05-28,Monastir,Monastir,Monastir,5000.0,86.0,Non,Non,Bon état,Moyen standing,2.0,1.0,Non,Non,Oui,Non,Non,Non,,Non,Non,Non
menzili,https://www.menzili.tn/annonce/vendre-s-2-en-cours-de-construction-et-directement-promoteur-mahdia-mahdia-137377,Appartement,374000.0,2024-12-06,Mahdia,Mahdia,mahdia,5100.0,101.0,Non,Non,Neuf,Non précisé,2.0,1.0,Non,Non,Oui,Non,Non,Non,,Oui,Non,Non
menzili,https://www.menzili.tn/annonce/a-vendre-s-3-haut-standing-directement-au-promoteur-baghdedi-mahdia-mahdia-140351,Appartement,350000.0,2025-03-06,Mahdia,Mahdia,2024,5100.0,122.0,Non,Oui,Non précisé,Haut standing,3.0,2.0,Non,Non,Oui,Non,Non,Non,2.0,Oui,Non,Oui
menzili,https://www.menzili.tn/annonce/a-vendre-appartement-s-1-vue-sur-mer-a-baghdedi-plage-mahdia-mahdia-137278,Appartement,180000.0,2024-12-04,Mahdia,Mahdia,mahdia,5100.0,77.0,Non,Oui,Non précisé,Non précisé,1.0,1.0,Non,Oui,Oui,Non,Non,Non,,Non,Non,Non
menzili,https://www.menzili.tn/annonce/a-vendre-s-2-neuf-et-vue-sur-mer-a-baghdedi-plage-mahdia-mahdia-137281,Appartement,270000.0,2024-12-04,Mahdia,Mahdia,mahdia,5100.0,76.0,Non,Oui,Neuf,Non précisé,2.0,1.0,Non,Oui,Oui,Non,Non,Non,1.0,Non,Non,Non
menzili,https://www.menzili.tn/annonce/un-appartement-s-2-a-vendre-situe-a-kantaoui-sousse-kantaoui-142915,Appartement,360000.0,2025-05-27,Sousse,Kantaoui,Kantaoui,4089.0,109.0,Non,Non,Non précisé,Haut standing,2.0,1.0,Non,Oui,Oui,Non,Oui,Non,1.0,Oui,Non,Oui
menzili,https://www.menzili.tn/annonce/appartement-s-3-a-vendre-a-la-soukra-ariana-lasoukra-142885,Appartement,490000.0,2025-05-27,Ariana,La Soukra,La Soukra,2036.0,147.0,Non,Non,Non précisé,Non précisé,3.0,2.0,Non,Non,Oui,Non,Non,Non,,Non,Non,Non
menzili,https://www.menzili.tn/annonce/appartement-s-1-a-vendre-a-montfleury-tunis-sidielbechir-142881,Appartement,100000.0,2025-05-27,Tunis,Sidi El Béchir,Sidi El Béchir,1002.0,55.0,Non,Non,Non précisé,Non précisé,,,Non,Non,Oui,Non,Non,Non,,Non,Non,Non
menzili,https://www.menzili.tn/annonce/appartement-s-2-a-vendre-a-monfleury-tunis-sidielbechir-142880,Appartement,110000.0,2025-05-27,Tunis,Sidi El Béchir,Montfleury,1002.0,66.0,Non,Non,Non précisé,Non précisé,2.0,1.0,Non,Non,Oui,Non,Non,Non,,Non,Non,Non
menzili,https://www.menzili.tn/annonce/appartement-de-luxe-meuble-a-vendre-pret-a-habiter-a-metline-bizerte-bizerte-rasjebel-142871,Appartement,,2025-05-26,Bizerte,Ras Jebel,https://maps.app.goo.gl/EJmnTAFibf2AGRZr6?g_st=ic,7025.0,120.0,Non,Oui,Rénové,Luxe,2.0,2.0,Non,Non,Oui,Non,Oui,Non,1.0,Non,Non,Oui
menzili,https://www.menzili.tn/annonce/appartement-s2-a-vendre-mahdia-a-proximite-de-l-hopital-taher-sfar-mahdia-mahdia-142860,Appartement,225000.0,2025-05-26,Mahdia,Mahdia,Mahdia,5100.0,90.0,Non,Non,Non précisé,Moyen standing,2.0,1.0,Oui,Oui,Oui,Non,Non,Non,,Non,Non,Non
menzili,https://www.menzili.tn/annonce/duplex-ennasr-ariana-ennasr-142849,Appartement,560000.0,2025-05-26,Ariana,Ennasr,Ennasr,2037.0,200.0,Non,Non,Non précisé,Luxe,3.0,2.0,Oui,Oui,Oui,Non,Oui,Non,5.0,Oui,Non,Non
menzili,https://www.menzili.tn/annonce/des-s-1-encours-de-construction-a-hammamet-a-vendre-51355351-nabeul-hammametnord-142830,Appartement,,2025-05-25,Nabeul,Hammamet Nord,Hammamet Nord,8050.0,80.0,Non,Non,Non précisé,Non précisé,1.0,1.0,Non,Non,Oui,Non,Non,Non,1.0,Non,Non,Non
menzili,https://www.menzili.tn/annonce/un-spacieux-appartement-s-2-rdc-a-vendre-a-nabeul-51355351-nabeul-nabeul-142825,Appartement,235000.0,2025-05-25,Nabeul,Nabeul,Nabeul,8000.0,150.0,Titre Individuel,Non,Non précisé,Moyen standing,2.0,1.0,Non,Non,Oui,Non,Oui,Oui,0.0,Non,Non,Oui
menzili,https://www.menzili.tn/annonce/a-vendre-appartement-neuf-et-moderne-a-plage-ezzahra-kelibia-nabeul-hammamghezeze-142776,Appartement,245000.0,2025-05-23,Nabeul,Kélibia 8090,Ezzahra,2034.0,111.0,Non,Non,Neuf,Luxe,2.0,1.0,Oui,Oui,Oui,Non,Non,Non,1.0,Non,Non,Oui
menzili,https://www.menzili.tn/annonce/a-vendre-chic-appartement-style-americain-ras-jebel-bizerte-rasjebel-142765,Appartement,160000.0,2025-05-23,Bizerte,Ras Jebel,Ras Jebel,7025.0,150.0,Oui,Non,Non précisé,Moyen standing,4.0,2.0,Non,Non,Oui,Non,Non,Non,2.0,Non,Non,Non
menzili,https://www.menzili.tn/annonce/pour-la-vente-appartement-s-2-benarous-megrine-142748,Appartement,150000.0,2025-05-23,Ben Arous,Mégrine,chouchet rades,2033.0,100.0,Non,Non,Rénové,Non précisé,2.0,1.0,Non,Non,Oui,Non,Non,Non,2.0,Non,Non,Non
menzili,https://www.menzili.tn/annonce/appartement-s1-a-vendre-zone-touristique-mahdia-mahdia-mahdia-142742,Appartement,,2025-05-23,Mahdia,Mahdia,Mahdia,5100.0,60.0,Non,Non,Non précisé,Moyen standing,1.0,1.0,Non,Oui,Oui,Non,Oui,Non,,Non,Non,Non
menzili,https://www.menzili.tn/annonce/s-2-tres-calme-proche-pole-technologique-ghazela-ariana-raoued-142737,Appartement,180000.0,2025-05-23,Ariana,Raoued,https://maps.app.goo.gl/2CGWyigf9hgCfFpY7,2083.0,80.0,Non,Non,Bon état,Moyen standing,2.0,1.0,Non,Non,Oui,Non,Oui,Non,2.0,Non,Non,Oui
menzili,https://www.menzili.tn/annonce/appartement-s-3-manzah-9-ariana-menzah-142726,Appartement,,2025-05-23,Ariana,Menzah,Manzah 9b residence raihane derriere le marché mun,1004.0,140.0,Oui,Non,Rénové,Moyen standing,3.0,1.0,Non,Non,Oui,Non,Oui,Non,2.0,Non,Non,Non
menzili,https://www.menzili.tn/annonce/a-vendre-un-appartement-s-2-situe-a-sahloul-4-sousse-sahloul-142721,Appartement,,2025-05-22,Sousse,Sahloul,Sahloul 4,4054.0,11612.0,Non,Non,Non précisé,Moyen standing,2.0,1.0,Non,Non,Oui,Non,Oui,Non,,Non,Non,Oui
menzili,https://www.menzili.tn/annonce/appartement-s-3-de-145-m-benarous-ezzahra-142717,Appartement,360000.0,2025-05-22,Ben Arous,Ezzahra,Ezzahra,2034.0,144.0,Non,Non,Non précisé,Haut standing,3.0,2.0,Oui,Oui,Oui,Non,Oui,Non,5.0,Oui,Non,Oui
menzili,https://www.menzili.tn/annonce/v494-appartement-rama-1-mrezga-hammamet-nabeul-mrezga-142710,Appartement,430000.0,2025-05-22,Nabeul,Mrezga,HAMMAMET,8058.0,210.0,Non,Non,Neuf,Haut standing,2.0,1.0,Non,Non,Oui,Non,Oui,Oui,0.0,Non,Non,Oui
menzili,https://www.menzili.tn/annonce/appartement-a-vendre-sousse-akouda-142701,Appartement,,2025-05-22,Sousse,Akouda,Tantana Chat Meryem,4022.0,52.0,Titre Individuel,Oui,Non précisé,Haut standing,1.0,1.0,Non,Non,Oui,Oui,Non,Non,1.0,Non,Non,Oui
menzili,https://www.menzili.tn/annonce/un-appartement-s-2-a-hammamet-nord-a-vendre-51355351-nabeul-hammametnord-142653,Appartement,265000.0,2025-05-21,Nabeul,Hammamet Nord,Hammamet Nord,8050.0,90.0,Oui,Non,Non précisé,Moyen standing,2.0,1.0,Oui,Non,Oui,Non,Oui,Non,1.0,Non,Non,Non
menzili,https://www.menzili.tn/annonce/un-penthouse-s4-tunis-lekram-142634,Appartement,1250000.0,2025-05-21,Tunis,Le Kram,les Jardins de Carthage,2015.0,350.0,Non,Non,Non précisé,Moyen standing,4.0,5.0,Oui,Non,Oui,Non,Oui,Non,,Non,Non,Oui
menzili,https://www.menzili.tn/annonce/premier-etage-d-une-villa-a-vendre-a-carthage-yasmina-tunis-carthage-142613,Appartement,,2025-05-20,Tunis,Carthage,Carthage,2016.0,183.0,Titre Bleu,Non,Non précisé,Non précisé,6.0,1.0,Non,Non,Oui,Non,Non,Non,1.0,Non,Non,Non
menzili,https://www.menzili.tn/annonce/appartement-s-3-benarous-ezzahra-142575,Appartement,360000.0,2025-05-20,Ben Arous,Ezzahra,riahiimmobilier@gmail.com,2034.0,144.0,Non,Non,Non précisé,Haut standing,3.0,2.0,Oui,Oui,Oui,Non,Oui,Non,5.0,Oui,Non,Oui
menzili,https://www.menzili.tn/annonce/un-appartement-s2-a-ain-zaghouan-tunis-lamarsa-142548,Appartement,2000.0,2025-05-19,Tunis,La Marsa,Ain Zaghouan nord,2070.0,150.0,Non,Non,Neuf,Moyen standing,2.0,2.0,Non,Non,Oui,Non,Oui,Non,,Non,Non,Oui
menzili,https://www.menzili.tn/annonce/appartement-s-3-hedi-nouira-ariana-borjlouzir-142542,Appartement,400000.0,2025-05-19,Ariana,Borj Louzir,Hédi Nouira,2073.0,118.0,Non,Non,Non précisé,Haut standing,3.0,2.0,Oui,Oui,Oui,Non,Oui,Non,1.0,Non,Non,Oui
menzili,https://www.menzili.tn/annonce/sublime-appartement-s-2-rdc-hammamet-nabeul-hammamet-142541,Appartement,,2025-05-19,Nabeul,Hammamet,Hammamet,8050.0,110.0,Non,Non,Neuf,Moyen standing,2.0,1.0,Non,Non,Oui,Non,Oui,Oui,1.0,Non,Non,Oui
menzili,https://www.menzili.tn/annonce/--appartements-neufs-aux-jardins-de-carthage-livraison-2027-ref-tn1630-tunis-jardindecarthage-142489,Appartement,30000.0,2025-05-16,Tunis,Jardin De Carthage,Jardin De Carthage,2016.0,,Non,Non,Neuf,Moyen standing,,,Non,Non,Oui,Oui,Non,Oui,,Oui,Non,Non
menzili,https://www.menzili.tn/annonce/un-appartement-s-1-a-raoued-plage-limite-gammarth-ariana-raoued-142524,Appartement,170000.0,2025-05-17,Ariana,Raoued,Raoued Plage Gammarth,2083.0,85.0,Non,Oui,Non précisé,Moyen standing,1.0,1.0,Non,Non,Oui,Non,Non,Non,2.0,Non,Non,Oui
menzili,https://www.menzili.tn/annonce/appartement-s2-raoued-plage-ariana-raoued-142510,Appartement,185000.0,2025-05-16,Ariana,Raoued,Raoued,2083.0,91.0,Titre Individuel,Oui,Non précisé,Haut standing,2.0,1.0,Oui,Oui,Oui,Non,Oui,Non,4.0,Oui,Non,Non
menzili,https://www.menzili.tn/annonce/magnifique-appartement-avec-piscine-a-vendre-la-zone-touristique-de-monastir-monastir-monastir-142508,Appartement,380000.0,2025-05-16,Monastir,Monastir,Monastir,5000.0,95.0,Non,Non,Non précisé,Haut standing,2.0,1.0,Non,Non,Oui,Oui,Non,Non,,Non,Non,Non
menzili,https://www.menzili.tn/annonce/ref-v257-appartement-fragola-nabeul-hammametnord-142501,Appartement,350000.0,2025-05-16,Nabeul,Hammamet Nord,samiraimmohammamet@gmail.com,8050.0,100.0,Non,Non,Non précisé,Non précisé,,,Non,Non,Oui,Non,Non,Non,0.0,Non,Non,Non
menzili,https://www.menzili.tn/annonce/--A-vendre-appartements-dans-une-residence-haut-standing-r-2--ariana-chotrana-142487,Appartement,,2025-05-16,Ariana,Chotrana,lac 2 en face clinique hannibal,2086.0,47.0,Non,Non,Neuf,Haut standing,1.0,1.0,Non,Non,Oui,Non,Non,Non,,Non,Non,Non
menzili,https://www.menzili.tn/annonce/appartement-a-tantana-sousse-akouda-142478,Appartement,285000.0,2025-05-16,Sousse,Akouda,a vendre un bel appartement,4022.0,100.0,Non,Oui,Non précisé,Haut standing,2.0,1.0,Non,Oui,Oui,Non,Oui,Non,2.0,Oui,Non,Oui
menzili,https://www.menzili.tn/annonce/appartement-s3-riadh-landalous-ariana-arianaville-142469,Appartement,450000.0,2025-05-15,Ariana,Ariana Ville,Ariana Ville,2080.0,150.0,Titre Individuel,Non,Non précisé,Haut standing,3.0,3.0,Oui,Oui,Oui,Non,Oui,Non,1.0,Non,Non,Non
menzili,https://www.menzili.tn/annonce/un-appartement-s3-a-la-soukra-ariana-lasoukra-142435,Appartement,475000.0,2025-05-15,Ariana,La Soukra,La Soukra,2036.0,,Non,Non,Non précisé,Luxe,3.0,2.0,Oui,Oui,Oui,Oui,Oui,Oui,2.0,Oui,Non,Oui
menzili,https://www.menzili.tn/annonce/A-vendre-appartements-dans-une-residence-haut-standing-r-5--ariana-ghazela-142226,Appartement,242000.0,2025-05-09,Ariana,Ghazela,lac 2 en face clinique hannibal,1053.0,47.0,Non,Non,Non précisé,Haut standing,1.0,1.0,Non,Non,Oui,Non,Non,Oui,,Oui,Non,Non
menzili,https://www.menzili.tn/annonce/a-vendre-s-4-a-ain-zaghouan-avec-deux-places-de-parking-2-cellier-photovoltaique-tunis-ainzaghouan-141398,Appartement,420000.0,2025-04-14,Tunis,Aïn Zaghouan,Ain Zaghouan,1100.0,200.0,Non,Non,Bon état,Haut standing,4.0,3.0,Oui,Oui,Oui,Non,Oui,Non,2.0,Oui,Non,Oui
menzili,https://www.menzili.tn/annonce/appartement-s3-a-vendre-a-gammarth-tunis-lamarsa-142429,Appartement,785000.0,2025-05-15,Tunis,La Marsa,La Marsa,2070.0,126.0,Non,Non,Non précisé,Moyen standing,3.0,3.0,Oui,Non,Oui,Non,Oui,Non,2.0,Non,Non,Non
menzili,https://www.menzili.tn/annonce/studio-haut-standing-a-l-aouina-tunis-laouina-142427,Appartement,250000.0,2025-05-15,Tunis,L'aouina,L'aouina,1000.0,,Non,Non,Non précisé,Haut standing,,,Non,Non,Oui,Non,Oui,Non,,Non,Non,Non
menzili,https://www.menzili.tn/annonce/appartement-s3-cite-olympique-tunis-citeelkhadra-142406,Appartement,280000.0,2025-05-14,Tunis,Cité El Khadra,Cité El Khadra,1003.0,130.0,Titre Individuel,Non,Rénové,Haut standing,3.0,1.0,Non,Oui,Oui,Non,Oui,Non,3.0,Oui,Non,Non
menzili,https://www.menzili.tn/annonce/appartement-s2-A-vendre-monastir-centre-ville-monastir-monastir-142405,Appartement,180000.0,2025-05-14,Monastir,Monastir,Monastir,5000.0,120.0,Non,Non,Non précisé,Non précisé,2.0,1.0,Non,Non,Oui,Non,Non,Non,,Non,Non,Non
menzili,https://www.menzili.tn/annonce/appartement-s2-A-vendre-monastir-centre-ville-monastir-monastir-142404,Appartement,180000.0,2025-05-14,Monastir,Monastir,Monastir,5000.0,120.0,Non,Non,Non précisé,Non précisé,2.0,1.0,Non,Non,Oui,Non,Non,Non,,Non,Non,Non
menzili,https://www.menzili.tn/annonce/appartement-a-vendre-falaise-monastir-direct-promoteur-monastir-monastir-142401,Appartement,,2025-05-14,Monastir,Monastir,Monastir,5000.0,,Non,Non,Non précisé,Haut standing,,,Non,Non,Oui,Non,Non,Non,,Non,Non,Non
menzili,https://www.menzili.tn/annonce/appartement-a-vendre-a-palme-lake-resort-folla-monastir-monastir-monastir-142389,Appartement,,2025-05-14,Monastir,Monastir,Monastir,5000.0,96.0,Non,Non,Non précisé,Haut standing,2.0,1.0,Non,Non,Oui,Oui,Non,Non,,Non,Non,Non
menzili,https://www.menzili.tn/annonce/v339-villa-aicha-hammamet-nabeul-hammametsud-142377,Appartement,3900000.0,2025-05-14,Nabeul,Hammamet Sud,HAMMAMET,8050.0,700.0,Non,Non,Non précisé,Haut standing,5.0,6.0,Oui,Non,Oui,Oui,Oui,Oui,0.0,Non,Non,Oui
menzili,https://www.menzili.tn/annonce/appartement-s-4-benarous-ezzahra-142357,Appartement,380000.0,2025-05-13,Ben Arous,Ezzahra,Ezzahra,2034.0,,Non,Non,Non précisé,Haut standing,5.0,3.0,Oui,Oui,Oui,Non,Oui,Non,,Oui,Non,Oui
menzili,https://www.menzili.tn/annonce/un-appartement-s-3-a-vendre-situe-a-garanemssa-sousse-soussemedina-141960,Appartement,420000.0,2025-05-02,Sousse,Sousse Médina,Sousse Médina,1008.0,110.0,Non,Non,Non précisé,Moyen standing,3.0,1.0,Non,Oui,Oui,Non,Oui,Non,,Non,Non,Oui
menzili,https://www.menzili.tn/annonce/appartement-s2-proche-carrefour-marsa-tunis-lamarsa-142349,Appartement,240000.0,2025-05-13,Tunis,La Marsa,La Marsa,2070.0,100.0,Titre Individuel,Non,Non précisé,Non précisé,2.0,1.0,Non,Non,Oui,Non,Oui,Oui,0.0,Non,Non,Non
menzili,https://www.menzili.tn/annonce/appartement-a-vendre-rond-point-menzel-chaker-et-l-aeroport-sfax-sfax-routemenzelchaker-142325,Appartement,105000.0,2025-05-12,Sfax,Route Menzel Chaker,Rond-point Menzel Chaker et Matar Sfax.,3051.0,116.0,Non,Non,Non précisé,Non précisé,3.0,1.0,Non,Non,Oui,Non,Non,Non,3.0,Oui,Non,Non
menzili,https://www.menzili.tn/annonce/appartement-s3-a-vendre-sur-plan-a-gammarth-tunis-lamarsa-142310,Appartement,1700000.0,2025-05-12,Tunis,La Marsa,La Marsa,2070.0,113.0,Non,Non,Neuf,Luxe,3.0,3.0,Oui,Non,Oui,Oui,Non,Non,2.0,Non,Oui,Non
menzili,https://www.menzili.tn/annonce/appartement-s3-a-vendre-sur-plan-a-gammarth-tunis-lamarsa-142309,Appartement,785000.0,2025-05-12,Tunis,La Marsa,La Marsa,2070.0,126.0,Non,Non,Neuf,Luxe,3.0,3.0,Oui,Non,Oui,Non,Non,Non,2.0,Non,Oui,Non
menzili,https://www.menzili.tn/annonce/appartement-s2-a-vendre-sur-plan-a-gammarth-tunis-lamarsa-142308,Appartement,870000.0,2025-05-12,Tunis,La Marsa,La Marsa,2070.0,109.0,Non,Non,Neuf,Luxe,2.0,3.0,Oui,Non,Oui,Oui,Non,Non,1.0,Non,Oui,Non
menzili,https://www.menzili.tn/annonce/appartement-s2-a-vendre-sur-plan-a-gammarth-tunis-lamarsa-142307,Appartement,550000.0,2025-05-12,Tunis,La Marsa,La Marsa,2070.0,95.0,Non,Non,Neuf,Luxe,2.0,3.0,Oui,Non,Oui,Non,Non,Non,1.0,Non,Oui,Non
menzili,https://www.menzili.tn/annonce/appartement-s1-a-vendre-sur-plan-a-gammarth-tunis-lamarsa-142306,Appartement,495000.0,2025-05-12,Tunis,La Marsa,La Marsa,2070.0,95.0,Non,Non,Neuf,Luxe,1.0,1.0,Non,Non,Oui,Non,Non,Non,0.0,Non,Oui,Non
menzili,https://www.menzili.tn/annonce/maison-a-vendre-borj-louzir-ariana-ariana-borjlouzir-142284,Appartement,,2025-05-11,Ariana,Borj Louzir,Borj Louzir Ariana,2073.0,80.0,Non,Non,Non précisé,Moyen standing,2.0,1.0,Non,Non,Oui,Non,Non,Non,1.0,Non,Non,Non
menzili,https://www.menzili.tn/annonce/deux-appartements-a-vendre-a-sidi-achour-nabeul-51355351-nabeul-nabeul-142276,Appartement,185000.0,2025-05-11,Nabeul,Nabeul,Nabeul,8000.0,172.0,Non,Non,Non précisé,Non précisé,3.0,2.0,Non,Non,Oui,Non,Non,Non,2.0,Non,Non,Non
menzili,https://www.menzili.tn/annonce/appartement-s-4-khezama-sousse-avenue-des-palmiers-sousse-soussejawhara-142272,Appartement,559000.0,2025-05-10,Sousse,Khézama,Avenue des Palmiers,4000.0,169.0,Non,Non,Neuf,Non précisé,4.0,2.0,Oui,Oui,Oui,Non,Non,Non,1.0,Non,Non,Non
menzili,https://www.menzili.tn/annonce/un-appartement-a-vendre-situe-a-sahloul-4-sousse-soussejawhara-142269,Appartement,,2026-03-30,a 503 Service Unavailable error was encountered while trying to use an ErrorDocument to handle the request.,Additionally,Additionally,,,Non,Non,Non précisé,Non précisé,,,Non,Non,Non,Non,Non,Non,,Non,Non,Non
menzili,https://www.menzili.tn/annonce/A-vendre-immeuble-compose-de-4-appartements-ideal-investissement-locatif-proche-plage-medenine-djerbamidoun-142246,Appartement,,2026-03-30,,,,,,Non,Non,Non précisé,Non précisé,,,Non,Non,Non,Non,Non,Non,,Non,Non,Non
menzili,https://www.menzili.tn/annonce/appartement-s1-a-vendre-sur-plan-a-gammarth-tunis-lamarsa-142243,Appartement,,2026-03-30,,,,,,Non,Non,Non précisé,Non précisé,,,Non,Non,Non,Non,Non,Non,,Non,Non,Non
menzili,https://www.menzili.tn/annonce/appartement-a-vendre-situe-a-raoued-ariana-ghazela-140294,Appartement,,2025-03-05,Ariana,Ghazela,raoued,2083.0,45.0,Titre Bleu,Non,Non précisé,Luxe,1.0,1.0,Non,Non,Oui,Non,Oui,Non,,Oui,Non,Oui
menzili,https://www.menzili.tn/annonce/appartement-s-1-neuf-a-vendre-a-cite-souani-meuble-monastir-monastir-142233,Appartement,244000.0,2025-05-09,Monastir,Monastir,Monastir,5000.0,,Non,Non,Neuf,Haut standing,1.0,1.0,Non,Non,Oui,Non,Non,Non,,Non,Non,Non
menzili,https://www.menzili.tn/annonce/un-spacieux-appartement-s-2-rdc-a-vendre-a-nabeul-51355351-nabeul-nabeul-142220,Appartement,235000.0,2025-05-09,Nabeul,Nabeul,Nabeul,8000.0,150.0,Titre Individuel,Non,Non précisé,Moyen standing,2.0,1.0,Non,Non,Oui,Non,Oui,Oui,0.0,Non,Non,Oui
menzili,https://www.menzili.tn/annonce/A-vendre-magnifique-s-2-neuf-a-la-marsa-tunis-lamarsa-142201,Appartement,,2025-05-08,Tunis,La Marsa,La Marsa,2070.0,98.0,Non,Non,Neuf,Moyen standing,2.0,1.0,Non,Non,Oui,Non,Oui,Non,,Oui,Non,Oui
menzili,https://www.menzili.tn/annonce/un-appartement-s-1-tout-neuf-a-vendre-a-afh-mrezga-51355351-nabeul-mrezga-142178,Appartement,245000.0,2025-05-08,Nabeul,Mrezga,Mrezga,8058.0,74.0,Non,Non,Neuf,Haut standing,1.0,1.0,Non,Non,Oui,Non,Oui,Oui,1.0,Oui,Non,Oui
menzili,https://www.menzili.tn/annonce/un-appartement-s2-haut-standing-ariana-arianaville-142173,Appartement,270000.0,2025-05-07,Ariana,Ariana Ville,Ariana Ville,2080.0,90.0,Titre Individuel,Non,Non précisé,Haut standing,2.0,1.0,Non,Non,Oui,Non,Oui,Non,2.0,Non,Non,Non
menzili,https://www.menzili.tn/annonce/terrain-a-vendre-zone-industrielle-mahdia-mahdia-mahdia-142170,Appartement,208800.0,2025-05-07,Mahdia,Mahdia,Mahdia,5100.0,1740.0,Oui,Non,Non précisé,Non précisé,1.0,,Non,Non,Oui,Non,Non,Non,,Non,Non,Non
menzili,https://www.menzili.tn/annonce/appartement-s2-menzah-7-ariana-arianaville-142169,Appartement,250000.0,2025-05-07,Ariana,Ariana Ville,Ariana Ville,2080.0,90.0,Titre Individuel,Non,Non précisé,Haut standing,2.0,1.0,Oui,Oui,Oui,Non,Oui,Non,1.0,Non,Non,Non
menzili,https://www.menzili.tn/annonce/appartement-s1-nouvelle-soukra-ariana-lasoukra-142166,Appartement,225000.0,2025-05-07,Ariana,La Soukra,La Soukra,2036.0,67.0,Non,Non,Non précisé,Haut standing,1.0,,Oui,Oui,Oui,Non,Oui,Non,5.0,Non,Non,Non
menzili,https://www.menzili.tn/annonce/appartement-s3-soukra-ariana-lasoukra-142164,Appartement,300000.0,2025-05-07,Ariana,La Soukra,La Soukra,2036.0,125.0,Non,Non,Neuf,Moyen standing,3.0,1.0,Non,Oui,Oui,Non,Oui,Non,0.0,Non,Non,Non
menzili,https://www.menzili.tn/annonce/ref-v254-appartement-kounouz-nabeul-hammamet-142163,Appartement,400000.0,2025-05-07,Nabeul,Hammamet,Hammamet,8050.0,,Non,Non,Non précisé,Moyen standing,2.0,1.0,Non,Non,Oui,Non,Oui,Non,,Non,Non,Oui
menzili,https://www.menzili.tn/annonce/ref-v255-appartement-coquillage-nabeul-hammamet-142161,Appartement,420000.0,2025-05-07,Nabeul,Hammamet,Hammamet,8050.0,,Non,Non,Non précisé,Haut standing,2.0,1.0,Non,Non,Oui,Oui,Oui,Non,1.0,Non,Non,Oui
menzili,https://www.menzili.tn/annonce/appartement-s-1-a-vendre-a-afh-mrezga-51355351-nabeul-mrezga-142146,Appartement,,2025-05-07,Nabeul,Mrezga,Mrezga,8058.0,78.0,Non,Non,Non précisé,Non précisé,1.0,1.0,Non,Non,Oui,Non,Non,Non,2.0,Non,Non,Non
menzili,https://www.menzili.tn/annonce/appartement-s2-au-premier-position-de-la-mer-monastir-corniche-monastir-monastir-142113,Appartement,480000.0,2025-05-06,Monastir,Monastir,Monastir,5000.0,100.0,Titre Bleu,Non,Non précisé,Moyen standing,2.0,2.0,Non,Oui,Oui,Non,Oui,Non,,Non,Non,Non
menzili,https://www.menzili.tn/annonce/appartement-semi-meuble-tunis-lebardo-142101,Appartement,75000.0,2025-05-06,Tunis,Le Bardo,Kasar said sprols,2000.0,60.0,Non,Non,Bon état,Non précisé,1.0,1.0,Non,Non,Oui,Non,Non,Non,4.0,Non,Non,Oui
menzili,https://www.menzili.tn/annonce/a-vendre-un-appartement-s3-a-ennaser-2-ariana-arianaville-142083,Appartement,330000.0,2025-05-06,Ariana,Ariana Ville,Ennaser 2,2080.0,150.0,Non,Non,Non précisé,Haut standing,3.0,1.0,Non,Oui,Oui,Non,Oui,Non,,Oui,Non,Oui
menzili,https://www.menzili.tn/annonce/des-appartements-s-2-tout-neuf-a-vendre-a-hammamet-51355351-nabeul-hammamet-142074,Appartement,385000.0,2025-05-06,Nabeul,Hammamet,Hammamet,8050.0,109.0,Non,Non,Neuf,Non précisé,2.0,1.0,Non,Non,Oui,Non,Non,Non,1.0,Non,Non,Non
menzili,https://www.menzili.tn/annonce/appartement-benarous-rades-141888,Appartement,260000.0,2025-04-30,Ben Arous,Radès,rdes melliene,2013.0,125.0,Non,Non,Non précisé,Haut standing,2.0,1.0,Non,Non,Oui,Non,Oui,Non,,Oui,Non,Oui
menzili,https://www.menzili.tn/annonce/appartement-s2-zone-touristique-mahdia-mahdia-mahdia-142059,Appartement,237000.0,2025-05-05,Mahdia,Mahdia,Mahdia,5100.0,80.0,Titre Bleu,Non,Non précisé,Non précisé,2.0,1.0,Non,Oui,Oui,Non,Non,Non,,Non,Non,Non
menzili,https://www.menzili.tn/annonce/appartement-s-3-a-vendre-ben-arous-benarous-elmourouj-142055,Appartement,128000.0,2025-05-05,Ben Arous,El Mourouj,Ben Arous,2074.0,90.0,Oui,Non,Rénové,Moyen standing,4.0,1.0,Oui,Oui,Oui,Non,Oui,Non,4.0,Non,Non,Non
menzili,https://www.menzili.tn/annonce/a-vendre-appartement-de-99-m-sousse-sahloul-142033,Appartement,290000.0,2025-05-05,Sousse,Sahloul,Sahloul,4054.0,99.0,Non,Non,Neuf,Haut standing,2.0,1.0,Non,Oui,Oui,Non,Non,Non,,Non,Non,Oui
menzili,https://www.menzili.tn/annonce/A-vendre-appartement-s-1-a-ain-zaghouan-tunis-ainzaghouan-142027,Appartement,285000.0,2025-05-05,Tunis,Aïn Zaghouan,Ain Zaghouan,1100.0,66.0,Non,Non,Non précisé,Haut standing,1.0,1.0,Non,Oui,Oui,Non,Oui,Non,5.0,Oui,Non,Oui
menzili,https://www.menzili.tn/annonce/A-vendre-appartement-meuble-en-rez-de-chaussee-emplacement-strategique-a-monastir-monastir-monastir-141991,Appartement,150000.0,2025-05-03,Monastir,Monastir,Monastir,5000.0,60.0,Non,Non,Bon état,Moyen standing,2.0,1.0,Non,Non,Oui,Non,Non,Non,0.0,Non,Non,Non
menzili,https://www.menzili.tn/annonce/appartement-s2-zone-touristique-mahdia-mahdia-mahdia-141990,Appartement,340000.0,2025-05-03,Mahdia,Mahdia,Mahdia,5100.0,124.0,Titre Bleu,Non,Non précisé,Moyen standing,2.0,1.0,Non,Oui,Oui,Non,Non,Non,,Oui,Non,Non
menzili,https://www.menzili.tn/annonce/appartement-s-3-de-144-m-benarous-ezzahra-141959,Appartement,,2025-05-02,Ben Arous,Ezzahra,Ezzahra,2034.0,144.0,Non,Non,Non précisé,Haut standing,3.0,2.0,Oui,Oui,Oui,Non,Oui,Non,5.0,Oui,Non,Oui
menzili,https://www.menzili.tn/annonce/appartement-s-3-a-vendre-a-cite-olympique-tunis-citeolympique-141940,Appartement,295000.0,2025-05-02,Tunis,Cité Olympique,Cité Olympique,1000.0,104.0,Non,Non,Non précisé,Non précisé,3.0,1.0,Non,Oui,Oui,Non,Oui,Non,3.0,Non,Non,Non
menzili,https://www.menzili.tn/annonce/appartement-a-vendre-manouba-manoubaville-141910,Appartement,250000.0,2025-05-01,Manouba,Manouba Ville,Manouba Ville,2010.0,85.0,Non,Non,Neuf,Moyen standing,3.0,1.0,Non,Non,Oui,Non,Oui,Non,4.0,Oui,Non,Non
menzili,https://www.menzili.tn/annonce/a-vendre-appartement-s-2-nabeul-hammamet-141898,Appartement,490000.0,2025-05-01,Nabeul,Hammamet,Hammamet Sud,8050.0,130.0,Non,Non,Non précisé,Haut standing,2.0,2.0,Oui,Non,Oui,Oui,Oui,Non,0.0,Non,Non,Oui
menzili,https://www.menzili.tn/annonce/a-vendre-appartement-s-2-de-100m-A-hammamet-mrezgua-nabeul-hammamet-141897,Appartement,385000.0,2025-05-01,Nabeul,Hammamet,Hammamet Nord,8050.0,100.0,Non,Non,Non précisé,Moyen standing,2.0,2.0,Non,Oui,Oui,Non,Oui,Non,,Oui,Non,Non
menzili,https://www.menzili.tn/annonce/appartement-s2-directe-promoteur-monastir-skanes-monastir-monastir-141887,Appartement,450000.0,2025-04-30,Monastir,Monastir,Monastir,5000.0,103.0,Non,Non,Non précisé,Haut standing,2.0,1.0,Non,Non,Oui,Non,Oui,Non,4.0,Oui,Non,Non
menzili,https://www.menzili.tn/annonce/appartement-a-vendre-en-face-de-la-mer-a-la-falaise-de-monastir--monastir-monastir-141873,Appartement,,2025-04-30,Monastir,Monastir,Monastir,5000.0,100.0,Non,Oui,Non précisé,Haut standing,2.0,1.0,Non,Non,Oui,Non,Non,Non,,Non,Non,Non
menzili,https://www.menzili.tn/annonce/v519-appartement-sephora-2-miramar-app-nabeul-hammamet-141865,Appartement,490000.0,2025-04-30,Nabeul,Hammamet,HAMMAMET,8050.0,,Non,Non,Neuf,Non précisé,3.0,2.0,Oui,Non,Oui,Non,Non,Non,,Non,Non,Oui
menzili,https://www.menzili.tn/annonce/a-vendre-un-appartement-s-1-kelibia-ville-nabeul-kelibia-141861,Appartement,90000.0,2025-04-30,Nabeul,Kélibia,Route Hammam Al Ghezaz,8000.0,75.0,Non,Non,Non précisé,Moyen standing,1.0,1.0,Non,Oui,Oui,Non,Non,Non,2.0,Non,Non,Oui
menzili,https://www.menzili.tn/annonce/vente-appartement-au-bardo-2-tunis-lebardo-141840,Appartement,,2025-04-30,Tunis,Le Bardo,Le Bardo,2000.0,90.0,Non,Non,Non précisé,Haut standing,3.0,1.0,Non,Non,Oui,Non,Oui,Non,1.0,Oui,Non,Oui
menzili,https://www.menzili.tn/annonce/un-spacieux-appartement-s-2-rdc-a-vendre-a-hammamet-51355351-nabeul-hammamet-141831,Appartement,250000.0,2025-04-29,Nabeul,Hammamet,Hammamet,8050.0,115.0,Titre Individuel,Non,Non précisé,Non précisé,2.0,1.0,Non,Non,Oui,Non,Oui,Non,0.0,Non,Non,Non
menzili,https://www.menzili.tn/annonce/v531-appartement-keune-1-lido-nabeul-nabeul-darchaabaneelfehri-141825,Appartement,290000.0,2025-04-29,Nabeul,Dar Châabane El Fehri,NABEUL,8000.0,80.0,Non,Non,Non précisé,Moyen standing,2.0,2.0,Oui,Non,Oui,Oui,Oui,Non,1.0,Non,Non,Non
menzili,https://www.menzili.tn/annonce/v538-residence-lido-dar-chaaben-lido-nabeul-darchaabaneelfehri-141819,Appartement,1300000.0,2025-04-29,Nabeul,Dar Châabane El Fehri,NABEUL,8000.0,,Non,Oui,Non précisé,Non précisé,2.0,1.0,Non,Non,Oui,Non,Non,Non,0.0,Non,Non,Non
menzili,https://www.menzili.tn/annonce/appartement-s-1-neuf-haut-standing-direct-promoteur-ain-zaghouan-nord-tunis-ainzaghouan-141792,Appartement,225000.0,2025-04-28,Tunis,Aïn Zaghouan,Aïn Zaghouan,1100.0,62.0,Non,Non,Neuf,Haut standing,1.0,1.0,Oui,Non,Oui,Non,Oui,Non,,Oui,Non,Oui
menzili,https://www.menzili.tn/annonce/pour-la-vente-appartement-s-2-a-renove-benarous-rades-141751,Appartement,,2025-04-26,Ben Arous,Radès,Radès,2013.0,100.0,Non,Non,Rénové,Non précisé,2.0,1.0,Non,Non,Oui,Non,Oui,Non,2.0,Non,Non,Non
menzili,https://www.menzili.tn/annonce/bel-appartement-s-2-a-ain-zaghouan-nord-tunis-ainzaghouan-141745,Appartement,770000.0,2025-04-26,Tunis,Aïn Zaghouan,Aïn Zaghouan,1100.0,,Non,Non,Neuf,Haut standing,2.0,3.0,Oui,Non,Oui,Oui,Non,Oui,,Non,Non,Non
menzili,https://www.menzili.tn/annonce/un-appartement-s1-avec-terrasse-a-ain-zaghouan-tunis-ainzaghouan-141743,Appartement,400000.0,2025-04-26,Tunis,Aïn Zaghouan,Aïn Zaghouan,1100.0,138.0,Non,Non,Neuf,Haut standing,1.0,1.0,Non,Non,Oui,Oui,Oui,Oui,0.0,Non,Non,Oui
menzili,https://www.menzili.tn/annonce/appartement-a-borj-baccouche-ariana-arianaville-141739,Appartement,,2025-04-26,Ariana,Ariana Ville,Borj El baccouche,2080.0,80.0,Non,Non,Non précisé,Haut standing,2.0,1.0,Oui,Oui,Oui,Non,Oui,Non,3.0,Oui,Non,Oui
menzili,https://www.menzili.tn/annonce/v519-appartement-sephora-2-app-miramar-nabeul-hammamet-141730,Appartement,490000.0,2025-04-25,Nabeul,Hammamet,HAMMAMET,8050.0,,Non,Non,Neuf,Non précisé,3.0,2.0,Oui,Non,Oui,Non,Non,Non,,Non,Non,Oui
menzili,https://www.menzili.tn/annonce/un-appartement-s-2-a-vendre-situe-a-jawhra-sousse-soussejawhara-141727,Appartement,180000.0,2025-04-25,Sousse,Sousse Jawhara,Sousse Jawhara,4000.0,86.0,Non,Non,Non précisé,Haut standing,2.0,1.0,Oui,Non,Oui,Non,Oui,Non,3.0,Oui,Non,Oui
menzili,https://www.menzili.tn/annonce/v538-residence-lido-nabeul-residence-nabeul-darchaabaneelfehri-141721,Appartement,1300000.0,2025-04-25,Nabeul,Dar Châabane El Fehri,NABEUL,8000.0,300.0,Non,Oui,Non précisé,Non précisé,2.0,1.0,Non,Non,Oui,Non,Non,Non,0.0,Non,Non,Non
menzili,https://www.menzili.tn/annonce/un-appartement-s-2-a-vendre-situe-a-farhat-hached-sousse-soussejawhara-141713,Appartement,370000.0,2025-04-25,Sousse,Sousse Jawhara,Sousse Jawhara,4000.0,132.0,Non,Non,Non précisé,Haut standing,2.0,1.0,Oui,Non,Oui,Non,Oui,Non,3.0,Oui,Non,Oui
menzili,https://www.menzili.tn/annonce/v271-appartement-parla-afh-mrezga-nabeul-mrezga-141656,Appartement,550000.0,2025-04-23,Nabeul,Mrezga,MREZGA,8058.0,200.0,Non,Non,Non précisé,Haut standing,3.0,1.0,Non,Non,Oui,Oui,Oui,Oui,6.0,Oui,Non,Oui
menzili,https://www.menzili.tn/annonce/v531-appartement-keune-1-lido-nabeul-darchaabaneelfehri-141622,Appartement,290000.0,2025-04-22,Nabeul,Dar Châabane El Fehri,NABEUL,8000.0,80.0,Non,Non,Non précisé,Haut standing,2.0,2.0,Oui,Non,Oui,Oui,Oui,Non,1.0,Non,Non,Oui
menzili,https://www.menzili.tn/annonce/un-appartement-s3-a-gammarth-tunis-gammarth-141619,Appartement,670000.0,2025-04-22,Tunis,Gammarth,Gammarth,2078.0,,Non,Non,Non précisé,Haut standing,3.0,2.0,Oui,Oui,Oui,Oui,Oui,Oui,,Non,Non,Oui
menzili,https://www.menzili.tn/annonce/v538-residence-lido-nabeul-lido-nabeul-darchaabaneelfehri-141615,Appartement,1300000.0,2025-04-22,Nabeul,Dar Châabane El Fehri,NABEUL,8000.0,300.0,Non,Oui,Non précisé,Non précisé,2.0,1.0,Non,Non,Oui,Non,Non,Non,0.0,Non,Non,Non
menzili,https://www.menzili.tn/annonce/magnifique-appartement-bizerte-bizerte-bizertenord-141605,Appartement,270000.0,2025-04-21,Bizerte,Bizerte Nord,Beb mateur Bizerte,7000.0,128.0,Non,Non,Non précisé,Non précisé,4.0,1.0,Oui,Oui,Oui,Non,Non,Non,2.0,Non,Non,Non
menzili,https://www.menzili.tn/annonce/un-luxueux-appartement-s-4-a-vendre-situe-a-zone-touristique-sousse-soussemedina-141584,Appartement,630000.0,2025-04-21,Sousse,Sousse Médina,Sousse Médina,1008.0,134.0,Non,Non,Non précisé,Haut standing,4.0,1.0,Oui,Non,Oui,Non,Oui,Non,,Oui,Non,Oui
menzili,https://www.menzili.tn/annonce/opportunite-vente-s-3-route-bouzayen-km4-sfax-routegremda-141572,Appartement,285000.0,2025-04-20,Sfax,Route Gremda,Route Bouzayen km4 Sfax,3000.0,150.0,Non,Non,Non précisé,Non précisé,3.0,2.0,Oui,Oui,Oui,Non,Non,Non,3.0,Oui,Non,Non
menzili,https://www.menzili.tn/annonce/s-2-medina-jadida-benarous-medinajedida-138754,Appartement,250000.0,2025-01-18,Ben Arous,Medina Jedida,Medina al jadida,2013.0,121.0,Non,Non,Non précisé,Haut standing,2.0,1.0,Oui,Oui,Oui,Non,Oui,Non,3.0,Oui,Non,Non
menzili,https://www.menzili.tn/annonce/a-vendre-charmant-appartement-s1-a-port-el-kantaoui-sousse-hammamsousse-141516,Appartement,350000.0,2025-04-17,Sousse,Hammam Sousse,Hammam Sousse,4011.0,59.0,Non,Non,Non précisé,Moyen standing,1.0,1.0,Oui,Oui,Oui,Non,Oui,Non,1.0,Non,Non,Oui
menzili,https://www.menzili.tn/annonce/studio-la-marsa-tunis-lamarsa-141509,Appartement,1400.0,2025-04-17,Tunis,La Marsa,LA MARSA,2070.0,65.0,Non,Non,Non précisé,Moyen standing,2.0,1.0,Non,Non,Oui,Non,Oui,Non,3.0,Oui,Non,Oui
menzili,https://www.menzili.tn/annonce/appartement-a-vendre-benarous-ezzahra-141305,Appartement,380000.0,2025-04-10,Ben Arous,Ezzahra,Ezzahra,2034.0,145.0,Non,Non,Non précisé,Moyen standing,4.0,2.0,Oui,Non,Oui,Non,Oui,Non,,Oui,Non,Non
menzili,https://www.menzili.tn/annonce/v538-residence-lido-dar-chaaben-nabeul-nabeul-141489,Appartement,1300000.0,2025-04-17,Nabeul,Nabeul,NABEUL,8000.0,300.0,Non,Oui,Non précisé,Non précisé,2.0,1.0,Non,Non,Oui,Non,Non,Non,0.0,Non,Non,Non
menzili,https://www.menzili.tn/annonce/deux-maisons-s2-s3-et-1studio-a-vendre-benarous-ezzahra-141487,Appartement,820000.0,2025-04-17,Ben Arous,Ezzahra,Ezzahra,2034.0,438.0,Non,Non,Bon état,Moyen standing,1.0,2.0,Oui,Oui,Oui,Non,Oui,Oui,2.0,Non,Non,Oui
menzili,https://www.menzili.tn/annonce/un-appartement-s2-a-cite-el-wahat-tunis-laouina-141480,Appartement,295000.0,2025-04-17,Tunis,L'aouina,contact@agencevilla.com,1000.0,,Titre Individuel,Non,Non précisé,Haut standing,2.0,1.0,Oui,Oui,Oui,Oui,Oui,Oui,,Non,Non,Oui
menzili,https://www.menzili.tn/annonce/A-vendre-appartement-s-3-meuble-a-khzema-sousse-haut-standing-sousse-soussejawhara-141479,Appartement,460000.0,2025-04-17,Sousse,Sousse Jawhara,Khzema,4000.0,150.0,Non,Non,Non précisé,Haut standing,3.0,1.0,Non,Non,Oui,Non,Oui,Non,,Non,Non,Oui
menzili,https://www.menzili.tn/annonce/appartement-a-vendre-a-houmt-souk-medenine-djerbahoumtsouk-133970,Appartement,160000.0,2024-09-02,Médenine,Djerba-Houmt Souk,Houmt Souk Djerba,4180.0,35.0,Non,Oui,Non précisé,Non précisé,1.0,1.0,Non,Non,Oui,Non,Non,Non,1.0,Non,Non,Non
menzili,https://www.menzili.tn/annonce/A-vendre-un-appartement-s1-pied-dans-l-eau-situe-a-chatt-meriem-sousse-sousse-akouda-141472,Appartement,,2025-04-16,Sousse,Akouda,Akouda,4022.0,70.0,Non,Oui,Non précisé,Haut standing,1.0,1.0,Non,Non,Oui,Non,Non,Non,1.0,Non,Non,Non
menzili,https://www.menzili.tn/annonce/deux-appartements-s2-ennaser-2-ariana-arianaville-141458,Appartement,650000.0,2025-04-16,Ariana,Ariana Ville,Ariana Ville,2080.0,240.0,Titre Individuel,Non,Bon état,Haut standing,4.0,3.0,Oui,Non,Oui,Non,Oui,Non,1.0,Non,Non,Non
menzili,https://www.menzili.tn/annonce/appartement-s1-de-60-m2-ennaser-2-ariana-arianaville-141457,Appartement,195000.0,2025-04-16,Ariana,Ariana Ville,Ariana Ville,2080.0,60.0,Titre Individuel,Non,Non précisé,Haut standing,1.0,1.0,Oui,Oui,Oui,Non,Oui,Non,6.0,Non,Non,Non
menzili,https://www.menzili.tn/annonce/appart-s2-ariana-hey-nozha-ariana-arianaville-141456,Appartement,240000.0,2025-04-16,Ariana,Ariana Ville,Ariana Ville,2080.0,116.0,Titre Individuel,Non,Non précisé,Haut standing,2.0,,Oui,Oui,Oui,Non,Oui,Non,2.0,Non,Non,Non
menzili,https://www.menzili.tn/annonce/A-vendre-appartement-s-1-a-kantaoui-zone-touristique-cote-mer-sousse-hammamsousse-141443,Appartement,370000.0,2025-04-16,Sousse,Hammam Sousse,Kantaoui,4011.0,75.0,Oui,Non,Bon état,Moyen standing,1.0,1.0,Oui,Oui,Oui,Non,Non,Non,,Oui,Non,Non
menzili,https://www.menzili.tn/annonce/a-vendre-appartement-s3-a-la-marsa-tunis-lamarsa-141381,Appartement,,2025-04-13,Tunis,La Marsa,La Marsa,2070.0,107.0,Non,Non,Rénové,Non précisé,3.0,1.0,Non,Non,Oui,Non,Non,Oui,2.0,Non,Non,Non
menzili,https://www.menzili.tn/annonce/a-vendre-app-s-2-residence-tunis-elkabaria-141377,Appartement,120000.0,2025-04-12,Tunis,El Kabaria,El Kabaria,1018.0,85.0,Non,Non,Non précisé,Non précisé,2.0,1.0,Non,Non,Oui,Non,Non,Non,3.0,Non,Oui,Non
menzili,https://www.menzili.tn/annonce/a-vendre-un-appartement-s-3-a-kantaoui-sousse-kantaoui-141347,Appartement,460000.0,2025-04-11,Sousse,Kantaoui,Kantaoui,4089.0,140.0,Non,Oui,Non précisé,Luxe,4.0,2.0,Oui,Oui,Oui,Non,Oui,Non,,Non,Non,Oui
menzili,https://www.menzili.tn/annonce/appartement-s-2-sousse-hergla-141345,Appartement,,2025-04-11,Sousse,Hergla,Hergla Zone touristique,4000.0,,Non,Non,Non précisé,Haut standing,2.0,2.0,Oui,Non,Oui,Non,Oui,Oui,0.0,Non,Oui,Oui
menzili,https://www.menzili.tn/annonce/A-vendre-appartement-s-1-haut-standing-a-tantana-residence-pied-dans-l-eau-sousse-akouda-141323,Appartement,299000.0,2025-04-10,Sousse,Akouda,Akouda,4022.0,64.0,Non,Oui,Non précisé,Haut standing,1.0,1.0,Oui,Non,Oui,Oui,Oui,Non,,Non,Non,Oui
menzili,https://www.menzili.tn/annonce/A-vendre-appartement-de-90-m2-a-hergla-sousse-hergla-141321,Appartement,299000.0,2025-04-10,Sousse,Hergla,Hergla,4000.0,90.0,Non,Non,Non précisé,Moyen standing,2.0,1.0,Oui,Oui,Oui,Non,Oui,Non,,Oui,Non,Non
menzili,https://www.menzili.tn/annonce/A-vendre-appartement-de-120-m2-a-hergla-sousse-hergla-141318,Appartement,399000.0,2025-04-10,Sousse,Hergla,27999929,4000.0,120.0,Non,Non,Non précisé,Moyen standing,2.0,1.0,Oui,Oui,Oui,Non,Oui,Non,,Oui,Non,Oui
menzili,https://www.menzili.tn/annonce/v271-appartement-parla-afh-mrezgaa-nabeul-mrezga-141314,Appartement,550000.0,2025-04-10,Nabeul,Mrezga,MREZGA,8058.0,200.0,Non,Non,Non précisé,Haut standing,3.0,1.0,Non,Non,Oui,Oui,Oui,Non,6.0,Oui,Non,Oui
menzili,https://www.menzili.tn/annonce/4-appartements-tout-neuf-a-hammamet-a-vendre-51355351-nabeul-hammametnord-141313,Appartement,870000.0,2025-04-10,Nabeul,Hammamet Nord,Hammamet Nord,8050.0,360.0,Non,Oui,Neuf,Moyen standing,7.0,4.0,Non,Non,Oui,Non,Non,Oui,3.0,Non,Non,Oui
menzili,https://www.menzili.tn/annonce/un-magnifique-appartement-s3-a-vendre-ariana-lasoukra-141299,Appartement,680000.0,2025-04-10,Ariana,La Soukra,La Soukra,2036.0,240.0,Non,Non,Neuf,Non précisé,3.0,2.0,Oui,Non,Oui,Non,Non,Non,1.0,Non,Non,Non
menzili,https://www.menzili.tn/annonce/a-vendre-appartement-s2-meuble-a-tantana-sousse-akouda-141278,Appartement,370000.0,2025-04-09,Sousse,Akouda,Akouda,4022.0,90.0,Non,Non,Non précisé,Non précisé,2.0,1.0,Non,Oui,Oui,Non,Non,Non,1.0,Non,Non,Non
menzili,https://www.menzili.tn/annonce/appartement-s-1-a-afh-mrezga-nabeul-hammametnord-141274,Appartement,235000.0,2025-04-09,Nabeul,Hammamet Nord,Hammamet Nord,8050.0,68.0,Non,Non,Non précisé,Haut standing,1.0,1.0,Non,Oui,Oui,Non,Oui,Oui,,Oui,Non,Oui
menzili,https://www.menzili.tn/annonce/a-vendre-un-appartement-s2-situe-a-chatt-meriem-sousse-sousse-akouda-141253,Appartement,,2025-04-09,Sousse,Akouda,Akouda,4022.0,1.0,Non,Non,Non précisé,Haut standing,2.0,1.0,Non,Non,Oui,Non,Non,Non,2.0,Non,Non,Non
menzili,https://www.menzili.tn/annonce/a-vendre-bel_appartement_s3_la_soukra_157_m_en_rdc_avec_jardin_et_parking-ariana-lasoukra-141248,Appartement,,2025-04-09,Ariana,La Soukra,Résidence imen 1,2036.0,157.0,Non,Non,Non précisé,Haut standing,3.0,2.0,Non,Oui,Oui,Non,Oui,Oui,0.0,Oui,Non,Oui
menzili,https://www.menzili.tn/annonce/appartement-a-vendre-a-ezzahra-benarous-ezzahra-141247,Appartement,140000.0,2025-04-08,Ben Arous,Ezzahra,Ezzahra bloc B 1er etage station ezzahra lycée,2034.0,70.0,Non,Non,Non précisé,Non précisé,2.0,1.0,Non,Non,Oui,Non,Non,Non,1.0,Non,Non,Non
menzili,https://www.menzili.tn/annonce/appartement-s-2-hst-a-jinen-mansoura-nabeul-hammametnord-141231,Appartement,245000.0,2025-04-08,Nabeul,Hammamet Nord,Hammamet Nord,8050.0,274.0,Titre Bleu,Non,Neuf,Non précisé,2.0,2.0,Non,Non,Oui,Non,Non,Oui,,Non,Non,Non
menzili,https://www.menzili.tn/annonce/appartement-s-3-hst-a-jinen-mansoura-nabeul-hammametnord-141225,Appartement,255000.0,2025-04-08,Nabeul,Hammamet Nord,Hammamet Nord,8050.0,105.0,Non,Non,Neuf,Non précisé,3.0,1.0,Non,Oui,Oui,Non,Non,Non,2.0,Non,Non,Oui
menzili,https://www.menzili.tn/annonce/v538-residence-lido-nabeul-nabeul-darchaabaneelfehri-141193,Appartement,1300000.0,2025-04-07,Nabeul,Dar Châabane El Fehri,NABEUL,8000.0,300.0,Non,Oui,Non précisé,Non précisé,2.0,1.0,Non,Non,Oui,Non,Non,Non,0.0,Non,Non,Non
menzili,https://www.menzili.tn/annonce/appartement-s-2-a-ain-zaghouan-zal0177-tunis-ainzaghouan-141184,Appartement,,2025-04-07,Tunis,Aïn Zaghouan,Aïn Zaghouan,1100.0,,Non,Non,Non précisé,Moyen standing,2.0,1.0,Non,Oui,Oui,Non,Oui,Non,,Non,Non,Oui
menzili,https://www.menzili.tn/annonce/un-bel-appartement-a-vendre-monastir-monastir-141158,Appartement,,2025-04-05,Monastir,Monastir,Frina Monastir,5000.0,114.0,Non,Oui,Non précisé,Haut standing,3.0,2.0,Non,Non,Oui,Non,Oui,Oui,2.0,Oui,Non,Oui
menzili,https://www.menzili.tn/annonce/v518-appartement-sephora-1-appart-nabeul-hammamet-141150,Appartement,690000.0,2025-04-05,Nabeul,Hammamet,HAMMAMET,8050.0,160.0,Non,Non,Non précisé,Non précisé,3.0,2.0,Oui,Non,Oui,Oui,Non,Oui,0.0,Non,Non,Non
menzili,https://www.menzili.tn/annonce/v519-appartement-sephora-2-hammamet-nabeul-hammamet-141147,Appartement,490000.0,2025-04-05,Nabeul,Hammamet,HAMMAMET,8050.0,,Non,Non,Neuf,Non précisé,3.0,2.0,Oui,Non,Oui,Non,Non,Non,,Non,Non,Oui
menzili,https://www.menzili.tn/annonce/v531-appartement-keune-1-nabeul-nabeul-nabeul-141137,Appartement,290000.0,2025-04-05,Nabeul,Nabeul,NABEUL,8000.0,80.0,Non,Non,Non précisé,Moyen standing,2.0,2.0,Oui,Non,Oui,Oui,Oui,Non,1.0,Non,Non,Non
menzili,https://www.menzili.tn/annonce/v534-appartement-marie-afh-nabeul-mrezga-141133,Appartement,408000.0,2025-04-05,Nabeul,Mrezga,MREZGA,8058.0,,Non,Non,Non précisé,Moyen standing,3.0,2.0,Oui,Non,Oui,Non,Oui,Non,4.0,Non,Non,Oui
menzili,https://www.menzili.tn/annonce/appartement-s3-mourouj-1-ibn-jazzar-benarous-elmourouj-141125,Appartement,,2025-04-04,Ben Arous,El Mourouj,Ibn jazzar,2074.0,130.0,Non,Non,Non précisé,Non précisé,3.0,1.0,Non,Non,Oui,Non,Non,Non,3.0,Non,Non,Non
menzili,https://www.menzili.tn/annonce/v271-appartement-parla-mrezga-nabeul-mrezga-141094,Appartement,550000.0,2025-04-04,Nabeul,Mrezga,HAMMAMET,8058.0,200.0,Non,Non,Non précisé,Haut standing,3.0,1.0,Non,Non,Oui,Oui,Oui,Oui,6.0,Non,Non,Oui
menzili,https://www.menzili.tn/annonce/v377-appartement-zahra-bir-bouregba-nabeul-hammamet-141089,Appartement,130000.0,2025-04-04,Nabeul,Hammamet,HAMMAMET,8050.0,73.0,Titre Individuel,Non,Non précisé,Moyen standing,2.0,1.0,Non,Non,Oui,Non,Oui,Non,,Non,Non,Oui
menzili,https://www.menzili.tn/annonce/v518-appartement-sephora-1-miramar-nabeul-hammamet-141013,Appartement,690000.0,2025-04-02,Nabeul,Hammamet,HAMMAMET,8050.0,160.0,Non,Non,Non précisé,Moyen standing,3.0,2.0,Oui,Non,Oui,Oui,Non,Oui,0.0,Non,Non,Oui
menzili,https://www.menzili.tn/annonce/v519-appartement-sephora-2-miramar-nabeul-hammamet-141012,Appartement,490000.0,2025-04-02,Nabeul,Hammamet,HAMMAMET,8050.0,,Non,Non,Neuf,Non précisé,3.0,2.0,Oui,Non,Oui,Non,Non,Non,,Non,Non,Oui
menzili,https://www.menzili.tn/annonce/v531-appartement-keune-1-nabeul-nabeul-141004,Appartement,290000.0,2025-04-02,Nabeul,Nabeul,NABEUL,8000.0,80.0,Non,Non,Non précisé,Moyen standing,2.0,2.0,Oui,Non,Oui,Oui,Oui,Non,1.0,Non,Non,Non
menzili,https://www.menzili.tn/annonce/v532-appartement-keune-2-nabeul-nabeul-141003,Appartement,210000.0,2025-04-02,Nabeul,Nabeul,NABEUL,8000.0,60.0,Non,Non,Non précisé,Moyen standing,1.0,1.0,Non,Non,Oui,Oui,Oui,Non,,Non,Non,Non
menzili,https://www.menzili.tn/annonce/appartement-s-2-sahloul-plein-pied-sousse-sahloul-141000,Appartement,270000.0,2025-04-01,Sousse,Sahloul,Sahloul4,4054.0,100.0,Titre Bleu,Non,Neuf,Haut standing,2.0,2.0,Non,Non,Oui,Non,Oui,Oui,6.0,Oui,Non,Oui
menzili,https://www.menzili.tn/annonce/appartement-avendre-pieds-dans-leau-a-residence-folla-aqua-resort-sousse-kantaoui-140999,Appartement,570000.0,2025-04-01,Sousse,Kantaoui,Chatt mariem,4089.0,100.0,Non,Oui,Non précisé,Luxe,2.0,2.0,Oui,Non,Oui,Oui,Oui,Oui,3.0,Oui,Non,Oui
menzili,https://www.menzili.tn/annonce/Etage-de-villa-sfax-routegremda-140993,Appartement,200000.0,2025-03-31,Sfax,Route Gremda,Rte gremda km 5,3000.0,125.0,Non,Non,Non précisé,Non précisé,4.0,1.0,Non,Non,Oui,Non,Non,Non,1.0,Non,Non,Non
menzili,https://www.menzili.tn/annonce/appartement-s-1-nabeul-nabeul-140959,Appartement,255000.0,2025-03-28,Nabeul,Nabeul,Nabeul,8000.0,70.0,Titre Bleu,Non,Non précisé,Haut standing,1.0,1.0,Non,Non,Oui,Non,Oui,Non,1.0,Oui,Non,Oui
menzili,https://www.menzili.tn/annonce/appartement-s-3-nabeul-mrezga-140956,Appartement,,2025-03-28,Nabeul,Mrezga,Mrezga,8058.0,160.0,Non,Non,Non précisé,Non précisé,3.0,1.0,Non,Non,Oui,Non,Non,Oui,,Non,Non,Non
menzili,https://www.menzili.tn/annonce/appartement-s-2-hst-a-hammamet-nord-direct-promoteur-nabeul-hammametnord-140938,Appartement,444000.0,2025-03-28,Nabeul,Hammamet Nord,Hammamet Nord,8050.0,127.0,Non,Non,Non précisé,Haut standing,2.0,1.0,Non,Oui,Oui,Non,Oui,Non,2.0,Oui,Non,Oui
menzili,https://www.menzili.tn/annonce/appartement-s-2-dans-la-zone-touristique-sousse-sousse-kantaoui-140911,Appartement,295000.0,2025-03-27,Sousse,Kantaoui,hotel soviva kantaoui sousse,4089.0,105.0,Non,Oui,Neuf,Haut standing,2.0,1.0,Non,Non,Oui,Non,Oui,Non,,Oui,Non,Non
menzili,https://www.menzili.tn/annonce/appartement-s-2-au-denden-tunis-lebardo-140883,Appartement,,2025-03-25,Tunis,Le Bardo,Métro denden,2000.0,,Non,Non,Non précisé,Non précisé,2.0,1.0,Non,Non,Oui,Non,Non,Non,2.0,Non,Non,Non
menzili,https://www.menzili.tn/annonce/appartement-au-c-ur-de-tunis-tunis-sidielbechir-140870,Appartement,120000.0,2025-03-24,Tunis,Sidi El Béchir,Sidi El Bechir,1002.0,85.0,Non,Non,Non précisé,Non précisé,2.0,1.0,Non,Non,Oui,Non,Non,Non,4.0,Non,Non,Non
menzili,https://www.menzili.tn/annonce/appartement-s-2-meuble-a-mrezga-centre-ville-nabeul-mrezga-140855,Appartement,310000.0,2025-03-23,Nabeul,Mrezga,29758220,8058.0,160.0,Non,Non,Non précisé,Moyen standing,2.0,2.0,Non,Non,Oui,Non,Oui,Non,2.0,Non,Non,Oui
menzili,https://www.menzili.tn/annonce/appartement-s-2-hst-a-hammamet-sud-nabeul-hammametsud-140852,Appartement,310000.0,2025-03-23,Nabeul,Hammamet Sud,Hammamet Sud,8050.0,100.0,Non,Non,Non précisé,Moyen standing,2.0,2.0,Non,Oui,Oui,Non,Oui,Non,3.0,Non,Non,Oui
menzili,https://www.menzili.tn/annonce/appartement-de-100-m2-a-hammamet-sud-nabeul-hammametnord-140850,Appartement,330000.0,2025-03-23,Nabeul,Hammamet Nord,Hammamet Nord,8050.0,100.0,Non,Non,Non précisé,Moyen standing,2.0,2.0,Non,Oui,Oui,Non,Oui,Non,3.0,Non,Non,Oui
menzili,https://www.menzili.tn/annonce/appartement-s-1-avec-jardin-a-vendre-a-afh-mrezga-51355351-nabeul-mrezga-140837,Appartement,250000.0,2025-03-22,Nabeul,Mrezga,Mrezga,8058.0,72.0,Non,Non,Non précisé,Non précisé,2.0,1.0,Non,Non,Oui,Oui,Non,Oui,0.0,Non,Non,Non
menzili,https://www.menzili.tn/annonce/appartement-s-2-nabeul-hammametnord-140835,Appartement,,2025-03-22,Nabeul,Hammamet Nord,Hammamet Nord,8050.0,141.0,Non,Non,Non précisé,Haut standing,,,Non,Non,Oui,Oui,Oui,Oui,0.0,Oui,Non,Oui
menzili,https://www.menzili.tn/annonce/A-vendre-appartement-s-2-ariana-rue-taieb-lemhiri-ref-pa-0513-reference-pa-0513-ariana-arianaville-140805,Appartement,127000.0,2025-03-21,Ariana,Ariana Ville,contact@paradis-immobilier.tn,2080.0,60.0,Non,Non,Non précisé,Moyen standing,,,Non,Non,Oui,Non,Non,Non,0.0,Non,Non,Non
menzili,https://www.menzili.tn/annonce/appartements-benarous-ezzahra-139850,Appartement,472000.0,2025-02-20,Ben Arous,Ezzahra,ezzahra,2034.0,145.0,Non,Non,Non précisé,Haut standing,4.0,1.0,Oui,Oui,Oui,Non,Oui,Non,5.0,Oui,Non,Oui
menzili,https://www.menzili.tn/annonce/appartement-s-3-aux-jardins-de-carthage-zav1844-tunis-jardindecarthage-140744,Appartement,1050000.0,2025-03-18,Tunis,Jardin De Carthage,Jardin De Carthage,2016.0,210.0,Non,Non,Non précisé,Haut standing,5.0,5.0,Oui,Oui,Oui,Oui,Oui,Oui,,Non,Non,Non
menzili,https://www.menzili.tn/annonce/a-vendre-appartement-s3-a-lac-2-tunis-lesbergesdulac-140743,Appartement,1100000.0,2025-03-18,Tunis,Les Berges Du Lac,lac 2,1053.0,175.0,Non,Non,Non précisé,Haut standing,3.0,2.0,Oui,Oui,Oui,Non,Oui,Non,,Oui,Non,Oui
menzili,https://www.menzili.tn/annonce/appartement-s-2-a-beb-mnara-tunis-sidielbechir-140717,Appartement,120000.0,2025-03-17,Tunis,Sidi El Béchir,Rue boukhris beb mnara,1002.0,80.0,Non,Non,Non précisé,Non précisé,2.0,1.0,Non,Non,Oui,Non,Non,Non,1.0,Non,Non,Non
menzili,https://www.menzili.tn/annonce/a-vendre-appartement-s-1-nabeul-nabeul-nabeul-140716,Appartement,295000.0,2025-03-17,Nabeul,Nabeul,Zone AFH nabeul,8000.0,63.0,Oui,Non,Non précisé,Haut standing,1.0,1.0,Non,Non,Oui,Oui,Oui,Non,2.0,Oui,Non,Oui
menzili,https://www.menzili.tn/annonce/appartement-s-2-a-vendre-sfax-routegremda-140051,Appartement,250000.0,2025-02-26,Sfax,Route Gremda,Residence El Yasmine route de gremda km 4,3000.0,1287.0,Non,Non,Bon état,Non précisé,2.0,1.0,Non,Non,Oui,Non,Non,Non,4.0,Oui,Non,Non
menzili,https://www.menzili.tn/annonce/appartement-s-4-de-228-m-jardins-de-carthage-tunis-jardindecarthage-140697,Appartement,,2025-03-16,Tunis,Jardin De Carthage,Jardins de Carthage,2016.0,228.0,Titre Bleu,Non,Rénové,Moyen standing,4.0,2.0,Oui,Oui,Oui,Non,Non,Oui,5.0,Oui,Non,Non
menzili,https://www.menzili.tn/annonce/appartement-s-1-a-sidi-mahersi-nabeul-nabeul-nabeul-140682,Appartement,,2025-03-15,Nabeul,Nabeul,sidi mahersi nabeul,8000.0,45.0,Non,Non,Non précisé,Haut standing,1.0,1.0,Non,Non,Oui,Non,Oui,Non,1.0,Oui,Non,Oui
menzili,https://www.menzili.tn/annonce/appartement-s-2-a-mrezga-5min-de-la-plage-nabeul-mrezga-140681,Appartement,270000.0,2025-03-15,Nabeul,Mrezga,Mrezga,8058.0,102.0,Non,Non,Non précisé,Moyen standing,2.0,1.0,Non,Oui,Oui,Non,Oui,Non,1.0,Non,Non,Oui
menzili,https://www.menzili.tn/annonce/appartement-s-2-hst-a-afh-mrezga-nabeul-mrezga-140631,Appartement,355000.0,2025-03-13,Nabeul,Mrezga,Mrezga,8058.0,81.0,Non,Non,Non précisé,Moyen standing,2.0,1.0,Non,Oui,Oui,Non,Oui,Non,1.0,Non,Non,Oui
menzili,https://www.menzili.tn/annonce/A-vendre-appartement-s-3-de-105-m-a-borj-louzir-1er-etage-ariana-borjlouzir-140612,Appartement,,2025-03-13,Ariana,Borj Louzir,borj louzir,2073.0,105.0,Non,Non,Non précisé,Moyen standing,3.0,1.0,Non,Non,Oui,Non,Non,Non,1.0,Non,Non,Non
menzili,https://www.menzili.tn/annonce/a-vendre-un-appartement-s-2-a-sousse-medina-sousse-soussemedina-140603,Appartement,,2025-03-13,Sousse,Sousse Médina,Sousse Médina,1008.0,158.0,Non,Non,Non précisé,Moyen standing,2.0,1.0,Non,Non,Oui,Non,Oui,Non,7.0,Oui,Non,Oui
menzili,https://www.menzili.tn/annonce/a-vendre-un-appartement-s-1-a-sousse-medina-sousse-soussemedina-140599,Appartement,,2025-03-13,Sousse,Sousse Médina,Sousse Médina,1008.0,91.0,Non,Non,Non précisé,Moyen standing,1.0,1.0,Non,Non,Oui,Non,Oui,Non,,Oui,Non,Oui
menzili,https://www.menzili.tn/annonce/appartement-s3-a-cite-ennasr-tunis-citeelkhadra-140593,Appartement,450000.0,2025-03-13,Tunis,Cité El Khadra,Cite Ennasr,1003.0,150.0,Oui,Non,Non précisé,Moyen standing,3.0,1.0,Non,Non,Oui,Non,Oui,Non,0.0,Non,Non,Oui
menzili,https://www.menzili.tn/annonce/a-vendre-un-appartement-s-2-situe-a-sousse-medina-sousse-soussemedina-140573,Appartement,,2025-03-12,Sousse,Sousse Médina,Sousse Médina,1008.0,136.0,Non,Non,Non précisé,Moyen standing,2.0,1.0,Non,Non,Oui,Non,Oui,Non,2.0,Oui,Non,Oui
menzili,https://www.menzili.tn/annonce/a-vendre-un-appartement-s-2-au-c-ur-de-la-rue-yasser-arafat-sahloul-1-sousse-sahloul-140567,Appartement,350000.0,2025-03-12,Sousse,Sahloul,Sahloul,4054.0,96.0,Non,Non,Non précisé,Haut standing,2.0,1.0,Non,Non,Oui,Non,Oui,Non,3.0,Oui,Non,Oui
menzili,https://www.menzili.tn/annonce/a-vendre-appartements-s-2-a-sahloul-1-sousse-sahloul-140565,Appartement,,2025-03-12,Sousse,Sahloul,Sahloul,4054.0,,Non,Non,Non précisé,Haut standing,,,Non,Non,Oui,Non,Oui,Non,,Oui,Non,Oui
menzili,https://www.menzili.tn/annonce/a-vendre-des-appartements-neufs-foprolos-3-a-oued-ellil-manouba-ouedellil-140549,Appartement,222000.0,2025-03-11,Manouba,Oued Ellil,chebbaou oued ellil manouba,2021.0,120.0,Non,Non,Neuf,Non précisé,4.0,1.0,Non,Oui,Oui,Non,Non,Oui,,Non,Non,Non
menzili,https://www.menzili.tn/annonce/A-vendre-appartement-s-3-aouina-tunis-ref-pa-0494-tunis-laouina-140547,Appartement,279000.0,2025-03-11,Tunis,L'aouina,L'aouina,1000.0,136.0,Non,Non,Non précisé,Non précisé,3.0,1.0,Non,Oui,Oui,Non,Non,Non,,Non,Non,Non
menzili,https://www.menzili.tn/annonce/A-vendre-s-1-la-soukra-ariana-lasoukra-140537,Appartement,300000.0,2025-03-10,Ariana,La Soukra,La Soukra,2036.0,90.0,Non,Non,Neuf,Haut standing,1.0,1.0,Non,Non,Oui,Non,Oui,Non,3.0,Oui,Non,Oui
menzili,https://www.menzili.tn/annonce/un-appartement-s3-a-nouvelle-medina-direct-promoteur-benarous-medinajedida-140526,Appartement,2300.0,2025-03-10,Ben Arous,Medina Jedida,Medina Jedida,2013.0,1.0,Non,Non,Neuf,Moyen standing,3.0,1.0,Oui,Non,Oui,Non,Oui,Oui,,Oui,Non,Non
menzili,https://www.menzili.tn/annonce/s-2-mahdia-zone-touristique-mahdia-mahdia-140505,Appartement,,2025-03-08,Mahdia,Mahdia,DIAR ELMAHDIA,5100.0,100.0,Non,Non,Non précisé,Luxe,2.0,1.0,Oui,Oui,Oui,Oui,Oui,Oui,4.0,Oui,Non,Oui
menzili,https://www.menzili.tn/annonce/a-vendre-appartement-s1-au-bardo-tunis-lebardo-140501,Appartement,165000.0,2025-03-08,Tunis,Le Bardo,Le Bardo,2000.0,60.0,Non,Non,Non précisé,Non précisé,1.0,1.0,Non,Non,Oui,Non,Oui,Non,0.0,Non,Non,Non
menzili,https://www.menzili.tn/annonce/a-vendre-appartement-s2-au-bardo-tunis-lebardo-140499,Appartement,300000.0,2025-03-08,Tunis,Le Bardo,Le Bardo,2000.0,120.0,Non,Non,Non précisé,Moyen standing,2.0,1.0,Oui,Non,Oui,Non,Oui,Non,0.0,Non,Non,Non
menzili,https://www.menzili.tn/annonce/villa-majestia-ref-v2900-nabeul-hammamet-140468,Appartement,1580000.0,2025-03-08,Nabeul,Hammamet,Hammamet,8050.0,722.0,Non,Non,Non précisé,Moyen standing,3.0,4.0,Oui,Non,Oui,Oui,Oui,Oui,0.0,Non,Oui,Oui
menzili,https://www.menzili.tn/annonce/a-vendre-des-appartements-s-2-direct-promoteur-a-manouba-manouba-manoubaville-140460,Appartement,260000.0,2025-03-08,Manouba,Manouba Ville,Manouba Ville,2010.0,100.0,Non,Non,Non précisé,Haut standing,2.0,1.0,Oui,Oui,Oui,Non,Oui,Non,0.0,Oui,Non,Non
menzili,https://www.menzili.tn/annonce/a-vendre-appartement-s-2-au-bardo-khaznadar-tunis-lebardo-140453,Appartement,158000.0,2025-03-08,Tunis,Le Bardo,Le Bardo,2000.0,80.0,Non,Non,Non précisé,Moyen standing,2.0,1.0,Oui,Non,Oui,Non,Non,Non,0.0,Non,Non,Oui
menzili,https://www.menzili.tn/annonce/a-vendre-appartement-s-1-a-20-mars-tunis-lebardo-140452,Appartement,165000.0,2025-03-08,Tunis,Le Bardo,Le Bardo,2000.0,50.0,Non,Non,Non précisé,Non précisé,1.0,1.0,Non,Oui,Oui,Non,Non,Non,1.0,Non,Non,Non
menzili,https://www.menzili.tn/annonce/a-vendre-appartement-s-2-a-bardo-tunis-lebardo-140449,Appartement,260000.0,2025-03-08,Tunis,Le Bardo,Le Bardo,2000.0,110.0,Non,Non,Non précisé,Moyen standing,2.0,1.0,Non,Oui,Oui,Non,Oui,Non,0.0,Non,Non,Oui
menzili,https://www.menzili.tn/annonce/a-vendre-appartement-s-3-a-hay-el-hadika-tunis-ettahrir-140447,Appartement,230000.0,2025-03-08,Tunis,Ettahrir,Ettahrir,1008.0,90.0,Non,Non,Non précisé,Moyen standing,3.0,1.0,Non,Non,Oui,Non,Oui,Non,0.0,Non,Non,Oui
menzili,https://www.menzili.tn/annonce/a-louer-un-appartement-s-2-meuble-a-sahloul-4-sousse-sahloul-140440,Appartement,1300.0,2025-03-08,Sousse,Sahloul,Sahloul,4054.0,,Non,Non,Non précisé,Haut standing,2.0,1.0,Non,Non,Oui,Non,Oui,Non,0.0,Oui,Non,Oui
menzili,https://www.menzili.tn/annonce/villa-ciel-des-etoiles-ref-v2897-nabeul-hammamet-140439,Appartement,1750000.0,2025-03-08,Nabeul,Hammamet,Hammamet,8050.0,364.0,Non,Non,Non précisé,Haut standing,4.0,4.0,Oui,Non,Oui,Oui,Oui,Oui,0.0,Non,Non,Oui
menzili,https://www.menzili.tn/annonce/vente-s-2-a-medina-jadida-3-benarous-medinajedida-134559,Appartement,,2024-09-21,Ben Arous,Medina Jedida,Medina Jedida,2013.0,,Non,Non,Non précisé,Haut standing,,1.0,Oui,Oui,Oui,Non,Oui,Non,1.0,Oui,Non,Non
menzili,https://www.menzili.tn/annonce/appartement-coquet-et-spacieux-de-175-m2-a-mEdina-jadida-3-benarous-medinajedida-140269,Appartement,320000.0,2025-03-04,Ben Arous,Medina Jedida,Medina Jedida,2013.0,175.0,Non,Non,Non précisé,Haut standing,3.0,2.0,Oui,Oui,Oui,Non,Oui,Non,5.0,Non,Non,Non
menzili,https://www.menzili.tn/annonce/a-vendre-appartement-s-3-a-agba-ben-mahmoud-tunis-agba-140424,Appartement,200000.0,2025-03-07,Tunis,Agba,Agba,1000.0,110.0,Non,Non,Non précisé,Non précisé,3.0,1.0,Oui,Oui,Oui,Non,Non,Non,1.0,Non,Non,Non
menzili,https://www.menzili.tn/annonce/vente-appartement-s3-a-mallasine-tunis-sejoumi-140423,Appartement,85000.0,2025-03-07,Tunis,Séjoumi,Séjoumi,1007.0,90.0,Non,Non,Non précisé,Non précisé,3.0,1.0,Non,Oui,Oui,Non,Non,Non,3.0,Non,Non,Non
menzili,https://www.menzili.tn/annonce/a-vendre-appartement-de-58-m2-a-bardo-2-tunis-lebardo-140400,Appartement,150000.0,2025-03-07,Tunis,Le Bardo,Le Bardo,2000.0,85.0,Non,Non,Non précisé,Moyen standing,2.0,1.0,Non,Non,Oui,Non,Oui,Non,4.0,Oui,Non,Non
menzili,https://www.menzili.tn/annonce/a-vendre-appartement-s3-hst-a-manouba-manouba-manoubaville-140399,Appartement,370000.0,2025-03-07,Manouba,Manouba Ville,Manouba Ville,2010.0,109.0,Non,Non,Non précisé,Haut standing,3.0,1.0,Oui,Non,Oui,Non,Oui,Non,3.0,Oui,Non,Non
menzili,https://www.menzili.tn/annonce/a-vendre-un-appartement-s-1-situe-a-diwen-ezit-pres-du-gouvernement-de-sousse-sousse-soussemedina-140394,Appartement,,2025-03-07,Sousse,Sousse Médina,Sousse Médina,1008.0,60.0,Titre Bleu,Non,Non précisé,Moyen standing,1.0,1.0,Non,Non,Oui,Non,Non,Non,1.0,Oui,Non,Oui
menzili,https://www.menzili.tn/annonce/a-vendre-appartement-s2-a-rue-de-sahel-ouardia-tunis-elouardia-140393,Appartement,290000.0,2025-03-07,Tunis,El Ouardia,El Ouardia,1000.0,137.0,Non,Non,Non précisé,Haut standing,2.0,1.0,Oui,Oui,Oui,Non,Oui,Non,1.0,Non,Non,Oui
menzili,https://www.menzili.tn/annonce/a-vendre-des-appartements-direct-promoteur-a-manouba-manouba-manoubaville-140386,Appartement,192000.0,2025-03-07,Manouba,Manouba Ville,Manouba Ville,2010.0,626.0,Non,Non,Non précisé,Haut standing,1.0,1.0,Non,Non,Oui,Non,Oui,Non,0.0,Oui,Non,Oui
menzili,https://www.menzili.tn/annonce/a-vendre-appartement-s3-a-manouba-manouba-manoubaville-140375,Appartement,315000.0,2025-03-07,Manouba,Manouba Ville,Manouba Ville,2010.0,121.0,Non,Non,Non précisé,Haut standing,3.0,1.0,Oui,Oui,Oui,Non,Oui,Non,1.0,Non,Non,Non
menzili,https://www.menzili.tn/annonce/a-vendre-appartement-s3-a-cite-ennaser-2-ariana-ennasr-140373,Appartement,325000.0,2025-03-07,Ariana,Ennasr,Ennasr,2037.0,120.0,Non,Non,Non précisé,Non précisé,3.0,1.0,Non,Non,Oui,Non,Oui,Non,0.0,Non,Non,Non
menzili,https://www.menzili.tn/annonce/a-vendre-appartement-s2-au-bardo-2-tunis-lebardo-140370,Appartement,158000.0,2025-03-07,Tunis,Le Bardo,bardo,2000.0,100.0,Non,Non,Non précisé,Non précisé,2.0,1.0,Non,Oui,Oui,Non,Non,Non,0.0,Non,Non,Oui
menzili,https://www.menzili.tn/annonce/appartement-de-180-m2-a-yasmine-hammamet-nabeul-hammametsud-140357,Appartement,560000.0,2025-03-06,Nabeul,Hammamet Sud,Hammamet Sud,8050.0,180.0,Non,Non,Non précisé,Haut standing,3.0,1.0,Non,Non,Oui,Oui,Oui,Oui,2.0,Non,Non,Oui
menzili,https://www.menzili.tn/annonce/a-vendre-un-appartement-s-2-avec-une-superficie-de-124-m-situe-a-la-soukra-ariana-lasoukra-140356,Appartement,,2025-03-06,Ariana,La Soukra,La Soukra,2036.0,124.0,Non,Non,Non précisé,Moyen standing,2.0,2.0,Non,Non,Oui,Non,Oui,Non,,Non,Non,Oui
menzili,https://www.menzili.tn/annonce/villa-la-lune-ref-v2709-nabeul-hammamet-140343,Appartement,980000.0,2025-03-06,Nabeul,Hammamet,Hammamet,8050.0,397.0,Non,Non,Non précisé,Haut standing,8.0,8.0,Oui,Non,Oui,Oui,Oui,Oui,0.0,Non,Non,Oui
menzili,https://www.menzili.tn/annonce/villa-guzmania-ref-v2732-nabeul-hammamet-140340,Appartement,690000.0,2025-03-06,Nabeul,Hammamet,Hammamet,8050.0,345.0,Non,Non,Non précisé,Haut standing,4.0,2.0,Oui,Non,Oui,Oui,Oui,Oui,0.0,Non,Non,Oui
menzili,https://www.menzili.tn/annonce/villa-cyclamen-ref-v2749-nabeul-hammamet-140336,Appartement,790000.0,2025-03-06,Nabeul,Hammamet,Hammamet,8050.0,500.0,Non,Non,Bon état,Luxe,3.0,2.0,Oui,Non,Oui,Oui,Oui,Oui,,Non,Non,Oui
menzili,https://www.menzili.tn/annonce/villa-le-jasmin-etoile-ref-v2757-nabeul-hammamet-140335,Appartement,1200000.0,2025-03-06,Nabeul,Hammamet,Hammamet,8050.0,443.0,Non,Non,Non précisé,Haut standing,4.0,3.0,Oui,Oui,Oui,Oui,Oui,Oui,0.0,Non,Non,Oui
menzili,https://www.menzili.tn/annonce/villa-cleome-ref-v2766-nabeul-hammametnord-140333,Appartement,2300000.0,2025-03-06,Nabeul,Hammamet Nord,Hammamet Nord,8050.0,600.0,Non,Non,Non précisé,Haut standing,5.0,4.0,Oui,Non,Oui,Oui,Oui,Oui,0.0,Non,Non,Oui
menzili,https://www.menzili.tn/annonce/villa-capella-ref-v2891-nabeul-hammamet-140332,Appartement,1080000.0,2025-03-06,Nabeul,Hammamet,Hammamet,8050.0,260.0,Non,Non,Non précisé,Moyen standing,4.0,3.0,Oui,Non,Oui,Oui,Oui,Oui,0.0,Non,Non,Oui
menzili,https://www.menzili.tn/annonce/-a-vendre-un-duplex-s-3-situe-a-la-nouvel-bouhsina-sousse-soussejawhara-140330,Appartement,,2025-03-06,Sousse,Sousse Jawhara,Sousse Jawhara,4000.0,230.0,Non,Non,Non précisé,Moyen standing,3.0,1.0,Non,Non,Oui,Non,Oui,Non,5.0,Oui,Non,Oui
menzili,https://www.menzili.tn/annonce/a-vendre-un-appartement-s-3-situe-a-la-nouvelle-bouhsina-sousse-soussejawhara-140328,Appartement,,2025-03-06,Sousse,Sousse Jawhara,Sousse Jawhara,4000.0,145.0,Non,Non,Non précisé,Moyen standing,3.0,1.0,Non,Non,Oui,Non,Oui,Non,3.0,Oui,Non,Oui
menzili,https://www.menzili.tn/annonce/un-studio-s-0-avec-place-parking-a-les-dunes-sousse-akouda-140326,Appartement,150000.0,2025-03-06,Sousse,Akouda,Akouda,4022.0,40.0,Non,Non,Non précisé,Non précisé,1.0,1.0,Non,Non,Oui,Oui,Non,Non,2.0,Non,Non,Non
menzili,https://www.menzili.tn/annonce/apartment-s-3-passage-centre-ville-tunis-centrevillelafayette-140319,Appartement,,2025-03-05,Tunis,Centre Ville - Lafayette,Passage Lafayette,1000.0,120.0,Non,Non,Non précisé,Moyen standing,3.0,1.0,Non,Oui,Oui,Non,Non,Non,1.0,Non,Non,Non
menzili,https://www.menzili.tn/annonce/a-vendre-un-appartement-rdc-s-2-tunis-lamarsa-140307,Appartement,,2025-03-05,Tunis,La Marsa,ain zaghouen,2070.0,12708.0,Non,Non,Non précisé,Haut standing,2.0,2.0,Oui,Non,Oui,Non,Oui,Non,0.0,Oui,Non,Oui
menzili,https://www.menzili.tn/annonce/appartement-s-3-a-khaznadar-bardo-tunis-lebardo-140302,Appartement,170000.0,2025-03-05,Tunis,Le Bardo,Le Bardo,2000.0,90.0,Non,Non,Bon état,Moyen standing,3.0,1.0,Oui,Non,Oui,Non,Non,Non,2.0,Oui,Non,Non
menzili,https://www.menzili.tn/annonce/a-vendre-un-appartement-s-2-situe-a-borj-louzir-ariana-borjlouzir-140292,Appartement,,2025-03-05,Ariana,Borj Louzir,tunis,2073.0,122.0,Non,Non,Non précisé,Haut standing,2.0,1.0,Non,Non,Oui,Non,Oui,Non,1.0,Oui,Non,Oui
menzili,https://www.menzili.tn/annonce/un-immeuble-de-sept-appartement-s-2-a-vendre-situe-a-hay-riadh-ghazali-sousse-sousseriadh-140286,Appartement,950000.0,2025-03-05,Sousse,Sousse Riadh,Sousse Riadh,4000.0,,Non,Non,Non précisé,Non précisé,,,Non,Non,Oui,Non,Non,Non,,Non,Non,Non
menzili,https://www.menzili.tn/annonce/appartement-neuf-s-3-avec-piscine-a-afh2-a-vendre-51355351-nabeul-mrezga-140277,Appartement,595000.0,2025-03-05,Nabeul,Mrezga,Mrezga,8058.0,140.0,Non,Oui,Neuf,Luxe,3.0,2.0,Non,Non,Oui,Oui,Oui,Oui,3.0,Oui,Non,Oui
menzili,https://www.menzili.tn/annonce/appartement-s-2-a-cite-el-hedi-nouira-ariana-ariana-arianaville-140275,Appartement,148000.0,2025-03-05,Ariana,Ariana Ville,Cité el Hedi Nouira,2080.0,94.0,Non,Non,Non précisé,Non précisé,2.0,2.0,Non,Non,Oui,Non,Non,Non,4.0,Oui,Non,Non
menzili,https://www.menzili.tn/annonce/duplex-s-3-avec-acces-independant-jardin-privatif-et-deux-places-de-parking-sous-sol-tunis-ainzaghouan-140271,Appartement,1150000.0,2025-03-04,Tunis,Aïn Zaghouan,Aïn Zaghouan,1100.0,224.0,Non,Non,Non précisé,Luxe,3.0,1.0,Non,Non,Oui,Non,Oui,Oui,,Oui,Non,Oui
menzili,https://www.menzili.tn/annonce/un-appartement-s2-de-126-m-a-yasminette-benarous-medinajedida-140265,Appartement,225000.0,2025-03-04,Ben Arous,Medina Jedida,Medina Jedida,2013.0,126.0,Non,Non,Non précisé,Moyen standing,2.0,1.0,Oui,Oui,Oui,Non,Oui,Non,4.0,Oui,Non,Non
menzili,https://www.menzili.tn/annonce/appartement-violetta-1-ref-v2894-nabeul-hammamet-140249,Appartement,690000.0,2025-03-04,Nabeul,Hammamet,Hammamet,8050.0,160.0,Non,Non,Neuf,Haut standing,3.0,2.0,Oui,Non,Oui,Oui,Oui,Oui,0.0,Non,Non,Oui
menzili,https://www.menzili.tn/annonce/a-vendre-des-appartements-s-1-s-2-amp-des-locaux-commerciaux-situe-a-khzema-ouest-sousse-soussejawhara-140243,Appartement,,2025-03-04,Sousse,Sousse Jawhara,Sousse Jawhara,4000.0,,Non,Non,Non précisé,Haut standing,,,Non,Non,Oui,Non,Oui,Non,,Oui,Non,Oui
menzili,https://www.menzili.tn/annonce/A-vendre-un-appartement-s-1-situe-a-khzema-est-sousse-soussejawhara-140240,Appartement,,2025-03-04,Sousse,Sousse Jawhara,Sousse Jawhara,4000.0,69.0,Non,Non,Non précisé,Haut standing,1.0,1.0,Non,Non,Oui,Non,Oui,Non,2.0,Oui,Non,Oui
menzili,https://www.menzili.tn/annonce/a-vendre-un-appartement-s-2-situe-a-cornich-sousse-sousse-hammamsousse-140239,Appartement,250000.0,2025-03-04,Sousse,Hammam Sousse,Hammam Sousse,4011.0,80.0,Non,Non,Non précisé,Haut standing,2.0,1.0,Non,Non,Oui,Non,Oui,Non,3.0,Oui,Non,Oui
menzili,https://www.menzili.tn/annonce/a-vendre-un-appartement-s-2-situe-a-khezema-est-sousse-soussejawhara-140238,Appartement,,2025-03-04,Sousse,Sousse Jawhara,Sousse Jawhara,4000.0,118.0,Non,Non,Non précisé,Haut standing,2.0,1.0,Non,Non,Oui,Non,Oui,Non,7.0,Oui,Non,Oui
menzili,https://www.menzili.tn/annonce/villa-de-134-m-au-3eme-etage-benarous-ezzahra-140214,Appartement,,2025-03-03,Ben Arous,Ezzahra,Ezzahra,2034.0,143.0,Non,Non,Non précisé,Moyen standing,4.0,2.0,Non,Oui,Oui,Non,Oui,Non,3.0,Non,Non,Oui
menzili,https://www.menzili.tn/annonce/appartement-s-1-a-ain-zaghouan-el-wahat-mav1839-tunis-ainzaghouan-140207,Appartement,185000.0,2025-03-03,Tunis,Aïn Zaghouan,ain zaghwene nord,1100.0,77.0,Non,Non,Non précisé,Haut standing,1.0,1.0,Oui,Oui,Oui,Non,Oui,Non,,Non,Non,Non
menzili,https://www.menzili.tn/annonce/a-vendre-appartements-s-1-et-s-2-direct-promoteur-a-khazama-est-sousse-soussejawhara-140198,Appartement,,2025-03-03,Sousse,Sousse Jawhara,Sousse Jawhara,4000.0,,Non,Non,Neuf,Moyen standing,,,Non,Non,Oui,Non,Oui,Non,,Oui,Non,Oui
menzili,https://www.menzili.tn/annonce/a-vendre-appartement-s-0-sousse-hergla-140197,Appartement,145000.0,2025-03-03,Sousse,Hergla,Hergla,4000.0,52.0,Non,Non,Non précisé,Moyen standing,1.0,1.0,Non,Non,Oui,Non,Non,Non,,Non,Non,Oui
menzili,https://www.menzili.tn/annonce/appartement-s-1-a-la-marsa-mav1836-tunis-lamarsa-140170,Appartement,220000.0,2025-03-01,Tunis,La Marsa,La Marsa,2070.0,60.0,Non,Non,Non précisé,Non précisé,1.0,1.0,Non,Non,Oui,Non,Oui,Non,0.0,Non,Non,Non
menzili,https://www.menzili.tn/annonce/a-vendre-appartement-s-3-neuf-la-marsa-tunis-lamarsa-140161,Appartement,670000.0,2025-03-01,Tunis,La Marsa,La Marsa,2070.0,121.0,Non,Non,Neuf,Haut standing,3.0,2.0,Oui,Non,Oui,Non,Oui,Oui,1.0,Oui,Non,Oui
menzili,https://www.menzili.tn/annonce/a-vendre-un-appartement-s-3-au-10-eme-situe-a-sahloul-4-sousse-sahloul-140154,Appartement,,2025-02-28,Sousse,Sahloul,Sahloul,4054.0,139.0,Non,Non,Non précisé,Haut standing,3.0,1.0,Non,Non,Oui,Non,Oui,Non,10.0,Oui,Non,Oui
menzili,https://www.menzili.tn/annonce/a-vendre-un-appartement-s-2-situe-a-sahloul-4-sousse-sahloul-140153,Appartement,,2025-02-28,Sousse,Sahloul,Sahloul,4054.0,116.0,Non,Non,Non précisé,Moyen standing,2.0,1.0,Non,Non,Oui,Non,Oui,Non,,Oui,Non,Oui
menzili,https://www.menzili.tn/annonce/a-vendre-un-appartement-s-3-situe-a-sahloul-4-sousse-sahloul-140149,Appartement,,2025-02-28,Sousse,Sahloul,Sahloul,4054.0,13882.0,Non,Non,Non précisé,Haut standing,3.0,1.0,Non,Non,Oui,Non,Oui,Non,1.0,Oui,Non,Oui
menzili,https://www.menzili.tn/annonce/un-appartement-s3-de-141-m-a-yasminette-benarous-medinajedida-140139,Appartement,265000.0,2025-02-28,Ben Arous,Medina Jedida,Medina Jedida,2013.0,141.0,Non,Non,Non précisé,Moyen standing,3.0,3.0,Oui,Non,Oui,Non,Oui,Oui,1.0,Oui,Non,Non
menzili,https://www.menzili.tn/annonce/appartement-s2-direct-promoteur-zone-touristique-mahdia-mahdia-mahdia-140119,Appartement,325000.0,2025-02-27,Mahdia,Mahdia,Mahdia,5100.0,90.0,Non,Non,Non précisé,Haut standing,2.0,2.0,Oui,Oui,Oui,Oui,Oui,Non,2.0,Oui,Non,Non
menzili,https://www.menzili.tn/annonce/appartement-rdc-s-2-tout-neuf-a-vendre-a-manaret-el-hammamet-51355351-nabeul-hammametsud-140116,Appartement,230000.0,2025-02-27,Nabeul,Hammamet Sud,Hammamet Sud,8050.0,110.0,Non,Non,Neuf,Non précisé,2.0,1.0,Non,Non,Oui,Non,Non,Non,0.0,Non,Non,Non
menzili,https://www.menzili.tn/annonce/appartement-s-2-direct-promoteur-a-alain-savary-tunis-citeelkhadra-140108,Appartement,363000.0,2025-02-27,Tunis,Cité El Khadra,Cité El Khadra,1003.0,88.0,Non,Non,Neuf,Haut standing,2.0,1.0,Non,Non,Oui,Non,Oui,Non,1.0,Oui,Non,Oui
menzili,https://www.menzili.tn/annonce/bel-appartement-s-1-a-vendre-a-afh-mrezga-51355351-nabeul-mrezga-140095,Appartement,270000.0,2025-02-27,Nabeul,Mrezga,Mrezga,8058.0,56.0,Non,Non,Non précisé,Haut standing,1.0,1.0,Non,Non,Oui,Non,Oui,Oui,1.0,Oui,Non,Oui
menzili,https://www.menzili.tn/annonce/appartement-en-plein-centre-ville-bizerte-bizerte-bizertenord-140074,Appartement,215000.0,2025-02-26,Bizerte,Bizerte Nord,Av. Bourguiba bizerte,7000.0,89.0,Non,Non,Non précisé,Non précisé,3.0,1.0,Non,Non,Oui,Non,Non,Non,2.0,Non,Non,Non
menzili,https://www.menzili.tn/annonce/a-vendre-des-appartements-s-1-s-2-et-s-3-situe-s-a-la-nouvelle-soukra-direct-promoteur-ariana-lasoukra-140043,Appartement,215000.0,2025-02-25,Ariana,La Soukra,La Soukra,2036.0,,Non,Non,Non précisé,Haut standing,3.0,,Non,Oui,Oui,Non,Oui,Non,,Oui,Non,Oui
menzili,https://www.menzili.tn/annonce/A-vendre-un-spacieux-appartement-s-3-situe-a-cite-wahat-tunis-laouina-140032,Appartement,430000.0,2025-02-25,Tunis,L'aouina,L'aouina,1000.0,174.0,Non,Non,Non précisé,Moyen standing,3.0,2.0,Non,Non,Oui,Non,Oui,Oui,,Oui,Non,Oui
menzili,https://www.menzili.tn/annonce/a-vendre-un-appartement-s-2-direct-promoteur-situe-a-la-nouvel-bouhsina-sousse-soussejawhara-140027,Appartement,250000.0,2025-02-25,Sousse,Sousse Jawhara,Sousse Jawhara,4000.0,97.0,Non,Non,Neuf,Haut standing,2.0,1.0,Non,Non,Oui,Non,Oui,Non,1.0,Oui,Non,Oui
menzili,https://www.menzili.tn/annonce/a-vendre-un-appartement-s-1-situe-a-cite-erriadh-sousse-sousseriadh-140019,Appartement,184000.0,2025-02-25,Sousse,Sousse Riadh,Sousse Riadh,4000.0,84.0,Non,Non,Non précisé,Moyen standing,1.0,1.0,Non,Non,Oui,Non,Oui,Non,3.0,Oui,Non,Oui
menzili,https://www.menzili.tn/annonce/appartement-s-1-a-cite-wafa-mrezga-hammamet-nabeul-nabeul-140015,Appartement,225000.0,2025-02-25,Nabeul,Nabeul,Nabeul,8000.0,99.0,Non,Oui,Non précisé,Haut standing,1.0,1.0,Oui,Oui,Oui,Non,Oui,Non,,Non,Non,Oui
menzili,https://www.menzili.tn/annonce/A-vendre-des-appartements-s-0-tunis-laouina-140009,Appartement,130000.0,2025-02-24,Tunis,L'aouina,Cité el Wahat,1000.0,30.0,Non,Non,Non précisé,Moyen standing,,1.0,Non,Non,Oui,Non,Oui,Non,2.0,Oui,Non,Non
menzili,https://www.menzili.tn/annonce/un-appartement-s1-a-la-nouvelle-medina-vente-directe-promoteur-benarous-medinajedida-140004,Appartement,2600.0,2025-02-24,Ben Arous,Medina Jedida,Medina Jedida,2013.0,1.0,Non,Non,Neuf,Moyen standing,1.0,1.0,Non,Non,Oui,Non,Oui,Non,,Oui,Non,Oui
menzili,https://www.menzili.tn/annonce/un-appartement-s2-a-la-nouvelle-medina-vente-directe-promoteur-benarous-medinajedida-140003,Appartement,2400.0,2025-02-24,Ben Arous,Medina Jedida,Medina Jedida,2013.0,1.0,Non,Non,Neuf,Moyen standing,2.0,1.0,Non,Non,Oui,Non,Oui,Non,,Oui,Non,Oui
menzili,https://www.menzili.tn/annonce/A-vendre-un-appartement-s-2-situe-a-la-nouvelle-soukra-direct-promoteur-ariana-arianaville-139951,Appartement,310000.0,2025-02-22,Ariana,Ariana Ville,Ariana Ville,2080.0,91.0,Non,Non,Non précisé,Moyen standing,2.0,1.0,Non,Oui,Oui,Non,Oui,Oui,5.0,Oui,Non,Oui
menzili,https://www.menzili.tn/annonce/a-vendre-un-s-2-avec-une-terrasse-sousse-sahloul-139948,Appartement,345000.0,2025-02-22,Sousse,Sahloul,Sahloul,4054.0,137.0,Non,Non,Non précisé,Moyen standing,2.0,1.0,Non,Non,Oui,Non,Oui,Non,3.0,Oui,Non,Non
menzili,https://www.menzili.tn/annonce/a-vendre-un-s-2-direct-promoteur-sousse-sahloul-139946,Appartement,369000.0,2025-02-22,Sousse,Sahloul,Sahloul,4054.0,123.0,Non,Non,Non précisé,Moyen standing,2.0,2.0,Oui,Oui,Oui,Non,Oui,Non,4.0,Oui,Non,Non
menzili,https://www.menzili.tn/annonce/a-vendre-un-s-3-a-sahloul-sousse-sahloul-139945,Appartement,255000.0,2025-02-22,Sousse,Sahloul,Sahloul,4054.0,120.0,Non,Non,Non précisé,Moyen standing,3.0,2.0,Oui,Oui,Oui,Non,Oui,Non,2.0,Non,Non,Non
menzili,https://www.menzili.tn/annonce/a-vendre-un-s-3-avec-place-de-parking-a-sahloul-yasser-arafet-sousse-sahloul-139941,Appartement,410000.0,2025-02-22,Sousse,Sahloul,Sahloul,4054.0,167.0,Non,Non,Non précisé,Haut standing,3.0,2.0,Oui,Oui,Oui,Non,Oui,Non,5.0,Oui,Non,Non
menzili,https://www.menzili.tn/annonce/a-vendre-un-s-1-avec-une-terrasse-sousse-sahloul-139939,Appartement,230000.0,2025-02-22,Sousse,Sahloul,Sahloul,4054.0,80.0,Non,Non,Neuf,Haut standing,1.0,1.0,Non,Non,Oui,Non,Oui,Non,7.0,Oui,Non,Oui
menzili,https://www.menzili.tn/annonce/appartement-s-2-a-ain-zaghouan-nord-zav1817-tunis-ainzaghouan-139913,Appartement,300000.0,2025-02-21,Tunis,Aïn Zaghouan,ain zaghwene nord,1100.0,95.0,Non,Non,Non précisé,Haut standing,2.0,1.0,Oui,Oui,Oui,Non,Oui,Non,,Non,Non,Non
menzili,https://www.menzili.tn/annonce/appartement-s-4-pour-la-vente-ezzahra-benarous-megrine-139889,Appartement,,2025-02-21,Ben Arous,Mégrine,Mégrine,2033.0,144.0,Non,Non,Non précisé,Haut standing,6.0,1.0,Oui,Oui,Oui,Non,Oui,Non,3.0,Oui,Non,Oui
menzili,https://www.menzili.tn/annonce/un-appartement-s1-neuf-a-ain-zaghouan-tunis-lamarsa-139883,Appartement,330000.0,2025-02-21,Tunis,La Marsa,contact@agencevilla.com,2070.0,63.0,Non,Non,Neuf,Haut standing,1.0,1.0,Non,Non,Oui,Oui,Oui,Oui,,Oui,Non,Oui
menzili,https://www.menzili.tn/annonce/appartement-directe-promoteur-sousse-sahloul-139862,Appartement,350000.0,2025-02-20,Sousse,Sahloul,Vicor Hugo,4054.0,120.0,Non,Non,Neuf,Luxe,2.0,1.0,Oui,Non,Oui,Non,Oui,Non,3.0,Oui,Non,Oui
menzili,https://www.menzili.tn/annonce/appartement-vue-de-mer-s-3-avec-piscine-a-vendre-51355351-nabeul-darchaabaneelfehri-139859,Appartement,320000.0,2025-02-20,Nabeul,Dar Châabane El Fehri,Dar Châabane El Fehri,8000.0,93.0,Non,Oui,Non précisé,Haut standing,3.0,1.0,Non,Non,Oui,Oui,Oui,Oui,1.0,Non,Non,Oui
menzili,https://www.menzili.tn/annonce/appartement-s-2-aux-jardins-de-carthage-mav1828-tunis-jardindecarthage-139858,Appartement,495000.0,2025-02-20,Tunis,Jardin De Carthage,jardins de carthage,2016.0,139.0,Non,Non,Non précisé,Moyen standing,2.0,2.0,Non,Oui,Oui,Non,Oui,Oui,,Non,Non,Non
menzili,https://www.menzili.tn/annonce/appartement-s-2-aux-jardins-de-carthage-mav1827-tunis-jardindecarthage-139857,Appartement,475000.0,2025-02-20,Tunis,Jardin De Carthage,jardins de carthage,2016.0,140.0,Non,Non,Non précisé,Moyen standing,2.0,1.0,Non,Oui,Oui,Non,Oui,Oui,,Non,Non,Non
menzili,https://www.menzili.tn/annonce/un-appartement-s1-a-nouvelle-medina-vente-directe-promoteur-benarous-medinajedida-139844,Appartement,2600.0,2025-02-19,Ben Arous,Medina Jedida,Medina Jedida,2013.0,1.0,Non,Non,Non précisé,Moyen standing,1.0,,Non,Non,Oui,Non,Oui,Non,,Oui,Non,Oui
menzili,https://www.menzili.tn/annonce/appartement-de-style-s-1-nabeul-mrezga-139835,Appartement,270000.0,2025-02-19,Nabeul,Mrezga,Mrezga,8058.0,56.0,Non,Non,Non précisé,Moyen standing,1.0,1.0,Non,Non,Oui,Non,Oui,Oui,1.0,Non,Non,Oui
menzili,https://www.menzili.tn/annonce/a-vendre-appartement-de-150-m2-a-sahloul-4-sousse-sahloul-139834,Appartement,,2026-03-30,a 503 Service Unavailable error was encountered while trying to use an ErrorDocument to handle the request.,Additionally,Additionally,,,Non,Non,Non précisé,Non précisé,,,Non,Non,Non,Non,Non,Non,,Non,Non,Non
menzili,https://www.menzili.tn/annonce/a-vendre-appartement-s-2-direct-promoteur-sousse-sahloul-139831,Appartement,,2026-03-30,,,,,,Non,Non,Non précisé,Non précisé,,,Non,Non,Non,Non,Non,Non,,Non,Non,Non
menzili,https://www.menzili.tn/annonce/a-vendre-appartement-s-1-haut-standing-sousse-kantaoui-139822,Appartement,,2026-03-30,,,,,,Non,Non,Non précisé,Non précisé,,,Non,Non,Non,Non,Non,Non,,Non,Non,Non
menzili,https://www.menzili.tn/annonce/appartements-a-vendre-direct-promoteur-a-soviva-sousse-akouda-139820,Appartement,,2026-03-30,,,,,,Non,Non,Non précisé,Non précisé,,,Non,Non,Non,Non,Non,Non,,Non,Non,Non
menzili,https://www.menzili.tn/annonce/studio-a-residence-folla-sousse-akouda-139815,Appartement,,2026-03-30,,,,,,Non,Non,Non précisé,Non précisé,,,Non,Non,Non,Non,Non,Non,,Non,Non,Non
menzili,https://www.menzili.tn/annonce/appartement-s-3-entierement-renove-mourouj1-benarous-elmourouj-139813,Appartement,,2026-03-30,,,,,,Non,Non,Non précisé,Non précisé,,,Non,Non,Non,Non,Non,Non,,Non,Non,Non
menzili,https://www.menzili.tn/annonce/a-vendre-appartement-s-3-vue-de-mer-sousse-akouda-139795,Appartement,,2026-03-30,,,,,,Non,Non,Non précisé,Non précisé,,,Non,Non,Non,Non,Non,Non,,Non,Non,Non
menzili,https://www.menzili.tn/annonce/a-vendre-appartement-s-3-a-la-residence-folla-monastir-monastir-monastir-139789,Appartement,560000.0,2025-02-18,Monastir,Monastir,Monastir,5000.0,126.0,Non,Non,Non précisé,Moyen standing,3.0,3.0,Non,Non,Oui,Oui,Oui,Non,,Non,Non,Oui
menzili,https://www.menzili.tn/annonce/a-vendre-appartement-s-1-direct-promoteur-sousse-sahloul-139788,Appartement,250000.0,2025-02-18,Sousse,Sahloul,Sahloul,4054.0,66.0,Non,Non,Non précisé,Non précisé,1.0,1.0,Non,Non,Oui,Non,Non,Non,,Non,Non,Non
menzili,https://www.menzili.tn/annonce/appartement-direct-promoteur-a-deux-pas-de-la-mer-sousse-hammamsousse-139784,Appartement,502951.0,2025-02-18,Sousse,Hammam Sousse,Kantaoui,4011.0,115.0,Non,Non,Non précisé,Moyen standing,2.0,1.0,Oui,Non,Oui,Non,Oui,Non,,Non,Non,Oui
menzili,https://www.menzili.tn/annonce/a-vendre-appartement-s-2-sousse-hammamsousse-139782,Appartement,420000.0,2025-02-18,Sousse,Hammam Sousse,27999929,4011.0,128.0,Non,Non,Non précisé,Moyen standing,2.0,1.0,Oui,Non,Oui,Non,Oui,Non,,Non,Non,Oui
menzili,https://www.menzili.tn/annonce/un-appartement-s-2-a-louer-situee-a-sahloul4-sousse-sahloul-139781,Appartement,1200.0,2025-02-18,Sousse,Sahloul,Sahloul,4054.0,,Non,Non,Non précisé,Haut standing,2.0,1.0,Non,Oui,Oui,Non,Oui,Non,1.0,Non,Non,Oui
menzili,https://www.menzili.tn/annonce/appartement-s-2-vue-de-mer-a-vendre-sousse-akouda-139775,Appartement,470000.0,2025-02-18,Sousse,Akouda,27999929,4022.0,170.0,Non,Oui,Non précisé,Moyen standing,2.0,1.0,Non,Oui,Oui,Non,Oui,Non,,Non,Non,Oui
menzili,https://www.menzili.tn/annonce/appartement-4-pieces-la-fayette-tunis-centrevillelafayette-139774,Appartement,250000.0,2025-02-18,Tunis,Centre Ville - Lafayette,112 Avenue de la lbierté Tunis,1000.0,130.0,Non,Non,Non précisé,Moyen standing,3.0,1.0,Non,Non,Oui,Non,Oui,Non,3.0,Non,Non,Oui
menzili,https://www.menzili.tn/annonce/vendre-appartement-s-2-direct-promoteur-haut-standing-sousse-sahloul-139728,Appartement,290000.0,2025-02-17,Sousse,Sahloul,Sahloul,4054.0,99.0,Non,Non,Neuf,Haut standing,2.0,1.0,Non,Oui,Oui,Non,Non,Non,,Non,Non,Oui
menzili,https://www.menzili.tn/annonce/a-vendre-appartement-s-3-sousse-akouda-139727,Appartement,360000.0,2025-02-17,Sousse,Akouda,Tantana,4022.0,100.0,Non,Non,Non précisé,Non précisé,3.0,2.0,Non,Non,Oui,Oui,Non,Non,,Non,Non,Non
menzili,https://www.menzili.tn/annonce/A-vendre-appartement-s-1-sousse-sahloul-139720,Appartement,250000.0,2025-02-17,Sousse,Sahloul,Sahloul,4054.0,65.0,Non,Non,Non précisé,Haut standing,1.0,1.0,Oui,Non,Oui,Non,Oui,Non,,Oui,Non,Oui
menzili,https://www.menzili.tn/annonce/des-appartements-s-1-avec-jardin-prive-et-piscine-a-vendre-a-hammamet-nabeul-hammamet-139705,Appartement,254500.0,2025-02-17,Nabeul,Hammamet,zone touristique Hammamet,8050.0,64.0,Non,Non,Non précisé,Haut standing,1.0,1.0,Non,Non,Oui,Oui,Oui,Oui,,Oui,Non,Oui
menzili,https://www.menzili.tn/annonce/appartement-au-centre-de-tunis-tunis-sidielbechir-139684,Appartement,125000.0,2025-02-16,Tunis,rue Bouasseia 1000 Tunis,5,1000.0,83.0,Non,Non,Bon état,Non précisé,2.0,1.0,Non,Non,Oui,Non,Non,Non,3.0,Non,Non,Non
menzili,https://www.menzili.tn/annonce/A-vendre-appartement-s-2-a-tunis-belvedere-tunis-centrevillelafayette-139616,Appartement,185000.0,2025-02-14,Tunis,Centre Ville - Lafayette,Centre Ville - Lafayette,1000.0,96.0,Non,Non,Bon état,Moyen standing,2.0,1.0,Oui,Oui,Oui,Non,Oui,Non,2.0,Non,Non,Oui
menzili,https://www.menzili.tn/annonce/des-appartements-s2-et-s3-recemment-construite-sousse-hammamsousse-139608,Appartement,288000.0,2025-02-14,Sousse,Hammam Sousse,Hammam Sousse,4011.0,96.0,Non,Oui,Non précisé,Haut standing,2.0,2.0,Oui,Non,Oui,Non,Non,Non,,Oui,Non,Non
menzili,https://www.menzili.tn/annonce/studio-a-port-marina-el-kantaoui-sousse-hammamsousse-139590,Appartement,235000.0,2025-02-13,Sousse,Hammam Sousse,Hammam Sousse,4011.0,42.0,Non,Oui,Non précisé,Non précisé,1.0,,Non,Non,Oui,Oui,Non,Non,0.0,Non,Non,Non
menzili,https://www.menzili.tn/annonce/A-vendre-appartement-s-3-a-hedi-nouira-borj-louzir-ariana-lasoukra-139560,Appartement,240000.0,2025-02-13,Ariana,La Soukra,hedi nouira borj louzir,2036.0,125.0,Non,Non,Non précisé,Moyen standing,3.0,1.0,Non,Oui,Oui,Non,Oui,Oui,2.0,Oui,Non,Non
menzili,https://www.menzili.tn/annonce/appartement-s1-center-ville-tunis-centrevillelafayette-139549,Appartement,,2025-02-12,Tunis,Centre Ville - Lafayette,rue madrid centre ville,1000.0,150.0,Non,Non,Non précisé,Moyen standing,1.0,1.0,Non,Oui,Oui,Non,Oui,Non,3.0,Oui,Non,Non
menzili,https://www.menzili.tn/annonce/appartement-rdc-s-1-avec-jardin-a-hammamet-a-vendre-51355351-nabeul-hammamet-139530,Appartement,105000.0,2025-02-12,Nabeul,Hammamet,Hammamet,8050.0,60.0,Non,Non,Non précisé,Non précisé,1.0,1.0,Non,Non,Oui,Non,Non,Oui,0.0,Non,Non,Non
menzili,https://www.menzili.tn/annonce/appartement-s-2-s-3-a-madina-jadida-jamais-habitee-benarous-medinajedida-139517,Appartement,269100.0,2025-02-11,Ben Arous,Medina Jedida,29757584,2013.0,117.0,Non,Non,Neuf,Haut standing,2.0,1.0,Oui,Non,Oui,Non,Oui,Non,,Oui,Non,Oui
menzili,https://www.menzili.tn/annonce/un-s-1-a-vendre-ariana-lasoukra-139495,Appartement,230000.0,2025-02-11,Ariana,La Soukra,La Nouvelle Soukra,2036.0,55.0,Non,Non,Non précisé,Luxe,1.0,1.0,Non,Non,Oui,Non,Oui,Non,,Oui,Non,Oui
menzili,https://www.menzili.tn/annonce/appartement-s-2-a-menzah-9c-ariana-menzah-139487,Appartement,360000.0,2025-02-10,Ariana,Menzah,50179579,1004.0,117.0,Non,Non,Non précisé,Haut standing,2.0,2.0,Oui,Non,Oui,Non,Oui,Non,2.0,Oui,Non,Oui
menzili,https://www.menzili.tn/annonce/appartement-s-1-s-2-a-bir-kassaa-jamais-habitee-benarous-elmourouj-139469,Appartement,105000.0,2025-02-10,Ben Arous,El Mourouj,El Mourouj,2074.0,65.0,Non,Non,Neuf,Moyen standing,1.0,1.0,Non,Non,Oui,Non,Oui,Non,,Oui,Non,Non
menzili,https://www.menzili.tn/annonce/appartement-jamais-habitee-monastir-teboulba-139432,Appartement,127000.0,2025-02-08,Monastir,Téboulba,Téboulba,5000.0,90.0,Non,Non,Neuf,Non précisé,2.0,1.0,Non,Oui,Oui,Non,Non,Non,,Non,Non,Non
menzili,https://www.menzili.tn/annonce/appartement-s2-avec-vue-sur-mer-a-vendre-zone-touristique-mahdia-mahdia-mahdia-139428,Appartement,595000.0,2025-02-08,Mahdia,Mahdia,Mahdia,5100.0,153.0,Non,Oui,Non précisé,Haut standing,2.0,1.0,Oui,Oui,Oui,Non,Oui,Non,,Non,Non,Non
menzili,https://www.menzili.tn/annonce/a-vendre-appartement-au-lac-2-tunis-lamarsa-137797,Appartement,1250000.0,2024-12-21,Tunis,La Marsa,La Marsa,2070.0,178.0,Non,Non,Non précisé,Moyen standing,3.0,1.0,Oui,Non,Oui,Non,Oui,Non,,Oui,Non,Oui
menzili,https://www.menzili.tn/annonce/un-appartement-s-2-a-ain-zaghouan-tunis-ainzaghouan-139418,Appartement,619500.0,2025-02-07,Tunis,Aïn Zaghouan,Aïn Zaghouan,1100.0,,Non,Non,Non précisé,Moyen standing,2.0,1.0,Oui,Non,Oui,Oui,Non,Oui,1.0,Non,Non,Non
menzili,https://www.menzili.tn/annonce/a-vendre-appartement-a-la-place-de-barcelone-tunis-sidielbechir-139386,Appartement,300000.0,2025-02-07,Tunis,Sidi El Béchir,Place de BarceloneTunis,1002.0,160.0,Non,Non,Non précisé,Non précisé,4.0,1.0,Non,Oui,Oui,Non,Non,Non,3.0,Non,Non,Non
menzili,https://www.menzili.tn/annonce/appart-s4-alain-savary-tunis-citeelkhadra-139363,Appartement,335000.0,2025-02-06,Tunis,Cité El Khadra,Cité El Khadra,1003.0,235.0,Titre Individuel,Non,Non précisé,Haut standing,4.0,2.0,Non,Oui,Oui,Non,Oui,Non,6.0,Non,Non,Non
menzili,https://www.menzili.tn/annonce/appartement-phenicia-p-nabeul-hammamet-139352,Appartement,690000.0,2025-02-06,Nabeul,Hammamet,Hammamet,8050.0,250.0,Non,Non,Non précisé,Non précisé,3.0,2.0,Oui,Non,Oui,Oui,Non,Oui,,Non,Non,Non
menzili,https://www.menzili.tn/annonce/appartement-phenicia-nabeul-hammamet-139351,Appartement,490000.0,2025-02-06,Nabeul,Hammamet,Hammamet,8050.0,160.0,Non,Non,Non précisé,Non précisé,3.0,2.0,Oui,Non,Oui,Non,Non,Non,,Non,Non,Non
menzili,https://www.menzili.tn/annonce/a-vendre-bel-appartement-s2-a-hergla-sousse-hergla-139342,Appartement,330000.0,2025-02-06,Sousse,Hergla,Hergla,4000.0,88.0,Titre Individuel,Non,Non précisé,Haut standing,2.0,2.0,Oui,Non,Oui,Non,Non,Non,3.0,Oui,Non,Non
menzili,https://www.menzili.tn/annonce/penthouse-gris-nabeul-hammamet-139330,Appartement,520000.0,2025-02-06,Nabeul,Hammamet,Hammamet,8050.0,164.0,Non,Non,Non précisé,Moyen standing,2.0,1.0,Non,Non,Oui,Non,Oui,Non,,Non,Non,Oui
menzili,https://www.menzili.tn/annonce/appartement-s-2-meuble-a-louer-aouina-tunis-tunis-laouina-139324,Appartement,1600.0,2025-02-06,Tunis,L'aouina,L'aouina,1000.0,90.0,Non,Non,Non précisé,Moyen standing,2.0,1.0,Non,Non,Oui,Non,Oui,Non,,Non,Non,Oui
menzili,https://www.menzili.tn/annonce/appartement-s-2-hiboun-zone-touristique-mahdia-mahdia-139317,Appartement,430000.0,2025-02-05,Mahdia,Mahdia,Hiboun zone touristique en face hôtel el mansour d,5100.0,117.0,Titre Bleu,Non,Neuf,Luxe,2.0,1.0,Oui,Oui,Oui,Oui,Oui,Non,4.0,Oui,Non,Oui
menzili,https://www.menzili.tn/annonce/appartement-s1-jamais-habite-a-mahdia-mahdia-mahdia-139297,Appartement,155000.0,2025-02-05,Mahdia,Mahdia,Mahdia,5100.0,74.0,Non,Non,Neuf,Haut standing,1.0,1.0,Oui,Non,Oui,Non,Oui,Non,2.0,Non,Non,Non
menzili,https://www.menzili.tn/annonce/appartement-en-duplex-s4-nabeul-hammamet-139292,Appartement,730000.0,2025-02-05,Nabeul,Hammamet,Hammamet,8050.0,288.0,Titre Individuel,Non,Non précisé,Non précisé,4.0,,Non,Non,Oui,Non,Non,Oui,,Non,Non,Non
menzili,https://www.menzili.tn/annonce/A-vendre-un-appartement-s-2-situe-a-kelibia-27246313-nabeul-kelibia-139281,Appartement,190000.0,2025-02-04,Nabeul,Kélibia,Nabeul,8000.0,110.0,Non,Non,Non précisé,Non précisé,2.0,1.0,Non,Non,Oui,Non,Non,Non,1.0,Non,Non,Non
menzili,https://www.menzili.tn/annonce/a-vendre-un-appartement-s-2-hammamet--27246313-nabeul-kelibia-139279,Appartement,255000.0,2025-02-04,Nabeul,Kélibia,Nabeul,8000.0,83.0,Non,Non,Non précisé,Non précisé,2.0,1.0,Non,Non,Oui,Non,Non,Non,2.0,Non,Non,Non
menzili,https://www.menzili.tn/annonce/A-vendre-un-appartement-a-yasmine-hammamet-27246313-nabeul-kelibia-139277,Appartement,210000.0,2025-02-04,Nabeul,Kélibia,Nabeul,8000.0,75.0,Titre Bleu,Non,Non précisé,Non précisé,1.0,1.0,Non,Non,Oui,Non,Non,Non,2.0,Non,Non,Non
menzili,https://www.menzili.tn/annonce/un-appartement-s-1-situe-a-mrezga-27246313-nabeul-kelibia-139276,Appartement,260000.0,2025-02-04,Nabeul,Kélibia,Nabeul,8000.0,56.0,Titre Bleu,Non,Non précisé,Non précisé,1.0,1.0,Non,Non,Oui,Non,Non,Non,2.0,Non,Non,Non
menzili,https://www.menzili.tn/annonce/appartement-s2-a-vendre-a-ennaser-2-ariana-ennasr-139275,Appartement,260000.0,2025-02-04,Ariana,Ennasr,Ennasr,2037.0,59.0,Non,Non,Neuf,Haut standing,1.0,1.0,Oui,Non,Oui,Non,Oui,Non,0.0,Oui,Non,Oui
menzili,https://www.menzili.tn/annonce/A-vendre-un-appartement-s-1-situe-a-mrezga-27246313-nabeul-kelibia-139273,Appartement,180000.0,2025-02-04,Nabeul,Kélibia,Nabeul,8000.0,65.0,Non,Non,Non précisé,Non précisé,1.0,1.0,Non,Non,Oui,Non,Non,Non,,Non,Non,Oui
menzili,https://www.menzili.tn/annonce/apparement-s-1-a-vendre-a-ennaser-2-ariana-ennasr-139271,Appartement,260000.0,2025-02-04,Ariana,Ennasr,Ennasr,2037.0,59.0,Non,Non,Neuf,Haut standing,1.0,1.0,Oui,Non,Oui,Non,Oui,Non,0.0,Oui,Non,Oui
menzili,https://www.menzili.tn/annonce/appartement-s-3-a-ain-zaghouan-mav1819-tunis-laouina-139269,Appartement,340000.0,2025-02-04,Tunis,L'aouina,L'aouina,1000.0,,Non,Non,Non précisé,Moyen standing,3.0,1.0,Non,Oui,Oui,Non,Oui,Non,,Non,Non,Non
menzili,https://www.menzili.tn/annonce/appartement-s-3-de-134-m-benarous-ezzahra-139254,Appartement,,2025-02-04,Ben Arous,Ezzahra,Ezzahra,2034.0,144.0,Non,Non,Non précisé,Moyen standing,4.0,2.0,Non,Oui,Oui,Non,Oui,Non,3.0,Non,Non,Oui
menzili,https://www.menzili.tn/annonce/coquet-appartement-s-2-a-hammamet-a-vendre-51355351-nabeul-hammamet-139253,Appartement,185000.0,2025-02-04,Nabeul,Hammamet,Hammamet,8050.0,75.0,Non,Non,Non précisé,Moyen standing,2.0,1.0,Non,Non,Oui,Non,Oui,Non,1.0,Non,Non,Oui
menzili,https://www.menzili.tn/annonce/bel-appartement-vue-mer-zone-touristique-de-shango-medenine-zarzis-55905,Appartement,,2021-03-27,Médenine,Zarzis,Résidence Lella Meriam à zarzis,4170.0,125.0,Non,Oui,Non précisé,Haut standing,2.0,1.0,Oui,Oui,Oui,Oui,Oui,Oui,2.0,Non,Oui,Oui
menzili,https://www.menzili.tn/annonce/un-appartement-s3-de-136-m-a-nouvelle-medina-direct-promoteur-benarous-medinajedida-139249,Appartement,2400.0,2025-02-03,Ben Arous,Medina Jedida,Medina Jedida,2013.0,136.0,Non,Non,Neuf,Moyen standing,3.0,3.0,Oui,Non,Oui,Non,Oui,Oui,,Oui,Non,Oui
menzili,https://www.menzili.tn/annonce/un-appartement-s1-de-68-m-a-nouvelle-medina-vente-directe-promoteur-benarous-medinajedida-139247,Appartement,2550.0,2025-02-03,Ben Arous,Medina Jedida,Medina Jedida,2013.0,68.0,Non,Non,Neuf,Moyen standing,1.0,,Non,Non,Oui,Non,Oui,Oui,,Oui,Non,Oui
menzili,https://www.menzili.tn/annonce/appartement-a-vendre-cite-olympique-rades-benarous-rades-139216,Appartement,,2025-02-02,Ben Arous,Radès,Bloc50app868 village med rades,2040.0,90.0,Non,Oui,Rénové,Moyen standing,3.0,1.0,Non,Oui,Oui,Non,Non,Oui,4.0,Non,Non,Oui
menzili,https://www.menzili.tn/annonce/un-appartement-s2-de-110-m-a-nouvelle-medina-direct-promoteur-benarous-medinajedida-139203,Appartement,2400.0,2025-02-01,Ben Arous,Medina Jedida,Medina Jedida,2013.0,110.0,Non,Non,Non précisé,Moyen standing,2.0,,Non,Non,Oui,Non,Oui,Non,,Oui,Non,Oui
menzili,https://www.menzili.tn/annonce/appartement-a-cite-zitouna-sfax-sfaxville-138723,Appartement,,2025-01-17,Sfax,Sfax Ville,Cité zitouna en face du parking centrale,3000.0,75.0,Non,Non,Non précisé,Non précisé,2.0,1.0,Non,Oui,Oui,Non,Non,Non,4.0,Non,Non,Non
menzili,https://www.menzili.tn/annonce/un-appartement-s2-direct-promoteur-benarous-medinajedida-139195,Appartement,2600.0,2025-02-01,Ben Arous,Medina Jedida,Medina Jedida,2013.0,124.0,Non,Non,Non précisé,Moyen standing,2.0,,Non,Non,Oui,Non,Oui,Non,,Oui,Non,Oui
menzili,https://www.menzili.tn/annonce/appartement-a-vendre-a-le-bardo-tunis-lebardo-139192,Appartement,,2025-02-01,Tunis,Le Bardo,Immeuble au dessus de topnet,2000.0,,Non,Non,Non précisé,Non précisé,,,Non,Non,Oui,Non,Non,Non,,Non,Non,Non
menzili,https://www.menzili.tn/annonce/particulier-met-en-vente-unapp-s-3-au-jardains-d-elmenzeh-1-ariana-jardinsdelmenzah-139185,Appartement,,2025-01-31,Ariana,Jardins D'el Menzah,Jardins D'el Menzah,1004.0,128.0,Non,Non,Non précisé,Non précisé,4.0,2.0,Non,Non,Oui,Non,Oui,Oui,,Oui,Non,Non
menzili,https://www.menzili.tn/annonce/appartement-neuf-dans-la-zone-touristique-monastir-monastir-monastir-139169,Appartement,480000.0,2025-01-31,Monastir,Monastir,Monastir,5000.0,200.0,Non,Non,Neuf,Moyen standing,2.0,2.0,Oui,Oui,Oui,Non,Non,Non,2.0,Non,Non,Non
menzili,https://www.menzili.tn/annonce/appartement-s-1-au-2eme-etage-nabeul-hammametnord-139166,Appartement,150000.0,2025-01-31,Nabeul,Hammamet Nord,Hammamet Nord,8050.0,43.0,Non,Non,Non précisé,Haut standing,1.0,1.0,Non,Non,Oui,Non,Oui,Non,1.0,Oui,Non,Oui
menzili,https://www.menzili.tn/annonce/appartement-s-2-de-160-m2-nabeul-hammametnord-139148,Appartement,380000.0,2025-01-30,Nabeul,Hammamet Nord,Hammamet Nord,8050.0,160.0,Non,Non,Non précisé,Non précisé,2.0,1.0,Non,Non,Oui,Non,Non,Non,1.0,Non,Non,Non
menzili,https://www.menzili.tn/annonce/a-vendre-un-appartement-s-1-avec-balcon-nabeul-hammametnord-139146,Appartement,260000.0,2025-01-30,Nabeul,Hammamet Nord,Hammamet Nord,8050.0,5509.0,Non,Non,Non précisé,Non précisé,1.0,1.0,Non,Oui,Oui,Non,Oui,Non,2.0,Non,Non,Non
menzili,https://www.menzili.tn/annonce/appartement-s-2-de-85m-a-kelibia-nabeul-kelibia-139139,Appartement,186000.0,2025-01-30,Nabeul,Kélibia,Kélibia,8000.0,85.0,Non,Oui,Non précisé,Non précisé,2.0,1.0,Non,Non,Oui,Non,Non,Non,,Non,Non,Oui
menzili,https://www.menzili.tn/annonce/a-vendre-appartement-de-85-m-a-kelibia-nabeul-nabeul-139135,Appartement,186000.0,2025-01-30,Nabeul,Nabeul,Nabeul,8000.0,85.0,Non,Oui,Non précisé,Non précisé,2.0,1.0,Non,Non,Oui,Non,Non,Non,,Non,Non,Non
menzili,https://www.menzili.tn/annonce/vente-appartement-s-2-a-sfax-sfax-sfaxville-139108,Appartement,200000.0,2025-01-29,Sfax,Sfax Ville,Bab bhar,3000.0,114.0,Non,Non,Non précisé,Non précisé,3.0,,Non,Non,Oui,Non,Non,Non,1.0,Non,Non,Non
menzili,https://www.menzili.tn/annonce/a-vendre-s-3-neuf-a-menzah-9c-ariana-menzah-138904,Appartement,420000.0,2025-01-23,Ariana,Menzah,menzah 9c,1004.0,130.0,Non,Non,Neuf,Haut standing,3.0,3.0,Oui,Oui,Oui,Non,Oui,Non,2.0,Oui,Non,Oui
menzili,https://www.menzili.tn/annonce/appartement-s-1-situe-a-afh-2-nabeul-hammametnord-139092,Appartement,450000.0,2025-01-29,Nabeul,Hammamet Nord,Hammamet Nord,8050.0,84.0,Non,Non,Non précisé,Haut standing,1.0,1.0,Non,Non,Oui,Non,Oui,Non,1.0,Oui,Non,Oui
menzili,https://www.menzili.tn/annonce/appartement-s-1-de-84m-a-vendre-nabeul-hammametnord-139075,Appartement,450000.0,2025-01-29,Nabeul,Nabeul,Mrezga,8000.0,84.0,Non,Non,Non précisé,Moyen standing,1.0,1.0,Non,Non,Oui,Non,Oui,Non,1.0,Oui,Non,Oui
menzili,https://www.menzili.tn/annonce/studio-promo-nabeul-hammametnord-139069,Appartement,199000.0,2025-01-29,Nabeul,Hammamet Nord,Hammamet mrezga,8050.0,57.0,Non,Non,Neuf,Haut standing,1.0,1.0,Oui,Non,Oui,Oui,Non,Non,,Oui,Non,Non
menzili,https://www.menzili.tn/annonce/appartement-s-3-a-vendre-bab-el-jazira-tunis-centre-ville-tunis-medina-139067,Appartement,300000.0,2025-01-28,Tunis,Médina,Médina,1008.0,156.0,Titre Individuel,Non,Non précisé,Non précisé,3.0,,Non,Non,Oui,Non,Non,Non,,Non,Non,Non
menzili,https://www.menzili.tn/annonce/appartement-s-2-de-90-m2-nabeul-hammametnord-139056,Appartement,250000.0,2025-01-28,Nabeul,Hammamet Nord,Hammamet Nord,8050.0,90.0,Non,Non,Non précisé,Non précisé,2.0,1.0,Non,Non,Oui,Non,Non,Non,1.0,Non,Non,Non
menzili,https://www.menzili.tn/annonce/appartement-s-2-situe-a-hammamet-nord-nabeul-hammametnord-139041,Appartement,270000.0,2025-01-28,Nabeul,Hammamet Nord,Hammamet Nord,8050.0,120.0,Non,Non,Non précisé,Non précisé,2.0,1.0,Non,Oui,Oui,Non,Non,Non,1.0,Non,Non,Oui
menzili,https://www.menzili.tn/annonce/superbe-appartement-s-3-a-lac-1-tunis-lesbergesdulac-139040,Appartement,535000.0,2025-01-28,Tunis,Les Berges Du Lac,lac 1,1053.0,,Non,Non,Non précisé,Haut standing,1.0,2.0,Oui,Non,Oui,Non,Oui,Non,,Oui,Non,Oui
menzili,https://www.menzili.tn/annonce/appartement-s-1-situe-a-hammamet-centre-ville-nabeul-hammametnord-139038,Appartement,150000.0,2025-01-28,Nabeul,Hammamet Nord,Hammamet Nord,8050.0,43.0,Non,Non,Non précisé,Non précisé,1.0,1.0,Non,Non,Oui,Non,Non,Non,2.0,Non,Non,Oui
menzili,https://www.menzili.tn/annonce/appartement-s-1-a-la-soukra-mal1422-ariana-lasoukra-139018,Appartement,1300.0,2025-01-28,Ariana,La Soukra,La Soukra,2036.0,,Non,Non,Non précisé,Haut standing,1.0,1.0,Oui,Oui,Oui,Non,Oui,Non,,Non,Non,Non
menzili,https://www.menzili.tn/annonce/appartement-bon-standing-s-2-a-vendre-a-borj-el-baccouche-proche-ariana-arianaville-139014,Appartement,245000.0,2025-01-27,Ariana,Ariana Ville,Borj El Baccouche,2080.0,92.0,Non,Non,Non précisé,Moyen standing,2.0,1.0,Non,Oui,Oui,Non,Non,Non,6.0,Oui,Non,Oui
menzili,https://www.menzili.tn/annonce/a-vendre-appartement-s-1-vue-sur-mer-et-pied-dans-l-eau-a-corniche-mahdia-mahdia-mahdia-137320,Appartement,380000.0,2024-12-05,Mahdia,Mahdia,mahdia,5100.0,73.0,Non,Oui,Non précisé,Moyen standing,1.0,1.0,Non,Oui,Oui,Non,Non,Non,,Oui,Non,Non
menzili,https://www.menzili.tn/annonce/vente-appartement-benarous-elmourouj-138964,Appartement,100000.0,2025-01-25,Ben Arous,El Mourouj,6 rue arbre de sagesse mourouj 2,2074.0,55.0,Non,Non,Non précisé,Non précisé,2.0,1.0,Non,Non,Oui,Non,Non,Non,1.0,Non,Non,Non
menzili,https://www.menzili.tn/annonce/un-appartement-s-2-a-vendre-situee-a-sahloul1-sousse-sahloul-138920,Appartement,393000.0,2025-01-23,Sousse,Sahloul,Sahloul,4054.0,123.0,Non,Non,Non précisé,Haut standing,2.0,2.0,Oui,Non,Oui,Non,Oui,Non,4.0,Oui,Non,Oui
menzili,https://www.menzili.tn/annonce/un-appartement-s-1-a-vendre-situe-a-sahloul1-sousse-sahloul-138919,Appartement,270000.0,2025-01-23,Sousse,Sahloul,Sahloul,4054.0,82.0,Non,Non,Non précisé,Haut standing,1.0,1.0,Oui,Non,Oui,Non,Oui,Non,3.0,Oui,Non,Oui
menzili,https://www.menzili.tn/annonce/un-appartement-spacieux-s-2-a-vendre-situe-a-sahloul1-sousse-sahloul-138918,Appartement,355000.0,2025-01-23,Sousse,Sahloul,Sahloul,4054.0,127.0,Non,Non,Non précisé,Haut standing,2.0,1.0,Oui,Non,Oui,Non,Oui,Non,3.0,Oui,Non,Oui
menzili,https://www.menzili.tn/annonce/un-lumineux-appartement-s-2-a-vendre-situe-a-sahloul1-sousse-sahloul-138917,Appartement,435000.0,2025-01-23,Sousse,Sahloul,Sahloul,4054.0,136.0,Non,Non,Non précisé,Haut standing,2.0,1.0,Oui,Oui,Oui,Non,Oui,Non,4.0,Oui,Non,Oui
menzili,https://www.menzili.tn/annonce/appartement-s-4-a-l-aouina-tunis-laouina-137754,Appartement,420000.0,2024-12-19,Tunis,L'aouina,50179579,1000.0,200.0,Non,Non,Bon état,Haut standing,4.0,3.0,Oui,Oui,Oui,Non,Oui,Non,2.0,Oui,Non,Oui
menzili,https://www.menzili.tn/annonce/a-vendre-un-appartement-s3-aux-jardins-de-carthage-tunis-lekram-138914,Appartement,800000.0,2025-01-23,Tunis,Le Kram,Le Kram,2015.0,,Non,Non,Non précisé,Moyen standing,3.0,3.0,Oui,Oui,Oui,Non,Oui,Non,1.0,Non,Non,Non
menzili,https://www.menzili.tn/annonce/appartement-s-3-a-vendre-a-el-mourouj-1-benarous-elmourouj-138898,Appartement,130000.0,2025-01-23,Ben Arous,El Mourouj,El mourouj 1 Cité Ennakhil,2074.0,,Non,Non,Non précisé,Non précisé,3.0,1.0,Oui,Oui,Oui,Non,Non,Non,,Non,Non,Non
menzili,https://www.menzili.tn/annonce/maison-bizerte-bizertenord-138877,Appartement,250000.0,2025-01-23,Bizerte,Bizerte Nord,sallem_naceur@yahoo.fr,7000.0,150.0,Non,Non,Non précisé,Moyen standing,3.0,3.0,Oui,Non,Oui,Non,Oui,Non,2.0,Non,Non,Non
menzili,https://www.menzili.tn/annonce/un-appartement-s-2-a-vendre-situee-a-diwen-zit-souk-ahd-sousse-sousseriadh-138857,Appartement,165000.0,2025-01-22,Sousse,Sousse Riadh,Sousse Riadh,4000.0,120.0,Non,Non,Non précisé,Moyen standing,2.0,1.0,Oui,Oui,Oui,Non,Oui,Non,2.0,Oui,Non,Non
menzili,https://www.menzili.tn/annonce/appartement-s-2-bien-equipee-meuble-a-vendre-tunis-ettahrir-138854,Appartement,,2025-01-22,Tunis,Ettahrir,Tunis bardo,1008.0,76.0,Non,Non,Non précisé,Moyen standing,2.0,1.0,Non,Non,Oui,Non,Oui,Non,2.0,Non,Non,Oui
menzili,https://www.menzili.tn/annonce/s-2-de-91m-jamais-habitee-mahdia-mahdia-138842,Appartement,256200.0,2025-01-22,Mahdia,Mahdia,Mahdia,5100.0,91.0,Non,Non,Neuf,Non précisé,2.0,1.0,Non,Oui,Oui,Non,Non,Non,1.0,Non,Non,Non
menzili,https://www.menzili.tn/annonce/s-2-de-vue-sur-mer-de-160m-mahdia-mahdia-138839,Appartement,250000.0,2025-01-22,Mahdia,Mahdia,Mahdia,5100.0,160.0,Non,Oui,Non précisé,Non précisé,2.0,1.0,Non,Oui,Oui,Non,Non,Non,2.0,Non,Non,Non
menzili,https://www.menzili.tn/annonce/tres-haut-standing-comprenant-2-appartements-benarous-elmourouj-131873,Appartement,,2024-06-06,Ben Arous,El Mourouj,MOUROUJ 3 près du marché de gros à Tunis,2074.0,263.0,Non,Non,Non précisé,Haut standing,5.0,3.0,Non,Oui,Oui,Non,Non,Oui,2.0,Non,Non,Non
menzili,https://www.menzili.tn/annonce/appartement-asma-afh-nabeul-hammamet-138802,Appartement,2000.0,2025-01-21,Nabeul,Hammamet,Hammamet Nord,8050.0,120.0,Non,Non,Non précisé,Haut standing,2.0,1.0,Non,Non,Oui,Non,Oui,Non,,Oui,Non,Oui
menzili,https://www.menzili.tn/annonce/appartement-de-107-m2-sidi-mansour-km8-sfax-sakieteddaier-133850,Appartement,160000.0,2024-08-27,Sfax,Sakiet Eddaïer,Sakiet Eddaïer,3011.0,107.0,Non,Non,Non précisé,Non précisé,3.0,2.0,Oui,Oui,Oui,Non,Non,Non,2.0,Non,Non,Non
menzili,https://www.menzili.tn/annonce/appartement-s3-a-jardin-d-el-menzah-1-ariana-jardinsdelmenzah-138796,Appartement,315000.0,2025-01-20,Ariana,Jardins D'el Menzah,Jardin d'El Menzah1,1004.0,,Non,Non,Non précisé,Non précisé,3.0,1.0,Non,Oui,Oui,Non,Oui,Oui,,Non,Non,Non
menzili,https://www.menzili.tn/annonce/appartement-vue-de-mer-s-3-avec-piscine-a-vendre-a-320-md-51355351-nabeul-darchaabaneelfehri-138745,Appartement,320000.0,2025-01-18,Nabeul,Dar Châabane El Fehri,Dar Châabane El Fehri,8000.0,93.0,Non,Oui,Non précisé,Haut standing,2.0,1.0,Non,Non,Oui,Oui,Oui,Oui,1.0,Non,Non,Oui
menzili,https://www.menzili.tn/annonce/appartement-s-2-a-la-soukra-mav1805-ariana-lasoukra-138743,Appartement,375000.0,2025-01-18,Ariana,La Soukra,La Soukra,2036.0,113.0,Non,Non,Non précisé,Moyen standing,2.0,1.0,Non,Non,Oui,Non,Oui,Non,2.0,Non,Non,Non
menzili,https://www.menzili.tn/annonce/a-vendre-un-appartement-s-2-a-mahdia-mahdia-mahdia-138730,Appartement,202000.0,2025-01-18,Mahdia,Mahdia,Mahdia,5100.0,101.0,Non,Non,Non précisé,Luxe,2.0,1.0,Non,Non,Oui,Non,Oui,Non,2.0,Oui,Non,Oui
menzili,https://www.menzili.tn/annonce/des-appartements-s-2-a-vendre-a-hammamet-51355351-nabeul-hammamet-138729,Appartement,320000.0,2025-01-18,Nabeul,Hammamet,Hammamet,8050.0,270.0,Non,Non,Non précisé,Non précisé,6.0,3.0,Non,Non,Oui,Non,Non,Non,2.0,Non,Non,Non
menzili,https://www.menzili.tn/annonce/un-s-4-a-vendre-ariana-lasoukra-138700,Appartement,820000.0,2025-01-17,Ariana,La Soukra,La Soukra,2036.0,253.0,Non,Non,Non précisé,Luxe,4.0,1.0,Oui,Oui,Oui,Oui,Oui,Non,2.0,Oui,Non,Oui
menzili,https://www.menzili.tn/annonce/s-1-la-goulette-tunis-tunis-lagoulette-138634,Appartement,240000.0,2025-01-16,Tunis,La Goulette,82 avenue Habib borguiba la goulette,2060.0,45.0,Non,Non,Neuf,Haut standing,,1.0,Non,Non,Oui,Non,Oui,Non,1.0,Non,Non,Oui
menzili,https://www.menzili.tn/annonce/s-2-a-louer-sousse-kantaoui-138604,Appartement,,2025-01-15,Sousse,Kantaoui,Soviva Chat mariem Sousse,4089.0,55.0,Non,Non,Non précisé,Non précisé,2.0,1.0,Non,Non,Oui,Non,Non,Non,,Non,Non,Non
menzili,https://www.menzili.tn/annonce/un-appartement-s2-a-mourouj-6-benarous-elmourouj-138568,Appartement,2600.0,2025-01-14,Ben Arous,El Mourouj,El Mourouj,2074.0,118.0,Non,Non,Neuf,Moyen standing,2.0,3.0,Oui,Non,Oui,Non,Non,Non,,Oui,Non,Non
menzili,https://www.menzili.tn/annonce/a-vendre-un-appartement-meuble-a-l-avenue-habib-thameur-tunis-centrevillelafayette-138542,Appartement,290000.0,2025-01-14,Tunis,Centre Ville - Lafayette,avenue Habib Thameur Tunis,1000.0,93.0,Oui,Non,Neuf,Moyen standing,3.0,1.0,Non,Non,Oui,Non,Oui,Non,3.0,Non,Non,Oui
menzili,https://www.menzili.tn/annonce/appartement-s-2-a-ain-zaghouan-el-wahat-mav1802-tunis-ainzaghouan-138541,Appartement,400000.0,2025-01-14,Tunis,Aïn Zaghouan,ain zaghwene,1100.0,163.0,Non,Non,Non précisé,Moyen standing,1.0,1.0,Non,Oui,Oui,Non,Oui,Non,1.0,Non,Non,Non
menzili,https://www.menzili.tn/annonce/a-vendre-un-appartement-au-plein-centre-ville-tunis-centrevillelafayette-138539,Appartement,160000.0,2025-01-14,Tunis,Centre Ville - Lafayette,avenue de Paris Tunis,1000.0,64.0,Oui,Non,Non précisé,Non précisé,3.0,1.0,Non,Oui,Oui,Non,Non,Non,5.0,Oui,Non,Non
menzili,https://www.menzili.tn/annonce/A-vendre-duplex-s-2-a-bassatine-monastir-monastir-monastir-138538,Appartement,120000.0,2025-01-14,Monastir,Monastir,bahri.wissal@gmail.com,5000.0,70.0,Non,Non,Non précisé,Moyen standing,2.0,1.0,Non,Non,Oui,Non,Non,Non,1.0,Non,Non,Non
menzili,https://www.menzili.tn/annonce/appartement-s-4-avec-terrasse-a-la-marsa-mav1804-tunis-lamarsa-138533,Appartement,900000.0,2025-01-14,Tunis,La Marsa,la marsa,2070.0,203.0,Non,Non,Non précisé,Moyen standing,4.0,2.0,Oui,Non,Oui,Non,Oui,Non,4.0,Non,Non,Non
menzili,https://www.menzili.tn/annonce/appartement-s3-refait-a-neuf-benarous-megrine-138528,Appartement,,2025-01-14,Ben Arous,Mégrine,Megrine chaker,2033.0,90.0,Non,Non,Neuf,Non précisé,2.0,1.0,Non,Non,Oui,Non,Non,Non,1.0,Non,Non,Non
menzili,https://www.menzili.tn/annonce/bel-appartement-a-tantana-a-vendre-sousse-akouda-138511,Appartement,240000.0,2025-01-13,Sousse,Akouda,Akouda,4022.0,80.0,Titre Individuel,Non,Non précisé,Haut standing,2.0,,Non,Oui,Oui,Oui,Oui,Non,3.0,Oui,Non,Non
menzili,https://www.menzili.tn/annonce/appartement-a-vendre-refait-a-neuf-cuisine-equipee-prix-250000-dinards-manouba-manouba-manoubaville-138503,Appartement,250000.0,2025-01-13,Manouba,Manouba Ville,residence elmokthar manouba,2010.0,110.0,Non,Non,Neuf,Moyen standing,3.0,,Non,Non,Oui,Non,Oui,Non,,Oui,Non,Non
menzili,https://www.menzili.tn/annonce/appartement-jinen-nabeul-hammametsud-138501,Appartement,,2025-01-13,Nabeul,Hammamet Sud,Jinen Hammamet,8050.0,141.0,Non,Non,Non précisé,Moyen standing,2.0,1.0,Non,Non,Oui,Non,Oui,Non,,Non,Non,Oui
menzili,https://www.menzili.tn/annonce/a-vendre-appartement-54833379-nabeul-hammamet-138476,Appartement,,2025-01-11,Nabeul,Hammamet,Hammamet,8050.0,97.0,Non,Non,Non précisé,Haut standing,2.0,1.0,Non,Non,Oui,Oui,Oui,Oui,2.0,Non,Non,Oui
menzili,https://www.menzili.tn/annonce/a-vendre-un-appartemnt-a-hammamet-centre-27246313-nabeul-kelibia-138461,Appartement,150000.0,2025-01-11,Nabeul,Kélibia,Kélibia,8000.0,,Non,Non,Non précisé,Non précisé,,,Non,Non,Oui,Non,Non,Non,,Non,Non,Non
menzili,https://www.menzili.tn/annonce/a-vendre-un-appartement-a-hammamet-centre-27246313-nabeul-kelibia-138459,Appartement,350000.0,2025-01-11,Nabeul,Kélibia,Kélibia,8000.0,135.0,Non,Non,Non précisé,Non précisé,4.0,1.0,Non,Non,Oui,Non,Oui,Non,,Non,Non,Non
menzili,https://www.menzili.tn/annonce/appartement-canal-590-nabeul-hammamet-138275,Appartement,590000.0,2025-01-06,Nabeul,Hammamet,Hammamet Sud,8050.0,180.0,Non,Non,Rénové,Haut standing,3.0,3.0,Oui,Non,Oui,Oui,Oui,Non,,Non,Non,Oui
menzili,https://www.menzili.tn/annonce/appartement-art-nabeul-hammamet-138457,Appartement,370000.0,2025-01-11,Nabeul,Hammamet,Hammamet zone Miramar,8050.0,80.0,Titre Individuel,Non,Non précisé,Non précisé,2.0,1.0,Non,Non,Oui,Non,Non,Non,,Non,Non,Non
menzili,https://www.menzili.tn/annonce/un-appartement-a-vendre-a-hammam-sousse-cleopatre-sousse-hammamsousse-138455,Appartement,180000.0,2025-01-11,Sousse,Hammam Sousse,Hammam Sousse,4011.0,119.0,Non,Non,Non précisé,Non précisé,2.0,,Non,Non,Oui,Non,Non,Non,3.0,Non,Non,Non
menzili,https://www.menzili.tn/annonce/appartement-3-pieces-a-montfleury-90-md-tunis-sidielbechir-138454,Appartement,90000.0,2025-01-11,Tunis,Appartement 1,63 Avenue Torricelli,1000.0,49.0,Non,Non,Non précisé,Non précisé,2.0,1.0,Non,Oui,Oui,Non,Non,Non,2.0,Non,Non,Non
menzili,https://www.menzili.tn/annonce/appartement-s3-a-vendre-a-la-marsa-tunis-lamarsa-138447,Appartement,360000.0,2025-01-10,Tunis,La Marsa,La Marsa,2070.0,110.0,Non,Non,Non précisé,Non précisé,3.0,3.0,Oui,Non,Oui,Non,Oui,Non,2.0,Non,Non,Oui
menzili,https://www.menzili.tn/annonce/appartement-s-1-haut-standing-a-skanes-monastir-monastir-138421,Appartement,175000.0,2025-01-10,Monastir,Monastir,bahri.wissal@gmail.com,5000.0,66.0,Non,Non,Neuf,Haut standing,1.0,1.0,Non,Oui,Oui,Non,Oui,Non,,Non,Non,Non
menzili,https://www.menzili.tn/annonce/appartement-s-2-a-la-nouvelle-soukra-mav1784-tunis-ainzaghouan-138393,Appartement,410000.0,2025-01-09,Tunis,Aïn Zaghouan,Aïn Zaghouan,1100.0,117.0,Non,Non,Non précisé,Haut standing,2.0,2.0,Oui,Oui,Oui,Non,Oui,Non,,Non,Non,Oui
menzili,https://www.menzili.tn/annonce/vente-appartement-s1-la-soukra-ariana-lasoukra-137814,Appartement,230000.0,2024-12-21,Ariana,La Soukra,La soukra,2036.0,68.0,Non,Non,Non précisé,Haut standing,1.0,1.0,Non,Non,Oui,Non,Oui,Oui,2.0,Oui,Non,Oui
menzili,https://www.menzili.tn/annonce/appartement-s1-lac-2-tunis-lamarsa-138387,Appartement,330000.0,2025-01-08,Tunis,La Marsa,La Marsa,2070.0,50.0,Non,Non,Non précisé,Haut standing,1.0,1.0,Oui,Oui,Oui,Non,Oui,Non,8.0,Non,Non,Non
menzili,https://www.menzili.tn/annonce/appartement-s3-carthage-byrsa-tunis-carthage-138385,Appartement,320000.0,2025-01-08,Tunis,Carthage,Carthage,2016.0,130.0,Non,Non,Bon état,Non précisé,3.0,1.0,Non,Non,Oui,Non,Oui,Non,1.0,Non,Non,Non
menzili,https://www.menzili.tn/annonce/appartement-de-105-m2-a-ghazela-ariana-raoued-138383,Appartement,245000.0,2025-01-08,Ariana,Raoued,Raoued,2083.0,105.0,Titre Individuel,Non,Non précisé,Moyen standing,2.0,1.0,Non,Non,Oui,Non,Oui,Non,0.0,Non,Non,Non
menzili,https://www.menzili.tn/annonce/appartement-s1-riadh-landalous-ariana-arianaville-138382,Appartement,188000.0,2025-01-08,Ariana,Ariana Ville,Ariana Ville,2080.0,69.0,Non,Non,Non précisé,Haut standing,1.0,1.0,Non,Oui,Oui,Non,Oui,Non,4.0,Oui,Non,Non
menzili,https://www.menzili.tn/annonce/appartement-vue-de-mer-s-3-avec-piscine-a-vendre-a-320-md-51355351-nabeul-darchaabaneelfehri-138374,Appartement,320000.0,2025-01-08,Nabeul,Dar Châabane El Fehri,Dar Châabane El Fehri,8000.0,93.0,Non,Oui,Non précisé,Haut standing,3.0,1.0,Non,Non,Oui,Oui,Oui,Oui,1.0,Non,Non,Oui
menzili,https://www.menzili.tn/annonce/un-appartement-s-2-avec-piscine-a-vendre-a-jinen-beni-khiar-51355351-nabeul-benikhiar-138325,Appartement,250000.0,2025-01-07,Nabeul,Béni Khiar,Béni Khiar,8000.0,82.0,Titre Individuel,Non,Non précisé,Non précisé,2.0,1.0,Non,Non,Oui,Oui,Non,Oui,1.0,Non,Non,Non
menzili,https://www.menzili.tn/annonce/appartement-s-2-avec-jardin-a-la-soukra-mav1797-ariana-lasoukra-138318,Appartement,,2025-01-07,Ariana,La Soukra,La Soukra,2036.0,10.0,Non,Non,Non précisé,Haut standing,2.0,2.0,Oui,Non,Oui,Non,Oui,Oui,1.0,Non,Non,Oui
menzili,https://www.menzili.tn/annonce/appartement-s-2-a-hay-el-wahat-laaouina-residence-diar-soukra-tunis-laouina-138316,Appartement,189000.0,2025-01-07,Tunis,Hay El Wahat,Résidence Diar Soukra,2036.0,70.0,Non,Non,Non précisé,Moyen standing,2.0,1.0,Non,Oui,Oui,Non,Non,Non,4.0,Oui,Non,Non
menzili,https://www.menzili.tn/annonce/appartement-s-2-a-ain-zaghouan-mav1795-tunis-ainzaghouan-138289,Appartement,406000.0,2025-01-06,Tunis,Aïn Zaghouan,ain zaghwene,1100.0,117.0,Non,Non,Non précisé,Moyen standing,2.0,1.0,Non,Oui,Oui,Non,Oui,Non,2.0,Non,Non,Oui
menzili,https://www.menzili.tn/annonce/appartement-galaxy-2-nabeul-hammametsud-138273,Appartement,470000.0,2025-01-06,Nabeul,Hammamet Sud,Hammamet Sud,8050.0,130.0,Non,Non,Non précisé,Haut standing,2.0,2.0,Non,Non,Oui,Oui,Oui,Non,,Oui,Non,Oui
menzili,https://www.menzili.tn/annonce/appartement-hkimi-nabeul-hammamet-138271,Appartement,400000.0,2025-01-06,Nabeul,Hammamet,Hammamet Sud,8050.0,114.0,Non,Non,Non précisé,Haut standing,,1.0,Non,Non,Oui,Oui,Oui,Non,,Non,Non,Oui
menzili,https://www.menzili.tn/annonce/a-louer-sublime-penthouse-meuble-a-khzema-sousse-soussejawhara-138266,Appartement,2500.0,2025-01-06,Sousse,Sousse Jawhara,Sousse Jawhara,4000.0,,Non,Oui,Non précisé,Non précisé,3.0,3.0,Oui,Oui,Oui,Non,Non,Non,,Non,Non,Non
menzili,https://www.menzili.tn/annonce/appartement-s-1-a-ain-zaghouan-mav1794-tunis-ainzaghouan-138265,Appartement,245000.0,2025-01-06,Tunis,Aïn Zaghouan,ain zaghwene,1100.0,,Non,Non,Non précisé,Haut standing,1.0,1.0,Oui,Oui,Oui,Non,Oui,Non,,Non,Non,Oui
menzili,https://www.menzili.tn/annonce/A-vendre-un-appartementde-90m-a-kelibia-nabeul-kelibia-138206,Appartement,145000.0,2025-01-04,Nabeul,Kélibia,Kélibia,8000.0,90.0,Non,Non,Non précisé,Non précisé,2.0,1.0,Non,Non,Oui,Non,Non,Non,,Non,Non,Non
menzili,https://www.menzili.tn/annonce/a-vendre-un-appartement-s-2-hammamet-27246313-nabeul-hammametcentre-138196,Appartement,200000.0,2025-01-03,Nabeul,Hammamet Centre,Hammamet Centre,8050.0,90.0,Non,Non,Non précisé,Non précisé,2.0,1.0,Non,Non,Oui,Non,Non,Non,,Non,Non,Non
menzili,https://www.menzili.tn/annonce/un-appartement-bizerte-bizertenord-138186,Appartement,,2025-01-03,Bizerte,Bizerte Nord,beb mater,7000.0,84.0,Non,Oui,Non précisé,Non précisé,2.0,1.0,Non,Oui,Oui,Non,Non,Non,1.0,Non,Non,Non
menzili,https://www.menzili.tn/annonce/a-vendre-appartement-s-3-salons-plus-trois-chambres-neuf-a-manouba-ville-99425253-manouba-manoubaville-138184,Appartement,315000.0,2025-01-03,Manouba,Manouba Ville,Manouba résidence elkhalil face station Slimen Kah,2010.0,117.0,Non,Non,Neuf,Haut standing,3.0,1.0,Oui,Non,Oui,Non,Oui,Oui,,Oui,Non,Oui
menzili,https://www.menzili.tn/annonce/des-appartements-modernes-a-vendre-a-hammam-al-ghezaz-sousse-msaken-138179,Appartement,170000000.0,2025-01-03,Sousse,M'saken,M'saken,4070.0,55.0,Non,Non,Non précisé,Moyen standing,2.0,1.0,Non,Non,Oui,Non,Non,Non,1.0,Non,Non,Non
menzili,https://www.menzili.tn/annonce/a-vendre-un-appartement-s-2-a-yasmine-hammamet-nabeul-hammametsud-138145,Appartement,,2025-01-02,Nabeul,Hammamet Sud,Yasmine Hammamet,8050.0,,Titre Individuel,Non,Non précisé,Haut standing,2.0,1.0,Non,Non,Oui,Oui,Oui,Oui,,Oui,Non,Oui
menzili,https://www.menzili.tn/annonce/appartement-s-2-a-kelibia-avec-acces-direct-a-la-plage-nabeul-kelibia-138143,Appartement,210000.0,2025-01-02,Nabeul,Kélibia,kelibia,8090.0,87.0,Non,Oui,Neuf,Moyen standing,2.0,1.0,Non,Non,Oui,Non,Non,Non,2.0,Non,Non,Oui
menzili,https://www.menzili.tn/annonce/location-un-appartement-meuble-a-ain-zaghouan-tunis-ainzaghouan-138141,Appartement,2400.0,2025-01-02,Tunis,Aïn Zaghouan,Aïn Zaghouan,1100.0,,Non,Non,Non précisé,Moyen standing,5.0,3.0,Oui,Non,Oui,Non,Oui,Oui,0.0,Non,Non,Non
menzili,https://www.menzili.tn/annonce/a-vendre-appartement-s1-vue-mer-a-chatte-mariem-sousse-akouda-138096,Appartement,200000.0,2024-12-31,Sousse,Akouda,Akouda,4022.0,47.0,Non,Oui,Non précisé,Moyen standing,1.0,,Oui,Oui,Oui,Non,Non,Non,2.0,Non,Non,Non
menzili,https://www.menzili.tn/annonce/a-vendre-appartement-de-142-m2-a-tantana-sousse-kantaoui-138067,Appartement,480000.0,2024-12-30,Sousse,Kantaoui,Kantaoui,4089.0,142.0,Non,Non,Neuf,Haut standing,2.0,2.0,Non,Non,Oui,Non,Oui,Non,,Oui,Non,Oui
menzili,https://www.menzili.tn/annonce/a-vendre-penthouse-s-4-vue-de-mer-sousse-hammamsousse-138066,Appartement,810000.0,2024-12-30,Sousse,Hammam Sousse,Hammam Sousse,4011.0,209.0,Non,Oui,Neuf,Haut standing,4.0,2.0,Oui,Non,Oui,Non,Oui,Non,,Oui,Non,Oui
menzili,https://www.menzili.tn/annonce/a-vendre-appartement-s-2-a-deux-pas-de-a-la-mer-sousse-kantaoui-138064,Appartement,505600.0,2024-12-30,Sousse,Kantaoui,Kantaoui,4089.0,128.0,Non,Non,Neuf,Moyen standing,2.0,2.0,Non,Oui,Oui,Non,Oui,Non,,Oui,Non,Oui
menzili,https://www.menzili.tn/annonce/a-vendre-appartement-de-115-m-direct-promoteur-sousse-kantaoui-138063,Appartement,488750.0,2024-12-30,Sousse,Kantaoui,Kantaoui,4089.0,115.0,Non,Oui,Non précisé,Moyen standing,2.0,2.0,Oui,Non,Oui,Non,Oui,Non,,Oui,Non,Oui
menzili,https://www.menzili.tn/annonce/appartement-s-3-a-la-soukra-zav1436-ariana-lasoukra-138061,Appartement,670000.0,2024-12-30,Ariana,La Soukra,la soukra,2036.0,160.0,Non,Non,Non précisé,Haut standing,3.0,3.0,Oui,Oui,Oui,Non,Oui,Non,,Non,Non,Non
menzili,https://www.menzili.tn/annonce/a-vendre-appartement-s-2-direct-promoteur-haut-standing-sousse-sahloul-138057,Appartement,480000.0,2024-12-30,Sousse,Sahloul,Sahloul,4054.0,168.0,Non,Non,Neuf,Haut standing,2.0,2.0,Oui,Non,Oui,Non,Oui,Non,,Oui,Non,Oui
menzili,https://www.menzili.tn/annonce/appartement-s3-a-hay-lamal-la-manouba-manouba-denden-137699,Appartement,,2024-12-18,Manouba,Denden,Denden,2011.0,101.0,Titre Individuel,Non,Non précisé,Haut standing,3.0,1.0,Non,Non,Oui,Non,Oui,Non,2.0,Oui,Non,Non
menzili,https://www.menzili.tn/annonce/a-vendre-appartement-s-3-a-tantana-chott-mariem-sousse-akouda-138052,Appartement,360000.0,2024-12-30,Sousse,Akouda,Tantana,4022.0,100.0,Non,Non,Non précisé,Moyen standing,3.0,1.0,Non,Non,Oui,Oui,Oui,Non,,Oui,Non,Non
menzili,https://www.menzili.tn/annonce/a-vendre-appartement-s-3-meuble-a-khzema-sousse-hammamsousse-138051,Appartement,400000.0,2024-12-30,Sousse,Hammam Sousse,Khzema,4011.0,120.0,Non,Non,Non précisé,Moyen standing,3.0,2.0,Non,Non,Oui,Non,Oui,Non,,Non,Non,Oui
menzili,https://www.menzili.tn/annonce/coquet-appartement-a-vendre-dans-la-zone-touristique-51355351-nabeul-nabeul-138033,Appartement,265000.0,2024-12-29,Nabeul,Nabeul,Nabeul,8000.0,50.0,Oui,Non,Non précisé,Non précisé,1.0,1.0,Non,Non,Oui,Non,Non,Oui,1.0,Non,Non,Oui
menzili,https://www.menzili.tn/annonce/appartement-s-3-pied-dans-l-eau-a-vendre-a-nabeul-51355351-nabeul-darchaabaneelfehri-138029,Appartement,320000.0,2024-12-29,Nabeul,Dar Châabane El Fehri,Dar Châabane El Fehri,8000.0,108.0,Non,Oui,Non précisé,Haut standing,3.0,1.0,Non,Non,Oui,Oui,Oui,Oui,1.0,Non,Non,Oui
menzili,https://www.menzili.tn/annonce/appartement-s-3-avec-piscine-a-afh2-a-vendre-51355351-nabeul-mrezga-138024,Appartement,605000.0,2024-12-29,Nabeul,Mrezga,Mrezga,8058.0,140.0,Non,Non,Non précisé,Haut standing,3.0,2.0,Non,Non,Oui,Oui,Oui,Oui,3.0,Oui,Non,Oui
menzili,https://www.menzili.tn/annonce/un-appartement-s2-de-110-m-a-rades-benarous-rades-138015,Appartement,200000.0,2024-12-28,Ben Arous,Radès,Radès,2013.0,110.0,Non,Non,Non précisé,Non précisé,3.0,1.0,Non,Non,Oui,Non,Oui,Non,1.0,Non,Non,Non
menzili,https://www.menzili.tn/annonce/appartement-s-2-1ere-etage-au-centre-ville-de-kelibia-cap-bon-nabeul-kelibia-135997,Appartement,220000.0,2024-11-02,Nabeul,Kélibia,centre ville kelibia cap bon,8090.0,110.0,Non,Non,Non précisé,Non précisé,2.0,1.0,Non,Non,Oui,Non,Non,Non,1.0,Non,Non,Non
menzili,https://www.menzili.tn/annonce/appartement-rdc-a-vendre-bizerte-bizertenord-137992,Appartement,270000.0,2024-12-28,Bizerte,Bizerte Nord,cite ain mariem,7000.0,290.0,Non,Non,Non précisé,Non précisé,2.0,1.0,Non,Non,Oui,Non,Non,Non,1.0,Non,Non,Oui
menzili,https://www.menzili.tn/annonce/appartement-s2-cite-la-gazelle-ariana-ghazela-137978,Appartement,285000.0,2024-12-27,Ariana,Ghazela,Ghazela,2080.0,114.0,Non,Non,Non précisé,Haut standing,2.0,1.0,Non,Non,Oui,Non,Oui,Non,4.0,Oui,Non,Oui
menzili,https://www.menzili.tn/annonce/a-vendre-appartement-s-2-a-zone-touristique-mahdia-mahdia-mahdia-137964,Appartement,276000.0,2024-12-27,Mahdia,Mahdia,Mahdia,5100.0,,Non,Oui,Non précisé,Moyen standing,2.0,1.0,Non,Oui,Oui,Non,Oui,Non,,Non,Non,Oui
menzili,https://www.menzili.tn/annonce/tecnocasa-nouvelle-medina-met-en-vente-un-appartement-s-3-avec-une-superficie-de-128m-benarous-medinajedida-137954,Appartement,290000.0,2024-12-26,Ben Arous,Medina Jedida,Medina Jedida,2013.0,123.0,Non,Non,Non précisé,Non précisé,3.0,2.0,Non,Non,Oui,Non,Non,Non,,Non,Non,Non
menzili,https://www.menzili.tn/annonce/nouvelle-offre-a-vendre-s-2-avec-une-superficie-de-122m-benarous-medinajedida-137953,Appartement,230000.0,2024-12-26,Ben Arous,Medina Jedida,nouvelle medina 3,2013.0,122.0,Non,Non,Non précisé,Moyen standing,2.0,2.0,Non,Non,Oui,Non,Oui,Non,1.0,Oui,Non,Non
menzili,https://www.menzili.tn/annonce/nouvelle-offre-a-vendre-s-2-avec-une-superficie-de-122m-benarous-medinajedida-137952,Appartement,230000.0,2024-12-26,Ben Arous,Medina Jedida,nouvelle medina 3,2013.0,122.0,Non,Non,Non précisé,Haut standing,2.0,2.0,Non,Non,Oui,Non,Oui,Non,1.0,Oui,Non,Oui
menzili,https://www.menzili.tn/annonce/appartement-s-3-avec-piscine-a-vendre-a-320-md-51355351-nabeul-darchaabaneelfehri-137948,Appartement,320000.0,2024-12-26,Nabeul,Dar Châabane El Fehri,Dar Châabane El Fehri,8000.0,93.0,Non,Oui,Non précisé,Haut standing,3.0,1.0,Non,Non,Oui,Oui,Oui,Oui,1.0,Non,Non,Oui
menzili,https://www.menzili.tn/annonce/appartement-s-3-a-vendre-a-ennaser-ariana-ennasr-137947,Appartement,389000.0,2024-12-26,Ariana,Ennasr,Ennasr,2037.0,125.0,Non,Non,Non précisé,Haut standing,3.0,1.0,Non,Non,Oui,Non,Oui,Non,,Oui,Non,Oui
menzili,https://www.menzili.tn/annonce/joli-appartement-s3-a-vendre-a-hammem-sousse-sousse-hammamsousse-137936,Appartement,450000.0,2024-12-26,Sousse,Hammam Sousse,Hammam Sousse,4011.0,150.0,Non,Non,Non précisé,Haut standing,3.0,1.0,Non,Non,Oui,Non,Oui,Non,5.0,Oui,Non,Non
menzili,https://www.menzili.tn/annonce/appartement-haut-standing-benarous-elmourouj-120229,Appartement,,2023-08-05,Ben Arous,El Mourouj,El Mourouj,2074.0,140.0,Non,Non,Non précisé,Haut standing,3.0,2.0,Non,Non,Oui,Non,Oui,Non,1.0,Oui,Non,Oui
menzili,https://www.menzili.tn/annonce/bel-appartement-s3-dans-une-residence-front-mer-sousse-akouda-137887,Appartement,350000.0,2024-12-25,Sousse,Akouda,Akouda,4022.0,102.0,Non,Non,Non précisé,Non précisé,3.0,1.0,Non,Oui,Oui,Non,Non,Non,2.0,Non,Non,Non
menzili,https://www.menzili.tn/annonce/magnifique-appartement-front-mer-sousse-akouda-137886,Appartement,500000.0,2024-12-25,Sousse,Akouda,Akouda,4022.0,142.0,Non,Oui,Non précisé,Haut standing,2.0,1.0,Non,Non,Oui,Non,Non,Non,3.0,Oui,Non,Non
menzili,https://www.menzili.tn/annonce/appartement-s-3-en-excellent-etat-ariana-lasoukra-137872,Appartement,345000.0,2024-12-24,Ariana,La Soukra,Dar Fadhal,2036.0,140.0,Non,Non,Non précisé,Moyen standing,3.0,2.0,Non,Oui,Oui,Non,Oui,Non,2.0,Non,Non,Oui
menzili,https://www.menzili.tn/annonce/appartement-s-3-avec-piscine-a-afh2-a-vendre-51355351-nabeul-mrezga-137854,Appartement,630000.0,2024-12-24,Nabeul,Mrezga,Mrezga,8058.0,140.0,Non,Oui,Non précisé,Luxe,3.0,2.0,Non,Non,Oui,Oui,Oui,Oui,3.0,Oui,Non,Oui
menzili,https://www.menzili.tn/annonce/vends-appartement-a-tabarka-jendouba-tabarka-137822,Appartement,,2024-12-22,Jendouba,Tabarka,Rue Ali Zouaoui,8110.0,100.0,Non,Non,Non précisé,Non précisé,2.0,,Non,Oui,Oui,Non,Non,Non,1.0,Non,Non,Non
menzili,https://www.menzili.tn/annonce/a-vendre-appartement-s-4-avec-jardin-tunis-lamarsa-137817,Appartement,650000.0,2024-12-21,Tunis,La Marsa,ain zaghouen,2070.0,260.0,Non,Non,Neuf,Haut standing,4.0,3.0,Oui,Non,Oui,Oui,Non,Oui,,Oui,Non,Oui
menzili,https://www.menzili.tn/annonce/un-appartement-s-1-avec-vue-de-mer-a-hammamet-a-vendre-51355351-nabeul-hammamet-137815,Appartement,320000.0,2024-12-21,Nabeul,Hammamet,Hammamet,8050.0,76.0,Titre Individuel,Oui,Non précisé,Haut standing,1.0,1.0,Non,Non,Oui,Non,Oui,Non,2.0,Non,Non,Oui
menzili,https://www.menzili.tn/annonce/a-vendre-etage-de-villa-a-cite-ain-mariem-bizerte-bizerte-bizertenord-137803,Appartement,350000.0,2024-12-21,Bizerte,Bizerte Nord,Cité Ain Mariem Bizerte,7000.0,270.0,Non,Non,Non précisé,Non précisé,3.0,2.0,Non,Non,Oui,Non,Non,Oui,,Non,Non,Non
menzili,https://www.menzili.tn/annonce/A-vendre-un-appartement-s3-situe-a-cite-erriadh-1-sousse-sousseriadh-137786,Appartement,107000.0,2024-12-20,Sousse,Sousse Riadh,Sousse Riadh,4000.0,87.0,Non,Non,Bon état,Non précisé,3.0,1.0,Non,Non,Oui,Non,Non,Non,2.0,Non,Non,Non
menzili,https://www.menzili.tn/annonce/a-vendre-appartement-s-1-a-ennasr-2-ariana-ennasr-137784,Appartement,150000.0,2024-12-20,Ariana,Ennasr,50179579,2037.0,60.0,Non,Non,Non précisé,Haut standing,1.0,1.0,Oui,Non,Oui,Non,Oui,Non,1.0,Oui,Non,Oui
menzili,https://www.menzili.tn/annonce/opportunite-vente-s-2-a-medina-jadida-3-benarous-medinajedida-134558,Appartement,,2024-09-21,Ben Arous,Medina Jedida,Medina Jedida,2013.0,115.0,Non,Non,Non précisé,Haut standing,2.0,1.0,Oui,Oui,Oui,Non,Oui,Non,0.0,Oui,Non,Oui
menzili,https://www.menzili.tn/annonce/un-immeuble-de-sept-appartement-de-type-s-2-sousse-soussemedina-137755,Appartement,720000.0,2024-12-19,Sousse,Sousse Médina,Sousse Médina,1008.0,,Non,Non,Non précisé,Non précisé,,,Non,Non,Oui,Non,Non,Non,,Non,Non,Non
menzili,https://www.menzili.tn/annonce/s-2-a-vendre-nouvelle-soukra-tunis-ainzaghouan-137747,Appartement,415000.0,2024-12-19,Tunis,Aïn Zaghouan,Aïn Zaghouan,1100.0,140.0,Non,Non,Non précisé,Non précisé,3.0,2.0,Oui,Non,Oui,Non,Non,Non,,Non,Non,Non
menzili,https://www.menzili.tn/annonce/appartement-s-3-a-vendre-au-cite-olympique-tunis-citeolympique-137737,Appartement,255000.0,2024-12-19,Tunis,Cité Olympique,Cité Olympique,1000.0,110.0,Non,Non,Non précisé,Non précisé,,,Non,Non,Oui,Non,Non,Non,,Non,Non,Non
menzili,https://www.menzili.tn/annonce/une-bonne-opportunite-d-investir-a-cite-el-ghazela-s-2-ariana-ghazela-137727,Appartement,,2024-12-18,Ariana,Ghazela,Residence Nour II Bloc A,2080.0,100.0,Non,Non,Non précisé,Non précisé,2.0,1.0,Non,Oui,Oui,Non,Non,Non,3.0,Oui,Non,Non
menzili,https://www.menzili.tn/annonce/appartement-s-3-a-afh2-a-vendre-51355351-nabeul-mrezga-137673,Appartement,630000.0,2024-12-17,Nabeul,Mrezga,Mrezga,8058.0,140.0,Non,Oui,Non précisé,Luxe,3.0,2.0,Non,Non,Oui,Oui,Oui,Oui,3.0,Oui,Non,Oui
menzili,https://www.menzili.tn/annonce/s-4-bien-meuble-chic-et-luxe-a-sahloul-sousse-sahloul-137658,Appartement,3500.0,2024-12-17,Sousse,Sahloul,Sahloul,4054.0,,Non,Non,Non précisé,Luxe,4.0,2.0,Oui,Non,Oui,Oui,Oui,Non,,Oui,Non,Oui
menzili,https://www.menzili.tn/annonce/s2-haut-standing-riadh-landalous-ariana-arianaville-137648,Appartement,330000.0,2024-12-16,Ariana,Ariana Ville,Ariana Ville,2080.0,129.0,Non,Non,Non précisé,Haut standing,2.0,1.0,Oui,Oui,Oui,Non,Oui,Non,3.0,Non,Non,Non
menzili,https://www.menzili.tn/annonce/a-vendre-un-appartement-s-2-a-cite-wafa-nabeul-mrezga-137641,Appartement,,2024-12-16,Nabeul,Mrezga,Cite Wafa,8058.0,110.0,Non,Non,Non précisé,Haut standing,2.0,1.0,Non,Non,Oui,Oui,Oui,Non,4.0,Oui,Non,Oui
menzili,https://www.menzili.tn/annonce/a-vendre-un-appartement-s-3-meuble-a-gammarth-tunis-gammarth-137640,Appartement,420000.0,2024-12-16,Tunis,Gammarth,Gammarth,2078.0,110.0,Non,Non,Non précisé,Haut standing,3.0,2.0,Oui,Oui,Oui,Non,Oui,Non,3.0,Oui,Non,Oui
menzili,https://www.menzili.tn/annonce/a-vendre-un-appartement-au-5eme-etage-a-ennasr-2-ariana-ennasr-137639,Appartement,,2024-12-16,Ariana,Ennasr,Ennasr 2,2037.0,120.0,Non,Non,Non précisé,Haut standing,3.0,2.0,Non,Oui,Oui,Non,Oui,Non,7.0,Oui,Non,Oui
menzili,https://www.menzili.tn/annonce/appartement-a-la-marsa-tunis-lamarsa-137602,Appartement,270000.0,2024-12-15,Tunis,La Marsa,Cité mosta9bal,2070.0,90.0,Non,Non,Non précisé,Moyen standing,1.0,1.0,Non,Non,Oui,Non,Non,Non,2.0,Non,Non,Oui
menzili,https://www.menzili.tn/annonce/appartement-a-vendre-de-type-s-1-nabeul-hammamet-137575,Appartement,315000.0,2024-12-13,Nabeul,manaret al Hammamet en face hôtel Phénic,Hammamet,8050.0,122.0,Non,Oui,Non précisé,Luxe,1.0,1.0,Non,Non,Oui,Oui,Oui,Oui,6.0,Oui,Non,Oui
menzili,https://www.menzili.tn/annonce/cafe-2-appartements-kebili-douznord-137550,Appartement,,2024-12-12,Kébili,Douz Nord,Douz Nord,4260.0,400.0,Non,Non,Non précisé,Non précisé,2.0,1.0,Non,Non,Oui,Non,Non,Non,2.0,Non,Non,Oui
menzili,https://www.menzili.tn/annonce/un-appartement-s3-de-122-m-a-riadh-andalous-ariana-arianaville-137547,Appartement,250000.0,2024-12-12,Ariana,Ariana Ville,Ariana Ville,2080.0,122.0,Non,Non,Non précisé,Moyen standing,3.0,1.0,Non,Oui,Oui,Non,Oui,Non,,Non,Non,Non
menzili,https://www.menzili.tn/annonce/appartement-s-3-pied-dans-l-eau-a-vendre-a-nabeul-51355351-nabeul-darchaabaneelfehri-137544,Appartement,320000.0,2024-12-12,Nabeul,Dar Châabane El Fehri,Dar Châabane El Fehri,8000.0,108.0,Non,Oui,Non précisé,Haut standing,3.0,1.0,Non,Non,Oui,Oui,Oui,Oui,1.0,Non,Non,Oui
menzili,https://www.menzili.tn/annonce/appartement-haut-standing-s-4-benarous-ezzahra-137436,Appartement,,2024-12-09,Ben Arous,Ezzahra,megrine,2034.0,144.0,Non,Non,Non précisé,Haut standing,5.0,2.0,Oui,Oui,Oui,Non,Oui,Non,1.0,Oui,Non,Oui
menzili,https://www.menzili.tn/annonce/appartement-s-2-direct-promoteur-a-hammamet-a-vendre-51355351-nabeul-hammametnord-137410,Appartement,365000.0,2024-12-08,Nabeul,Hammamet Nord,Hammamet Nord,8050.0,109.0,Non,Oui,Non précisé,Haut standing,2.0,1.0,Non,Non,Oui,Non,Oui,Oui,1.0,Oui,Non,Oui
menzili,https://www.menzili.tn/annonce/a-vendre-des-appartements-s-3-directement-promoteur-mahdia-mahdia-137378,Appartement,240000.0,2024-12-06,Mahdia,Mahdia,mahdia,5100.0,120.0,Non,Non,Neuf,Moyen standing,3.0,1.0,Non,Non,Oui,Non,Non,Non,,Oui,Non,Non
menzili,https://www.menzili.tn/annonce/a-vendre-un-app-style-duplex-ariana-arianaville-137371,Appartement,510000.0,2024-12-06,Ariana,Ariana Ville,MENZAH 8,2080.0,179.0,Non,Non,Non précisé,Non précisé,4.0,2.0,Oui,Non,Oui,Non,Non,Non,1.0,Non,Non,Non
menzili,https://www.menzili.tn/annonce/duplex-s3-ennaser-ariana-arianaville-137358,Appartement,690000.0,2024-12-06,Ariana,Ariana Ville,Ariana Ville,2080.0,350.0,Titre Individuel,Non,Non précisé,Haut standing,3.0,3.0,Oui,Oui,Oui,Non,Oui,Non,4.0,Non,Non,Non
menzili,https://www.menzili.tn/annonce/appart-s1-ennaser-ariana-arianaville-137355,Appartement,200000.0,2024-12-06,Ariana,Ariana Ville,Ariana Ville,2080.0,67.0,Titre Individuel,Non,Non précisé,Haut standing,1.0,,Non,Non,Oui,Non,Oui,Non,1.0,Non,Non,Non
menzili,https://www.menzili.tn/annonce/appartement-floral-a-vendre-nabeul-hammametnord-137349,Appartement,380000.0,2024-12-06,Nabeul,Hammamet Nord,Hammamet Nord,8050.0,55.0,Non,Non,Non précisé,Haut standing,1.0,1.0,Non,Non,Oui,Oui,Oui,Non,,Oui,Non,Non
menzili,https://www.menzili.tn/annonce/a-vendre-appartement-de-132-m2-a-tantana-sousse-kantaoui-135654,Appartement,298000.0,2024-10-24,Sousse,Kantaoui,Kantaoui,4089.0,132.0,Non,Non,Non précisé,Moyen standing,2.0,1.0,Non,Oui,Oui,Non,Non,Non,,Oui,Non,Oui
menzili,https://www.menzili.tn/annonce/a-vendre-studio-a-folla-sousse-akouda-134080,Appartement,250000.0,2024-09-05,Sousse,Akouda,chott mariem,4022.0,40.0,Non,Non,Non précisé,Haut standing,1.0,1.0,Non,Non,Oui,Oui,Oui,Oui,,Non,Non,Oui
menzili,https://www.menzili.tn/annonce/un-appartement-s2-de-98-m-a-nouvelle-medina-benarous-medinajedida-137341,Appartement,135000.0,2024-12-05,Ben Arous,Medina Jedida,Medina Jedida,2013.0,98.0,Non,Non,Non précisé,Non précisé,2.0,1.0,Non,Non,Oui,Non,Non,Non,1.0,Non,Non,Non
menzili,https://www.menzili.tn/annonce/A-vendre-appartement-s-2-pied-dans-l-eau-et-vue-sur-mer-a-corniche-mahdia-mahdia-mahdia-137321,Appartement,680000.0,2024-12-05,Mahdia,Mahdia,Mahdia,5100.0,,Non,Oui,Non précisé,Non précisé,,,Non,Non,Oui,Non,Non,Non,1.0,Non,Non,Non
menzili,https://www.menzili.tn/annonce/a-vendre-appartement-s-2-pied-dans-l-eau-A-rajiche-mahdia-mahdia-mahdia-137318,Appartement,279000.0,2024-12-05,Mahdia,Mahdia,mahdia,5100.0,98.0,Non,Oui,Neuf,Non précisé,2.0,1.0,Non,Oui,Oui,Non,Non,Non,,Non,Non,Non
menzili,https://www.menzili.tn/annonce/a-vendre-s-2-a-borj-arif-mahdia-neuf-mahdia-mahdia-137317,Appartement,202000.0,2024-12-05,Mahdia,Mahdia,mahdia,5100.0,101.0,Non,Non,Neuf,Moyen standing,2.0,1.0,Non,Non,Oui,Non,Non,Non,,Oui,Non,Non
menzili,https://www.menzili.tn/annonce/appartements-A-vendre-en-cours-de-construction-en-plein-beau-de-mahdia-mahdia-mahdia-137316,Appartement,295000.0,2024-12-05,Mahdia,Mahdia,mahdia,5100.0,101.0,Non,Non,Neuf,Haut standing,2.0,1.0,Oui,Non,Oui,Non,Oui,Non,,Oui,Non,Oui
menzili,https://www.menzili.tn/annonce/bel-appartement-s-1-avec-jardin-a-vendre-a-afh-mrezga-51355351-nabeul-mrezga-137299,Appartement,250000.0,2024-12-05,Nabeul,Mrezga,Mrezga,8058.0,72.0,Non,Non,Non précisé,Haut standing,1.0,1.0,Non,Non,Oui,Oui,Oui,Oui,0.0,Oui,Non,Oui
menzili,https://www.menzili.tn/annonce/A-vendre-s-2-en-cours-de-construction-et-proche-de-la-plage-mahdia-mahdia-137282,Appartement,394000.0,2024-12-04,Mahdia,Mahdia,mahdia,5100.0,107.0,Non,Non,Neuf,Non précisé,2.0,2.0,Non,Non,Oui,Non,Non,Non,,Oui,Non,Non
menzili,https://www.menzili.tn/annonce/appartement-s-2-avec-vue-de-mer-a-hammamet-centre-nabeul-hammametcentre-137267,Appartement,320000.0,2024-12-04,Nabeul,Hammamet Centre,Hammamet,8050.0,142.0,Non,Oui,Non précisé,Haut standing,2.0,1.0,Non,Non,Oui,Non,Oui,Non,3.0,Non,Non,Oui
menzili,https://www.menzili.tn/annonce/appartement-s-2-a-mrezga-nabeul-mrezga-137266,Appartement,290000.0,2024-12-04,Nabeul,Mrezga,Mrezga,8058.0,93.0,Non,Non,Non précisé,Haut standing,2.0,1.0,Non,Non,Oui,Non,Oui,Non,1.0,Non,Non,Oui
menzili,https://www.menzili.tn/annonce/des-appartements-s1-a-vendre-a-ain-zaghouan-nord-tunis-lamarsa-137240,Appartement,340000.0,2024-12-04,Tunis,La Marsa,ain zaghouan nord,2070.0,63.0,Non,Non,Non précisé,Haut standing,1.0,1.0,Non,Non,Oui,Oui,Oui,Non,1.0,Oui,Non,Oui
menzili,https://www.menzili.tn/annonce/vente-appartements-medenine-zarzis-114608,Appartement,190000.0,2023-05-02,Médenine,Zarzis,hessi jerbi zarzis tunisie,4170.0,85.0,Non,Oui,Non précisé,Haut standing,,,Non,Non,Oui,Oui,Non,Oui,3.0,Non,Non,Oui
menzili,https://www.menzili.tn/annonce/appartement-s-3-vue-de-mer-a-hammamet-nord-nabeul-hammametnord-137232,Appartement,360000.0,2024-12-03,Nabeul,Hammamet Nord,Hammamet Nord,8050.0,135.0,Non,Oui,Non précisé,Haut standing,3.0,2.0,Non,Non,Oui,Non,Oui,Non,2.0,Non,Non,Oui
menzili,https://www.menzili.tn/annonce/appartement-s-3-de-144-m-benarous-ezzahra-137227,Appartement,,2024-12-03,Ben Arous,Ezzahra,megrine coteaux,2034.0,144.0,Non,Non,Non précisé,Haut standing,4.0,2.0,Oui,Oui,Oui,Non,Oui,Non,,Oui,Non,Oui
menzili,https://www.menzili.tn/annonce/appartement-s-2-a-kelibia-la-blanche-avec-titre-bleu-nabeul-kelibia-137214,Appartement,200000.0,2024-12-03,Nabeul,Kélibia,kelibia la blanche,8090.0,180.0,Titre Bleu,Oui,Non précisé,Haut standing,1.0,1.0,Non,Non,Oui,Oui,Non,Oui,0.0,Non,Non,Non
menzili,https://www.menzili.tn/annonce/appartement-s-2-a-jinan-mansoura-kelibia-avec-titr-bleu-nabeul-kelibia-137212,Appartement,,2024-12-03,Nabeul,Kélibia,kelibia jinen mansoura,8090.0,130.0,Non,Non,Non précisé,Non précisé,2.0,1.0,Non,Non,Oui,Non,Non,Oui,0.0,Non,Non,Non
menzili,https://www.menzili.tn/annonce/appartement-direct-promoteur-vue-de-mer-mahdia-mahdia-137207,Appartement,,2024-12-03,Mahdia,Mahdia,Mahdia,5100.0,,Non,Oui,Non précisé,Haut standing,,,Non,Non,Oui,Non,Non,Non,,Oui,Non,Non
menzili,https://www.menzili.tn/annonce/appaartement-s-2-a-teboulba-monastir-teboulba-137204,Appartement,110000.0,2024-12-03,Monastir,Téboulba,Téboulba,5000.0,105.0,Titre Individuel,Non,Non précisé,Non précisé,2.0,1.0,Oui,Non,Oui,Non,Non,Non,,Non,Non,Non
menzili,https://www.menzili.tn/annonce/a-vendre-s-2-neuf-jamais-habite-a-roudha-mahdia-mahdia-mahdia-137183,Appartement,260000.0,2024-12-02,Mahdia,Mahdia,mahdia,5100.0,102.0,Non,Non,Neuf,Non précisé,2.0,1.0,Non,Non,Oui,Non,Non,Non,,Oui,Non,Non
menzili,https://www.menzili.tn/annonce/kelibia-appartement-s-2-haut-standing-a-vendre-vue-de-la-mer-et-le-fort-de-kelibia-nabeul-kelibia-137167,Appartement,185000.0,2024-12-02,Nabeul,Kélibia,Kélibia,8000.0,116.0,Non,Non,Non précisé,Haut standing,2.0,1.0,Non,Non,Oui,Non,Non,Non,1.0,Non,Non,Non
menzili,https://www.menzili.tn/annonce/appart-s-plus-4-un-grand-cellier-et-2-pl-de-parking-tunis-laouina-137160,Appartement,560000.0,2024-12-01,Tunis,L'aouina,Résidence Diar Essalem Rue Hammamet El Aouina,8050.0,200.0,Non,Non,Non précisé,Haut standing,4.0,2.0,Oui,Non,Oui,Non,Oui,Non,1.0,Oui,Non,Oui
menzili,https://www.menzili.tn/annonce/appartement-s-3-pied-dans-l-eau-a-vendre-a-nabeul-51355351-nabeul-darchaabaneelfehri-137137,Appartement,320000.0,2024-11-30,Nabeul,Dar Châabane El Fehri,Dar Châabane El Fehri,8000.0,108.0,Non,Oui,Non précisé,Haut standing,3.0,1.0,Non,Non,Oui,Oui,Oui,Oui,1.0,Non,Non,Oui
menzili,https://www.menzili.tn/annonce/av-appartement-s4-a-la-marina-gammarth-tunis-gammarth-137119,Appartement,1150000.0,2024-11-29,Tunis,Gammarth,Marina Gammarth,2078.0,200.0,Non,Non,Neuf,Haut standing,4.0,4.0,Oui,Oui,Oui,Non,Oui,Non,1.0,Non,Non,Oui
menzili,https://www.menzili.tn/annonce/un-appartement-s2-de-90-m-a-nouvelle-medina-benarous-medinajedida-137071,Appartement,135000.0,2024-11-28,Ben Arous,Medina Jedida,Medina Jedida,2013.0,90.0,Non,Non,Non précisé,Non précisé,2.0,1.0,Non,Non,Oui,Non,Non,Non,0.0,Non,Non,Non
menzili,https://www.menzili.tn/annonce/a-vendre-appartement-s-2-a-hammam-sousse-sousse-hammamsousse-134268,Appartement,280000.0,2024-09-12,Sousse,Hammam Sousse,Hammam Sousse,4011.0,110.0,Non,Non,Non précisé,Moyen standing,2.0,1.0,Non,Non,Oui,Non,Non,Non,3.0,Oui,Non,Oui
menzili,https://www.menzili.tn/annonce/a-vendre-appartement-de-80-m-a-kantaoui-sousse-kantaoui-135655,Appartement,282000.0,2024-10-24,Sousse,Kantaoui,Kantaoui,4089.0,80.0,Non,Non,Non précisé,Moyen standing,2.0,1.0,Non,Oui,Oui,Non,Oui,Non,,Non,Non,Oui
menzili,https://www.menzili.tn/annonce/appartement-s3-a-vendre-a-la-marsa-tunis-lamarsa-137064,Appartement,420000.0,2024-11-28,Tunis,La Marsa,La Marsa,2070.0,147.0,Non,Non,Non précisé,Non précisé,3.0,3.0,Oui,Non,Oui,Non,Non,Non,,Non,Non,Non
menzili,https://www.menzili.tn/annonce/3-appartements-s1-a-mrezga-a-5min-de-la-plage-nabeul-hammametnord-137038,Appartement,230000.0,2024-11-28,Nabeul,Hammamet Nord,Mrezga Hammamet,8050.0,,Non,Non,Neuf,Haut standing,1.0,1.0,Non,Non,Oui,Non,Oui,Non,1.0,Non,Non,Oui
menzili,https://www.menzili.tn/annonce/A-vendre-belle-appartement-neuf-meuble-s-2-1er-etage-centre-ville-midoun-medenine-djerbamidoun-137028,Appartement,,2024-11-28,Médenine,Djerba - Midoun,Djerba - Midoun,4180.0,100.0,Non,Non,Neuf,Moyen standing,2.0,1.0,Non,Non,Oui,Non,Non,Non,1.0,Non,Non,Non
menzili,https://www.menzili.tn/annonce/a-vendre-des-appartement-neuf-a-la-soukra-ariana-lasoukra-137016,Appartement,319000.0,2024-11-28,Ariana,La Soukra,La Soukra,2036.0,68.0,Non,Non,Neuf,Non précisé,1.0,,Non,Non,Oui,Non,Non,Non,1.0,Non,Non,Non
menzili,https://www.menzili.tn/annonce/appartement-a-vendre-menzah-5-ariana-menzah-137013,Appartement,,2024-11-27,Ariana,Menzah,Menzah 5,1004.0,100.0,Non,Non,Non précisé,Non précisé,3.0,1.0,Non,Non,Oui,Non,Non,Non,4.0,Non,Non,Oui
menzili,https://www.menzili.tn/annonce/appartement-a-vendre-de-90-m2-a-mourouj2-benarous-elmourouj-137011,Appartement,165000.0,2024-11-27,Ben Arous,El Mourouj,El mourouj2,2074.0,90.0,Non,Non,Non précisé,Non précisé,3.0,1.0,Non,Non,Oui,Non,Oui,Non,3.0,Non,Non,Non
menzili,https://www.menzili.tn/annonce/a-vendre-des-appartements-s1-situe-a-cite-erriadh-sousse-sousseriadh-136980,Appartement,171000.0,2024-11-27,Sousse,Sousse Riadh,Sousse Riadh,4000.0,1.0,Non,Non,Non précisé,Moyen standing,1.0,1.0,Non,Non,Oui,Non,Non,Non,,Oui,Non,Non
menzili,https://www.menzili.tn/annonce/a-vendre-un-appartement-s3-situe-a-cite-erriadh-sousse-sousseriadh-136978,Appartement,,2024-11-27,Sousse,Sousse Riadh,Sousse Riadh,4000.0,128.0,Non,Non,Non précisé,Non précisé,3.0,1.0,Non,Non,Oui,Non,Non,Non,4.0,Oui,Non,Non
menzili,https://www.menzili.tn/annonce/a-vendre-des-appartement-neuf-a-la-sokra-ariana-lasoukra-136977,Appartement,550000.0,2024-11-27,Ariana,La Soukra,La Soukra,2036.0,123.0,Non,Non,Neuf,Non précisé,3.0,,Non,Non,Oui,Non,Non,Oui,,Non,Non,Non
menzili,https://www.menzili.tn/annonce/studio-a-vendre-a-140-md-a-hammamet-51355351-nabeul-hammamet-136955,Appartement,140000.0,2024-11-27,Nabeul,Hammamet,Hammamet,8050.0,55.0,Non,Non,Non précisé,Non précisé,1.0,1.0,Non,Non,Oui,Non,Non,Non,1.0,Non,Non,Non
menzili,https://www.menzili.tn/annonce/appartement-s-2-a-hammamet-a-vendre-51355351-nabeul-hammamet-136867,Appartement,185000.0,2024-11-24,Nabeul,Hammamet,Hammamet,8050.0,75.0,Non,Non,Non précisé,Moyen standing,2.0,1.0,Non,Non,Oui,Non,Oui,Non,1.0,Non,Non,Oui
menzili,https://www.menzili.tn/annonce/a-vendre-appartement-de-80-m2-benarous-mohamedia-136857,Appartement,65000.0,2024-11-23,Ben Arous,Mohamedia,اقامة العمري,2084.0,80.0,Non,Non,Non précisé,Non précisé,3.0,1.0,Non,Oui,Oui,Non,Non,Non,1.0,Non,Non,Non
menzili,https://www.menzili.tn/annonce/appartement-tout-neuf-a-vendre-a-manaret-el-hammamet-51355351-nabeul-hammametsud-136850,Appartement,230000.0,2024-11-23,Nabeul,Hammamet Sud,Hammamet Sud,8050.0,110.0,Non,Non,Neuf,Non précisé,2.0,1.0,Non,Non,Oui,Non,Non,Non,,Non,Non,Non
menzili,https://www.menzili.tn/annonce/appartement-de-156-m-a-vendre-a-chott-meriem-tantana-sousse-akouda-136843,Appartement,480000.0,2024-11-23,Sousse,Akouda,Chott Meriem Tantana,4022.0,156.0,Non,Non,Non précisé,Moyen standing,3.0,1.0,Non,Non,Oui,Non,Oui,Oui,,Non,Non,Oui
menzili,https://www.menzili.tn/annonce/des-appartement-direct-promoteur-a-afh-mrezga-sur-plan-nabeul-mrezga-136831,Appartement,,2024-11-23,Nabeul,Mrezga,Mrezga,8058.0,,Non,Non,Non précisé,Haut standing,1.0,1.0,Non,Non,Oui,Oui,Oui,Oui,1.0,Oui,Non,Oui
menzili,https://www.menzili.tn/annonce/appartement-au-village-mediterraneen-benarous-rades-129450,Appartement,145000.0,2024-02-21,Ben Arous,Radès,Cité olympique Rades,2040.0,67.0,Non,Non,Bon état,Non précisé,2.0,1.0,Non,Non,Oui,Non,Non,Non,2.0,Non,Non,Oui
menzili,https://www.menzili.tn/annonce/appartement-de-83-m-a-hammam-chatt-benarous-hammamchott-136808,Appartement,220000.0,2024-11-22,Ben Arous,Hammam Chott,megrine coteaux,2052.0,92.0,Non,Oui,Non précisé,Haut standing,3.0,1.0,Oui,Non,Oui,Non,Oui,Non,2.0,Oui,Non,Non
menzili,https://www.menzili.tn/annonce/appartement-s-3-pied-dans-l-eau-a-vendre-a-nabeul-51355351-nabeul-darchaabaneelfehri-136785,Appartement,320000.0,2024-11-22,Nabeul,Dar Châabane El Fehri,Dar Châabane El Fehri,8000.0,108.0,Non,Oui,Non précisé,Haut standing,3.0,1.0,Non,Non,Oui,Oui,Oui,Oui,1.0,Non,Non,Oui
menzili,https://www.menzili.tn/annonce/appartement-a-vendre-a-gammarth-tunis-lamarsa-136767,Appartement,800000.0,2024-11-21,Tunis,La Marsa,La Marsa,2070.0,118.0,Non,Non,Non précisé,Non précisé,1.0,,Non,Non,Oui,Non,Non,Non,1.0,Oui,Non,Non
menzili,https://www.menzili.tn/annonce/a-vendre-une-appartement-a-bouhssina-sousse-soussemedina-136764,Appartement,100000.0,2024-11-21,Sousse,Sousse Médina,Sousse Médina,1008.0,75.0,Titre Individuel,Non,Non précisé,Non précisé,2.0,1.0,Non,Non,Oui,Non,Non,Non,1.0,Non,Non,Non
menzili,https://www.menzili.tn/annonce/un-appartement-s-2-a-vendre-situe-a-hammem-sousse-sousse-hammamsousse-136762,Appartement,145000.0,2024-11-21,Sousse,Hammam Sousse,Hammam Sousse,4011.0,80.0,Non,Non,Non précisé,Non précisé,2.0,1.0,Non,Non,Oui,Non,Non,Non,,Non,Non,Non
menzili,https://www.menzili.tn/annonce/bel-appartement-rdc-s-1-avec-jardin-a-vendre-a-afh-mrezga-51355351-nabeul-mrezga-136744,Appartement,250000.0,2024-11-21,Nabeul,Mrezga,Mrezga,8058.0,72.0,Non,Non,Non précisé,Haut standing,1.0,1.0,Non,Non,Oui,Oui,Oui,Oui,0.0,Oui,Non,Oui
menzili,https://www.menzili.tn/annonce/appartement-s-1-direct-promoteur-a-vendre-a-afh-mrezga-51355351-nabeul-mrezga-136721,Appartement,305000.0,2024-11-21,Nabeul,Mrezga,Mrezga,8058.0,122.0,Non,Oui,Non précisé,Haut standing,1.0,1.0,Non,Non,Oui,Non,Oui,Oui,6.0,Oui,Non,Oui
menzili,https://www.menzili.tn/annonce/appartement-s-4-a-vendre-a-cite-el-khadhra-tunis-citeelkhadra-136720,Appartement,485000.0,2024-11-21,Tunis,Cité El Khadra,Cité El Khadra,1003.0,165.0,Non,Non,Non précisé,Haut standing,4.0,2.0,Non,Oui,Oui,Non,Oui,Non,6.0,Oui,Non,Oui
menzili,https://www.menzili.tn/annonce/appartement-s2-a-vendre-a-ain-zaghouan-nord-tunis-ainzaghouan-136717,Appartement,480000.0,2024-11-21,Tunis,Aïn Zaghouan,Aïn Zaghouan,1100.0,131.0,Non,Non,Non précisé,Haut standing,2.0,2.0,Oui,Non,Oui,Non,Oui,Non,,Oui,Non,Oui
menzili,https://www.menzili.tn/annonce/appartement-s2-a-vendre-a-ain-zaghouan-nord-tunis-ainzaghouan-136716,Appartement,710000.0,2024-11-21,Tunis,Aïn Zaghouan,Aïn Zaghouan,1100.0,198.0,Non,Non,Non précisé,Haut standing,2.0,2.0,Oui,Non,Oui,Non,Oui,Non,2.0,Oui,Non,Oui
menzili,https://www.menzili.tn/annonce/A-bellevue-tunis-appartement-tunis-elouardia-136710,Appartement,,2024-11-20,Tunis,El Ouardia,Bellevue Tunis,1000.0,300.0,Non,Non,Non précisé,Non précisé,5.0,2.0,Non,Non,Oui,Non,Non,Oui,2.0,Non,Non,Non
menzili,https://www.menzili.tn/annonce/s-1-avec-jardin-privatif-premiere-location-direct-proprietaire-immeuble-recemment-construit-sousse-sahloul-136664,Appartement,,2024-11-19,Sousse,Sahloul 4,Sousse,4054.0,70.0,Non,Non,Non précisé,Haut standing,1.0,1.0,Oui,Oui,Oui,Non,Oui,Oui,1.0,Oui,Non,Oui
menzili,https://www.menzili.tn/annonce/A-vendre-tres-bel-appartement-benarous-mohamedia-136644,Appartement,,2024-11-19,Ben Arous,Mohamedia,Cité elahmadi cité ennacim Mohammedia ben arous,2084.0,78.0,Non,Non,Non précisé,Non précisé,3.0,1.0,Non,Non,Oui,Non,Oui,Non,1.0,Non,Non,Non
menzili,https://www.menzili.tn/annonce/appartement-s-2-directe-promoteur-nabeul-nabeul-136643,Appartement,495000.0,2024-11-19,Nabeul,Nabeul,Nabeul Centre,8000.0,90.0,Non,Non,Non précisé,Haut standing,2.0,1.0,Non,Oui,Oui,Non,Oui,Oui,1.0,Oui,Non,Oui
menzili,https://www.menzili.tn/annonce/appartement-s-2-front-de-mer-nabeul-nabeul-136642,Appartement,600000.0,2024-11-19,Nabeul,Nabeul,Nabeul Centre,8000.0,90.0,Non,Oui,Non précisé,Haut standing,2.0,1.0,Non,Non,Oui,Non,Oui,Non,1.0,Oui,Non,Oui
menzili,https://www.menzili.tn/annonce/un-s-1-meuble-a-chott-mariem-sousse-kantaoui-136631,Appartement,265000.0,2024-11-19,Sousse,Kantaoui,Kantaoui,4089.0,85.0,Non,Non,Neuf,Haut standing,1.0,1.0,Oui,Oui,Oui,Oui,Oui,Non,,Non,Non,Oui
menzili,https://www.menzili.tn/annonce/bel-appartement-a-vendre-a-yasmine-hammamet-51355351-nabeul-hammametsud-136628,Appartement,340000.0,2024-11-19,Nabeul,Hammamet Sud,Hammamet Sud,8050.0,116.0,Oui,Non,Non précisé,Non précisé,2.0,1.0,Non,Non,Oui,Non,Non,Non,2.0,Non,Non,Non
menzili,https://www.menzili.tn/annonce/A-vendre-charmant-appartement-s2-au-rez-de-chaussee-nabeul-hammamet-136613,Appartement,,2024-11-18,Nabeul,Hammamet,Hammamet,8050.0,65.0,Non,Non,Bon état,Moyen standing,1.0,1.0,Non,Non,Oui,Non,Non,Oui,0.0,Non,Non,Non
menzili,https://www.menzili.tn/annonce/appartement-s3-a-vendre-sousse-sousse-kantaoui-136599,Appartement,647000.0,2024-11-18,Sousse,Kantaoui,Kantaoui,4089.0,120.0,Non,Oui,Non précisé,Haut standing,3.0,2.0,Oui,Non,Oui,Non,Non,Non,,Oui,Non,Oui
menzili,https://www.menzili.tn/annonce/appartement-s-plus-2-a-vendre-a-tantana-sousse-kantaoui-136598,Appartement,358000.0,2024-11-18,Sousse,Kantaoui,Kantaoui,4089.0,72.0,Non,Oui,Non précisé,Haut standing,2.0,1.0,Non,Non,Oui,Non,Non,Non,2.0,Oui,Non,Oui
menzili,https://www.menzili.tn/annonce/a-vendre-appartement-s2-a-tantana-sousse-kantaoui-136597,Appartement,398000.0,2024-11-18,Sousse,Kantaoui,Kantaoui,4089.0,85.0,Non,Oui,Non précisé,Haut standing,2.0,1.0,Non,Non,Oui,Non,Oui,Non,2.0,Oui,Non,Oui
menzili,https://www.menzili.tn/annonce/appartement-s-1-borj-cedria-benarous-borjcedria-136560,Appartement,95000.0,2024-11-17,Ben Arous,Borj Cedria,Borj Cedria,2013.0,53.0,Non,Non,Non précisé,Moyen standing,1.0,1.0,Non,Non,Oui,Non,Oui,Non,4.0,Non,Non,Oui
menzili,https://www.menzili.tn/annonce/un-appartement-s-2-direct-promoteur-a-hammamet-nord-a-vendre-51355351-nabeul-hammametnord-136556,Appartement,365000.0,2024-11-17,Nabeul,Hammamet Nord,Hammamet Nord,8050.0,109.0,Non,Non,Non précisé,Non précisé,2.0,1.0,Non,Non,Oui,Non,Non,Non,1.0,Non,Non,Non
menzili,https://www.menzili.tn/annonce/a-vendre-duplex-a-sahloul-sousse-sahloul-136542,Appartement,277000.0,2024-11-16,Sousse,Sahloul,Sahloul,4054.0,,Non,Non,Non précisé,Haut standing,2.0,1.0,Oui,Oui,Oui,Non,Oui,Non,,Oui,Non,Non
menzili,https://www.menzili.tn/annonce/des-appartement-s-1-pour-la-vente-sur-plan-a-afh-mrezga-nabeul-mrezga-136524,Appartement,235000.0,2024-11-16,Nabeul,Mrezga,Mrezga,8058.0,60.0,Non,Non,Non précisé,Haut standing,,1.0,Non,Non,Oui,Oui,Oui,Oui,1.0,Oui,Non,Oui
menzili,https://www.menzili.tn/annonce/appartement-s-3-pied-dans-l-eau-a-vendre-a-nabeul-51355351-nabeul-nabeul-136514,Appartement,320000.0,2024-11-16,Nabeul,Nabeul,Nabeul,8000.0,108.0,Non,Oui,Non précisé,Haut standing,3.0,1.0,Non,Non,Oui,Oui,Oui,Oui,1.0,Non,Non,Oui
menzili,https://www.menzili.tn/annonce/a-vendre-duplex-a-khzema-sousse-soussejawhara-136513,Appartement,320000.0,2024-11-16,Sousse,Sousse Jawhara,Sousse Jawhara,4000.0,,Non,Oui,Non précisé,Haut standing,2.0,1.0,Non,Oui,Oui,Non,Oui,Non,,Oui,Non,Non
menzili,https://www.menzili.tn/annonce/appartement-a-vendre-sfax-sakietezzit-136502,Appartement,,2024-11-15,Sfax,Sakiet Ezzit,Route de Teniour km 6.5 Av habib AYadi à 200m du c,3021.0,128.0,Non,Non,Non précisé,Non précisé,3.0,1.0,Non,Oui,Oui,Non,Non,Non,2.0,Oui,Non,Non
menzili,https://www.menzili.tn/annonce/appartement-s-3-avec-piscine-a-vendre-a-nabeul-51355351-nabeul-nabeul-136495,Appartement,320000.0,2024-11-15,Nabeul,Nabeul,Nabeul,8000.0,93.0,Non,Oui,Non précisé,Haut standing,3.0,1.0,Non,Non,Oui,Oui,Oui,Oui,1.0,Non,Non,Oui
menzili,https://www.menzili.tn/annonce/un-appartement-s-2-avec-piscine-a-vendre-a-jinen-beni-khiar-51355351-nabeul-benikhiar-136465,Appartement,250000.0,2024-11-15,Nabeul,Béni Khiar,Béni Khiar,8000.0,85.0,Titre Individuel,Non,Non précisé,Moyen standing,2.0,1.0,Non,Non,Oui,Oui,Oui,Oui,1.0,Non,Non,Oui
menzili,https://www.menzili.tn/annonce/un-appartement-s-1-tout-neuf-a-vendre-a-afh-mrezga-nabeul-mrezga-136451,Appartement,245000.0,2024-11-14,Nabeul,Mrezga,Mrezga,8058.0,74.0,Non,Non,Neuf,Haut standing,1.0,1.0,Non,Non,Oui,Non,Oui,Oui,,Non,Non,Oui
menzili,https://www.menzili.tn/annonce/s-3-a-vendre-situee-a-sahloul-sousse-sahloul-136447,Appartement,360000.0,2024-11-14,Sousse,Sahloul,Sahloul,4054.0,116.0,Non,Non,Non précisé,Haut standing,3.0,1.0,Non,Non,Oui,Non,Oui,Non,,Oui,Non,Oui
menzili,https://www.menzili.tn/annonce/un-appartement-s-3-a-vendre-situee-a-sahloul-yeser-arafet-sousse-sahloul-136445,Appartement,400000.0,2024-11-14,Sousse,Sahloul,Sahloul,4054.0,165.0,Non,Non,Non précisé,Haut standing,3.0,2.0,Non,Non,Oui,Non,Oui,Non,,Oui,Non,Oui
menzili,https://www.menzili.tn/annonce/un-rez-de-chaussee-et-deux-appartement-inachevee-a-vendre-situee-a-zaouiet-sousse-zaouitksibatthrayett-136443,Appartement,220000.0,2024-11-14,Sousse,Zaouit-Ksibat Thrayett,Zaouit-Ksibat Thrayett,4000.0,90.0,Titre Bleu,Non,Non précisé,Non précisé,,,Non,Non,Oui,Non,Non,Non,0.0,Non,Non,Non
menzili,https://www.menzili.tn/annonce/appartement-bardo-tunis-lebardo-136442,Appartement,280000.0,2024-11-14,Tunis,Le Bardo,Rue slaheiddine bouchoucha bardo,2000.0,97.0,Non,Non,Bon état,Haut standing,2.0,1.0,Oui,Oui,Oui,Non,Oui,Non,4.0,Oui,Non,Oui
menzili,https://www.menzili.tn/annonce/joli-duplex-a-chot-mariem-sousse-akouda-136433,Appartement,300000.0,2024-11-14,Sousse,Akouda,Akouda,4022.0,70.0,Titre Bleu,Non,Rénové,Non précisé,2.0,,Non,Non,Oui,Non,Non,Non,1.0,Non,Non,Non
menzili,https://www.menzili.tn/annonce/appart-s-3-au-1er-etage-cite-olympique-tunis-citeolympique-38664,Appartement,315000.0,2020-07-17,Tunis,Cité Olympique,résidence ben mahmoud cité olympique,1000.0,120.0,Non,Non,Rénové,Haut standing,3.0,2.0,Oui,Oui,Oui,Non,Oui,Oui,4.0,Non,Non,Oui
menzili,https://www.menzili.tn/annonce/menzah-7-appart-s2-ariana-arianaville-136332,Appartement,245000.0,2024-11-12,Ariana,Ariana Ville,Ariana Ville,2080.0,100.0,Titre Individuel,Non,Non précisé,Non précisé,2.0,1.0,Non,Oui,Oui,Non,Non,Non,1.0,Non,Non,Non
menzili,https://www.menzili.tn/annonce/appart-s2-laaouina-wahat-tunis-lamarsa-136329,Appartement,285000.0,2024-11-12,Tunis,La Marsa,La Marsa,2070.0,116.0,Titre Individuel,Non,Non précisé,Haut standing,2.0,1.0,Non,Oui,Oui,Non,Oui,Non,5.0,Oui,Non,Non
menzili,https://www.menzili.tn/annonce/appart-s3-cite-olympique-tunis-citeelkhadra-136326,Appartement,304000.0,2024-11-12,Tunis,Cité El Khadra,Cité El Khadra,1003.0,160.0,Titre Individuel,Non,Non précisé,Moyen standing,3.0,1.0,Oui,Oui,Oui,Non,Oui,Non,2.0,Non,Non,Non
menzili,https://www.menzili.tn/annonce/a-vendre-un-charmant-s-1-rdc-a-kantaoui-sousse-kantaoui-136295,Appartement,,2024-11-12,Sousse,Kantaoui,Kantaoui,4089.0,72.0,Non,Non,Non précisé,Haut standing,1.0,1.0,Non,Non,Oui,Oui,Oui,Non,0.0,Non,Non,Non
menzili,https://www.menzili.tn/annonce/A-vendre-en-exclusivite-magnifique-appartement-s2-nabeul-hammamet-136280,Appartement,,2024-11-11,Nabeul,Hammamet,Hammamet,8050.0,108.0,Non,Non,Non précisé,Moyen standing,2.0,,Non,Non,Oui,Non,Non,Non,3.0,Non,Non,Non
menzili,https://www.menzili.tn/annonce/a-vendre-appartement-s3-a-mourouj-1-benarous-elmourouj-135422,Appartement,165000.0,2024-10-18,Ben Arous,El Mourouj,El Mourouj,2074.0,115.0,Non,Non,Non précisé,Non précisé,3.0,1.0,Non,Oui,Oui,Non,Non,Non,1.0,Non,Non,Non
menzili,https://www.menzili.tn/annonce/duplex-s-3-a-jardins-de-l-aouina-tunis-laouina-136236,Appartement,520000.0,2024-11-10,Tunis,L'aouina,L'aouina,1000.0,200.0,Non,Non,Non précisé,Haut standing,3.0,2.0,Oui,Non,Oui,Non,Oui,Oui,0.0,Non,Non,Oui
menzili,https://www.menzili.tn/annonce/vente-appartement-s-3-avec-jardin-et-2-places-parking-ariana-borjlouzir-136233,Appartement,,2024-11-09,Ariana,Borj Louzir,Rue Abderrahmen Mami Résidence El Ahbeb,2073.0,,Non,Non,Non précisé,Moyen standing,3.0,1.0,Oui,Non,Oui,Non,Oui,Oui,,Non,Non,Non
menzili,https://www.menzili.tn/annonce/ennaser-appart-s3-ariana-arianaville-136223,Appartement,395000.0,2024-11-09,Ariana,Ariana Ville,Ariana Ville,2080.0,167.0,Non,Non,Non précisé,Haut standing,3.0,3.0,Oui,Oui,Oui,Non,Oui,Non,2.0,Non,Non,Non
menzili,https://www.menzili.tn/annonce/appartement-de-luxe-nabeul-kelibia-136219,Appartement,,2024-11-09,Nabeul,Kélibia,rue ibn kholdoun kelibia,8090.0,,Non,Oui,Non précisé,Luxe,2.0,1.0,Non,Non,Oui,Non,Oui,Non,,Non,Non,Oui
menzili,https://www.menzili.tn/annonce/appartement-s-3-vue-de-mer-a-vendre-a-nabeul-51355351-nabeul-nabeul-136193,Appartement,450000.0,2024-11-08,Nabeul,Nabeul,Nabeul,8000.0,125.0,Non,Oui,Non précisé,Haut standing,3.0,2.0,Non,Non,Oui,Non,Oui,Oui,3.0,Oui,Non,Oui
menzili,https://www.menzili.tn/annonce/appartement-s-1-meuble-a-vendre-nabeul-kelibia-136158,Appartement,,2024-11-08,Nabeul,Kélibia,rue ibn kholdoun kelibia,8090.0,180.0,Non,Oui,Non précisé,Moyen standing,1.0,1.0,Non,Non,Oui,Non,Non,Oui,,Non,Non,Oui
menzili,https://www.menzili.tn/annonce/a-vendre-6-appartements-au-centre-ville-de-bizerte-bizerte-bizertenord-136126,Appartement,900000.0,2024-11-07,Bizerte,Bizerte Nord,Bizerte Nord,7000.0,,Non,Oui,Non précisé,Haut standing,,,Non,Non,Oui,Non,Non,Non,,Oui,Non,Oui
menzili,https://www.menzili.tn/annonce/appartement-a-vendre-situe-a-rue-ibn-kholdoun-kelibia-nabeul-kelibia-136084,Appartement,1500000.0,2024-11-06,Nabeul,Kélibia,rue ibn kholdoun kelibia,8090.0,400.0,Non,Oui,Non précisé,Luxe,2.0,2.0,Non,Non,Oui,Non,Oui,Non,2.0,Non,Non,Oui
menzili,https://www.menzili.tn/annonce/un-appartement-s-2-tout-neuf-a-vendre-a-manaret-el-hammamet-51355351-nabeul-hammamet-136081,Appartement,230000.0,2024-11-06,Nabeul,Hammamet,Hammamet,8050.0,110.0,Non,Non,Neuf,Non précisé,2.0,1.0,Non,Non,Oui,Non,Non,Non,,Non,Non,Non
menzili,https://www.menzili.tn/annonce/appartement-a-vendre-tunis-carthage-136078,Appartement,330000.0,2024-11-06,Tunis,Carthage,Carthage,2016.0,120.0,Non,Non,Non précisé,Moyen standing,4.0,1.0,Oui,Oui,Oui,Non,Oui,Oui,1.0,Non,Non,Non
menzili,https://www.menzili.tn/annonce/agreable-appartement-nabeul-kelibia-136061,Appartement,175000.0,2024-11-05,Nabeul,Kélibia,kelibia,8090.0,85.0,Non,Non,Non précisé,Non précisé,2.0,1.0,Non,Non,Oui,Non,Non,Non,,Non,Non,Non
menzili,https://www.menzili.tn/annonce/a-vendre-un-appartement-s3-tres-haut-standing-a-choutrana-1-ariana-lasoukra-136037,Appartement,520000.0,2024-11-04,Ariana,La Soukra,La Soukra,2036.0,155.0,Non,Non,Non précisé,Haut standing,3.0,1.0,Non,Oui,Oui,Non,Oui,Non,2.0,Non,Non,Oui
menzili,https://www.menzili.tn/annonce/appartement-a-vendre-s-2-ariana-65000-a-debabattre-ariana-arianaville-136012,Appartement,65000.0,2024-11-03,Ariana,Ariana Ville,Rue chedly meftah,2080.0,65.0,Non,Non,Rénové,Non précisé,2.0,1.0,Non,Oui,Oui,Non,Non,Non,3.0,Non,Non,Non
menzili,https://www.menzili.tn/annonce/s-3-a-vendre-ariana-borjlouzir-136005,Appartement,165000000.0,2024-11-02,Ariana,Borj Louzir,Cité lmansoura,2073.0,,Non,Non,Non précisé,Non précisé,3.0,1.0,Non,Non,Oui,Non,Non,Non,4.0,Non,Non,Non
menzili,https://www.menzili.tn/annonce/A-vendre-duplex-s-3-a-ennasr2-ariana-arianaville-136003,Appartement,,2024-11-02,Ariana,Ariana Ville,Ariana Ville,2080.0,147.0,Non,Non,Non précisé,Haut standing,3.0,1.0,Oui,Non,Oui,Non,Oui,Non,2.0,Non,Non,Oui
menzili,https://www.menzili.tn/annonce/un-appartement-s3-de-127-m-a-nouvelle-medina-benarous-medinajedida-135999,Appartement,230000.0,2024-11-02,Ben Arous,Medina Jedida,Medina Jedida,2013.0,127.0,Non,Non,Non précisé,Non précisé,3.0,1.0,Non,Non,Oui,Non,Oui,Non,,Non,Non,Non
menzili,https://www.menzili.tn/annonce/appartement-s-3-pied-dans-l-eau-a-vendre-a-nabeul-51355351-nabeul-nabeul-135998,Appartement,320000.0,2024-11-02,Nabeul,Nabeul,Nabeul,8000.0,108.0,Non,Oui,Non précisé,Haut standing,3.0,1.0,Non,Non,Oui,Oui,Oui,Oui,1.0,Non,Non,Oui
menzili,https://www.menzili.tn/annonce/s-3-rez-de-chaussee-cite-olympique-rades-benarous-rades-135288,Appartement,185000.0,2024-10-16,Ben Arous,Radès,Village mediterranneen,2013.0,100.0,Non,Non,Non précisé,Non précisé,3.0,1.0,Non,Non,Oui,Non,Non,Non,,Non,Non,Oui
menzili,https://www.menzili.tn/annonce/deux-appartements-s-3-et-s-2-a-vendre-situee-a-hammem-sousse-sousse-hammamsousse-135984,Appartement,650000.0,2024-11-02,Sousse,Hammam Sousse,Hammam Sousse,4011.0,410.0,Non,Non,Non précisé,Moyen standing,5.0,3.0,Non,Non,Oui,Non,Oui,Non,,Non,Non,Oui
menzili,https://www.menzili.tn/annonce/ref-v244-appartement-nadine-nabeul-hammamet-135951,Appartement,265000.0,2024-11-01,Nabeul,Hammamet,Hammamet,8050.0,65.0,Non,Non,Non précisé,Moyen standing,1.0,1.0,Non,Non,Oui,Non,Oui,Non,,Non,Non,Oui
menzili,https://www.menzili.tn/annonce/appartement-s-1-hammamet-nabeul-hammamet-135171,Appartement,195000.0,2024-10-10,Nabeul,Hammamet,Hammamet,8050.0,,Non,Non,Non précisé,Moyen standing,,,Non,Non,Oui,Non,Non,Non,0.0,Non,Non,Non
menzili,https://www.menzili.tn/annonce/a-vendre-un-appartement-de-80-m2-a-hammamet-nabeul-hammametnord-135918,Appartement,250000.0,2024-10-31,Nabeul,Hammamet Nord,Hammamet Nord,8050.0,,Non,Non,Non précisé,Non précisé,,,Non,Non,Oui,Non,Non,Non,,Non,Non,Non
menzili,https://www.menzili.tn/annonce/appartement-s-2-haut-standing-menzah-9c-ariana-menzah-135909,Appartement,380000.0,2024-10-30,Ariana,Menzah,Menzah 9C,1004.0,117.0,Non,Non,Non précisé,Haut standing,2.0,2.0,Oui,Non,Oui,Non,Oui,Non,5.0,Oui,Oui,Oui
menzili,https://www.menzili.tn/annonce/a-vendre-un-appartement-s-3-a-ennasr-2-ariana-ennasr-135895,Appartement,550000.0,2024-10-30,Ariana,Ennasr,Ennasr,2037.0,120.0,Non,Non,Non précisé,Haut standing,3.0,2.0,Non,Non,Oui,Non,Oui,Oui,1.0,Oui,Non,Oui
menzili,https://www.menzili.tn/annonce/a-vendre-un-appartement-a-hammamet-nabeul-hammametcentre-135887,Appartement,300000.0,2024-10-30,Nabeul,Hammamet Centre,Hammamet Centre,8050.0,,Non,Non,Non précisé,Non précisé,,,Non,Non,Oui,Non,Non,Non,,Non,Non,Non
menzili,https://www.menzili.tn/annonce/A-vendre-un-appartement-en-s2-direct-promoteur-nabeul-hammamet-135821,Appartement,290000.0,2024-10-29,Nabeul,Hammamet,Hammamet,8050.0,81.0,Non,Non,Non précisé,Non précisé,2.0,,Non,Non,Oui,Non,Non,Non,,Non,Non,Non
menzili,https://www.menzili.tn/annonce/un-s-3-a-vendre-ariana-lasoukra-135805,Appartement,650000.0,2024-10-29,Ariana,Soukra,CHOTRANA 1,2036.0,182.0,Non,Non,Non précisé,Luxe,3.0,2.0,Oui,Non,Oui,Oui,Oui,Non,1.0,Oui,Non,Oui
menzili,https://www.menzili.tn/annonce/A-vendre-appartement-s4-a-la-marsa-tunis-lamarsa-135772,Appartement,630000.0,2024-10-28,Tunis,La Marsa,La Marsa,2070.0,178.0,Non,Non,Non précisé,Moyen standing,4.0,2.0,Oui,Oui,Oui,Non,Oui,Non,1.0,Non,Non,Oui
menzili,https://www.menzili.tn/annonce/a-vendre-appartement-s-3-vue-mer-a-mrezga-hammamet-nord-nabeul-hammametnord-135764,Appartement,,2024-10-28,Nabeul,Hammamet Nord,Hammamet Nord,8050.0,140.0,Oui,Oui,Non précisé,Luxe,3.0,2.0,Oui,Non,Oui,Non,Oui,Non,6.0,Oui,Non,Oui
menzili,https://www.menzili.tn/annonce/appartement-s-1-a-vendre-dans-la-zone-touristique-de-nabeul-51355351-nabeul-nabeul-135683,Appartement,265000.0,2024-10-25,Nabeul,Nabeul,Nabeul,8000.0,50.0,Oui,Oui,Non précisé,Moyen standing,1.0,1.0,Non,Non,Oui,Non,Oui,Oui,1.0,Non,Non,Oui
menzili,https://www.menzili.tn/annonce/super-appartement-de-tres-haut-standing-a-sousse-sousse-sahloul-135672,Appartement,,2024-10-25,Sousse,Sahloul,Sahloul,4054.0,230.0,Non,Non,Non précisé,Haut standing,3.0,2.0,Non,Oui,Oui,Non,Oui,Non,2.0,Non,Non,Oui
menzili,https://www.menzili.tn/annonce/s-2-jamais-habite-en-vente-monastir-teboulba-135666,Appartement,130000.0,2024-10-25,Monastir,Téboulba,Téboulba,5000.0,70.0,Non,Non,Neuf,Non précisé,2.0,1.0,Non,Non,Oui,Non,Non,Oui,,Non,Non,Non
menzili,https://www.menzili.tn/annonce/appartement-s-3-pied-dans-l-eau-a-vendre-a-nabeul-51355351-nabeul-nabeul-135664,Appartement,320000.0,2024-10-25,Nabeul,Nabeul,Nabeul,8000.0,108.0,Non,Oui,Non précisé,Haut standing,3.0,1.0,Non,Non,Oui,Oui,Oui,Oui,1.0,Non,Non,Oui
menzili,https://www.menzili.tn/annonce/a-vendre-appartement-de-70-m-a-sahloul-4-sousse-sahloul-135657,Appartement,230000.0,2024-10-24,Sousse,Sahloul,Sahloul,4054.0,70.0,Non,Non,Non précisé,Moyen standing,1.0,1.0,Non,Non,Oui,Non,Non,Non,,Oui,Non,Oui
menzili,https://www.menzili.tn/annonce/a-vendre-appartement-de-161m-a-direct-promoteur-sousse-sahloul-135656,Appartement,500000.0,2024-10-24,Sousse,Sahloul,Sahloul,4054.0,136.0,Non,Non,Non précisé,Moyen standing,3.0,2.0,Non,Non,Oui,Non,Oui,Non,,Non,Non,Oui
menzili,https://www.menzili.tn/annonce/appartement-tout-neuf-de-80-m-a-chot-mariem-sousse-akouda-135653,Appartement,395000.0,2024-10-24,Sousse,Akouda,Akouda,4022.0,80.0,Non,Non,Neuf,Moyen standing,2.0,1.0,Non,Non,Oui,Oui,Oui,Non,1.0,Oui,Non,Oui
menzili,https://www.menzili.tn/annonce/un-duplex-s-3-jardin-piscine-et-abri-voiture-nabeul-kelibia-135652,Appartement,450000.0,2024-10-24,Nabeul,Kélibia,Ezzahra-kelibia,2034.0,220.0,Titre Bleu,Oui,Non précisé,Haut standing,3.0,1.0,Oui,Non,Oui,Oui,Non,Oui,1.0,Non,Non,Non
menzili,https://www.menzili.tn/annonce/a-vendre-appartement-s-2-a-sahloul-4-sousse-sahloul-135647,Appartement,290000.0,2024-10-24,Sousse,Sahloul,Sahloul,4054.0,99.0,Non,Non,Neuf,Moyen standing,2.0,,Non,Non,Oui,Non,Non,Non,,Non,Non,Oui
menzili,https://www.menzili.tn/annonce/appartement-s-3-vue-de-mer-a-vendre-a-nabeul-51355351-nabeul-nabeul-135645,Appartement,450000.0,2024-10-24,Nabeul,Nabeul,Nabeul,8000.0,125.0,Non,Oui,Non précisé,Haut standing,3.0,2.0,Non,Non,Oui,Non,Oui,Oui,3.0,Non,Non,Oui
menzili,https://www.menzili.tn/annonce/bel-appartement-a-vendre-a-hammem-sousse-sousse-hammamsousse-135636,Appartement,350000.0,2024-10-24,Sousse,Hammam Sousse,Hammam Sousse,4011.0,109.0,Non,Non,Non précisé,Moyen standing,2.0,1.0,Oui,Oui,Oui,Non,Non,Non,5.0,Oui,Non,Non
menzili,https://www.menzili.tn/annonce/a-vendre-appartement-s2-a-hammam-sousse-sousse-hammamsousse-135606,Appartement,280000.0,2024-10-23,Sousse,Hammam Sousse,Hammam Sousse,4011.0,120.0,Non,Oui,Non précisé,Non précisé,2.0,1.0,Non,Non,Oui,Non,Non,Non,1.0,Non,Non,Non
menzili,https://www.menzili.tn/annonce/a-vendre-un-appartement-s-2-a-kelibia-ezzahra-nabeul-kelibia-135586,Appartement,165000.0,2024-10-22,Nabeul,Kélibia,kélibia,8000.0,90.0,Non,Non,Non précisé,Non précisé,2.0,,Non,Non,Oui,Non,Non,Non,,Non,Non,Oui
menzili,https://www.menzili.tn/annonce/appartement-plein-centre-ville-bizerte-bizerte-bizertenord-135577,Appartement,120000.0,2024-10-22,Bizerte,Bizerte Nord,centre ville bizerte,7000.0,90.0,Non,Non,Bon état,Non précisé,2.0,1.0,Non,Non,Oui,Non,Non,Non,0.0,Non,Non,Non
menzili,https://www.menzili.tn/annonce/appartement-a-cite-ain-mariem-bizerte-bizerte-bizertenord-135576,Appartement,270000.0,2024-10-22,Bizerte,Bizerte Nord,ain mariem,7000.0,290.0,Non,Non,Non précisé,Non précisé,3.0,1.0,Non,Non,Oui,Non,Non,Non,1.0,Non,Non,Oui
menzili,https://www.menzili.tn/annonce/appartement-haut-standing-a-borj-ghamez-bizerte-bizertenord-135575,Appartement,340000.0,2024-10-22,Bizerte,Bizerte Nord,borj ghamez,7000.0,128.0,Non,Non,Neuf,Haut standing,2.0,2.0,Non,Non,Oui,Non,Oui,Non,5.0,Oui,Oui,Oui
menzili,https://www.menzili.tn/annonce/appartement-s-2-a-vendre-residence-palm-lake-resort-folla-skanes-monastir-monastir-monastir-135569,Appartement,,2026-03-30,,,,,,Non,Non,Non précisé,Non précisé,,,Non,Non,Non,Non,Non,Non,,Non,Non,Non
menzili,https://www.menzili.tn/annonce/un-appartement-s-2-a-vendre-situee-a-khzema-sousse-soussemedina-135542,Appartement,345000.0,2024-10-21,Sousse,Khzema Ouest,56 Rue Imem Moslem,4000.0,120.0,Non,Non,Non précisé,Haut standing,2.0,1.0,Non,Oui,Oui,Non,Oui,Non,,Oui,Non,Oui
menzili,https://www.menzili.tn/annonce/la-goulette-appart-s2-tunis-lagoulette-135533,Appartement,300000.0,2024-10-21,Tunis,La Goulette,La Goulette,2060.0,110.0,Non,Non,Non précisé,Non précisé,2.0,1.0,Non,Oui,Oui,Non,Oui,Non,1.0,Non,Non,Non
menzili,https://www.menzili.tn/annonce/un-appartement-s-2-a-vendre-situee-a-folla-chatt-mariem-sousse-soussejawhara-135528,Appartement,475000.0,2024-10-21,Sousse,Khzema Ouest,56 Rue Imem Moslem,4000.0,,Non,Non,Non précisé,Haut standing,3.0,3.0,Oui,Non,Oui,Oui,Oui,Oui,,Non,Non,Oui
menzili,https://www.menzili.tn/annonce/un-penthouse-s-3-a-vendre-situee-a-khzema-zone-touristique-sousse-soussemedina-135527,Appartement,700000.0,2024-10-21,Sousse,Khzema Ouest,56 Rue Imem Moslem,4000.0,280.0,Non,Non,Non précisé,Moyen standing,3.0,1.0,Oui,Non,Oui,Non,Oui,Non,,Non,Non,Oui
menzili,https://www.menzili.tn/annonce/un-appartement-s-2-a-vendre-situee-a-corniche-sousse-soussemedina-135524,Appartement,360000.0,2024-10-21,Sousse,Sousse Médina,Sousse Médina,1008.0,130.0,Non,Oui,Non précisé,Haut standing,2.0,1.0,Non,Non,Oui,Non,Oui,Non,7.0,Oui,Non,Oui
menzili,https://www.menzili.tn/annonce/appartement-de-58-m2-a-borj-louzir-ariana-borjlouzir-135497,Appartement,,2026-03-30,,,,,,Non,Non,Non précisé,Non précisé,,,Non,Non,Non,Non,Non,Non,,Non,Non,Non
menzili,https://www.menzili.tn/annonce/A-vendre-des-appartements-independants-a-kelibia-nabeul-kelibia-135468,Appartement,120000.0,2024-10-19,Nabeul,Kélibia,قليبية وسط البلاد,8000.0,95.0,Non,Non,Non précisé,Non précisé,2.0,1.0,Non,Non,Oui,Non,Non,Non,1.0,Non,Non,Non
menzili,https://www.menzili.tn/annonce/appartement-de-77-m2-a-vendre-a-cite-olympique-tunis-citeelkhadra-135321,Appartement,200000.0,2024-10-16,Tunis,Cité El Khadra,Cité Olympique,1003.0,77.0,Non,Non,À rénover,Non précisé,3.0,1.0,Non,Oui,Oui,Non,Non,Non,2.0,Non,Non,Non
menzili,https://www.menzili.tn/annonce/appartement-a-vendre-tres-bonne-occasion-tunis-medina-135318,Appartement,,2024-10-16,Tunis,Médina,Nahej tranja Tunis centre,1008.0,75.0,Non,Non,Non précisé,Non précisé,3.0,1.0,Non,Non,Oui,Non,Non,Non,3.0,Non,Non,Non
menzili,https://www.menzili.tn/annonce/vente-coquet-appartement-s-3-a-boumhel-bassatine-benarous-boumhel-135316,Appartement,,2024-10-16,Ben Arous,Boumhel,Boumhel,2013.0,130.0,Non,Non,Non précisé,Haut standing,3.0,2.0,Non,Oui,Oui,Non,Oui,Non,2.0,Oui,Non,Non
menzili,https://www.menzili.tn/annonce/vente-appartement-s3-a-medina-jadida-3-benarous-medinajedida-133846,Appartement,200000.0,2024-08-27,Ben Arous,Medina Jedida,Medina Jedida,2013.0,103.0,Non,Non,Non précisé,Moyen standing,3.0,2.0,Oui,Oui,Oui,Non,Oui,Oui,0.0,Non,Non,Non
menzili,https://www.menzili.tn/annonce/vente-coquet-appartement-s3-rdc-a-medina-jadida-3-benarous-medinajedida-132873,Appartement,265000.0,2024-07-13,Ben Arous,Medina Jedida,Medina Jedida,2013.0,129.0,Non,Non,Non précisé,Haut standing,3.0,1.0,Non,Oui,Oui,Non,Oui,Non,0.0,Oui,Non,Non
menzili,https://www.menzili.tn/annonce/a-vendre-appartement-s-1-a-chott-mariem-sousse-hammamsousse-135281,Appartement,260000.0,2024-10-15,Sousse,Hammam Sousse,Hammam Sousse,4011.0,60.0,Non,Non,Non précisé,Haut standing,1.0,1.0,Non,Oui,Oui,Oui,Non,Non,,Non,Non,Non
menzili,https://www.menzili.tn/annonce/appartement-s-2-a-bouhsina-sousse-sousse-soussejawhara-135279,Appartement,270000.0,2024-10-15,Sousse,Sousse Jawhara,Bouhsina,4000.0,103.0,Non,Non,Non précisé,Haut standing,2.0,2.0,Non,Non,Oui,Non,Oui,Non,,Oui,Non,Non
menzili,https://www.menzili.tn/annonce/appartement-s-4-a-la-baie-des-anges-sousse-kantaoui-135278,Appartement,1350000.0,2024-10-15,Sousse,Kantaoui,Kantaoui,4089.0,300.0,Non,Non,Non précisé,Haut standing,4.0,2.0,Oui,Oui,Oui,Non,Oui,Non,,Non,Non,Oui
menzili,https://www.menzili.tn/annonce/a-vendre-appartement-s-3-a-cite-riadh-5-sousse-sousseriadh-135277,Appartement,85000.0,2024-10-15,Sousse,Sousse Riadh,Sousse Riadh,4000.0,100.0,Non,Non,Non précisé,Non précisé,3.0,1.0,Non,Non,Oui,Non,Non,Non,,Oui,Non,Non
menzili,https://www.menzili.tn/annonce/un-appartement-de-84-m2-au-kantaoui-sousse-hammamsousse-135275,Appartement,370000.0,2024-10-15,Sousse,Hammam Sousse,Hammam Sousse,4011.0,84.0,Non,Non,Non précisé,Non précisé,1.0,,Non,Oui,Oui,Oui,Non,Oui,,Non,Non,Non
menzili,https://www.menzili.tn/annonce/un-appartement-s2-dans-un-quartier-calme-au-kantaoui-sousse-hammamsousse-135274,Appartement,520000.0,2024-10-15,Sousse,Hammam Sousse,Hammam Sousse,4011.0,117.0,Non,Non,Non précisé,Non précisé,2.0,,Non,Oui,Oui,Oui,Non,Oui,,Non,Non,Non
menzili,https://www.menzili.tn/annonce/appartement-de-46-m2-a-vendre-ariana-arianaville-135270,Appartement,165000.0,2024-10-14,Ariana,Ariana Ville,Ariana Ville,2080.0,46.0,Non,Non,Non précisé,Haut standing,1.0,,Oui,Oui,Oui,Non,Oui,Non,,Oui,Non,Non
menzili,https://www.menzili.tn/annonce/appartement-s-3-renove-benarous-elmourouj-135269,Appartement,198000.0,2024-10-14,Ben Arous,El Mourouj,Residence Chebbi,2074.0,110.0,Non,Non,Rénové,Moyen standing,3.0,1.0,Oui,Oui,Oui,Non,Non,Non,1.0,Non,Non,Oui
menzili,https://www.menzili.tn/annonce/appartement-de-83-m-a-hammam-chatt-benarous-hammamchott-135257,Appartement,220000.0,2024-10-14,Ben Arous,Hammam Chott,Hammam Chott,2052.0,83.0,Non,Non,Non précisé,Moyen standing,2.0,2.0,Oui,Non,Oui,Non,Oui,Non,,Non,Non,Non
menzili,https://www.menzili.tn/annonce/appart-s2-ennaser-2-ariana-arianaville-135229,Appartement,310000.0,2024-10-12,Ariana,Ariana Ville,Ariana Ville,2080.0,130.0,Non,Non,Non précisé,Haut standing,3.0,1.0,Non,Oui,Oui,Non,Oui,Non,3.0,Oui,Non,Non
menzili,https://www.menzili.tn/annonce/a-vendre-appartement-villa-rdc-s-3-avec-jardin-et-2-places-parking-ariana-borjlouzir-135228,Appartement,,2024-10-12,Ariana,Borj Louzir,Rue Abderrahmen Mami,2073.0,138.0,Non,Non,Non précisé,Non précisé,3.0,1.0,Non,Non,Oui,Non,Oui,Oui,0.0,Non,Non,Non
menzili,https://www.menzili.tn/annonce/des-appartements-haut-de-standing-avec-vue-sur-la-mer-nabeul-hammametsud-124495,Appartement,500000.0,2023-10-31,Nabeul,Tunisie,Hammamet 8050 Nabeul,1000.0,108.0,Non,Oui,Non précisé,Haut standing,3.0,6.0,Oui,Non,Oui,Oui,Oui,Oui,,Oui,Non,Oui
menzili,https://www.menzili.tn/annonce/A-vendre-appartement-s-1-lafayette-tunis-centrevillelafayette-135217,Appartement,150000.0,2024-10-11,Tunis,Centre Ville - Lafayette,Rue El atlas Lafayette,1000.0,50.0,Non,Non,Non précisé,Non précisé,1.0,1.0,Non,Non,Oui,Non,Non,Non,2.0,Non,Non,Non
menzili,https://www.menzili.tn/annonce/appartement-s2-a-khzema-sousse-sousse-soussejawhara-135205,Appartement,440000.0,2024-10-11,Sousse,Sousse Jawhara,Khezama Sousse,4000.0,138.0,Non,Non,Non précisé,Haut standing,2.0,2.0,Oui,Non,Oui,Non,Oui,Non,1.0,Oui,Non,Oui
menzili,https://www.menzili.tn/annonce/appartement-s3-a-khzema-sousse-sousse-soussejawhara-135200,Appartement,594000.0,2024-10-11,Sousse,Sousse Jawhara,Khezama Sousse,4000.0,1855.0,Non,Oui,Non précisé,Haut standing,3.0,2.0,Oui,Non,Oui,Non,Oui,Non,5.0,Oui,Non,Oui
menzili,https://www.menzili.tn/annonce/s-2-a-vendre-aux-jardins-de-carthage-tunis-jardindecarthage-135140,Appartement,430000.0,2024-10-09,Tunis,Jardin De Carthage,Jardin De Carthage,2016.0,115.0,Non,Non,Non précisé,Haut standing,2.0,2.0,Non,Oui,Oui,Non,Oui,Oui,4.0,Oui,Non,Oui
menzili,https://www.menzili.tn/annonce/appartement-haut-standing-s-2-benarous-borjcedria-129803,Appartement,170000.0,2024-03-08,Ben Arous,Borj Cedria,Borj Cedria,2013.0,107.0,Non,Oui,Non précisé,Haut standing,2.0,1.0,Non,Non,Oui,Non,Oui,Non,5.0,Oui,Non,Oui
menzili,https://www.menzili.tn/annonce/vente-appartement-au-bord-de-mer-jendouba-tabarka-135049,Appartement,295000.0,2024-10-06,Jendouba,Tabarka,Résidence Corallo,8110.0,70.0,Non,Oui,Non précisé,Haut standing,2.0,,Oui,Oui,Oui,Non,Non,Oui,2.0,Non,Non,Oui
menzili,https://www.menzili.tn/annonce/appartement-de-2432-m2-a-gammarth-tunis-lamarsa-135042,Appartement,693000.0,2024-10-05,Tunis,La Marsa,La Marsa,2070.0,242.0,Non,Non,Neuf,Luxe,2.0,,Non,Non,Oui,Non,Non,Oui,0.0,Non,Non,Non
menzili,https://www.menzili.tn/annonce/appartements-a-vendre-sur-plan-a-gammarth-tunis-lamarsa-135039,Appartement,513000.0,2024-10-05,Tunis,La Marsa,La Marsa,2070.0,133.0,Non,Non,Neuf,Luxe,2.0,,Non,Non,Oui,Non,Non,Non,1.0,Non,Non,Non
menzili,https://www.menzili.tn/annonce/a-vendre-appartement-s4-a-cite-ennasr-2-ariana-arianaville-135038,Appartement,,2024-10-05,Ariana,Ariana Ville,Ariana Ville,2080.0,200.0,Non,Non,Non précisé,Non précisé,4.0,2.0,Oui,Non,Oui,Non,Non,Non,,Non,Non,Non
menzili,https://www.menzili.tn/annonce/deux-appartements-bizerte-nord-bizerte-bizertenord-135036,Appartement,,2024-10-05,Bizerte,près Stade 15 Octobre,Cité Eriayadh,7000.0,150.0,Non,Non,Non précisé,Non précisé,4.0,1.0,Non,Non,Oui,Non,Non,Non,2.0,Non,Non,Non
menzili,https://www.menzili.tn/annonce/appartements-a-vendre-sur-plan-a-la-marsa-tunis-lamarsa-135032,Appartement,1146000.0,2024-10-05,Tunis,La Marsa,La Marsa,2070.0,191.0,Non,Non,Neuf,Luxe,2.0,,Non,Non,Oui,Non,Non,Oui,0.0,Non,Non,Non
menzili,https://www.menzili.tn/annonce/apparts-neufs-a-vendre-froprolos-tunis-sidihassine-134982,Appartement,196000.0,2024-10-04,Tunis,Sidi Hassine,CITE JARDINS SIDI HASSINE,1096.0,124.0,Non,Non,Neuf,Haut standing,4.0,1.0,Non,Non,Oui,Non,Oui,Oui,6.0,Oui,Non,Oui
menzili,https://www.menzili.tn/annonce/v494-appartement-rama-1-hammamet-nabeul-hammametnord-134935,Appartement,400000.0,2024-10-02,Nabeul,Hammamet Nord,HAMMAMET,8050.0,210.0,Non,Non,Neuf,Haut standing,2.0,1.0,Non,Non,Oui,Non,Oui,Oui,0.0,Non,Non,Oui
menzili,https://www.menzili.tn/annonce/v495-appartement-rama-2-nord-nabeul-hammametnord-134934,Appartement,300000.0,2024-10-02,Nabeul,Hammamet Nord,HAMMAMET,8050.0,,Non,Oui,Neuf,Haut standing,3.0,1.0,Non,Non,Oui,Non,Oui,Non,1.0,Non,Non,Oui
menzili,https://www.menzili.tn/annonce/un-appartement-s-3-a-louer-a-hammam-sousse-zone-114-sousse-hammamsousse-134929,Appartement,1100.0,2024-10-02,Sousse,Hammam Sousse,Hammam Sousse,4011.0,90.0,Non,Non,Non précisé,Non précisé,3.0,1.0,Non,Oui,Oui,Non,Oui,Non,1.0,Non,Non,Non
menzili,https://www.menzili.tn/annonce/a-vendre-un-appartement-s3-direct-promoteur-a-choutrana-2-ariana-lasoukra-134926,Appartement,,2024-10-02,Ariana,La Soukra,La Soukra,2036.0,156.0,Non,Non,Non précisé,Luxe,3.0,2.0,Oui,Oui,Oui,Non,Non,Non,1.0,Non,Non,Non
menzili,https://www.menzili.tn/annonce/appartement-de-65-m2-a-vendre-nabeul-hammamet-134888,Appartement,195000.0,2024-10-01,Nabeul,Hammamet,Nabeul,8050.0,65.0,Non,Non,Non précisé,Non précisé,1.0,1.0,Non,Non,Oui,Non,Non,Non,1.0,Non,Non,Non
menzili,https://www.menzili.tn/annonce/A-vendre-des-appartements-s1-s2-s3-direct-promoteur-situe-a-cite-erriadh-5-sousse-sousseriadh-134884,Appartement,,2024-10-01,Sousse,Sousse Riadh,Sousse Riadh,4000.0,1.0,Titre Bleu,Non,Non précisé,Non précisé,1.0,1.0,Oui,Non,Oui,Non,Non,Non,0.0,Oui,Non,Non
menzili,https://www.menzili.tn/annonce/appartement-haut-standing-a-hammamet-centre-nabeul-hammamet-134883,Appartement,200000.0,2024-10-01,Nabeul,Hammamet,Hammamet,8050.0,,Non,Non,Non précisé,Haut standing,,,Non,Non,Oui,Non,Non,Non,,Non,Non,Non
menzili,https://www.menzili.tn/annonce/s-2-meubl-quot-a-ain-zaghouen-nord-tunis-ainzaghouan-134860,Appartement,,2024-09-30,Tunis,Aïn Zaghouan,ain zaghouen nord,1100.0,,Non,Non,Non précisé,Non précisé,3.0,1.0,Oui,Oui,Oui,Non,Non,Non,,Non,Non,Non
menzili,https://www.menzili.tn/annonce/appart-s3-jardin-menzah-1-ariana-mnihla-134857,Appartement,270000.0,2024-09-30,Ariana,Mnihla,Mnihla,2094.0,145.0,Non,Non,Non précisé,Haut standing,3.0,1.0,Non,Oui,Oui,Non,Oui,Oui,1.0,Oui,Non,Non
menzili,https://www.menzili.tn/annonce/appartement-a-vendre-a-chott-meriem-tantana-sousse-akouda-134856,Appartement,460000.0,2024-09-30,Sousse,Akouda,Akouda,4022.0,87.0,Non,Oui,Non précisé,Haut standing,2.0,1.0,Oui,Oui,Oui,Non,Oui,Non,,Non,Non,Oui
menzili,https://www.menzili.tn/annonce/appartement-a-vendre-forsa-tunis-medina-134854,Appartement,40000.0,2024-09-30,Tunis,Médina,Nahej beb elkhadhra Tunis,1008.0,75.0,Non,Non,Non précisé,Non précisé,3.0,1.0,Non,Non,Oui,Non,Non,Non,3.0,Non,Non,Non
menzili,https://www.menzili.tn/annonce/appartement-a-vendre-a-chott-meriem-sousse-akouda-134849,Appartement,400000.0,2024-09-30,Sousse,Akouda,Akouda,4022.0,120.0,Non,Oui,Non précisé,Haut standing,2.0,1.0,Non,Non,Oui,Non,Oui,Oui,,Non,Non,Oui
menzili,https://www.menzili.tn/annonce/s-3-neuf-riadh-andalos-ariana-ariana-arianaville-134843,Appartement,,2024-09-30,Ariana,Ariana Ville,Ariana Ville,2080.0,,Non,Non,Neuf,Non précisé,3.0,1.0,Non,Non,Oui,Non,Oui,Non,,Non,Non,Non
menzili,https://www.menzili.tn/annonce/a-vendre-un-appartement-s-3-a-el-menzah-8-ariana-menzah-134819,Appartement,350000.0,2024-09-28,Ariana,Menzah,Ennaser 2,1004.0,140.0,Oui,Non,Non précisé,Haut standing,3.0,1.0,Non,Oui,Oui,Non,Oui,Non,1.0,Oui,Non,Oui
menzili,https://www.menzili.tn/annonce/duplex-s3-a-vendre-a-gammarth-tunis-lamarsa-134691,Appartement,910000.0,2024-09-26,Tunis,La Marsa,La Marsa,2070.0,243.0,Non,Non,Non précisé,Non précisé,3.0,3.0,Oui,Non,Oui,Non,Non,Non,2.0,Non,Non,Non
menzili,https://www.menzili.tn/annonce/A-vendre-un-immeuble-r4-situe-a-cite-erriadh-1-pres-les-universites-sousse-sousseriadh-134658,Appartement,,2024-09-25,Sousse,Sousse Riadh,Sousse Riadh,4000.0,491.0,Non,Non,Non précisé,Non précisé,1.0,,Non,Non,Oui,Non,Non,Non,,Non,Non,Non
menzili,https://www.menzili.tn/annonce/rez-de-jardin-s-3-neuf-riadh-andalos-ariana-ariana-arianaville-134653,Appartement,1100.0,2024-09-25,Ariana,Ariana Ville,23 rue Nahr Tej Riadh Andalos,2080.0,100.0,Non,Non,Neuf,Non précisé,3.0,1.0,Non,Non,Oui,Non,Non,Oui,,Non,Non,Non
menzili,https://www.menzili.tn/annonce/a-vendre-un-appartement-s3-neuf-ariana-lasoukra-134626,Appartement,510000.0,2024-09-24,Ariana,La Soukra,La Soukra,2036.0,159.0,Non,Non,Neuf,Haut standing,3.0,1.0,Oui,Non,Oui,Non,Non,Non,5.0,Oui,Non,Non
menzili,https://www.menzili.tn/annonce/appartement-s4-menzah-5-ariana-arianaville-134620,Appartement,450000.0,2024-09-24,Ariana,Ariana Ville,Ariana Ville,2080.0,200.0,Non,Non,Non précisé,Moyen standing,4.0,1.0,Non,Non,Oui,Non,Oui,Non,0.0,Non,Non,Non
menzili,https://www.menzili.tn/annonce/bel-appartement-a-vendre-a-nabeul-nabeul-nabeul-134595,Appartement,150000.0,2024-09-23,Nabeul,Nabeul,Nabeul,8000.0,72.0,Oui,Non,Non précisé,Non précisé,2.0,1.0,Non,Non,Oui,Non,Non,Non,1.0,Non,Non,Non
menzili,https://www.menzili.tn/annonce/ariana-soghra-appart-s3-ariana-raoued-134594,Appartement,370000.0,2024-09-23,Ariana,Raoued,Raoued,2083.0,140.0,Titre Individuel,Non,Non précisé,Haut standing,3.0,1.0,Non,Non,Oui,Non,Oui,Non,2.0,Oui,Non,Non
menzili,https://www.menzili.tn/annonce/des-appartements-s2-s3-mornag-benarous-mornag-134583,Appartement,290000.0,2024-09-23,Ben Arous,Mornag,Mornag,2090.0,205.0,Non,Non,Non précisé,Haut standing,3.0,1.0,Oui,Oui,Oui,Non,Oui,Non,,Oui,Non,Non
menzili,https://www.menzili.tn/annonce/des-appartements-s-3-a-quelques-pas-de-la-belle-plage-de-hammamet-sud-nabeul-hammametsud-134553,Appartement,445000.0,2024-09-21,Nabeul,Hammamet Sud,Hammamet Sud,8050.0,10348.0,Non,Oui,Non précisé,Haut standing,3.0,1.0,Non,Non,Oui,Oui,Oui,Oui,,Oui,Non,Oui
menzili,https://www.menzili.tn/annonce/residence-costa-des-appartements-s-2-haut-standing-front-de-mer-sousse-kantaoui-134551,Appartement,395000.0,2024-09-21,Sousse,Gouvernorat Sousse,Chott Mariem,4000.0,101.0,Non,Oui,Non précisé,Luxe,2.0,2.0,Oui,Non,Oui,Oui,Oui,Oui,1.0,Oui,Non,Oui
menzili,https://www.menzili.tn/annonce/A-vendre-un-appartement-s2-meuble-situe-a-residence-palme-lake-resort-folla-monastir-monastir-monastir-134539,Appartement,,2024-09-20,Monastir,Monastir,Monastir,5000.0,113.0,Non,Non,Non précisé,Moyen standing,2.0,2.0,Non,Non,Oui,Oui,Non,Oui,0.0,Oui,Non,Non
menzili,https://www.menzili.tn/annonce/appartement-de-116-m-proche-de-la-plage-nabeul-kelibia-134466,Appartement,,2024-09-18,Nabeul,Kélibia,Kélibia,8000.0,,Non,Non,Non précisé,Non précisé,,,Non,Non,Oui,Non,Non,Non,,Non,Non,Non
menzili,https://www.menzili.tn/annonce/appartement-s-3-rte-soukra-sfax-sfax-routesoukra-134438,Appartement,119000.0,2024-09-18,Sfax,Route Soukra,RTE de Soukra Messadine sfax,2036.0,104.0,Non,Non,Bon état,Non précisé,3.0,1.0,Non,Non,Oui,Non,Non,Non,3.0,Oui,Non,Non
menzili,https://www.menzili.tn/annonce/appartement-a-louer-a-denden-manouba-denden-134437,Appartement,,2024-09-17,Manouba,Denden,Denden,2011.0,98.0,Non,Non,Non précisé,Non précisé,2.0,1.0,Oui,Non,Oui,Non,Non,Non,,Non,Non,Non
menzili,https://www.menzili.tn/annonce/A-vendre-duplex-a-la-marsa-el-tabak-route-du-stade-tunis-lamarsa-134431,Appartement,580000.0,2024-09-17,Tunis,La Marsa,Rue de l’équateur la marsa,2070.0,140.0,Non,Non,Neuf,Moyen standing,4.0,3.0,Non,Non,Oui,Non,Oui,Oui,,Non,Non,Non
menzili,https://www.menzili.tn/annonce/a-vendre-appartement-s-3-benarous-borjcedria-134410,Appartement,,2024-09-17,Ben Arous,Borj Cedria,borj cedria,2013.0,145.0,Non,Oui,Non précisé,Haut standing,3.0,1.0,Non,Non,Oui,Non,Oui,Oui,2.0,Non,Non,Oui
menzili,https://www.menzili.tn/annonce/appartement-au-rez-de-chaussee-a-vendre-bizerte-bizertenord-134389,Appartement,170000.0,2024-09-16,Bizerte,Bizerte Nord,Route de Beni Nfaa,7000.0,78.0,Non,Non,Non précisé,Non précisé,2.0,1.0,Non,Non,Oui,Non,Non,Oui,1.0,Non,Non,Non
menzili,https://www.menzili.tn/annonce/a-vendre-appartement-s-2-a-kanatoui-sousse-kantaoui-134384,Appartement,360000.0,2024-09-16,Sousse,Kantaoui,Kantaoui,4089.0,90.0,Non,Oui,Bon état,Moyen standing,2.0,1.0,Non,Non,Oui,Non,Oui,Non,0.0,Oui,Non,Oui
menzili,https://www.menzili.tn/annonce/A-vendre-un-appartement-s3-de-bon-standing-situe-a-hammem-sousse-ghrabi-sousse-hammamsousse-134377,Appartement,,2024-09-16,Sousse,Hammam Sousse,Hammam Sousse,4011.0,98.0,Non,Non,Non précisé,Moyen standing,3.0,1.0,Non,Non,Oui,Non,Non,Non,3.0,Oui,Non,Non
menzili,https://www.menzili.tn/annonce/appartement-a-vendre-avec-jardin-tunis-lamarsa-134373,Appartement,,2024-09-16,Tunis,La Marsa,El wahat la Aouina,2070.0,130.0,Non,Non,Non précisé,Moyen standing,3.0,2.0,Non,Non,Oui,Non,Oui,Oui,,Oui,Non,Non
menzili,https://www.menzili.tn/annonce/s-2-bien-oriente-benarous-rades-134356,Appartement,145000.0,2024-09-15,Ben Arous,Radès,Village méditerranéen rades,2040.0,80.0,Oui,Non,Non précisé,Non précisé,3.0,1.0,Oui,Non,Oui,Non,Non,Non,,Non,Non,Non
menzili,https://www.menzili.tn/annonce/appartement-s-3-a-vendre-cite-olympique-1er-etage-tunis-citeolympique-133880,Appartement,,2024-08-28,Tunis,Cité Olympique,Cité Olympique,1000.0,,Non,Non,Non précisé,Non précisé,,1.0,Non,Oui,Oui,Non,Non,Non,1.0,Non,Non,Non
menzili,https://www.menzili.tn/annonce/un-appartement-a-vendre-94-045-019-nabeul-kelibia-134317,Appartement,175000.0,2024-09-13,Nabeul,Kélibia,kélibia,8000.0,100.0,Oui,Oui,Non précisé,Moyen standing,1.0,1.0,Non,Non,Oui,Non,Non,Non,1.0,Non,Non,Oui
menzili,https://www.menzili.tn/annonce/appartement-s1-a-soviva-sousse-akouda-133931,Appartement,180000.0,2024-08-30,Sousse,Akouda,Akouda,4022.0,53.0,Oui,Non,Non précisé,Moyen standing,1.0,1.0,Non,Oui,Oui,Non,Oui,Non,2.0,Non,Non,Oui
menzili,https://www.menzili.tn/annonce/appartement-au-kef-kef-kefest-134253,Appartement,90000.0,2024-09-12,Kef,Kef Est,CITE ESSAKHRA -KEF,7100.0,110.0,Non,Non,Non précisé,Non précisé,2.0,1.0,Non,Non,Oui,Non,Non,Non,2.0,Non,Non,Non
menzili,https://www.menzili.tn/annonce/s-4-224m2-2places-de-parking-a-vendre-tunis-lesbergesdulac-134239,Appartement,770000.0,2024-09-11,Tunis,Les Berges Du Lac,Lac3 coté foire el Kram,1053.0,224.0,Non,Non,Non précisé,Haut standing,4.0,3.0,Oui,Non,Oui,Non,Oui,Non,,Oui,Non,Oui
menzili,https://www.menzili.tn/annonce/av-appartement-s-3-avec-piscine-a-la-soukra-ariana-lasoukra-134227,Appartement,750000.0,2024-09-11,Ariana,La Soukra,La nouvelle Soukra,2036.0,316.0,Non,Non,Neuf,Luxe,3.0,3.0,Oui,Non,Oui,Oui,Oui,Oui,0.0,Non,Non,Oui
menzili,https://www.menzili.tn/annonce/a-vendre-appartement-s2-au-lac-1-tunis-lamarsa-134177,Appartement,350000.0,2024-09-10,Tunis,La Marsa,La Marsa,2070.0,79.0,Non,Non,Non précisé,Moyen standing,2.0,1.0,Oui,Non,Oui,Non,Oui,Non,1.0,Non,Non,Oui
menzili,https://www.menzili.tn/annonce/appartement-rez-de-chaussee-bien-oriente-et-eclaire-benarous-medinajedida-134144,Appartement,,2024-09-08,Ben Arous,Ben Arouss,Tunisia,2013.0,103.0,Non,Non,Non précisé,Moyen standing,3.0,,Non,Non,Oui,Non,Oui,Oui,1.0,Non,Non,Non
menzili,https://www.menzili.tn/annonce/vente-coquet-appartement-s2-a-rades-meliane-benarous-rades-133011,Appartement,155000.0,2024-07-18,Ben Arous,Radès,Radès,2013.0,95.0,Non,Non,Non précisé,Haut standing,2.0,1.0,Oui,Non,Oui,Non,Oui,Non,1.0,Oui,Non,Oui
menzili,https://www.menzili.tn/annonce/s-2-a-vendre-en-face-de-mall-monastir-monastir-monastir-133956,Appartement,217000.0,2024-08-31,Monastir,Monastir,El Agaba Monastir,5000.0,814.0,Non,Non,Non précisé,Non précisé,2.0,1.0,Non,Oui,Oui,Non,Non,Non,,Non,Non,Oui
menzili,https://www.menzili.tn/annonce/s-3-jamais-habite-mahdia-mahdia-133949,Appartement,270000.0,2024-08-31,Mahdia,Mahdia,Mahdia,5100.0,135.0,Non,Non,Neuf,Non précisé,3.0,1.0,Non,Oui,Oui,Non,Oui,Non,,Non,Non,Non
menzili,https://www.menzili.tn/annonce/appartement-residence-les-roses-tunis-lebardo-133907,Appartement,280000.0,2024-08-30,Tunis,Le Bardo,BARDO 2,2000.0,102.0,Non,Non,Non précisé,Haut standing,4.0,2.0,Oui,Oui,Oui,Non,Oui,Non,2.0,Oui,Non,Non
menzili,https://www.menzili.tn/annonce/appartement-s-2chatt-meriem-targui-sousse-sousse-akouda-133899,Appartement,320000.0,2024-08-29,Sousse,Akouda,Akouda,4022.0,400.0,Non,Non,Non précisé,Non précisé,2.0,1.0,Oui,Non,Oui,Non,Non,Non,,Non,Non,Non
menzili,https://www.menzili.tn/annonce/appartement-s-2-haut-standing-au-plein-centre-de-sakiet-ezzit-tres-proche-de-toutes-commodites-sfax-sakietezzit-133879,Appartement,195000.0,2024-08-28,Sfax,Sakiet Ezzit,Route Tunis Klm 6,3021.0,107.0,Non,Non,Non précisé,Haut standing,2.0,1.0,Oui,Oui,Oui,Non,Oui,Non,6.0,Oui,Non,Oui
menzili,https://www.menzili.tn/annonce/v445-appartement-tina-mrezga-nabeul-mrezga-133877,Appartement,590000.0,2024-08-28,Nabeul,Mrezga,MREZGA,8058.0,,Non,Non,Non précisé,Haut standing,2.0,1.0,Non,Oui,Oui,Oui,Oui,Oui,0.0,Non,Non,Oui
menzili,https://www.menzili.tn/annonce/vend-s-3-a-tabarka-residence-center-tabarka-au-centre-ville-pres-du-port-jendouba-tabarka-133872,Appartement,630000.0,2024-08-28,Jendouba,Tabarka,Centre-ville,8110.0,200.0,Non,Oui,Non précisé,Haut standing,3.0,2.0,Oui,Non,Oui,Oui,Non,Non,,Oui,Non,Oui
menzili,https://www.menzili.tn/annonce/a-vendre-appartement-s-1-au-2eme-etage-tunis-lebardo-133816,Appartement,,2024-08-26,Tunis,Le Bardo,ksar said 2 tunisie,2000.0,55.0,Non,Non,Bon état,Moyen standing,1.0,1.0,Non,Non,Oui,Non,Non,Non,2.0,Non,Non,Non
menzili,https://www.menzili.tn/annonce/appartement-s-2-au-rdclesdunes-sousse-akouda-133807,Appartement,,2024-08-26,Sousse,Akouda,Akouda,4022.0,40.0,Non,Non,Non précisé,Haut standing,2.0,1.0,Non,Oui,Oui,Oui,Oui,Non,0.0,Non,Non,Oui
menzili,https://www.menzili.tn/annonce/appartement-s2-a-vendre-a-cite-el-ghazala-ariana-raoued-133759,Appartement,400000.0,2024-08-23,Ariana,Raoued,Raoued,2083.0,148.0,Non,Non,Non précisé,Haut standing,2.0,1.0,Oui,Non,Oui,Non,Non,Non,6.0,Non,Non,Non
menzili,https://www.menzili.tn/annonce/appart-s2-soukra-ariana-lasoukra-133758,Appartement,265000.0,2024-08-23,Ariana,La Soukra,La Soukra,2036.0,130.0,Titre Individuel,Non,Non précisé,Haut standing,2.0,1.0,Oui,Oui,Oui,Non,Oui,Non,2.0,Oui,Non,Non
menzili,https://www.menzili.tn/annonce/a-louer-un-magnifique-appartement-meuble-pour-la-saison-scolaire-sousse-akouda-133754,Appartement,,2024-08-23,Sousse,Akouda,Akouda,4022.0,20.0,Non,Non,Non précisé,Non précisé,1.0,1.0,Non,Non,Oui,Oui,Non,Non,,Non,Non,Non
menzili,https://www.menzili.tn/annonce/apaartement-s-3-manar-1-ariana-manar-133752,Appartement,,2024-08-23,Ariana,Manar,Manar 1,1004.0,150.0,Non,Non,Non précisé,Haut standing,3.0,2.0,Non,Non,Oui,Non,Oui,Non,4.0,Oui,Non,Oui
menzili,https://www.menzili.tn/annonce/un-appartement-a-sahloul-pour-etudiant-sousse-sahloul-133743,Appartement,,2024-08-23,Sousse,Sahloul,Sahloul,4054.0,,Non,Non,Non précisé,Non précisé,1.0,1.0,Non,Non,Oui,Non,Non,Non,,Non,Non,Non
menzili,https://www.menzili.tn/annonce/a-vendre-un-appartement-s1-haut-standing-direct-promoteur-a-cite-wahat-tunis-lamarsa-133738,Appartement,261580.0,2024-08-22,Tunis,La Marsa,La Marsa,2070.0,62.0,Non,Non,Non précisé,Haut standing,1.0,1.0,Non,Oui,Oui,Non,Oui,Non,,Non,Non,Oui
menzili,https://www.menzili.tn/annonce/a-vendre-un-appartement-s2-haut-standing-direct-promoteur-a-cite-wahat-tunis-lamarsa-133737,Appartement,408646.0,2024-08-22,Tunis,La Marsa,La Marsa,2070.0,120.0,Non,Non,Non précisé,Haut standing,2.0,1.0,Non,Oui,Oui,Non,Oui,Non,,Non,Non,Oui
menzili,https://www.menzili.tn/annonce/un-appartement-s1-haut-standing-direct-promoteur-a-cite-wahat-tunis-lamarsa-133736,Appartement,291550.0,2024-08-22,Tunis,La Marsa,La Marsa,2070.0,83.0,Non,Non,Non précisé,Haut standing,1.0,,Non,Oui,Oui,Non,Non,Non,,Non,Non,Non
menzili,https://www.menzili.tn/annonce/appart-s1-ennaser-2-ariana-arianaville-133734,Appartement,180000.0,2024-08-22,Ariana,Ariana Ville,Ariana Ville,2080.0,55.0,Titre Individuel,Non,Non précisé,Haut standing,1.0,,Non,Oui,Oui,Non,Oui,Non,8.0,Non,Non,Non
menzili,https://www.menzili.tn/annonce/un-appartement-spacieux-de-93-m2-a-vendre-benarous-fouchana-133653,Appartement,135000.0,2024-08-20,Ben Arous,Fouchana,MGHIRA-FOUCHANA,2082.0,93.0,Non,Non,Non précisé,Non précisé,3.0,1.0,Non,Non,Oui,Non,Non,Non,4.0,Non,Non,Non
menzili,https://www.menzili.tn/annonce/a-manar-2-s-3-au-premier-etage-ariana-manar-133504,Appartement,,2024-08-12,Ariana,Manar,Manar2,1004.0,81.0,Titre Bleu,Non,Rénové,Non précisé,3.0,1.0,Non,Non,Oui,Non,Oui,Oui,,Non,Non,Non
menzili,https://www.menzili.tn/annonce/appart-s4-ennaser-2-ariana-arianaville-133641,Appartement,390000.0,2024-08-19,Ariana,Ariana Ville,Ariana Ville,2080.0,140.0,Titre Individuel,Non,Non précisé,Haut standing,4.0,1.0,Non,Oui,Oui,Non,Oui,Non,5.0,Oui,Non,Non
menzili,https://www.menzili.tn/annonce/appartement-a-vendre-a-sidi-salem-bizerte-bizerte-bizertenord-122916,Appartement,200000.0,2023-10-02,Bizerte,Bizerte Nord,sidi salem bizerte,7000.0,85.0,Non,Oui,Non précisé,Non précisé,2.0,1.0,Non,Oui,Oui,Non,Non,Non,2.0,Non,Non,Non
menzili,https://www.menzili.tn/annonce/appartement-s1-a-vendre-a-cite-el-ghazela-ariana-raoued-133580,Appartement,195000.0,2024-08-16,Ariana,Raoued,Raoued,2083.0,76.0,Non,Non,Non précisé,Haut standing,1.0,,Oui,Non,Oui,Non,Non,Non,,Non,Non,Non
menzili,https://www.menzili.tn/annonce/un-studio-de-haute-standing-situe-a-residence-quot-les-dunes-quot-sousse-hammamsousse-133529,Appartement,,2024-08-14,Sousse,Hammam Sousse,Hammam Sousse,4011.0,20.0,Non,Non,Non précisé,Non précisé,1.0,1.0,Non,Non,Oui,Non,Non,Non,,Non,Non,Non
menzili,https://www.menzili.tn/annonce/appartement-s-1-au-rdc-dans-un-emplacement-calme-garde-a-rades-meliane-2-benarous-rades-133490,Appartement,130000.0,2024-08-10,Ben Arous,Radès,akram.helali@gmail.com,2013.0,70.0,Non,Non,Non précisé,Non précisé,2.0,1.0,Non,Non,Oui,Non,Oui,Oui,2.0,Non,Non,Non
menzili,https://www.menzili.tn/annonce/appartement-s3-a-vendre-a-ariana-soghra-ariana-raoued-133487,Appartement,330000.0,2024-08-10,Ariana,Raoued,Raoued,2083.0,144.0,Non,Non,Non précisé,Haut standing,3.0,,Oui,Oui,Oui,Non,Oui,Non,4.0,Non,Non,Oui
menzili,https://www.menzili.tn/annonce/appartement-a-vendre-au-3-eme-etage-au-mourouj-5-benarous-elmourouj-133481,Appartement,250000.0,2024-08-10,Ben Arous,El Mourouj,MOUROUJ 5 . B.AROUS,2074.0,140.0,Non,Non,Non précisé,Non précisé,3.0,,Non,Non,Oui,Non,Non,Non,,Non,Non,Non
menzili,https://www.menzili.tn/annonce/appartement-a-vendre-a-la-petite-ariana-ariana-raoued-133466,Appartement,2900.0,2024-08-09,Ariana,Raoued,Raoued,2083.0,68.0,Non,Non,Non précisé,Haut standing,1.0,,Non,Non,Oui,Non,Non,Non,1.0,Non,Non,Non
menzili,https://www.menzili.tn/annonce/a-louer-un-appartement-meuble-s1-a-la-soukra-ariana-lasoukra-133449,Appartement,,2024-08-09,Ariana,La Soukra,La Soukra,2036.0,1.0,Non,Non,Non précisé,Moyen standing,1.0,1.0,Non,Non,Oui,Non,Oui,Non,,Non,Non,Oui
menzili,https://www.menzili.tn/annonce/s-2-diar-ben-mahmoud-al-agba-tunis-tunis-agba-133448,Appartement,154500.0,2024-08-09,Tunis,Agba,Cité Diar ben Mahmoud,1000.0,92.0,Titre Bleu,Non,Non précisé,Moyen standing,2.0,1.0,Oui,Oui,Oui,Non,Non,Non,1.0,Non,Non,Oui
menzili,https://www.menzili.tn/annonce/appartement-avec-vue-de-mer-sousse-soussejawhara-133437,Appartement,240000.0,2024-08-09,Sousse,Sousse Jawhara,aigle.commercial@yahoo.com,4000.0,,Non,Oui,Non précisé,Haut standing,,,Non,Non,Oui,Non,Oui,Oui,,Oui,Non,Oui
menzili,https://www.menzili.tn/annonce/vente-appartement-s-1-hst-a-ezzahra-benarous-ezzahra-133420,Appartement,187000.0,2024-08-08,Ben Arous,Ezzahra,Rue de la république,2034.0,90.0,Non,Oui,Non précisé,Haut standing,1.0,1.0,Non,Oui,Oui,Non,Oui,Non,3.0,Oui,Non,Oui
menzili,https://www.menzili.tn/annonce/bel-appartement-a-chot-mariem-sousse-akouda-133411,Appartement,,2024-08-08,Sousse,Akouda,Akouda,4022.0,71.0,Titre Individuel,Non,Neuf,Haut standing,1.0,1.0,Non,Non,Oui,Oui,Non,Non,1.0,Oui,Non,Non
menzili,https://www.menzili.tn/annonce/un-tres-beau-studio-s-0-98-999-022-sousse-akouda-133408,Appartement,,2024-08-08,Sousse,Akouda,Akouda,4022.0,20.0,Non,Non,Non précisé,Non précisé,1.0,1.0,Non,Non,Oui,Non,Non,Non,,Non,Non,Non
menzili,https://www.menzili.tn/annonce/appart-s3-soukra-ariana-lasoukra-133404,Appartement,360000.0,2024-08-08,Ariana,La Soukra,La Soukra,2036.0,140.0,Titre Individuel,Non,Non précisé,Haut standing,3.0,1.0,Oui,Oui,Oui,Non,Oui,Non,1.0,Non,Non,Non
menzili,https://www.menzili.tn/annonce/appartement-a-vendre-mourouj-1-benarous-elmourouj-133375,Appartement,162000.0,2024-08-07,Ben Arous,El Mourouj,Résidence ebn Ejazar Mourouj 1,2074.0,90.0,Non,Non,Bon état,Non précisé,2.0,1.0,Non,Non,Oui,Non,Non,Oui,2.0,Non,Non,Non
menzili,https://www.menzili.tn/annonce/appartement-t4-double-terrasse-a-boumhel-el-bassatine-cite-ennakhil-benarous-boumhel-133366,Appartement,380000.0,2024-08-06,Ben Arous,Boumhel,Cité ennakhil boumhel el Bassatine,2013.0,,Non,Non,Non précisé,Moyen standing,4.0,1.0,Non,Non,Oui,Non,Oui,Non,0.0,Oui,Non,Oui
menzili,https://www.menzili.tn/annonce/appartement-s3-a-vendre-a-riadh-landalous-ariana-arianaville-133358,Appartement,3200.0,2024-08-06,Ariana,Ariana Ville,Ariana Ville,2080.0,185.0,Non,Non,Non précisé,Non précisé,3.0,,Oui,Non,Oui,Non,Non,Non,2.0,Non,Non,Non
menzili,https://www.menzili.tn/annonce/appartement-s2-avec-jardin-a-vendre-a-riadh-landalous-ariana-arianaville-133357,Appartement,3200.0,2024-08-06,Ariana,Ariana Ville,Ariana Ville,2080.0,296.0,Non,Non,Non précisé,Non précisé,2.0,,Oui,Non,Oui,Non,Non,Oui,,Non,Non,Non
menzili,https://www.menzili.tn/annonce/appartement-s2-a-vendre-a-riadh-landalous-ariana-arianaville-133356,Appartement,3200.0,2024-08-06,Ariana,Ariana Ville,Ariana Ville,2080.0,115.0,Non,Non,Non précisé,Non précisé,2.0,,Oui,Non,Oui,Non,Non,Non,1.0,Non,Non,Non
menzili,https://www.menzili.tn/annonce/vente-appartement-s-3-cite-essahha-ariana-borj-louzir-ariana-borjlouzir-133345,Appartement,,2024-08-06,Ariana,Borj Louzir,Résidence le Khalil cité essahha Ariana Borj louzi,2073.0,100.0,Non,Non,Non précisé,Non précisé,3.0,1.0,Non,Non,Oui,Non,Oui,Non,0.0,Non,Oui,Non
menzili,https://www.menzili.tn/annonce/a-vendre-coquet-appartement-s-3-a-medina-jadida-3-benarous-medinajedida-133335,Appartement,265000.0,2024-08-06,Ben Arous,Medina Jedida,Medina Jedida,2013.0,129.0,Non,Non,Non précisé,Haut standing,3.0,2.0,Non,Oui,Oui,Non,Oui,Non,0.0,Oui,Non,Oui
menzili,https://www.menzili.tn/annonce/appart-s2-lac-1-tunis-lamarsa-133325,Appartement,320000.0,2024-08-05,Tunis,La Marsa,La Marsa,2070.0,90.0,Titre Individuel,Non,Non précisé,Haut standing,2.0,1.0,Non,Oui,Oui,Non,Oui,Non,2.0,Oui,Non,Non
menzili,https://www.menzili.tn/annonce/un-bel-appartement-renove-a-vendre-tunis-sidielbechir-54191,Appartement,200000.0,2021-03-03,Tunis,Sidi El Béchir,48 Bis Rue du Sahel Résidence Maisonfleury Montfle,1002.0,113.0,Non,Non,Rénové,Moyen standing,2.0,1.0,Oui,Oui,Oui,Non,Non,Oui,4.0,Non,Non,Oui
menzili,https://www.menzili.tn/annonce/appartement-de-type-s-2-au-rdc-a-kelibia-nabeul-kelibia-133250,Appartement,190000.0,2024-08-01,Nabeul,Kélibia,kelibia,8090.0,100.0,Non,Non,Non précisé,Non précisé,2.0,1.0,Non,Non,Oui,Non,Non,Non,0.0,Non,Non,Non
menzili,https://www.menzili.tn/annonce/maison-a-cite-ibn-khaldoun-tunis-elomranesuperieur-133242,Appartement,,2024-08-01,Tunis,El Omrane supérieur,El Omrane supérieur,1091.0,,Non,Non,Non précisé,Non précisé,,,Non,Non,Oui,Non,Non,Oui,,Non,Non,Non
menzili,https://www.menzili.tn/annonce/s-3-a-vendre-sousse-hammamsousse-133204,Appartement,,2024-07-29,Sousse,Hammam Sousse,hamem sousse,4011.0,,Non,Oui,Non précisé,Moyen standing,3.0,1.0,Non,Non,Oui,Non,Non,Non,,Oui,Non,Non
menzili,https://www.menzili.tn/annonce/un-tres-beau-studio-s-0-richement-meuble-vuejardin-sousse-hammamsousse-133197,Appartement,,2024-07-29,Sousse,Hammam Sousse,Hammam Sousse,4011.0,20.0,Non,Non,Non précisé,Non précisé,1.0,1.0,Non,Non,Oui,Non,Non,Non,,Non,Non,Non
menzili,https://www.menzili.tn/annonce/appartement-a-kelibia-jinen-mansoura-nabeul-kelibia-133192,Appartement,160000.0,2024-07-29,Nabeul,Kélibia,kelibia jinen mansoura,8090.0,90.0,Titre Bleu,Non,Neuf,Moyen standing,2.0,1.0,Non,Non,Oui,Non,Oui,Non,,Non,Non,Oui
menzili,https://www.menzili.tn/annonce/appartement-haut-standing-3-chambres-benarous-medinajedida-133185,Appartement,195000.0,2024-07-28,Ben Arous,Medina Jedida,Medina Jedida,2013.0,140.0,Non,Non,Non précisé,Haut standing,3.0,2.0,Oui,Oui,Oui,Non,Oui,Non,,Non,Non,Non
menzili,https://www.menzili.tn/annonce/vente-appartement-a-diar-soukra-l-aouina-ariana-lasoukra-133179,Appartement,230000.0,2024-07-27,Ariana,La Soukra,Rue khaled ibn wali diar soukra l aouina a tunis,2036.0,90.0,Titre Individuel,Non,Non précisé,Non précisé,2.0,1.0,Non,Non,Oui,Non,Non,Non,,Non,Non,Non
menzili,https://www.menzili.tn/annonce/appartement-haut-standing-s-3-a-medina-jadida-3-benarous-megrine-131655,Appartement,245000.0,2024-05-30,Ben Arous,Mégrine,megrine,2033.0,,Titre Individuel,Non,Non précisé,Haut standing,4.0,3.0,Oui,Oui,Oui,Non,Oui,Non,4.0,Oui,Non,Non
menzili,https://www.menzili.tn/annonce/A-vendre-appartement-s-2-benarous-rades-133148,Appartement,230000.0,2024-07-25,Ben Arous,Radès,Radès,2013.0,100.0,Non,Non,Non précisé,Haut standing,2.0,1.0,Oui,Non,Oui,Non,Oui,Non,3.0,Oui,Non,Non
menzili,https://www.menzili.tn/annonce/appartement-s-3-cite-les-roses-centre-ariana-ariana-arianaville-133134,Appartement,225000.0,2024-07-25,Ariana,Ariana Ville,Ariana Cite les Roses,2080.0,125.0,Non,Non,Non précisé,Moyen standing,3.0,2.0,Non,Oui,Oui,Non,Oui,Non,4.0,Oui,Non,Non
menzili,https://www.menzili.tn/annonce/a-vendre-appartement-s-4-tel-58006917-tunis-laouina-133125,Appartement,460000.0,2024-07-24,Tunis,L'aouina,L'aouina,1000.0,187.0,Non,Non,Non précisé,Haut standing,4.0,1.0,Non,Non,Oui,Non,Oui,Non,2.0,Oui,Non,Oui
menzili,https://www.menzili.tn/annonce/tres-bel-appartement-nabeul-nabeul-133115,Appartement,,2024-07-24,Nabeul,Nabeul,AFH Mrezga Nabeul – Cité Elwafa,8000.0,135.0,Non,Non,Non précisé,Haut standing,2.0,1.0,Non,Non,Oui,Non,Oui,Non,2.0,Oui,Non,Oui
menzili,https://www.menzili.tn/annonce/appartement-s-3-tunis-ainzaghouan-133066,Appartement,350000.0,2024-07-22,Tunis,Aïn Zaghouan,Aïn Zaghouan,1100.0,135.0,Non,Non,Non précisé,Non précisé,3.0,2.0,Non,Non,Oui,Non,Oui,Non,,Non,Non,Non
menzili,https://www.menzili.tn/annonce/v446-appartement-pen-bel-appart-nabeul-hammamet-133044,Appartement,660000.0,2024-07-20,Nabeul,Hammamet,HAMMAMET,8050.0,,Titre Individuel,Non,Non précisé,Moyen standing,2.0,2.0,Non,Non,Oui,Non,Oui,Non,2.0,Non,Non,Oui
menzili,https://www.menzili.tn/annonce/v271-appartement-parla-bel-appart-nabeul-mrezga-133042,Appartement,550000.0,2024-07-20,Nabeul,Mrezga,HAMMAMET,8058.0,200.0,Non,Non,Non précisé,Haut standing,3.0,1.0,Non,Non,Oui,Oui,Oui,Non,6.0,Non,Non,Non
menzili,https://www.menzili.tn/annonce/a-vendre-un-appartement-s2-a-gammarth-tunis-lamarsa-132997,Appartement,920000.0,2024-07-18,Tunis,La Marsa,La Marsa,2070.0,152.0,Non,Non,Non précisé,Haut standing,2.0,5.0,Oui,Non,Oui,Non,Oui,Non,1.0,Non,Non,Oui
menzili,https://www.menzili.tn/annonce/a-vendre-un-penthouse-s4-a-gammarth-tunis-lamarsa-132995,Appartement,3000000.0,2024-07-18,Tunis,La Marsa,La Marsa,2070.0,600.0,Non,Non,Non précisé,Luxe,4.0,5.0,Oui,Non,Oui,Oui,Oui,Non,,Oui,Non,Oui
menzili,https://www.menzili.tn/annonce/a-vendre-un-duplex-s3-a-gammarth-tunis-lamarsa-132990,Appartement,1250000.0,2024-07-18,Tunis,La Marsa,La Marsa,2070.0,250.0,Non,Non,Non précisé,Moyen standing,3.0,3.0,Oui,Non,Oui,Non,Oui,Oui,0.0,Non,Non,Oui
menzili,https://www.menzili.tn/annonce/a-vendre-un-appartement-s3-tres-haut-standing-direct-promoteur-a-choutrana-1-ariana-lasoukra-132912,Appartement,655000.0,2024-07-15,Ariana,La Soukra,La Soukra,2036.0,1.0,Non,Non,Non précisé,Haut standing,1.0,3.0,Oui,Non,Oui,Non,Non,Oui,,Non,Non,Non
menzili,https://www.menzili.tn/annonce/un-tres-beau-studio-s-1-richement-meuble-vue-piscine-sousse-akouda-132909,Appartement,,2024-07-15,Sousse,Akouda,Akouda,4022.0,40.0,Non,Non,Non précisé,Moyen standing,1.0,1.0,Non,Oui,Oui,Oui,Non,Oui,,Non,Non,Non
menzili,https://www.menzili.tn/annonce/un-tres-beau-studio-s-0-richement-meuble-98-999-022-sousse-akouda-132908,Appartement,,2024-07-15,Sousse,Akouda,Akouda,4022.0,40.0,Non,Non,Non précisé,Non précisé,1.0,1.0,Non,Non,Oui,Non,Non,Non,,Non,Non,Non
menzili,https://www.menzili.tn/annonce/appartement-s-2-palm-a-vendre-monastir-monastir-132897,Appartement,,2024-07-14,Monastir,Monastir,Skanes Monastir,5000.0,80.0,Non,Oui,Non précisé,Luxe,2.0,2.0,Non,Non,Oui,Oui,Oui,Non,4.0,Oui,Non,Oui
menzili,https://www.menzili.tn/annonce/un-tres-beau-studio-s-1-richement-meuble-a-les-dunes-sousse-akouda-132885,Appartement,,2024-07-13,Sousse,Akouda,Akouda,4022.0,40.0,Non,Non,Non précisé,Non précisé,1.0,1.0,Non,Oui,Oui,Non,Non,Oui,,Non,Non,Non
menzili,https://www.menzili.tn/annonce/a-louer-par-jour-un-appartement-s3-meuble-situe-a-hergla-zone-afhc-sousse-hergla-132878,Appartement,,2024-07-13,Sousse,Hergla,Hergla,4000.0,1.0,Non,Non,Non précisé,Non précisé,3.0,1.0,Non,Non,Oui,Non,Non,Non,,Non,Non,Non
menzili,https://www.menzili.tn/annonce/appartement-s-1-au-rdc-parking-dans-un-emplacement-calme-et-garde-a-rades-maliane-2-benarous-rades-132871,Appartement,130000.0,2024-07-13,Ben Arous,Radès,.,2013.0,70.0,Non,Non,Bon état,Haut standing,1.0,1.0,Oui,Oui,Oui,Non,Oui,Oui,0.0,Non,Non,Non
menzili,https://www.menzili.tn/annonce/appartement-s2-location-vacance-sousse-hammamsousse-132803,Appartement,,2024-07-10,Sousse,Hammam Sousse,Hammam Sousse,4011.0,80.0,Non,Oui,Non précisé,Non précisé,2.0,2.0,Oui,Oui,Oui,Non,Non,Non,,Non,Non,Non
menzili,https://www.menzili.tn/annonce/a-vendre-appartement-tunis-medina-132760,Appartement,,2024-07-08,Tunis,Médina,9 AVRIL BAB SAADOUN,1008.0,1111.0,Non,Non,Non précisé,Non précisé,4.0,1.0,Non,Oui,Oui,Non,Non,Non,1.0,Non,Non,Non
menzili,https://www.menzili.tn/annonce/des-appartements-s2-a-vendre-el-mansourah-nabeul-kelibia-132732,Appartement,250000.0,2024-07-06,Nabeul,Jinène EL Mansourah,Avenue Pasteur,8000.0,115.0,Non,Oui,Non précisé,Moyen standing,2.0,1.0,Non,Non,Oui,Non,Non,Oui,1.0,Non,Non,Oui
menzili,https://www.menzili.tn/annonce/appartement-a-plage-hammem-ghazez-nabeul-hammamghezeze-132679,Appartement,130000.0,2024-07-05,Nabeul,Hammam Ghezèze,hammem ghazez,8000.0,65.0,Non,Non,Non précisé,Non précisé,1.0,1.0,Non,Non,Oui,Non,Non,Non,2.0,Non,Non,Non
menzili,https://www.menzili.tn/annonce/a-vendre-des-appartements-s1-de-haut-standing-a-kantaoui-sousse-hammamsousse-132639,Appartement,270000.0,2024-07-04,Sousse,Hammam Sousse,Hammam Sousse,4011.0,90.0,Non,Oui,Non précisé,Haut standing,1.0,,Non,Non,Oui,Non,Non,Non,,Non,Non,Non
menzili,https://www.menzili.tn/annonce/a-vendre-des-appartement-s2-de-haut-standing-a-kantaoui-sousse-hammamsousse-132638,Appartement,360000.0,2024-07-04,Sousse,Hammam Sousse,Hammam Sousse,4011.0,120.0,Non,Oui,Non précisé,Haut standing,2.0,,Non,Non,Oui,Oui,Oui,Non,,Non,Non,Oui
menzili,https://www.menzili.tn/annonce/a-vendre-des-appartements-s3-de-haut-standing-a-kantaoui-sousse-sousse-hammamsousse-132636,Appartement,540000.0,2024-07-04,Sousse,Hammam Sousse,Hammam Sousse,4011.0,180.0,Non,Oui,Non précisé,Haut standing,3.0,,Non,Non,Oui,Non,Non,Non,,Non,Non,Non
menzili,https://www.menzili.tn/annonce/superbe-appartement-s-3-de-haut-standing-borj-cedria-afh-benarous-hammamchott-132617,Appartement,250000.0,2024-07-03,Ben Arous,Hammam Chott,Nozhet Soltane BORJ CEDRIA (AFH),2052.0,,Non,Non,Non précisé,Haut standing,3.0,1.0,Non,Oui,Oui,Non,Oui,Non,,Oui,Non,Non
menzili,https://www.menzili.tn/annonce/appartement-a-quelques-metres-du-plage-nabeul-kelibia-132608,Appartement,220000.0,2024-07-03,Nabeul,Kélibia,kelibia,8090.0,130.0,Non,Non,Non précisé,Non précisé,3.0,1.0,Non,Non,Oui,Non,Non,Non,1.0,Non,Non,Non
menzili,https://www.menzili.tn/annonce/v471-appartement-d-or-nabeul-hammamet-132574,Appartement,1400000.0,2024-07-02,Nabeul,Hammamet,HAMMAMET,8050.0,230.0,Non,Oui,Non précisé,Haut standing,2.0,3.0,Non,Non,Oui,Non,Oui,Oui,,Non,Non,Oui
menzili,https://www.menzili.tn/annonce/petit-duplex-mahdia-mahdia-132560,Appartement,100000.0,2024-07-02,Mahdia,Mahdia,borj errass,5100.0,100.0,Non,Non,Non précisé,Non précisé,,,Non,Non,Oui,Non,Non,Non,,Non,Non,Non
menzili,https://www.menzili.tn/annonce/appartement-s3-ariana-raoued-132520,Appartement,430000.0,2024-07-01,Ariana,Raoued,Raoued,2083.0,154.0,Non,Non,Non précisé,Non précisé,3.0,,Oui,Oui,Oui,Non,Non,Non,5.0,Non,Non,Non
menzili,https://www.menzili.tn/annonce/appartement-s3-a-vendre-situe-a-ennkhilette-pres-de-toute-les-commodites-ariana-raoued-132504,Appartement,245000.0,2024-07-01,Ariana,Raoued,Raoued,2083.0,135.0,Non,Non,Non précisé,Moyen standing,3.0,1.0,Oui,Oui,Oui,Non,Non,Non,2.0,Oui,Non,Non
menzili,https://www.menzili.tn/annonce/appartement-avec-vue-imprenable-nabeul-kelibia-132501,Appartement,135000.0,2024-07-01,Nabeul,Kélibia,kelibia,8090.0,110.0,Non,Non,Non précisé,Non précisé,1.0,1.0,Non,Non,Oui,Non,Non,Non,,Non,Non,Non
menzili,https://www.menzili.tn/annonce/appartement-ain-zaghouan-tunis-ainzaghouan-132422,Appartement,390000.0,2024-06-28,Tunis,Aïn Zaghouan,AIN ZAGHOUAN,1100.0,109.0,Oui,Non,Bon état,Haut standing,3.0,2.0,Non,Non,Oui,Non,Oui,Non,3.0,Oui,Oui,Oui
menzili,https://www.menzili.tn/annonce/appartement-haut-standing-sis-a-cite-wahat-tunis-ainzaghouan-132383,Appartement,,2024-06-27,Tunis,Aïn Zaghouan,cité wahat,1100.0,,Non,Non,Non précisé,Haut standing,3.0,2.0,Non,Non,Oui,Non,Oui,Non,4.0,Oui,Non,Oui
menzili,https://www.menzili.tn/annonce/appartement-s-2-a-vendre-a-village-mediterraneen-cite-olympique-benarous-rades-132307,Appartement,,2024-06-25,Ben Arous,Radès,Village Méditerranéen Cité Olympique,2013.0,68.0,Non,Non,Non précisé,Non précisé,2.0,1.0,Non,Oui,Oui,Non,Non,Non,4.0,Non,Non,Oui
menzili,https://www.menzili.tn/annonce/appartement-s1-au-berges-du-lac-2-tunis-lamarsa-132292,Appartement,350000.0,2024-06-24,Tunis,La Marsa,La Marsa,2070.0,68.0,Non,Non,Non précisé,Haut standing,1.0,1.0,Oui,Non,Oui,Non,Oui,Non,,Non,Non,Oui
menzili,https://www.menzili.tn/annonce/A-vendre-appartement-s2-benarous-megrine-132262,Appartement,,2024-06-23,Ben Arous,Mégrine,Megrine choucht rades,2033.0,117.0,Non,Non,Non précisé,Non précisé,2.0,,Non,Oui,Oui,Non,Non,Non,1.0,Non,Non,Non
menzili,https://www.menzili.tn/annonce/appartement-tazarka-nabeul-korba-132255,Appartement,185000.0,2024-06-22,Nabeul,Korba,tazarka,8070.0,95.0,Titre Individuel,Oui,Non précisé,Non précisé,2.0,1.0,Non,Non,Oui,Non,Non,Non,1.0,Non,Non,Non
menzili,https://www.menzili.tn/annonce/un-tres-beau-studio-s-0-richement-meuble-a-les-dunes-sousse-akouda-132254,Appartement,,2024-06-22,Sousse,Akouda,Akouda,4022.0,40.0,Non,Non,Non précisé,Non précisé,1.0,1.0,Non,Non,Oui,Non,Non,Non,,Non,Non,Non
menzili,https://www.menzili.tn/annonce/appartement-s1-a-vendre-a-cite-erriadh-tunis-lamarsa-132247,Appartement,250000.0,2024-06-22,Tunis,La Marsa,La Marsa,2070.0,72.0,Non,Non,Non précisé,Non précisé,1.0,1.0,Non,Non,Oui,Non,Non,Non,,Non,Non,Non
menzili,https://www.menzili.tn/annonce/a-vendre-appartement-s2-a-jardin-d-el-menzah-ariana-mnihla-132228,Appartement,275000.0,2024-06-21,Ariana,Mnihla,Mnihla,2094.0,102.0,Non,Non,Non précisé,Haut standing,2.0,1.0,Oui,Oui,Oui,Non,Oui,Oui,2.0,Non,Non,Oui
menzili,https://www.menzili.tn/annonce/a-vendre-appartement-neuf-a-la-nouvelle-soukra-ariana-lasoukra-132223,Appartement,630000.0,2024-06-21,Ariana,La Soukra,La Soukra,2036.0,198.0,Non,Non,Neuf,Moyen standing,3.0,2.0,Oui,Non,Oui,Non,Oui,Non,1.0,Oui,Non,Oui
menzili,https://www.menzili.tn/annonce/a-vendre-un-appartement-neuf-ariana-lasoukra-132222,Appartement,557000.0,2024-06-21,Ariana,La Soukra,La Soukra,2036.0,174.0,Non,Non,Neuf,Non précisé,3.0,2.0,Oui,Non,Oui,Non,Oui,Non,3.0,Non,Non,Oui
menzili,https://www.menzili.tn/annonce/un-tres-beau-studio-s-0-richement-meuble-vuepiscine-sousse-akouda-132180,Appartement,,2024-06-20,Sousse,Akouda,Akouda,4022.0,40.0,Non,Non,Non précisé,Haut standing,1.0,1.0,Non,Non,Oui,Non,Oui,Non,,Oui,Non,Non
menzili,https://www.menzili.tn/annonce/v452-appartement-sirena-nabeul-nabeul-nabeul-132168,Appartement,295000.0,2024-06-20,Nabeul,Nabeul,NABEUL,8000.0,120.0,Non,Oui,Non précisé,Haut standing,2.0,2.0,Oui,Non,Oui,Oui,Oui,Oui,,Non,Non,Oui
menzili,https://www.menzili.tn/annonce/occasion-en-or-pour-louer-une-belle-studio-en-face-de-la-gare-ezzahra-lycee-benarous-ezzahra-132166,Appartement,,2024-06-20,Ben Arous,Ezzahra,ezzahra lycee en face de la gare,2034.0,,Non,Oui,Non précisé,Non précisé,2.0,1.0,Non,Non,Oui,Non,Non,Non,,Non,Non,Non
menzili,https://www.menzili.tn/annonce/a-vendre-un-appartement-a-mrezga-nabel-nabeul-mrezga-132161,Appartement,320000.0,2024-06-20,Nabeul,Mrezga,Mrezga,8058.0,,Non,Non,Non précisé,Haut standing,2.0,1.0,Non,Non,Oui,Oui,Oui,Oui,1.0,Oui,Non,Oui
menzili,https://www.menzili.tn/annonce/-s-1-%D8%B4%D9%82%D8%A9-%D9%84%D9%84%D8%A8%D9%8A%D8%B9-nabeul-hammametcentre-132149,Appartement,,2024-06-20,Nabeul,Hammamet Centre,Hammamet Centre,8050.0,50.0,Non,Oui,Non précisé,Non précisé,2.0,1.0,Non,Non,Oui,Non,Non,Non,3.0,Non,Non,Non
menzili,https://www.menzili.tn/annonce/a-vendre-un-appartement-nouvellement-construit-nabeul-hammametnord-132147,Appartement,165000.0,2024-06-20,Nabeul,Hammamet Nord,hammamet,8050.0,95.0,Non,Non,Neuf,Non précisé,2.0,1.0,Non,Non,Oui,Non,Non,Non,2.0,Non,Non,Non
menzili,https://www.menzili.tn/annonce/appartement-a-vendre-au-centre-ville-le-passage-tunis-centrevillelafayette-132141,Appartement,160000.0,2024-06-20,Tunis,Le Passge,Rue el mouharrek,1000.0,95.0,Non,Non,Neuf,Non précisé,2.0,1.0,Oui,Oui,Oui,Non,Oui,Non,1.0,Non,Non,Non
menzili,https://www.menzili.tn/annonce/appartement-s-2-gafsa-gafsasud-76497,Appartement,,2021-12-27,Gafsa,Gafsa Sud,amir,2100.0,90.0,Non,Non,Non précisé,Non précisé,2.0,1.0,Non,Oui,Oui,Non,Non,Non,4.0,Non,Non,Non
menzili,https://www.menzili.tn/annonce/vente-appartement-el-mourouj-%D8%A8%D9%8A%D8%B9-%D8%B4%D9%82%D8%A9-%D8%A8%D8%A7%D9%84%D9%85%D8%B1%D9%88%D8%AC-benarous-elmourouj-132107,Appartement,148000.0,2024-06-17,Ben Arous,El Mourouj,Mourouj 5,2074.0,90.0,Non,Non,Non précisé,Haut standing,2.0,1.0,Oui,Oui,Oui,Non,Oui,Non,4.0,Oui,Oui,Oui
menzili,https://www.menzili.tn/annonce/appartement-haut-standing-a-vendre-a-ennaser-2-ariana-ennasr-132102,Appartement,350000.0,2024-06-17,Ariana,Ennasr,Ennaser 2,2037.0,96.0,Non,Non,Non précisé,Haut standing,2.0,3.0,Oui,Non,Oui,Non,Oui,Non,3.0,Oui,Non,Oui
menzili,https://www.menzili.tn/annonce/appartement-haut-standing-a-vendre-aux-jardins-d-el-menzah-2-ariana-ennasr-132101,Appartement,330000.0,2024-06-17,Ariana,Ennasr,Jardins d'el Menzah 2,2037.0,120.0,Non,Non,Non précisé,Haut standing,2.0,1.0,Oui,Non,Oui,Non,Oui,Non,4.0,Oui,Non,Oui
menzili,https://www.menzili.tn/annonce/appartement-retaper-a-neuf-a-vendre-aux-bergers-du-lac-1-ariana-ennasr-132100,Appartement,400000.0,2024-06-17,Ariana,Ennasr,Lac 1,2037.0,132.0,Non,Non,Neuf,Haut standing,2.0,1.0,Oui,Non,Oui,Non,Oui,Non,3.0,Oui,Non,Oui
menzili,https://www.menzili.tn/annonce/appartement-s-2-l-aouina-tunis-laouina-132096,Appartement,215000.0,2024-06-17,Tunis,L'aouina,Jardin de l’Aouina,1000.0,87.0,Non,Non,Non précisé,Haut standing,2.0,1.0,Non,Non,Oui,Non,Oui,Oui,1.0,Oui,Non,Oui
menzili,https://www.menzili.tn/annonce/appartement-haut-standing-a-vendre-a-el-menzah-9c-ariana-ennasr-132098,Appartement,380000.0,2024-06-17,Ariana,Ennasr,Menzah 9C,2037.0,132.0,Non,Non,Non précisé,Haut standing,2.0,1.0,Oui,Oui,Oui,Non,Oui,Non,3.0,Oui,Non,Oui
menzili,https://www.menzili.tn/annonce/belle-appartement-a-la-soukra-ariana-lasoukra-132095,Appartement,420000.0,2024-06-16,Ariana,La Soukra,Rue de l'Uma,2036.0,138.0,Non,Non,Non précisé,Moyen standing,3.0,1.0,Non,Non,Oui,Non,Oui,Non,,Non,Non,Oui
menzili,https://www.menzili.tn/annonce/appartement-s-3-lac-1-tunis-lesbergesdulac-132092,Appartement,350000.0,2024-06-16,Tunis,Les Berges Du Lac,Les Berges Du Lac,1053.0,125.0,Non,Non,Non précisé,Non précisé,3.0,1.0,Non,Non,Oui,Non,Non,Non,3.0,Non,Non,Non
menzili,https://www.menzili.tn/annonce/-a-louer-s-1-hautstanding-meubles-lesdunes-vuepiscine-sousse-akouda-132061,Appartement,,2024-06-14,Sousse,Akouda,Akouda,4022.0,40.0,Non,Non,Non précisé,Moyen standing,1.0,1.0,Non,Oui,Oui,Oui,Non,Non,,Non,Non,Non
menzili,https://www.menzili.tn/annonce/s-2-meuble-downtown-l-aouina-tunis-laouina-132013,Appartement,,2024-06-12,Tunis,Tunis,Résidence Les Emeraudes,1000.0,106.0,Non,Non,Non précisé,Haut standing,2.0,1.0,Non,Oui,Oui,Non,Oui,Oui,7.0,Oui,Non,Oui
menzili,https://www.menzili.tn/annonce/appartement-a-vendre-s2-f3-bizerte-bizertesud-131949,Appartement,,2024-06-09,Bizerte,Bizerte Sud,Bizerte Sud,7000.0,68.0,Titre Bleu,Non,Neuf,Non précisé,2.0,1.0,Non,Oui,Oui,Non,Non,Non,4.0,Oui,Non,Non
menzili,https://www.menzili.tn/annonce/appartement-avec-jardin-au-premier-etage-vue-sur-mer-nabeul-hammametsud-131908,Appartement,620000.0,2024-06-07,Nabeul,Hammamet Sud,Hammamet Sud,8050.0,165.0,Non,Oui,Non précisé,Luxe,3.0,3.0,Oui,Non,Oui,Non,Oui,Oui,,Non,Non,Oui
menzili,https://www.menzili.tn/annonce/a-vendre-appartement-a-chott-mariem-sousse-akouda-131871,Appartement,450000.0,2024-06-06,Sousse,Akouda,Akouda,4022.0,160.0,Non,Non,Non précisé,Moyen standing,4.0,2.0,Non,Non,Oui,Non,Oui,Non,1.0,Non,Non,Oui
menzili,https://www.menzili.tn/annonce/un-tres-beau-studio-s-0-richement-meuble-sousse-akouda-131850,Appartement,,2024-06-05,Sousse,Akouda,Akouda,4022.0,40.0,Non,Non,Non précisé,Non précisé,1.0,1.0,Non,Non,Oui,Non,Non,Non,2.0,Non,Non,Non
menzili,https://www.menzili.tn/annonce/un-tres-beau-studio-s-1-avec-vue-sur-piscine-sousse-akouda-131849,Appartement,,2024-06-05,Sousse,Akouda,Akouda,4022.0,40.0,Non,Non,Non précisé,Moyen standing,1.0,1.0,Non,Oui,Oui,Oui,Non,Non,2.0,Non,Non,Non
menzili,https://www.menzili.tn/annonce/appartement-haut-standing-s-3-a-madina-jadida-benarous-medinajedida-131825,Appartement,245000.0,2024-06-04,Ben Arous,2033 Mégrine coteaux,77 Avenue de la république,2033.0,127.0,Titre Individuel,Non,Non précisé,Haut standing,3.0,1.0,Oui,Oui,Oui,Non,Oui,Non,4.0,Oui,Non,Oui
menzili,https://www.menzili.tn/annonce/appartement-haut-standing-de-type-s-3-nabeul-kelibia-131684,Appartement,180000.0,2024-05-31,Nabeul,Kélibia,Kélibia,8000.0,127.0,Titre Bleu,Oui,Non précisé,Haut standing,3.0,1.0,Non,Non,Oui,Non,Non,Non,,Non,Non,Non
menzili,https://www.menzili.tn/annonce/A-louer-court-duree-un-appartement-s2-meuble-situe-a-chatt-mariem-sousse-sousse-akouda-131682,Appartement,,2024-05-31,Sousse,Akouda,Akouda,4022.0,1.0,Non,Non,Non précisé,Moyen standing,2.0,1.0,Non,Non,Oui,Oui,Non,Non,2.0,Oui,Non,Non
menzili,https://www.menzili.tn/annonce/prestigieux-appartement-nabeul-kelibia-131659,Appartement,190000.0,2024-05-30,Nabeul,Kélibia,kelibia,8090.0,134.0,Non,Non,Non précisé,Non précisé,2.0,,Non,Non,Oui,Non,Non,Non,0.0,Non,Non,Non
menzili,https://www.menzili.tn/annonce/appartement-s2-avec-terrasse-vue-mer-a-afh-mrezga-nabeul-nabeul-131645,Appartement,350000.0,2024-05-29,Nabeul,Nabeul,Nabeul,8000.0,120.0,Non,Oui,Non précisé,Luxe,2.0,1.0,Oui,Non,Oui,Oui,Oui,Non,4.0,Oui,Non,Oui
menzili,https://www.menzili.tn/annonce/a-vendre-un-appartement-s3-avec-un-place-parking-benarous-medinajedida-131596,Appartement,,2024-05-27,Ben Arous,Medina Jedida,Medina Jedida,2013.0,,Non,Non,Non précisé,Moyen standing,5.0,3.0,Oui,Oui,Oui,Non,Non,Non,,Non,Non,Non
menzili,https://www.menzili.tn/annonce/vente-appartement-s-2-pres-de-kiosque-agil-el-mourouj-benarous-elmourouj-131594,Appartement,148000.0,2024-05-27,Ben Arous,El Mourouj,El Mourouj,2074.0,90.0,Non,Non,Non précisé,Haut standing,2.0,1.0,Oui,Oui,Oui,Non,Oui,Non,4.0,Oui,Oui,Non
menzili,https://www.menzili.tn/annonce/%D9%84%D9%84%D8%A8%D9%8A%D8%B9-%D8%B4%D9%82%D8%A9-s-2-%D8%B5%D8%A7%D9%84%D9%88%D9%86-%D8%BA%D8%B1%D9%81%D8%AA%D9%8A%D9%86-%D9%81%D9%8A-%D8%A7%D9%84%D8%B7%D8%A7%D8%A8%D9%82-%D8%A7%D9%84%D8%B1%D8%A7%D8%A8%D8%B9-%D9%85%D8%B9-%D9%85%D8%B5%D8%B9%D8%AF%D9%8A%D9%86-tunis-laouina-131583,Appartement,235000.0,2024-05-27,Tunis,L'aouina,les jardins de l'aouina,1000.0,8712.0,Non,Non,Non précisé,Moyen standing,2.0,1.0,Non,Non,Oui,Non,Oui,Non,4.0,Non,Non,Oui
menzili,https://www.menzili.tn/annonce/l418-appartement-rahma-app-rahma-nabeul-hammametsud-131485,Appartement,235000.0,2024-05-23,Nabeul,Hammamet Sud,HAMMAMET,8050.0,100.0,Non,Non,Non précisé,Haut standing,2.0,1.0,Non,Non,Oui,Oui,Oui,Non,2.0,Non,Non,Oui
menzili,https://www.menzili.tn/annonce/s-3-a-cite-riadh-el-ghazela-ariana-ghazela-131448,Appartement,,2024-05-22,Ariana,Ghazela,en face petite ariana à 300 m du pole technologiqu,2080.0,160.0,Non,Non,Neuf,Haut standing,3.0,1.0,Non,Non,Oui,Non,Oui,Non,6.0,Oui,Non,Non
menzili,https://www.menzili.tn/annonce/a-vendre-appartement-a-aouina-s-4-tunis-laouina-131423,Appartement,,2024-05-21,Tunis,L'aouina,Cite aouina,1000.0,189.0,Non,Non,Non précisé,Moyen standing,4.0,2.0,Non,Non,Oui,Non,Oui,Non,6.0,Oui,Non,Oui
menzili,https://www.menzili.tn/annonce/appart-s-2-avec-brio-de-voiture-en-plein-centre-du-mourouj-1-benarous-elmourouj-131417,Appartement,130000.0,2024-05-20,Ben Arous,El Mourouj,El Mourouj,2074.0,70.0,Titre Bleu,Non,Non précisé,Non précisé,2.0,1.0,Non,Non,Oui,Non,Non,Non,,Non,Non,Non
menzili,https://www.menzili.tn/annonce/v445-appartement-tina-mrezga-hammamet-nabeul-mrezga-131399,Appartement,590000.0,2024-05-20,Nabeul,Mrezga,HAMMAMET,8058.0,,Non,Non,Non précisé,Haut standing,2.0,1.0,Non,Oui,Oui,Oui,Oui,Oui,0.0,Oui,Non,Oui
menzili,https://www.menzili.tn/annonce/v448-duplex-blue-duplex-hammamet-nabeul-hammamet-131396,Appartement,380000.0,2024-05-20,Nabeul,Hammamet,HAMMAMET,8050.0,,Non,Non,Non précisé,Moyen standing,3.0,2.0,Non,Non,Oui,Non,Oui,Non,0.0,Non,Non,Oui
menzili,https://www.menzili.tn/annonce/v450-appartement-nouha-hammamet-nord-h-nabeul-hammametnord-131395,Appartement,520000.0,2024-05-20,Nabeul,Hammamet Nord,HAMMAMET,8050.0,180.0,Non,Non,Non précisé,Haut standing,3.0,3.0,Oui,Non,Oui,Non,Non,Non,2.0,Oui,Non,Oui
menzili,https://www.menzili.tn/annonce/v453-appartement-nihel-mrezga-nabeul-mrezga-131394,Appartement,390000.0,2024-05-20,Nabeul,Mrezga,HAMMAMET,8058.0,100.0,Non,Oui,Non précisé,Moyen standing,2.0,2.0,Non,Non,Oui,Non,Oui,Non,4.0,Non,Non,Non
menzili,https://www.menzili.tn/annonce/s-3-avec-une-suite-parentale-a-vendre-benarous-medinajedida-130941,Appartement,341000.0,2024-04-29,Ben Arous,Medina Jedida,rue de la république - el medina el jadida 3,2013.0,148.0,Non,Non,Non précisé,Haut standing,3.0,3.0,Oui,Non,Oui,Non,Oui,Non,1.0,Oui,Non,Oui
menzili,https://www.menzili.tn/annonce/appartement-s-2-a-vendre-a-medina-jadida-ben-arous-benarous-medinajedida-131321,Appartement,286000.0,2024-05-15,Ben Arous,Medina Jedida,abdelaziz.ajmi@yahoo.fr,2013.0,124.0,Non,Non,Non précisé,Haut standing,2.0,2.0,Non,Non,Oui,Non,Oui,Non,4.0,Oui,Non,Oui
menzili,https://www.menzili.tn/annonce/a-louer-un-appartement-s-3-benarous-elmourouj-131286,Appartement,,2024-05-13,Ben Arous,El Mourouj,Mourouj 3,2074.0,130.0,Non,Non,Neuf,Haut standing,3.0,2.0,Oui,Non,Oui,Non,Oui,Non,2.0,Non,Non,Oui
menzili,https://www.menzili.tn/annonce/a-vendre-appartement-s-3-a-kantaoui-sousse-kantaoui-131274,Appartement,460000.0,2024-05-13,Sousse,Kantaoui,Kantaoui,4089.0,140.0,Non,Oui,Non précisé,Moyen standing,4.0,2.0,Oui,Oui,Oui,Non,Oui,Non,,Oui,Non,Oui
menzili,https://www.menzili.tn/annonce/s-2-haut-standing-gabes-gabessud-131240,Appartement,250000.0,2024-05-11,Gabès,Gabès Sud,Residence hannibal f zrig fou9 dar volkswagen bjen,6000.0,,Non,Non,Non précisé,Haut standing,2.0,1.0,Oui,Oui,Oui,Non,Oui,Non,,Non,Non,Non
menzili,https://www.menzili.tn/annonce/tres-beau-appartement-s-2-sahloul-sousse-soussejawhara-131194,Appartement,,2024-05-09,Sousse,Sousse Jawhara,Sahloul,4000.0,,Non,Non,Non précisé,Non précisé,,,Non,Non,Oui,Non,Non,Non,,Non,Non,Non
menzili,https://www.menzili.tn/annonce/un-appartement-s2-nabeul-hammamet-131193,Appartement,300000.0,2024-05-09,Nabeul,Hammamet,Hammamet,8050.0,100.0,Non,Non,Non précisé,Non précisé,2.0,,Non,Non,Oui,Oui,Non,Non,0.0,Non,Non,Non
menzili,https://www.menzili.tn/annonce/v456-appartement-hela-app-hela-nabeul-mrezga-131186,Appartement,220000.0,2024-05-09,Nabeul,Mrezga,HAMMAMET,8058.0,64.0,Non,Non,Non précisé,Haut standing,1.0,1.0,Non,Non,Oui,Oui,Non,Oui,3.0,Oui,Non,Oui
menzili,https://www.menzili.tn/annonce/v455-appartement-malek-app-malek-nabeul-mrezga-131184,Appartement,265000.0,2024-05-09,Nabeul,Mrezga,HAMMAMET,8058.0,83.0,Non,Oui,Non précisé,Haut standing,1.0,1.0,Non,Non,Oui,Oui,Oui,Oui,4.0,Oui,Non,Oui
menzili,https://www.menzili.tn/annonce/v451-duplex-nassim-duplex-nassim-nabeul-hammamet-131182,Appartement,270000.0,2024-05-09,Nabeul,Hammamet,HAMMAMET,8050.0,96.0,Non,Non,Non précisé,Haut standing,2.0,2.0,Non,Non,Oui,Oui,Oui,Oui,0.0,Non,Non,Oui
menzili,https://www.menzili.tn/annonce/v446-appartement-pen-app-pen-nabeul-hammamet-131152,Appartement,660000.0,2024-05-08,Nabeul,Hammamet,HAMMAMET,8050.0,,Titre Individuel,Non,Non précisé,Moyen standing,2.0,2.0,Non,Non,Oui,Non,Oui,Non,2.0,Non,Non,Oui
menzili,https://www.menzili.tn/annonce/a-vendre-un-appartement-en-s1-nabeul-hammamet-131109,Appartement,,2024-05-07,Nabeul,Hammamet,Hammamet,8050.0,77.0,Titre Individuel,Non,Non précisé,Non précisé,1.0,,Non,Non,Oui,Non,Non,Non,2.0,Non,Non,Non
menzili,https://www.menzili.tn/annonce/residence-folla-appart-s1-spacieux-sousse-akouda-131093,Appartement,329000.0,2024-05-07,Sousse,Akouda,Akouda,4022.0,65.0,Non,Oui,Non précisé,Haut standing,1.0,1.0,Non,Non,Oui,Oui,Oui,Oui,1.0,Non,Non,Oui
menzili,https://www.menzili.tn/annonce/un-s-3-haut-standing-a-louer-ariana-chotrana-131070,Appartement,1800.0,2024-05-05,Ariana,Chotrana,Chotrana 1 la soukra,2086.0,138.0,Non,Non,Neuf,Haut standing,3.0,2.0,Oui,Non,Oui,Non,Oui,Non,1.0,Oui,Non,Oui
menzili,https://www.menzili.tn/annonce/a-louer-un-appartement-en-s2-nabeul-hammamet-131054,Appartement,,2024-05-04,Nabeul,Hammamet,Hammamet,8050.0,1.0,Non,Non,Non précisé,Non précisé,2.0,,Non,Non,Oui,Oui,Non,Non,1.0,Non,Non,Non
menzili,https://www.menzili.tn/annonce/ref-5527-chic-appartement-s-3-a-ghar-el-melh-bizerte-gharelmelh-131051,Appartement,,2024-05-04,Bizerte,Ghar El Melh,Ghar El Melh,7023.0,100.0,Non,Oui,Non précisé,Moyen standing,3.0,1.0,Non,Non,Oui,Non,Non,Non,,Non,Non,Oui
menzili,https://www.menzili.tn/annonce/v445-appartement-tina-app-tina-nabeul-mrezga-131016,Appartement,590000.0,2024-05-03,Nabeul,Mrezga,HAMMAMET,8058.0,,Non,Non,Non précisé,Haut standing,2.0,1.0,Non,Oui,Oui,Oui,Oui,Oui,0.0,Non,Non,Oui
menzili,https://www.menzili.tn/annonce/v454-appartement-safa-afh-mrezga-nabeul-mrezga-130998,Appartement,300000.0,2024-05-02,Nabeul,Mrezga,HAMMAMET,8058.0,104.0,Non,Non,Non précisé,Haut standing,2.0,1.0,Non,Non,Oui,Oui,Oui,Oui,1.0,Oui,Non,Oui
menzili,https://www.menzili.tn/annonce/appartement-s-2-a-vendre-a-sfax-taniour-sfax-routeteniour-130974,Appartement,170000.0,2024-05-01,Sfax,Route Teniour,Route Teniour,3000.0,86.0,Non,Non,Non précisé,Haut standing,2.0,2.0,Non,Non,Oui,Non,Oui,Non,2.0,Oui,Non,Oui
menzili,https://www.menzili.tn/annonce/appart-s-3-pres-de-fac-dentaire-a-vendre-monastir-monastir-130958,Appartement,290000.0,2024-04-30,Monastir,Monastir,Monastir,5000.0,,Non,Non,Non précisé,Haut standing,,,Non,Non,Oui,Non,Oui,Non,1.0,Non,Oui,Non
menzili,https://www.menzili.tn/annonce/appartement-cite-olympique-rades-benarous-rades-130939,Appartement,145000.0,2024-04-29,Ben Arous,Radès,Rades Cité Olympique,2040.0,100.0,Non,Non,Non précisé,Non précisé,2.0,1.0,Non,Non,Oui,Non,Oui,Oui,4.0,Non,Non,Non
menzili,https://www.menzili.tn/annonce/bel-appartement-a-beni-khiar-200m-de-la-mer-nabeul-hammamet-130936,Appartement,,2024-04-29,Nabeul,Hammamet,Hammamet,8050.0,6410.0,Non,Non,Non précisé,Non précisé,1.0,1.0,Non,Non,Oui,Oui,Non,Non,,Non,Non,Non
menzili,https://www.menzili.tn/annonce/v449-appartement-mirage-miramar-nabeul-hammamet-130928,Appartement,280000.0,2024-04-29,Nabeul,Hammamet,HAMMAMET,8050.0,70.0,Non,Oui,Non précisé,Non précisé,2.0,1.0,Non,Non,Oui,Non,Non,Non,,Non,Non,Non
menzili,https://www.menzili.tn/annonce/route-de-tunis-a-vendre-villa-sfax-sakietezzit-130913,Appartement,154000.0,2024-04-28,Sfax,Sakiet Ezzit,Sakiet Ezzit,3021.0,140.0,Non,Non,Non précisé,Non précisé,3.0,,Non,Non,Oui,Non,Non,Non,1.0,Non,Non,Non
menzili,https://www.menzili.tn/annonce/appartement-s-2-a-menzah-7-ariana-menzah-130901,Appartement,,2024-04-27,Ariana,Menzah,menzah 7 avenue monastir,1004.0,117.0,Non,Non,Neuf,Moyen standing,2.0,1.0,Oui,Oui,Oui,Non,Non,Non,4.0,Oui,Non,Oui
menzili,https://www.menzili.tn/annonce/appartement-proche-clinique-violette-nabeul-hammamet-130897,Appartement,200000.0,2024-04-27,Nabeul,Hammamet,Hammamet,8050.0,85.0,Non,Non,Non précisé,Non précisé,3.0,1.0,Non,Oui,Oui,Oui,Non,Non,1.0,Non,Non,Non
menzili,https://www.menzili.tn/annonce/appartement-de-70-m2-a-afh-mrezga-nabeul-hammamet-130896,Appartement,,2024-04-27,Nabeul,Hammamet,AFH Mrezga,8050.0,70.0,Non,Non,Non précisé,Non précisé,1.0,1.0,Non,Non,Oui,Non,Oui,Non,2.0,Non,Non,Non
menzili,https://www.menzili.tn/annonce/appartement-s-2-a-afh-mrezga-nabeul-hammamet-130895,Appartement,300000.0,2024-04-27,Nabeul,Hammamet,AFH Mrezga,8050.0,110.0,Non,Oui,Non précisé,Moyen standing,2.0,1.0,Non,Oui,Oui,Oui,Non,Non,3.0,Non,Non,Non
menzili,https://www.menzili.tn/annonce/appartement-de-85-m2-a-afh-mrezga-nabeul-hammamet-130894,Appartement,220000.0,2024-04-27,Nabeul,Hammamet,AFH Mrezga,8050.0,85.0,Non,Non,Non précisé,Non précisé,1.0,1.0,Non,Oui,Oui,Non,Non,Non,,Non,Non,Non
menzili,https://www.menzili.tn/annonce/appartement-s-2-pied-dans-l-eau-nabeul-hammamet-130893,Appartement,670000.0,2024-04-27,Nabeul,Hammamet,Hammamet nord pied dans l'eau,8050.0,,Non,Non,Non précisé,Non précisé,,,Non,Non,Oui,Non,Non,Non,,Non,Non,Non
menzili,https://www.menzili.tn/annonce/bel-appartement-a-hammamet-nord-nabeul-hammamet-130892,Appartement,155000.0,2024-04-27,Nabeul,Hammamet,Hammamet nord 5 min de centre ville,8050.0,75.0,Non,Non,Non précisé,Moyen standing,2.0,1.0,Non,Non,Oui,Non,Oui,Non,1.0,Non,Non,Oui
menzili,https://www.menzili.tn/annonce/appartement-neuf-avec-jardin-a-vendre-a-gammarth-tunis-lamarsa-130852,Appartement,350000.0,2024-04-26,Tunis,La Marsa,La Marsa,2070.0,180.0,Non,Non,Neuf,Non précisé,2.0,3.0,Oui,Non,Oui,Non,Non,Oui,1.0,Non,Non,Non
menzili,https://www.menzili.tn/annonce/appartement-a-vendre-a-hammam-lif-benarous-hammamlif-130849,Appartement,168000.0,2024-04-26,Ben Arous,Hammam Lif,Hammam lif,2050.0,88.0,Non,Non,Non précisé,Moyen standing,2.0,1.0,Non,Oui,Oui,Non,Oui,Non,1.0,Non,Non,Oui
menzili,https://www.menzili.tn/annonce/a-vendre-appartement-s1-au-berges-du-lac-1-tunis-lamarsa-130825,Appartement,258000.0,2024-04-25,Tunis,La Marsa,La Marsa,2070.0,81.0,Non,Non,Non précisé,Non précisé,1.0,,Non,Non,Oui,Non,Non,Non,0.0,Non,Non,Non
menzili,https://www.menzili.tn/annonce/riadh-el-andalous-a-vendre-s3-ariana-arianaville-130802,Appartement,275000.0,2024-04-24,Ariana,Ariana Ville,Ariana Ville,2080.0,120.0,Oui,Non,Non précisé,Non précisé,3.0,2.0,Non,Non,Oui,Non,Oui,Non,1.0,Non,Non,Non
menzili,https://www.menzili.tn/annonce/appartement-s-1-tout-neuf-a-vendre-a-afh-mrezga-51355351-nabeul-mrezga-130759,Appartement,235000.0,2024-04-24,Nabeul,Mrezga,Mrezga,8058.0,70.0,Non,Non,Neuf,Haut standing,1.0,1.0,Non,Non,Oui,Non,Oui,Oui,2.0,Oui,Non,Oui
menzili,https://www.menzili.tn/annonce/a-vendre-a-el-ouardia-appartement-rdc-tunis-elouardia-130719,Appartement,120000.0,2024-04-23,Tunis,El Ouardia,El Ouardia Très proche station Metro 13 Aout,1000.0,90.0,Titre Bleu,Non,Non précisé,Non précisé,,1.0,Non,Non,Oui,Non,Non,Non,1.0,Non,Non,Non
menzili,https://www.menzili.tn/annonce/spacieux-appartement-s-2-a-vendre-a-afh-mrezga-51355351-nabeul-mrezga-130718,Appartement,330000.0,2024-04-23,Nabeul,Mrezga,Mrezga,8058.0,132.0,Non,Non,Non précisé,Moyen standing,2.0,1.0,Non,Non,Oui,Non,Oui,Non,1.0,Non,Non,Non
menzili,https://www.menzili.tn/annonce/appartement-s2-tunis-lamarsa-130711,Appartement,650000.0,2024-04-23,Tunis,La Marsa,La Marsa,2070.0,115.0,Non,Non,Non précisé,Moyen standing,2.0,,Oui,Oui,Oui,Non,Non,Non,3.0,Oui,Non,Non
menzili,https://www.menzili.tn/annonce/appartement-s-1-rdc-avec-jardin-a-hammamet-a-vendre-51355351-nabeul-hammamet-130702,Appartement,105000.0,2024-04-23,Nabeul,Hammamet,Hammamet,8050.0,60.0,Non,Non,Non précisé,Non précisé,1.0,1.0,Non,Non,Oui,Non,Non,Oui,0.0,Non,Non,Non
menzili,https://www.menzili.tn/annonce/v446-appartement-pen-centre-ville-nabeul-hammametcentre-130696,Appartement,600000.0,2024-04-22,Nabeul,Hammamet Centre,HAMMAMET,8050.0,,Titre Individuel,Non,Non précisé,Moyen standing,2.0,2.0,Non,Non,Oui,Non,Oui,Non,2.0,Non,Non,Oui
menzili,https://www.menzili.tn/annonce/appartement-s-2-a-vendre-a-jinen-beni-khiar-51355351-nabeul-benikhiar-130660,Appartement,250000.0,2024-04-21,Nabeul,Béni Khiar,Béni Khiar,8000.0,85.0,Titre Individuel,Non,Non précisé,Non précisé,2.0,1.0,Non,Non,Oui,Oui,Non,Non,1.0,Non,Non,Non
menzili,https://www.menzili.tn/annonce/appartement-tres-haut-standing-a-vendre-a-gammarth-tunis-lamarsa-130638,Appartement,950000.0,2024-04-20,Tunis,La Marsa,La Marsa,2070.0,200.0,Non,Non,Non précisé,Haut standing,3.0,3.0,Oui,Non,Oui,Oui,Non,Non,2.0,Oui,Non,Non
menzili,https://www.menzili.tn/annonce/luxueux-appartement-s-2-directement-promoteur-aux-jardin-de-carthage-tunis-jardindecarthage-130631,Appartement,,2024-04-20,Tunis,Jardin De Carthage,Jardin De Carthage,2016.0,100.0,Non,Non,Non précisé,Luxe,1.0,1.0,Oui,Non,Oui,Oui,Oui,Oui,,Oui,Non,Oui
menzili,https://www.menzili.tn/annonce/a-vendre-un-appartement-s-2-a-la-nouvelle-medina-3-benarous-medinajedida-130603,Appartement,180000.0,2024-04-19,Ben Arous,Medina Jedida,Medina Jedida,2013.0,107.0,Non,Non,Non précisé,Non précisé,2.0,2.0,Non,Non,Oui,Non,Non,Non,2.0,Non,Non,Non
menzili,https://www.menzili.tn/annonce/a-vendre-des-appartements-modernes-a-ain-zaghouan-tunis-lamarsa-130601,Appartement,390000.0,2024-04-19,Tunis,La Marsa,Ain Zaghouan,2070.0,72.0,Non,Non,Non précisé,Haut standing,1.0,1.0,Oui,Non,Oui,Non,Oui,Oui,0.0,Oui,Non,Oui
menzili,https://www.menzili.tn/annonce/a-vendre-un-appartement-direct-promoteur-en-s-3-s-2-a-la-nouvelle-medina-3-benarous-medinajedida-130600,Appartement,250000.0,2024-04-19,Ben Arous,Medina Jedida,Medina Jedida,2013.0,131.0,Non,Non,Non précisé,Haut standing,,,Non,Non,Oui,Non,Oui,Non,,Oui,Non,Oui
menzili,https://www.menzili.tn/annonce/des-appartements-s-2-encours-de-construction-a-vendre-51355351-nabeul-hammamet-130589,Appartement,,2024-04-19,Nabeul,Hammamet,Hammamet,8050.0,100.0,Non,Non,Non précisé,Non précisé,2.0,1.0,Non,Non,Oui,Non,Non,Non,,Non,Non,Non
menzili,https://www.menzili.tn/annonce/a-vendre-appartement-jardin-de-monastir-monastir-monastir-130552,Appartement,,2024-04-18,Monastir,Monastir,Monastir,5000.0,70.0,Non,Non,Non précisé,Haut standing,1.0,,Non,Non,Oui,Non,Oui,Oui,4.0,Oui,Non,Oui
menzili,https://www.menzili.tn/annonce/appartement-s-3-175000dt-benarous-medinajedida-130545,Appartement,3175000.0,2024-04-18,Ben Arous,Medina Jedida,Medina Jedida,2013.0,115.0,Non,Non,Non précisé,Non précisé,3.0,1.0,Oui,Non,Oui,Non,Non,Non,2.0,Non,Non,Non
menzili,https://www.menzili.tn/annonce/studio-rdc-s0-a-vendre-a-85-md-a-hammamet-51355351-nabeul-hammametcentre-130536,Appartement,850000.0,2024-04-18,Nabeul,Hammamet Centre,Hammamet Centre,8050.0,,Non,Non,Non précisé,Non précisé,,,Non,Non,Oui,Non,Non,Non,0.0,Non,Non,Non
menzili,https://www.menzili.tn/annonce/appartement-s-3-pied-dans-l-eau-a-vendre-a-nabeul-51355351-nabeul-nabeul-130522,Appartement,450000.0,2024-04-18,Nabeul,Nabeul,Nabeul,8000.0,125.0,Non,Oui,Non précisé,Moyen standing,3.0,2.0,Non,Non,Oui,Non,Non,Non,,Oui,Non,Non
menzili,https://www.menzili.tn/annonce/s-1-chatt-meriem-pieds-dans-l-eau-sousse-akouda-130509,Appartement,199000.0,2024-04-17,Sousse,Akouda,Akouda,4022.0,45.0,Non,Oui,Bon état,Luxe,1.0,,Non,Oui,Oui,Oui,Non,Oui,2.0,Non,Non,Oui
menzili,https://www.menzili.tn/annonce/v446-appartement-pen-pen-nabeul-hammamet-130508,Appartement,600000.0,2024-04-17,Nabeul,Hammamet,HAMMAMET,8050.0,,Titre Individuel,Non,Non précisé,Moyen standing,2.0,2.0,Non,Non,Oui,Non,Oui,Non,2.0,Non,Non,Oui
menzili,https://www.menzili.tn/annonce/v445-appartement-tina-mrezga-nord-nabeul-mrezga-130507,Appartement,590000.0,2024-04-17,Nabeul,Mrezga,HAMMAMET,8058.0,,Non,Non,Non précisé,Haut standing,2.0,1.0,Non,Oui,Oui,Oui,Oui,Oui,0.0,Non,Non,Oui
menzili,https://www.menzili.tn/annonce/appartement-s-2-direct-promoteur-a-hammamet-nord-a-vendre-51355351-nabeul-hammametnord-130504,Appartement,365000.0,2024-04-17,Nabeul,Hammamet Nord,Hammamet Nord,8050.0,109.0,Non,Oui,Non précisé,Haut standing,2.0,1.0,Non,Non,Oui,Non,Oui,Oui,,Oui,Non,Oui
menzili,https://www.menzili.tn/annonce/a-vendre-des-appartements-s2-s3-pied-dans-l-eau-situe-a-kantaoui-directe-promoteur-sousse-hammamsousse-130502,Appartement,500000.0,2024-04-17,Sousse,Hammam Sousse,Hammam Sousse,4011.0,1.0,Non,Non,Non précisé,Haut standing,1.0,,Non,Non,Oui,Non,Non,Non,,Oui,Non,Non
menzili,https://www.menzili.tn/annonce/appartement-s-2-rdc-tout-neuf-a-vendre-a-hammamet-nord-51355351-nabeul-hammametnord-130490,Appartement,250000.0,2024-04-17,Nabeul,Hammamet Nord,Hammamet Nord,8050.0,83.0,Non,Non,Neuf,Non précisé,2.0,1.0,Non,Non,Oui,Non,Non,Non,0.0,Non,Non,Non
menzili,https://www.menzili.tn/annonce/appartement-a-vendre-a-tabarka-jendouba-tabarka-130473,Appartement,800000.0,2024-04-16,Jendouba,Tabarka,jendouba,8110.0,50.0,Non,Non,Non précisé,Non précisé,,1.0,Non,Non,Oui,Non,Non,Oui,,Non,Non,Non
menzili,https://www.menzili.tn/annonce/appartement-s2-a-vendre-a-gammarth-tunis-lamarsa-130467,Appartement,560000.0,2024-04-16,Tunis,La Marsa,La Marsa,2070.0,160.0,Non,Non,Non précisé,Non précisé,2.0,1.0,Non,Non,Oui,Non,Non,Non,1.0,Non,Non,Non
menzili,https://www.menzili.tn/annonce/a-vendre-un-appartement-haut-standing-en-s3-nabeul-hammamet-130435,Appartement,365000.0,2024-04-15,Nabeul,Hammamet,Hammamet,8050.0,114.0,Non,Non,Non précisé,Haut standing,2.0,,Non,Non,Oui,Oui,Non,Non,,Non,Non,Non
menzili,https://www.menzili.tn/annonce/riadh-el-andalous-a-vendre-s3-direct-promoteur-ariana-arianaville-130431,Appartement,430000.0,2024-04-15,Ariana,Ariana Ville,Ariana Ville,2080.0,154.0,Non,Non,Non précisé,Non précisé,3.0,2.0,Non,Non,Oui,Non,Non,Non,5.0,Non,Non,Non
menzili,https://www.menzili.tn/annonce/vente-s-3-mourouj3-benarous-elmourouj-130426,Appartement,,2024-04-15,Ben Arous,El Mourouj,Résidence El Alia,2074.0,110.0,Non,Non,Non précisé,Non précisé,3.0,1.0,Non,Non,Oui,Non,Non,Non,4.0,Oui,Non,Non
menzili,https://www.menzili.tn/annonce/a-louer-un-appartement-s1-haut-standing-a-cite-wahat-tunis-lamarsa-130424,Appartement,,2024-04-15,Tunis,La Marsa,La Marsa,2070.0,60.0,Non,Non,Non précisé,Haut standing,1.0,,Non,Oui,Oui,Non,Non,Non,1.0,Non,Oui,Non
menzili,https://www.menzili.tn/annonce/bel-appartement-s-3-a-vendre-a-afh-mrezga-51355351-nabeul-hammamet-130413,Appartement,470000.0,2024-04-14,Nabeul,Hammamet,Hammamet,8050.0,120.0,Non,Non,Non précisé,Haut standing,3.0,1.0,Oui,Non,Oui,Oui,Non,Non,,Non,Non,Non
menzili,https://www.menzili.tn/annonce/spacieux-appartement-s-2-rdc-a-vendre-a-hammamet-51355351-nabeul-hammamet-130403,Appartement,250000.0,2024-04-14,Nabeul,Hammamet,immoms76@gmail.com,8050.0,95.0,Titre Individuel,Non,Non précisé,Non précisé,2.0,1.0,Non,Non,Oui,Non,Oui,Non,0.0,Non,Non,Non
menzili,https://www.menzili.tn/annonce/appartement-rdc-s-2-a-vendre-a-afh-mrezga-51355351-nabeul-mrezga-130389,Appartement,280000.0,2024-04-13,Nabeul,Mrezga,Mrezga,8058.0,85.0,Non,Non,Non précisé,Moyen standing,2.0,1.0,Non,Non,Oui,Non,Oui,Non,0.0,Non,Non,Non
menzili,https://www.menzili.tn/annonce/appartement-a-vendre-a-hammamet-nord-nabeul-hammamet-130359,Appartement,,2024-04-12,Nabeul,Hammamet,hammamet,8050.0,54.0,Non,Non,Non précisé,Non précisé,1.0,1.0,Non,Non,Oui,Non,Non,Non,2.0,Non,Non,Non
menzili,https://www.menzili.tn/annonce/appartemnt-s2-3-a-vendre-a-kelibia-nabeul-kelibia-130304,Appartement,165000.0,2024-04-06,Nabeul,Kélibia,Kelibia,8090.0,116.0,Non,Oui,Non précisé,Haut standing,2.0,1.0,Non,Non,Oui,Non,Oui,Oui,4.0,Non,Non,Oui
menzili,https://www.menzili.tn/annonce/a-vendre-un-appartement-en-s2-nabeul-hammamet-130263,Appartement,390000.0,2024-04-03,Nabeul,Hammamet,Hammamet,8050.0,124.0,Non,Oui,Non précisé,Moyen standing,2.0,,Non,Non,Oui,Oui,Non,Non,,Non,Non,Non
menzili,https://www.menzili.tn/annonce/a-vendre-un-appartement-meublee-en-s2-nabeul-hammamet-130262,Appartement,325000.0,2024-04-03,Nabeul,Hammamet,Hammamet,8050.0,107.0,Non,Non,Non précisé,Haut standing,2.0,,Non,Non,Oui,Oui,Non,Non,,Oui,Non,Non
menzili,https://www.menzili.tn/annonce/duplex-la-soukra-ariana-lasoukra-130248,Appartement,400000.0,2024-04-02,Ariana,La Soukra,Rue union maghreb arabe residence ennessine,2036.0,173.0,Non,Non,Neuf,Moyen standing,2.0,1.0,Non,Non,Oui,Non,Oui,Non,2.0,Non,Non,Oui
menzili,https://www.menzili.tn/annonce/A-vendre-un-appartement-s-3-a-chatt_meriem-sousse-akouda-130236,Appartement,,2024-04-02,Sousse,Akouda,Akouda,4022.0,123.0,Non,Non,Non précisé,Luxe,3.0,1.0,Non,Non,Oui,Non,Non,Non,4.0,Non,Non,Non
menzili,https://www.menzili.tn/annonce/appartement-a-vendre-ibn-sina-2-tunis-elouardia-130235,Appartement,106000.0,2024-04-02,Tunis,El Ouardia,El Ouardia,1000.0,80.0,Non,Non,Non précisé,Non précisé,3.0,1.0,Non,Non,Oui,Non,Non,Oui,,Non,Non,Non
menzili,https://www.menzili.tn/annonce/a-vendre-un-appartement-nabeul-hammamet-130195,Appartement,250000.0,2024-03-30,Nabeul,Hammamet,Hammamet,8050.0,80.0,Non,Non,Non précisé,Non précisé,1.0,1.0,Non,Non,Oui,Non,Non,Non,,Non,Non,Non
menzili,https://www.menzili.tn/annonce/a-vendre-appartement-avec-jardin-vue-lac-tunis-lamarsa-130194,Appartement,890000.0,2024-03-30,Tunis,La Marsa,La Marsa,2070.0,335.0,Non,Non,Non précisé,Non précisé,2.0,,Non,Non,Oui,Non,Oui,Oui,,Non,Non,Oui
menzili,https://www.menzili.tn/annonce/appartement-A-vendre-avec-terrasse-spacieuse-a-la-soukra-ariana-lasoukra-130161,Appartement,380000.0,2024-03-29,Ariana,La Soukra,Résidence Le Fatimide,2036.0,160.0,Non,Non,Non précisé,Haut standing,4.0,2.0,Oui,Non,Oui,Non,Oui,Non,6.0,Oui,Non,Oui
menzili,https://www.menzili.tn/annonce/a-vendre-s-2-avec-jardin-la-marsa-tunis-lamarsa-130140,Appartement,370000.0,2024-03-28,Tunis,La Marsa,La Marsa lwiffek,2070.0,45.0,Non,Non,Non précisé,Non précisé,2.0,1.0,Non,Non,Oui,Non,Non,Oui,2.0,Non,Non,Non
menzili,https://www.menzili.tn/annonce/4x-appartements-4x-commerces-khezama-sousse-tunisie-sousse-soussejawhara-130135,Appartement,1700000.0,2024-03-27,Sousse,Khézama,Avenue des Palmiers,4000.0,469.0,Oui,Non,Non précisé,Non précisé,8.0,3.0,Oui,Non,Oui,Non,Non,Non,0.0,Non,Non,Oui
menzili,https://www.menzili.tn/annonce/appartement-monastie-agba-monastir-monastir-130102,Appartement,350000.0,2024-03-25,Monastir,Monastir,Monastir,5000.0,145.0,Non,Non,Non précisé,Non précisé,3.0,1.0,Non,Oui,Oui,Non,Non,Non,3.0,Non,Non,Non
menzili,https://www.menzili.tn/annonce/a-vendre-un-appartement-haut-standing-en-s3-nabeul-hammamet-130092,Appartement,587000.0,2024-03-25,Nabeul,Hammamet,Hammamet,8050.0,167.0,Non,Non,Non précisé,Haut standing,3.0,2.0,Oui,Non,Oui,Oui,Non,Non,,Non,Non,Non
menzili,https://www.menzili.tn/annonce/appartement-a-vendre-27-rue-cyrus-le-grand-tunis-centrevillelafayette-130053,Appartement,170000.0,2024-03-22,Tunis,Centre Ville - Lafayette,27 rue Cyrus le grand,1000.0,70.0,Non,Non,Bon état,Non précisé,2.0,1.0,Non,Non,Oui,Non,Non,Non,,Non,Non,Non
menzili,https://www.menzili.tn/annonce/a-saisir-s-2-lac-1-tunis-lesbergesdulac-130023,Appartement,295000.0,2024-03-21,Tunis,Les Berges Du Lac,les berges du lac,1053.0,73.0,Non,Non,Non précisé,Moyen standing,2.0,1.0,Non,Non,Oui,Non,Non,Oui,3.0,Oui,Non,Oui
menzili,https://www.menzili.tn/annonce/appartement-neuf-de-115m-a-vendre-bizerte-bizertenord-129996,Appartement,165000.0,2024-03-18,Bizerte,Bizerte Nord,cite tayaran,7000.0,115.0,Non,Non,Neuf,Non précisé,2.0,1.0,Non,Oui,Oui,Non,Non,Non,1.0,Non,Non,Non
menzili,https://www.menzili.tn/annonce/vente-appartement-ain-zaghouan-tunis-tunis-laouina-129963,Appartement,240000.0,2024-03-17,Tunis,L'aouina,AIN ZAGHOUAN,1100.0,85.0,Non,Non,Non précisé,Moyen standing,2.0,1.0,Non,Non,Oui,Non,Oui,Oui,3.0,Oui,Non,Non
menzili,https://www.menzili.tn/annonce/superbe-appartement-a-nouvelle-madina-benarous-medinajedida-129939,Appartement,240000.0,2024-03-15,Ben Arous,Medina Jedida,Nouvelle madina,2013.0,108.0,Non,Non,Non précisé,Haut standing,2.0,1.0,Oui,Oui,Oui,Non,Oui,Non,2.0,Oui,Non,Non
menzili,https://www.menzili.tn/annonce/appartement-s-2-a-cidi-hassine-cite-el-fateh-tunis-sidihassine-129938,Appartement,140000.0,2024-03-15,Tunis,hay fath Residance Hannabal,Sidi Hssine,1000.0,90.0,Non,Non,Bon état,Non précisé,2.0,1.0,Non,Non,Oui,Non,Non,Non,1.0,Non,Non,Oui
menzili,https://www.menzili.tn/annonce/A-vendre-Elegant-appartement-s-2-au-4eme-Etage-a-nouvelle-madina-benarous-medinajedida-129934,Appartement,210000.0,2024-03-15,Ben Arous,Medina Jedida,Medina Jedida,2013.0,,Non,Non,Non précisé,Haut standing,1.0,1.0,Oui,Non,Oui,Non,Oui,Non,4.0,Oui,Non,Oui
menzili,https://www.menzili.tn/annonce/des-appartements-a-zahra-kelibia-nabeul-kelibia-129926,Appartement,170000.0,2024-03-15,Nabeul,Kélibia,zahra kelibia,8090.0,95.0,Non,Oui,Non précisé,Non précisé,2.0,1.0,Non,Non,Oui,Non,Non,Non,,Non,Non,Non
menzili,https://www.menzili.tn/annonce/a-vendre-un-appartement-s1-tres-haut-standing-direct-promoteur-a-choutrana-1-ariana-lasoukra-129916,Appartement,266250.0,2024-03-15,Ariana,La Soukra,La Soukra,2036.0,65.0,Non,Non,Neuf,Haut standing,1.0,1.0,Non,Oui,Oui,Non,Non,Non,1.0,Oui,Non,Non
menzili,https://www.menzili.tn/annonce/a-vendre-un-appartement-s3-tres-haut-standing-avec-jardin-direct-promoteur-a-choutrana-1-ariana-lasoukra-129914,Appartement,1021261.0,2024-03-15,Ariana,La Soukra,La Soukra,2036.0,270.0,Non,Non,Neuf,Haut standing,3.0,1.0,Oui,Non,Oui,Oui,Non,Oui,,Oui,Non,Non
menzili,https://www.menzili.tn/annonce/a-vendre-s-2-rdc-a-hamem-sousse-sousse-hammamsousse-129855,Appartement,,2024-03-09,Sousse,Hammam Sousse,Hamem sousse,4011.0,85.0,Non,Non,Non précisé,Non précisé,2.0,1.0,Non,Non,Oui,Non,Non,Non,0.0,Non,Non,Non
menzili,https://www.menzili.tn/annonce/appartement-a-riadh-andalous-s-3-ariana-arianaville-129838,Appartement,,2024-03-09,Ariana,Ariana Ville,Riadh andalous,2080.0,176.0,Non,Non,Non précisé,Haut standing,3.0,3.0,Oui,Non,Oui,Non,Oui,Oui,1.0,Oui,Non,Oui
menzili,https://www.menzili.tn/annonce/appartement-a-vendre-a-la-soukra-ariana-lasoukra-129822,Appartement,640000.0,2024-03-08,Ariana,La Soukra,La Soukra,2036.0,166.0,Non,Non,Non précisé,Non précisé,3.0,3.0,Oui,Non,Oui,Non,Non,Non,,Non,Non,Non
menzili,https://www.menzili.tn/annonce/appartement-a-vendre-a-la-soukra-ariana-lasoukra-129813,Appartement,170000.0,2024-03-08,Ariana,La Soukra,La Soukra,2036.0,60.0,Non,Non,Non précisé,Non précisé,1.0,1.0,Non,Oui,Oui,Non,Non,Non,,Non,Non,Non
menzili,https://www.menzili.tn/annonce/a-vendre-appartement-s2-a-mallaga-tunis-lamarsa-129773,Appartement,1300000.0,2024-03-07,Tunis,La Marsa,La Marsa,2070.0,196.0,Non,Non,Non précisé,Moyen standing,2.0,2.0,Oui,Non,Oui,Non,Oui,Oui,0.0,Oui,Non,Oui
menzili,https://www.menzili.tn/annonce/a-vendre-un-appartement-s1-a-la-goulette-tunis-lagoulette-129762,Appartement,220000.0,2024-03-07,Tunis,La Goulette,La Goulette,2060.0,53.0,Non,Non,Non précisé,Non précisé,1.0,,Non,Non,Oui,Non,Non,Non,1.0,Oui,Non,Non
menzili,https://www.menzili.tn/annonce/un-appartement-neuf-a-vendre-a-gammarth-tunis-lamarsa-129756,Appartement,790000.0,2024-03-07,Tunis,La Marsa,La Marsa,2070.0,207.0,Non,Non,Neuf,Non précisé,3.0,3.0,Oui,Non,Oui,Non,Non,Non,2.0,Non,Non,Non
menzili,https://www.menzili.tn/annonce/magnifique-appartement-s-3-avec-grande-terrasse-hammamet-nabeul-hammametsud-129725,Appartement,430000.0,2024-03-06,Nabeul,Hammamet Sud,Yasmine hammamet,8050.0,120.0,Non,Oui,Non précisé,Haut standing,3.0,1.0,Non,Non,Oui,Oui,Oui,Non,3.0,Non,Non,Oui
menzili,https://www.menzili.tn/annonce/a-vendre-un-appartement-s-4-tunis-laouina-129713,Appartement,380000.0,2024-03-05,Tunis,L'aouina,Jardin l 'Aouina,1000.0,136.0,Non,Non,Non précisé,Haut standing,4.0,2.0,Oui,Non,Oui,Non,Oui,Oui,4.0,Oui,Non,Non
menzili,https://www.menzili.tn/annonce/a-vendre-a-ennasr-1-un-appartement-s-2-ariana-ennasr-127721,Appartement,,2023-12-28,Ariana,Ennasr,Ennasr,2037.0,100.0,Oui,Non,Non précisé,Haut standing,3.0,1.0,Oui,Oui,Oui,Non,Oui,Non,1.0,Oui,Non,Oui
menzili,https://www.menzili.tn/annonce/a-vendre-appartement-s-2-el-boustene-8-ariana-lasoukra-129666,Appartement,250000.0,2024-03-02,Ariana,La Soukra,Résidence La Bousten 8,2036.0,75.0,Non,Non,Non précisé,Haut standing,2.0,1.0,Non,Non,Oui,Non,Oui,Non,1.0,Oui,Non,Oui
menzili,https://www.menzili.tn/annonce/s-1-tres-spacieux-tunis-jardindecarthage-129660,Appartement,350000.0,2024-03-02,Tunis,Jardin De Carthage,Jardin De Carthage,2016.0,8487.0,Non,Non,Neuf,Haut standing,1.0,1.0,Non,Non,Oui,Non,Oui,Oui,7.0,Oui,Non,Oui
menzili,https://www.menzili.tn/annonce/a-vendre-appartement-a-ain-mariem-bizerte-bizerte-bizertenord-129650,Appartement,,2024-03-01,Bizerte,Bizerte Nord,Appartement à Vendre,7000.0,130.0,Non,Non,Non précisé,Haut standing,2.0,1.0,Non,Oui,Oui,Non,Oui,Non,2.0,Oui,Non,Oui
menzili,https://www.menzili.tn/annonce/coquet-appartement-haut-standing-s2-zone-carrefour-markent-medina-jadida-benarous-medinajedida-129641,Appartement,210000.0,2024-03-01,Ben Arous,Medina Jedida,Medina Jedida,2013.0,122.0,Non,Non,Non précisé,Haut standing,2.0,2.0,Oui,Oui,Oui,Non,Oui,Non,4.0,Oui,Non,Non
menzili,https://www.menzili.tn/annonce/joli-appartement-tunis-ainzaghouan-129636,Appartement,,2024-03-01,Tunis,Aïn Zaghouan,Ain Zagouan nord,1100.0,85.0,Non,Non,Non précisé,Haut standing,2.0,1.0,Non,Non,Oui,Non,Oui,Non,1.0,Oui,Non,Oui
menzili,https://www.menzili.tn/annonce/a-vendre-appartement-au-bord-de-la-mer-jendouba-tabarka-129573,Appartement,298000.0,2024-02-27,Jendouba,Tabarka,Résidence corallo à tabarka,8110.0,70.0,Non,Oui,Non précisé,Moyen standing,2.0,1.0,Non,Oui,Oui,Non,Non,Oui,1.0,Non,Non,Oui
menzili,https://www.menzili.tn/annonce/appartement-s-2-au-premier-etage-d-un-immeuble-r-3-sousse-sousseriadh-129563,Appartement,,2024-02-27,Sousse,Sousse Riadh,Rue Iben Charaf,4000.0,90.0,Titre Bleu,Non,Non précisé,Haut standing,2.0,,Oui,Non,Oui,Non,Oui,Non,1.0,Non,Non,Oui
menzili,https://www.menzili.tn/annonce/riadh-el-andalous-a-vendre-s1-ariana-arianaville-129518,Appartement,210000.0,2024-02-23,Ariana,Ariana Ville,Ariana Ville,2080.0,96.0,Titre Individuel,Non,Non précisé,Haut standing,1.0,1.0,Oui,Oui,Oui,Non,Oui,Non,4.0,Oui,Non,Non
menzili,https://www.menzili.tn/annonce/rdc-a-vendre-s-3-ariana-arianaville-129511,Appartement,270000.0,2024-02-23,Ariana,Ariana Ville,1 résidence Echarif Rue Jawhara,2080.0,,Titre Bleu,Non,Non précisé,Haut standing,3.0,1.0,Oui,Non,Oui,Non,Oui,Non,0.0,Non,Non,Oui
menzili,https://www.menzili.tn/annonce/appartement-s-2-refait-a-neuf-a-borj-louzir-ariana-borjlouzir-129486,Appartement,120000.0,2024-02-22,Ariana,Borj Louzir,Cité el kaouthar,2073.0,70.0,Non,Non,Neuf,Non précisé,2.0,1.0,Non,Non,Oui,Non,Non,Non,,Non,Oui,Non
menzili,https://www.menzili.tn/annonce/a-vendre-appartement-s-3-a-mourouj-3-benarous-elmourouj-129432,Appartement,175000.0,2024-02-20,Ben Arous,El Mourouj,Mourouj 3,2074.0,110.0,Non,Non,Non précisé,Moyen standing,3.0,1.0,Oui,Non,Oui,Non,Oui,Non,2.0,Non,Non,Non
menzili,https://www.menzili.tn/annonce/appartement-s3-dans-une-residence-pied-dans-l-eau-avec-une-vue-frontale-sousse-akouda-129422,Appartement,350000.0,2024-02-19,Sousse,Akouda,Akouda,4022.0,140.0,Oui,Non,Non précisé,Non précisé,3.0,3.0,Oui,Non,Oui,Non,Non,Non,,Non,Non,Non
menzili,https://www.menzili.tn/annonce/immeuble-a-vendre-sousse-sousseriadh-129371,Appartement,1600000.0,2024-02-17,Sousse,cité Boukhzar,Sousse,4000.0,1587.0,Non,Non,Non précisé,Non précisé,10.0,6.0,Non,Non,Oui,Non,Oui,Oui,5.0,Non,Non,Oui
menzili,https://www.menzili.tn/annonce/studio-menzah-1-ariana-menzah-129293,Appartement,,2024-02-14,Ariana,Menzah,menzah 1,1004.0,60.0,Non,Non,Non précisé,Non précisé,,1.0,Non,Non,Oui,Non,Oui,Non,,Non,Non,Non
menzili,https://www.menzili.tn/annonce/appartement-s-2-a-yasmine-hammamet-nabeul-hammametsud-129268,Appartement,395000.0,2024-02-13,Nabeul,Hammamet Sud,Yasmine Hammamet,8050.0,124.0,Titre Bleu,Non,Non précisé,Haut standing,2.0,1.0,Non,Non,Oui,Oui,Oui,Oui,1.0,Non,Non,Oui
menzili,https://www.menzili.tn/annonce/a-vendre-un-appartement-s2-a-cite-erriadh-1-sousse-sousseriadh-129262,Appartement,96000.0,2024-02-13,Sousse,Sousse Riadh,Sousse Riadh,4000.0,80.0,Non,Non,Non précisé,Non précisé,2.0,1.0,Non,Non,Oui,Non,Non,Non,4.0,Oui,Non,Non
menzili,https://www.menzili.tn/annonce/appartement-haute-standing-s-2-a-monastir-monastir-monastir-129179,Appartement,270000.0,2024-02-08,Monastir,Monastir,Monastir,5000.0,97.0,Non,Non,Non précisé,Haut standing,2.0,1.0,Non,Oui,Oui,Non,Oui,Non,4.0,Oui,Non,Oui
menzili,https://www.menzili.tn/annonce/appartement-neuf-et-meuble-s2-mahdia-mahdia-129174,Appartement,,2024-02-08,Mahdia,Mahdia,Zone touristique,5100.0,72.0,Non,Oui,Neuf,Haut standing,2.0,1.0,Non,Non,Oui,Non,Oui,Non,1.0,Non,Non,Oui
menzili,https://www.menzili.tn/annonce/a-vendre-appartement-s-2-centre-ville-tunis-centrevillelafayette-129164,Appartement,165000.0,2024-02-08,Tunis,Centre Ville - Lafayette,Centre Ville - Lafayette,1000.0,97.0,Non,Non,Bon état,Non précisé,3.0,1.0,Non,Oui,Oui,Non,Non,Non,1.0,Non,Non,Non
menzili,https://www.menzili.tn/annonce/appartement-s-3-a-agba-tunis-tunis-hrairia-129144,Appartement,185000.0,2024-02-07,Tunis,Hraïria,Cite weha agba,1000.0,105.0,Non,Non,Non précisé,Non précisé,4.0,2.0,Non,Oui,Oui,Non,Oui,Non,2.0,Non,Non,Non
menzili,https://www.menzili.tn/annonce/appartement-teissier-nabeul-hammamet-129116,Appartement,330000.0,2024-02-06,Nabeul,Hammamet,Hammamet,8050.0,110.0,Non,Non,Non précisé,Haut standing,2.0,1.0,Non,Non,Oui,Non,Oui,Non,1.0,Oui,Non,Oui
menzili,https://www.menzili.tn/annonce/appartement-a-vendre-s-2-4eme-etage-a-el-mourouj1-benarous-elmourouj-129103,Appartement,98000.0,2024-02-05,Ben Arous,El Mourouj,citee el raoudha el mourouj 1,2074.0,74.0,Non,Non,Non précisé,Non précisé,2.0,1.0,Non,Non,Oui,Non,Non,Non,4.0,Non,Non,Non
menzili,https://www.menzili.tn/annonce/appartement-luxe-mahdia-chebba-129101,Appartement,500000.0,2024-02-05,Mahdia,Chebba,Chebba,5170.0,250.0,Non,Non,Non précisé,Luxe,6.0,1.0,Non,Non,Oui,Oui,Oui,Oui,3.0,Non,Non,Oui
menzili,https://www.menzili.tn/annonce/appartement-s3-pieds-dans-l-eau-a-chott-meriem-sousse-akouda-129061,Appartement,581000.0,2024-02-03,Sousse,Akouda,Akouda,4022.0,137.0,Non,Non,Non précisé,Moyen standing,3.0,,Non,Non,Oui,Non,Non,Oui,1.0,Non,Non,Non
menzili,https://www.menzili.tn/annonce/route-manzel-cheker-klm-1-5-a-louer-appartement-meublee-52549626-sfax-sfaxville-129057,Appartement,,2024-02-02,Sfax,5,Route manzel cheker KLM 1,3000.0,,Non,Non,Non précisé,Haut standing,,,Non,Oui,Oui,Non,Oui,Oui,3.0,Non,Non,Oui
menzili,https://www.menzili.tn/annonce/duplex-situe-a-residence-jinene-el-mourouj-el-mourouj1-benarous-elmourouj-129056,Appartement,310000.0,2024-02-02,Ben Arous,El Mourouj1,Résidence Jinène El Mourouj,2074.0,150.0,Non,Non,Bon état,Moyen standing,3.0,2.0,Non,Non,Oui,Non,Oui,Oui,0.0,Non,Non,Oui
menzili,https://www.menzili.tn/annonce/4-appartements-bizerte-gharelmelh-129050,Appartement,600000.0,2024-02-02,Bizerte,Ghar El Melh,ghar el melh,7023.0,266.0,Titre Bleu,Oui,Non précisé,Haut standing,2.0,4.0,Non,Non,Oui,Non,Non,Non,2.0,Non,Non,Oui
menzili,https://www.menzili.tn/annonce/appartement-coquin-nouvellement-concu-tunis-lamarsa-129023,Appartement,,2024-02-01,Tunis,La Marsa,Rue Taieb El Mehiri - La Marsa,2070.0,70.0,Non,Non,Non précisé,Moyen standing,2.0,1.0,Non,Non,Oui,Non,Oui,Non,2.0,Non,Non,Oui
menzili,https://www.menzili.tn/annonce/des-appartements-haut-standing-en-cours-de-construction-et-directement-au-promoteur-mahdia-mahdia-106258,Appartement,231000.0,2023-01-06,Mahdia,Mahdia,zone touristique mahdia,5100.0,62.0,Non,Non,Neuf,Haut standing,1.0,1.0,Oui,Oui,Oui,Non,Non,Non,,Non,Non,Non
menzili,https://www.menzili.tn/annonce/vente-appartement-el-mourouj-benarous-elmourouj-128959,Appartement,148000.0,2024-01-29,Ben Arous,El Mourouj,benazaiez.mahmoud@gmail.com,2074.0,90.0,Non,Non,Non précisé,Haut standing,2.0,1.0,Oui,Oui,Oui,Non,Oui,Non,4.0,Oui,Oui,Non
menzili,https://www.menzili.tn/annonce/appartement-s2-jamais-habite-proche-de-la-mer-sousse-akouda-128936,Appartement,300000.0,2024-01-29,Sousse,Akouda,Akouda,4022.0,105.0,Non,Non,Neuf,Non précisé,2.0,,Non,Non,Oui,Non,Non,Non,1.0,Non,Non,Non
menzili,https://www.menzili.tn/annonce/appartement-s1-avec-meuble-sousse-akouda-128929,Appartement,205000.0,2024-01-29,Sousse,Akouda,Akouda,4022.0,65.0,Non,Non,Non précisé,Non précisé,1.0,,Non,Non,Oui,Non,Non,Non,1.0,Non,Non,Non
menzili,https://www.menzili.tn/annonce/appartement-ghaya-av1761-hammamet-nord-nabeul-hammamet-128829,Appartement,280000.0,2024-01-25,Nabeul,Hammamet,Hammamet Nord,8050.0,79.0,Non,Non,Non précisé,Haut standing,1.0,1.0,Oui,Oui,Oui,Non,Oui,Non,1.0,Oui,Non,Oui
menzili,https://www.menzili.tn/annonce/appartement-s-2-nouvelle-madina2-benarous-medinajedida-128819,Appartement,,2024-01-25,Ben Arous,Medina Jedida,Medina Jedida,2013.0,94.0,Non,Non,Non précisé,Non précisé,2.0,1.0,Non,Non,Oui,Non,Non,Non,,Non,Non,Non
menzili,https://www.menzili.tn/annonce/s-2-haut-standing-a-cite-el-ghazela-direct-promoteur-ariana-ghazela-128778,Appartement,,2024-01-24,Ariana,Ghazela,cité ghazela face technopole,2080.0,117.0,Non,Non,Non précisé,Luxe,2.0,2.0,Non,Non,Oui,Non,Oui,Non,1.0,Oui,Non,Non
menzili,https://www.menzili.tn/annonce/modest-appartement-au-coeur-du-centre-ville-tunis-centrevillelafayette-128745,Appartement,,2024-01-23,Tunis,Centre Ville - Lafayette,Centre Ville - Lafayette,1000.0,70.0,Non,Non,Non précisé,Non précisé,2.0,1.0,Non,Non,Oui,Non,Non,Non,1.0,Non,Oui,Non
menzili,https://www.menzili.tn/annonce/vente-appartement-galet-s-3-nabeul-nabeul-128743,Appartement,620000.0,2024-01-23,Nabeul,Nabeul,nabeul,8000.0,157.0,Non,Oui,Non précisé,Haut standing,3.0,2.0,Non,Non,Oui,Non,Oui,Non,4.0,Oui,Non,Oui
menzili,https://www.menzili.tn/annonce/bel-appartement-a-el-agba-tunis-agba-128668,Appartement,135000.0,2024-01-21,Tunis,Agba,El agba résidence elweha elhakam 3,1000.0,70.0,Non,Non,Non précisé,Non précisé,3.0,1.0,Non,Non,Oui,Non,Non,Oui,0.0,Non,Non,Non
menzili,https://www.menzili.tn/annonce/appartement-s-2-bien-placee-benarous-medinajedida-128620,Appartement,120000.0,2024-01-19,Ben Arous,Medina Jedida,Medina Jedida,2013.0,88.0,Non,Non,Non précisé,Non précisé,2.0,,Non,Oui,Oui,Non,Non,Non,,Non,Non,Oui
menzili,https://www.menzili.tn/annonce/vente-coquet-appartement-s2-a-medina-jadida-3-benarous-medinajedida-128606,Appartement,217000.0,2024-01-19,Ben Arous,Medina Jedida,Medina Jedida,2013.0,124.0,Non,Non,Non précisé,Haut standing,2.0,1.0,Oui,Oui,Oui,Non,Oui,Non,2.0,Oui,Non,Non
menzili,https://www.menzili.tn/annonce/vente-appartement-s-2-au-1er-etage-manouba-manoubaville-128566,Appartement,180000.0,2024-01-18,Manouba,Manouba Ville,Manouba Ville,2010.0,92.0,Non,Non,Non précisé,Non précisé,2.0,,Non,Non,Oui,Non,Oui,Non,1.0,Non,Non,Non
menzili,https://www.menzili.tn/annonce/a-vendre-un-appartement-s-2-a-la-rEsidence-jnaynet-montfleury-tunis-sidielbechir-128492,Appartement,145000.0,2024-01-17,Tunis,Sidi El Béchir,RESIDENCE JNAYNET MONTFLEURY SIDI EL BACHIR,1002.0,82.0,Non,Non,Non précisé,Moyen standing,2.0,1.0,Non,Non,Oui,Non,Non,Non,0.0,Non,Non,Non
menzili,https://www.menzili.tn/annonce/s-3-A-vendre-un-appartement-a-chatt_meriem-tantan-sousse-akouda-128479,Appartement,340000.0,2024-01-17,Sousse,Akouda,Akouda,4022.0,123.0,Non,Non,Non précisé,Luxe,2.0,1.0,Non,Non,Oui,Oui,Non,Non,4.0,Oui,Non,Oui
menzili,https://www.menzili.tn/annonce/A-vendre-un-appartement-s2-au-rdc-a-chatt-meriem-sousse-sousse-akouda-128461,Appartement,9999.0,2024-01-16,Sousse,Akouda,Akouda,4022.0,1.0,Non,Non,Non précisé,Moyen standing,2.0,1.0,Non,Non,Oui,Non,Non,Non,0.0,Oui,Non,Non
menzili,https://www.menzili.tn/annonce/a-vendre-un-appartement-s-3-haut-standing-a-cite-wahat-tunis-laouina-128331,Appartement,390000.0,2024-01-12,Tunis,L'aouina,A Vendre Un Appartement S+3 Haut Standing à Cité W,1000.0,140.0,Non,Non,Non précisé,Haut standing,3.0,2.0,Oui,Oui,Oui,Non,Non,Non,5.0,Oui,Non,Non
menzili,https://www.menzili.tn/annonce/appartement-s-plus-2-excellent-emplacement-tunis-elomranesuperieur-128319,Appartement,120000.0,2024-01-11,Tunis,Immeubles Sprols - Cité Ibn K,Rue Mohamed Tchicha,1000.0,100.0,Non,Non,Non précisé,Non précisé,3.0,1.0,Non,Non,Oui,Non,Non,Non,5.0,Non,Non,Non
menzili,https://www.menzili.tn/annonce/appartement-s-1-a-la-marsa-mav1613-tunis-lamarsa-128238,Appartement,320000.0,2024-01-10,Tunis,La Marsa,La Marsa,2070.0,53.0,Non,Non,Non précisé,Moyen standing,1.0,1.0,Non,Non,Oui,Non,Oui,Non,,Non,Non,Non
menzili,https://www.menzili.tn/annonce/appartement-direct-promoteur-a-chotrana-1-ariana-chotrana-128233,Appartement,381000.0,2024-01-10,Ariana,Chotrana,cotrana 1,2086.0,123.0,Non,Non,Non précisé,Haut standing,3.0,1.0,Oui,Non,Oui,Non,Oui,Oui,0.0,Oui,Non,Oui
menzili,https://www.menzili.tn/annonce/a-vendre-un-appartement-s-3-tunis-sidielbechir-128225,Appartement,280000.0,2024-01-10,Tunis,Sidi El Béchir,Sidi El Béchir,1002.0,120.0,Non,Non,Non précisé,Non précisé,3.0,1.0,Non,Oui,Oui,Non,Non,Non,1.0,Non,Non,Non
menzili,https://www.menzili.tn/annonce/un-appartement-1er-etage-a-kelibia-nabeul-kelibia-128216,Appartement,180000.0,2024-01-10,Nabeul,Kélibia,jinen mansoura,8000.0,85.0,Titre Bleu,Non,Neuf,Luxe,2.0,1.0,Non,Non,Oui,Non,Oui,Non,1.0,Non,Non,Non
menzili,https://www.menzili.tn/annonce/a-vendre-appartement-s-3-a-el-mourouj-6-benarous-elmourouj-128194,Appartement,180000.0,2024-01-10,Ben Arous,El Mourouj,el mourouj 6,2074.0,90.0,Non,Non,Non précisé,Moyen standing,3.0,1.0,Non,Oui,Oui,Non,Oui,Non,4.0,Oui,Non,Non
menzili,https://www.menzili.tn/annonce/ref-ar2007-appartement-a-vendre-a-ariana-ariana-arianaville-128174,Appartement,175000.0,2024-01-09,Ariana,Ariana Ville,Ariana Ville,2080.0,80.0,Non,Non,Non précisé,Non précisé,2.0,1.0,Non,Oui,Oui,Non,Oui,Non,1.0,Non,Non,Non
menzili,https://www.menzili.tn/annonce/ref-ar2006-appartement-a-vendre-a-ariana-ariana-arianaville-128168,Appartement,175000.0,2024-01-09,Ariana,Ariana Ville,Ariana Ville,2080.0,80.0,Non,Non,Non précisé,Non précisé,3.0,1.0,Non,Oui,Oui,Non,Oui,Non,,Non,Non,Non
menzili,https://www.menzili.tn/annonce/appartement-hammamet-nabeul-hammametsud-128137,Appartement,,2024-01-08,Nabeul,Hammamet Sud,Hammamet Sud,8050.0,,Non,Non,Non précisé,Haut standing,1.0,1.0,Non,Oui,Oui,Non,Oui,Non,1.0,Oui,Non,Oui
menzili,https://www.menzili.tn/annonce/bel-appartement-mourouj-1-benarous-elmourouj-128087,Appartement,,2024-01-06,Ben Arous,El Mourouj,El Mourouj,2074.0,82.0,Oui,Non,Non précisé,Non précisé,3.0,1.0,Non,Oui,Oui,Non,Non,Non,3.0,Non,Oui,Non
menzili,https://www.menzili.tn/annonce/duplex-s-3-avec-terrasse-a-la-marsa-zdv0100-tunis-lamarsa-128040,Appartement,550000.0,2024-01-05,Tunis,La Marsa,Demande@croisettimmo.com,2070.0,,Non,Non,Non précisé,Moyen standing,3.0,1.0,Non,Non,Oui,Non,Oui,Oui,0.0,Non,Non,Oui
menzili,https://www.menzili.tn/annonce/appartement-rdc-renove-immeuble-zitouna-sfax-sfax-sfaxville-127837,Appartement,100000.0,2024-01-01,Sfax,Sfax Ville,immeuble ezzitouna rez de chaussée,3000.0,70.0,Non,Non,Rénové,Non précisé,2.0,1.0,Non,Oui,Oui,Non,Non,Non,0.0,Non,Non,Non
menzili,https://www.menzili.tn/annonce/appartement-s-3-5eme-a-vendre-benarous-ezzahra-128016,Appartement,310000.0,2024-01-04,Ben Arous,Ezzahra,Ezzahra,2034.0,144.0,Non,Non,Non précisé,Moyen standing,3.0,1.0,Non,Oui,Oui,Non,Oui,Non,1.0,Oui,Non,Oui
menzili,https://www.menzili.tn/annonce/forsa-appartement-a-ibn-sina-tunis-elouardia-127945,Appartement,,2024-01-03,Tunis,El Ouardia,rue mokdad ibn alassouad residence el mahdi n°148,1000.0,70.0,Non,Non,Non précisé,Non précisé,2.0,1.0,Non,Non,Oui,Non,Non,Non,2.0,Non,Non,Non
menzili,https://www.menzili.tn/annonce/un-appartement-a-vendre-a-rue-de-palestine-la-fayette-tunis-tunis-centrevillelafayette-127897,Appartement,,2024-01-03,Tunis,Centre Ville - Lafayette,Rue de palestine la fayette tunis,1000.0,65.0,Non,Non,Non précisé,Non précisé,2.0,1.0,Non,Non,Oui,Non,Non,Non,4.0,Non,Non,Non
menzili,https://www.menzili.tn/annonce/appartement-s1-cite-el-ghazella-ariana-ghazela-127894,Appartement,100000.0,2024-01-03,Ariana,Ghazela,benrejebadam66@gmail.com,2080.0,45.0,Non,Non,Non précisé,Non précisé,,,Non,Non,Oui,Non,Non,Non,4.0,Oui,Non,Non
menzili,https://www.menzili.tn/annonce/un-appartement-s3-a-vendre-a-khezama-est-sousse-soussejawhara-127892,Appartement,,2024-01-02,Sousse,Sousse Jawhara,Khezama est,4000.0,120.0,Titre Individuel,Non,Non précisé,Haut standing,3.0,2.0,Non,Non,Oui,Non,Oui,Non,,Oui,Non,Oui
menzili,https://www.menzili.tn/annonce/joli-appartement-a-vendre-benarous-hammamchott-127843,Appartement,140000.0,2024-01-02,Ben Arous,Hammam Chott,Cite erriadh borj cedria,2052.0,75.0,Non,Non,Non précisé,Non précisé,2.0,,Non,Non,Oui,Non,Oui,Non,2.0,Non,Non,Non
menzili,https://www.menzili.tn/annonce/appartement-s-2-de-82-m2-benarous-hammamchott-127842,Appartement,,2024-01-01,Ben Arous,Hammam Chott,Borj Cedria,2052.0,82.0,Non,Oui,Non précisé,Haut standing,2.0,1.0,Non,Non,Oui,Non,Oui,Non,1.0,Oui,Non,Non
menzili,https://www.menzili.tn/annonce/appartement-s-2-a-5mn-a-pieds-de-la-mer-sousse-kantaoui-127834,Appartement,240000.0,2023-12-31,Sousse,Kantaoui,Tantana- chatt meriem,4089.0,80.0,Non,Non,Non précisé,Haut standing,2.0,1.0,Non,Non,Oui,Non,Oui,Non,,Oui,Non,Oui
menzili,https://www.menzili.tn/annonce/appartement-s-1-a-ain-zaghouan-nord-mav1580-tunis-ainzaghouan-127805,Appartement,275000.0,2023-12-29,Tunis,Aïn Zaghouan,Ain Zaghouan nord,1100.0,76.0,Non,Non,Non précisé,Moyen standing,1.0,1.0,Non,Oui,Oui,Non,Oui,Non,,Non,Non,Oui
menzili,https://www.menzili.tn/annonce/appartement-s-2-a-la-marsa-zav1591-tunis-lamarsa-127797,Appartement,500000.0,2023-12-29,Tunis,La Marsa,La Marsa,2070.0,127.0,Non,Non,Non précisé,Moyen standing,2.0,1.0,Non,Oui,Oui,Non,Oui,Non,0.0,Non,Non,Oui
menzili,https://www.menzili.tn/annonce/appartement-s-1-a-ain-zaghouan-mav1592-tunis-ainzaghouan-127777,Appartement,280000.0,2023-12-29,Tunis,Aïn Zaghouan,Aïn Zaghouan,1100.0,71.0,Non,Non,Non précisé,Moyen standing,1.0,,Non,Oui,Oui,Non,Oui,Non,,Non,Non,Oui
menzili,https://www.menzili.tn/annonce/appartement-s-3-avec-jardin-a-gammarth-mav1600-tunis-gammarth-127770,Appartement,1200000.0,2023-12-29,Tunis,Gammarth,Gammarth,2078.0,440.0,Non,Non,Non précisé,Moyen standing,3.0,3.0,Oui,Non,Oui,Non,Oui,Oui,0.0,Non,Non,Non
menzili,https://www.menzili.tn/annonce/appartement-s-2-a-la-marsa-mav1602-tunis-lamarsa-127763,Appartement,270000.0,2023-12-29,Tunis,La Marsa,La Marsa,2070.0,,Non,Non,Non précisé,Haut standing,2.0,1.0,Oui,Oui,Oui,Non,Oui,Non,,Non,Non,Oui
menzili,https://www.menzili.tn/annonce/appartement-corniche-hammamet-nabeul-hammametcentre-127753,Appartement,,2023-12-28,Nabeul,Hammamet Centre,Corniche Hammamet,8050.0,145.0,Non,Oui,Non précisé,Haut standing,3.0,2.0,Non,Non,Oui,Non,Oui,Non,2.0,Non,Non,Oui
menzili,https://www.menzili.tn/annonce/ref-2001-appartements-neufs-raoued-ariana-ariana-raoued-127730,Appartement,135000.0,2023-12-28,Ariana,Raoued,Raoued,2083.0,160.0,Oui,Non,Neuf,Non précisé,2.0,1.0,Non,Non,Oui,Non,Non,Non,2.0,Non,Non,Non
menzili,https://www.menzili.tn/annonce/appartement-s2-ben-arous-centre-residence-en-face-concessionnaire-benarous-medinajedida-127724,Appartement,170000.0,2023-12-28,Ben Arous,Medina Jedida,Ben arous centre Résidence en face concessionnaire,2013.0,107.0,Non,Non,Non précisé,Moyen standing,2.0,1.0,Non,Non,Oui,Non,Non,Oui,3.0,Oui,Non,Oui
menzili,https://www.menzili.tn/annonce/appartement-s-4-a-sahloul-sousse-sousse-sahloul-127628,Appartement,450000.0,2023-12-26,Sousse,Sahloul,Rades,4054.0,192.0,Oui,Non,Non précisé,Haut standing,4.0,4.0,Oui,Non,Oui,Non,Oui,Non,3.0,Oui,Non,Oui
menzili,https://www.menzili.tn/annonce/appartement-s-2-aux-jardins-de-carthage-zav1599-tunis-jardindecarthage-127601,Appartement,600000.0,2023-12-26,Tunis,Jardin De Carthage,Jardins de carthage,2016.0,120.0,Non,Non,Non précisé,Haut standing,3.0,1.0,Oui,Non,Oui,Non,Oui,Oui,,Non,Non,Oui
menzili,https://www.menzili.tn/annonce/duplex-s-3-avec-jardin-a-ain-zaghouan-mdv0137-tunis-ainzaghouan-127593,Appartement,550000.0,2023-12-26,Tunis,Aïn Zaghouan,Aïn Zaghouan,1100.0,,Non,Non,Non précisé,Moyen standing,3.0,1.0,Non,Non,Oui,Non,Oui,Oui,0.0,Non,Non,Oui
menzili,https://www.menzili.tn/annonce/un-appartement-s-4-aux-berges-du-lac-mav1153-tunis-lesbergesdulac-127562,Appartement,1200000.0,2023-12-25,Tunis,Les Berges Du Lac,Les Berges Du Lac,1053.0,232.0,Non,Non,Non précisé,Haut standing,4.0,2.0,Oui,Non,Oui,Non,Oui,Non,1.0,Oui,Non,Oui
menzili,https://www.menzili.tn/annonce/a-vendre-appartement-s-2-a-la-nouvelle-medina-benarous-medinajedida-127494,Appartement,,2023-12-23,Ben Arous,Medina Jedida,Medina Jedida,2013.0,130.0,Non,Non,Non précisé,Moyen standing,3.0,2.0,Non,Non,Oui,Non,Oui,Non,3.0,Oui,Non,Non
menzili,https://www.menzili.tn/annonce/riadh-el-andalous-a-vendre-s2-tres-haut-standing-ariana-arianaville-127444,Appartement,300000.0,2023-12-23,Ariana,Ariana Ville,Ariana Ville,2080.0,114.0,Non,Non,Neuf,Haut standing,2.0,1.0,Oui,Oui,Oui,Non,Non,Non,5.0,Non,Non,Non
menzili,https://www.menzili.tn/annonce/un-appartement-s-2-a-ain-zaghouan-nord-mav1604-tunis-lamarsa-127439,Appartement,647500.0,2023-12-22,Tunis,La Marsa,Ain Zaghouan nord,2070.0,,Non,Non,Non précisé,Haut standing,3.0,3.0,Oui,Non,Oui,Oui,Oui,Non,,Non,Non,Oui
menzili,https://www.menzili.tn/annonce/appartement-a-vendre-cite-riadh-1-sousse-sousse-sousseriadh-127433,Appartement,95000.0,2023-12-22,Sousse,Sousse Riadh,Sousse Riadh,4000.0,80.0,Non,Non,Non précisé,Non précisé,3.0,,Non,Non,Oui,Non,Non,Non,2.0,Non,Non,Non
menzili,https://www.menzili.tn/annonce/vente-appartement-ennasr2-ariana-ennasr-127281,Appartement,435000.0,2023-12-20,Ariana,Ennasr,Ennasr,2037.0,140.0,Non,Non,Non précisé,Moyen standing,4.0,1.0,Non,Non,Oui,Non,Oui,Non,2.0,Non,Non,Oui
menzili,https://www.menzili.tn/annonce/louer-appartement-s-1-a-ezzahra-benarous-ezzahra-127196,Appartement,175000.0,2023-12-18,Ben Arous,Ezzahra,Rue de la république Ezzahra,2034.0,50.0,Non,Oui,Non précisé,Haut standing,1.0,1.0,Non,Non,Oui,Non,Oui,Oui,3.0,Oui,Non,Oui
menzili,https://www.menzili.tn/annonce/appartement-haut-standing-a-bizerte-bizerte-bizertenord-127057,Appartement,,2023-12-15,Bizerte,Bizerte Nord,Bizerte Nord,7000.0,150.0,Non,Oui,Non précisé,Haut standing,2.0,1.0,Non,Non,Oui,Non,Non,Non,1.0,Non,Non,Non
menzili,https://www.menzili.tn/annonce/vente-appartement-s2-cite-ennasr-2-ariana-arianaville-127034,Appartement,270000.0,2023-12-14,Ariana,Ariana Ville,Cité Ennasr 2,2080.0,77.0,Non,Non,Non précisé,Haut standing,2.0,1.0,Oui,Oui,Oui,Non,Non,Non,,Oui,Non,Non
menzili,https://www.menzili.tn/annonce/appartements-a-vendre-bizerte-rasjebel-126995,Appartement,180000.0,2023-12-13,Bizerte,ras jebel,Rafraf,7025.0,42.0,Non,Oui,Non précisé,Moyen standing,1.0,1.0,Non,Non,Oui,Non,Non,Non,,Non,Non,Oui
menzili,https://www.menzili.tn/annonce/appartement-titre-foncier-sfax-sfax-sfaxville-126893,Appartement,,2023-12-11,Sfax,Sfax Ville,Cité jardin Sfax,3000.0,90.0,Oui,Non,Non précisé,Haut standing,2.0,1.0,Oui,Non,Oui,Non,Oui,Oui,,Oui,Non,Non
menzili,https://www.menzili.tn/annonce/appartement-s-3-tunis-elouardia-126692,Appartement,270000.0,2023-12-08,Tunis,El Ouardia,El Ouardia,1000.0,150.0,Non,Non,Non précisé,Haut standing,3.0,2.0,Oui,Non,Oui,Non,Oui,Non,1.0,Non,Non,Oui
menzili,https://www.menzili.tn/annonce/charmant-appartement-s-1-meuble-a-ennasr-2-ariana-ennasr-126542,Appartement,190000.0,2023-12-05,Ariana,Ennasr,Ennasr 2,2037.0,46.0,Non,Non,Non précisé,Moyen standing,1.0,1.0,Oui,Non,Oui,Non,Oui,Non,1.0,Oui,Non,Oui
menzili,https://www.menzili.tn/annonce/a-vendre-s-2-sfax-centre-ville-immeuble-intilaka-sfax-sfaxville-126443,Appartement,,2023-12-04,Sfax,Sfax Ville,Sfax Ville,3000.0,100.0,Non,Non,Non précisé,Non précisé,2.0,1.0,Non,Oui,Oui,Non,Non,Non,5.0,Oui,Non,Non
menzili,https://www.menzili.tn/annonce/coquet-appartement-meuble-a-vendre-tunis-laouina-126393,Appartement,200000.0,2023-12-02,Tunis,L'aouina,L'aouina,1000.0,65.0,Non,Non,Neuf,Haut standing,1.0,1.0,Non,Non,Oui,Non,Oui,Non,,Oui,Non,Oui
menzili,https://www.menzili.tn/annonce/s-3-a-vendre-la-soukra-choutrana-pres-de-aziza-sidi-salah-ariana-chotrana-126390,Appartement,250000.0,2023-12-02,Ariana,Chotrana,La soukra choutrana (pres de AZIZA sidi salah),2086.0,124.0,Non,Non,Non précisé,Moyen standing,3.0,2.0,Non,Oui,Oui,Non,Oui,Non,1.0,Non,Non,Non
menzili,https://www.menzili.tn/annonce/vente-appartement-a-montfleury-tunis-sidielbechir-126368,Appartement,245000.0,2023-12-02,Tunis,Sidi El Béchir,Sidi El Béchir,1002.0,,Non,Non,Rénové,Moyen standing,,,Non,Non,Oui,Non,Oui,Non,0.0,Non,Non,Oui
menzili,https://www.menzili.tn/annonce/des-appartements-a-vendre-a-sahloul-4-sousse-sahloul-126173,Appartement,,2023-11-29,Sousse,Sahloul,Sousse,4054.0,,Non,Non,Non précisé,Haut standing,2.0,1.0,Non,Non,Oui,Non,Oui,Non,,Oui,Non,Oui
menzili,https://www.menzili.tn/annonce/a-vendre-appartement-s-3-au-deuxieme-etage-benarous-elmourouj-126128,Appartement,140000.0,2023-11-28,Ben Arous,El Mourouj,El Mourouj,2074.0,100.0,Non,Non,Non précisé,Non précisé,3.0,1.0,Oui,Oui,Oui,Non,Non,Non,,Non,Non,Non
menzili,https://www.menzili.tn/annonce/appartement-s-2-renove-neuf-de-112-m2-au-2eme-Etage-rue-de-marseille-tunis-tunis-centrevillelafayette-126103,Appartement,250000.0,2023-11-28,Tunis,Centre Ville - Lafayette,Centre Ville - Lafayette,1000.0,112.0,Non,Non,Neuf,Moyen standing,2.0,1.0,Non,Non,Oui,Non,Oui,Non,2.0,Non,Non,Oui
menzili,https://www.menzili.tn/annonce/a-vendre-un-appartement-s2-au-2eme-etage-situe-a-chatt-meriem-sousse-pied-dans-l-eau-sousse-akouda-125907,Appartement,9999.0,2023-11-24,Sousse,Akouda,Akouda,4022.0,110.0,Non,Non,Non précisé,Non précisé,2.0,1.0,Non,Non,Oui,Non,Non,Non,2.0,Oui,Non,Non
menzili,https://www.menzili.tn/annonce/appartement-s4-a-vendre-directe-promoteur-a-cite-erriadh-5-sousse-sousseriadh-125800,Appartement,9999.0,2023-11-22,Sousse,Sousse Riadh,Sousse Riadh,4000.0,155.0,Non,Non,Neuf,Non précisé,4.0,2.0,Non,Non,Oui,Non,Non,Non,0.0,Oui,Non,Non
menzili,https://www.menzili.tn/annonce/a-vendre-des-appartements-de-type-s1-s2-a-cite-erriadh-1-sousse-direct-promoteur-sousse-sousseriadh-125650,Appartement,9999.0,2023-11-20,Sousse,Sousse Riadh,Sousse Riadh,4000.0,1.0,Non,Non,Non précisé,Non précisé,1.0,,Non,Non,Oui,Non,Non,Non,,Oui,Non,Non
menzili,https://www.menzili.tn/annonce/a-vendre-appartement-s-1-a-jinene-benikhiar-nabeul-nabeul-benikhiar-125578,Appartement,155000.0,2023-11-18,Nabeul,Nabeul,Jinene Benikhiar,8000.0,70.0,Non,Non,Non précisé,Moyen standing,1.0,1.0,Non,Non,Oui,Oui,Non,Non,0.0,Non,Non,Oui
menzili,https://www.menzili.tn/annonce/s-1-de-95-m2-a-afh-nabeul-nabeul-mrezga-125565,Appartement,313000.0,2023-11-18,Nabeul,Nabeul,Cité El Wafa,8000.0,95.0,Non,Non,Non précisé,Haut standing,2.0,1.0,Oui,Oui,Oui,Oui,Oui,Non,,Oui,Non,Oui
menzili,https://www.menzili.tn/annonce/foyer-7-studio-route-matar-km-2-5-sfax-sfaxville-125407,Appartement,158000.0,2023-11-15,Sfax,Sfax Ville,Sfax Ville,3000.0,150.0,Non,Non,Non précisé,Non précisé,7.0,,Non,Non,Oui,Non,Non,Non,,Non,Non,Non
menzili,https://www.menzili.tn/annonce/a-vendre-un-appartement-a-acces-prive-s2-plus-un-studio-a-gremda-km-2-5-sfax-sfaxville-125350,Appartement,136000.0,2023-11-14,Sfax,Sfax Ville,Sfax Ville,3000.0,120.0,Non,Non,Non précisé,Non précisé,3.0,,Non,Non,Oui,Non,Non,Non,,Non,Non,Non
menzili,https://www.menzili.tn/annonce/appartement-a-vendre-a-boumhell-centre-benarous-boumhel-125297,Appartement,190000.0,2023-11-13,Ben Arous,Boumhel,boumhel,2013.0,81.0,Non,Non,Non précisé,Moyen standing,5.0,2.0,Non,Oui,Oui,Non,Oui,Oui,,Non,Non,Oui
menzili,https://www.menzili.tn/annonce/a-vendre-joli-appartement-s3-a-el-menzeh-9-tunis-laouina-125210,Appartement,450000.0,2023-11-11,Tunis,L'aouina,A vendre un joli appartement S3 à El Menzeh 9,1000.0,190.0,Non,Non,Non précisé,Haut standing,3.0,3.0,Oui,Oui,Oui,Non,Oui,Non,1.0,Oui,Non,Oui
menzili,https://www.menzili.tn/annonce/appartement-vip-a-vendre-route-lafrane-km-5-sfax-routeelafrane-125177,Appartement,,2023-11-10,Sfax,Route el Afrane,Route Lafrane Km 5,3000.0,,Non,Non,Bon état,Haut standing,4.0,2.0,Oui,Oui,Oui,Non,Oui,Non,,Oui,Non,Oui
menzili,https://www.menzili.tn/annonce/appartement-residence-al-wouroud-ariana-ariana-arianaville-125145,Appartement,,2023-11-10,Ariana,numéro 05,Résidence Al-Wouroud,2080.0,130.0,Non,Non,Non précisé,Non précisé,3.0,2.0,Non,Oui,Oui,Non,Non,Non,3.0,Oui,Non,Non
menzili,https://www.menzili.tn/annonce/appartement-a-vendre-a-aghir-medenine-djerbamidoun-124901,Appartement,215000.0,2023-11-06,Médenine,Djerba - Midoun,Aghir,4180.0,,Non,Non,Non précisé,Luxe,1.0,1.0,Non,Oui,Oui,Non,Non,Non,1.0,Non,Non,Oui
menzili,https://www.menzili.tn/annonce/appartement-s2-avec-jardin-a-sidi-mahersi-nabeul-nabeul-nabeul-125018,Appartement,1400.0,2023-11-08,Nabeul,Nabeul,Nabeul,8000.0,200.0,Non,Non,Non précisé,Haut standing,2.0,1.0,Oui,Non,Oui,Non,Oui,Oui,0.0,Non,Non,Non
menzili,https://www.menzili.tn/annonce/appartement-s-3-a-vendre-a-residence-meriem-enkhilette-ariana-ariana-arianaville-124973,Appartement,223000.0,2023-11-07,Ariana,Residence mériem en face de l'o,Enkhilette Ariana,2080.0,110.0,Non,Non,Bon état,Moyen standing,3.0,1.0,Oui,Non,Oui,Non,Oui,Non,,Non,Non,Non
menzili,https://www.menzili.tn/annonce/appartement-charmant-4-pieces-a-el-mourouj3-benarous-elmourouj-124926,Appartement,,2023-11-06,Ben Arous,El Mourouj,Résidence Meriem,2074.0,110.0,Non,Non,Non précisé,Non précisé,3.0,1.0,Oui,Oui,Oui,Non,Non,Non,3.0,Non,Non,Non
menzili,https://www.menzili.tn/annonce/appartement-en-s2-a-vendre-a-hammamet-nord-nabeul-hammamet-124914,Appartement,275000.0,2023-11-06,Nabeul,Hammamet,Hammamet,8050.0,63.0,Non,Non,Non précisé,Non précisé,2.0,,Non,Non,Oui,Non,Non,Non,,Non,Non,Non
menzili,https://www.menzili.tn/annonce/appartement-a-ne-pas-rater-au-centre-ville-tunis-centrevillelafayette-124802,Appartement,250000.0,2023-11-04,Tunis,Centre Ville - Lafayette,Centre Ville - Lafayette,1000.0,112.0,Non,Non,Neuf,Non précisé,2.0,1.0,Non,Non,Oui,Non,Oui,Non,2.0,Non,Non,Oui
menzili,https://www.menzili.tn/annonce/a-vendre-appartement-s-2-a-afh-mrezge-cite-el-wafa-nabeul-nabeul-mrezga-124771,Appartement,373000.0,2023-11-03,Nabeul,Nabeul,Cité El Wafa,8000.0,105.0,Non,Non,Non précisé,Luxe,2.0,1.0,Oui,Non,Oui,Oui,Oui,Non,0.0,Oui,Non,Oui
menzili,https://www.menzili.tn/annonce/appartement-s-2-ariana-arianaville-124676,Appartement,98000.0,2023-11-02,Ariana,Ariana Ville,ARIANA VILLE,2080.0,85.0,Non,Non,Non précisé,Non précisé,3.0,1.0,Non,Non,Oui,Non,Non,Non,1.0,Non,Non,Non
menzili,https://www.menzili.tn/annonce/appartement-vue-mer-a-nabeul-nabeul-nabeul-124596,Appartement,390000.0,2023-11-01,Nabeul,Nabeul,ROUTE TOURISTIQUE PRES DE LA NOUVELLE MUNICIPALITE,8000.0,90.0,Non,Oui,Non précisé,Haut standing,2.0,1.0,Oui,Non,Oui,Non,Oui,Non,,Oui,Non,Oui
menzili,https://www.menzili.tn/annonce/a-vendre-s-1-de-64-m2-a-afh-mrezge-nabeul-mrezga-124577,Appartement,185000.0,2023-11-01,Nabeul,Mrezga,Nabeul,8058.0,64.0,Non,Non,Non précisé,Haut standing,1.0,1.0,Non,Non,Oui,Oui,Oui,Non,,Non,Non,Oui
menzili,https://www.menzili.tn/annonce/a-vendre-s-3-tres-haut-standing-a-jawhara-sousse-sousse-soussejawhara-124557,Appartement,,2023-11-01,Sousse,Sousse Jawhara,badrmansour176@gmail.com,4000.0,141.0,Non,Non,Non précisé,Haut standing,3.0,2.0,Non,Non,Oui,Non,Oui,Non,1.0,Oui,Non,Oui
menzili,https://www.menzili.tn/annonce/a-vendre-un-appartement-s-2-3eme-etage-benarous-rades-124548,Appartement,95000.0,2023-10-31,Ben Arous,Radès,Rades hay mohamed ali cité sncft,2040.0,75.0,Non,Non,Non précisé,Moyen standing,2.0,1.0,Oui,Non,Oui,Non,Non,Non,3.0,Non,Non,Oui
menzili,https://www.menzili.tn/annonce/un-appartement-s2-a-vendre-a-hergla-sousse-hergla-124530,Appartement,9999.0,2023-10-31,Sousse,Hergla,Hergla,4000.0,1.0,Titre Bleu,Non,Non précisé,Non précisé,2.0,1.0,Non,Oui,Oui,Non,Non,Non,,Non,Non,Non
menzili,https://www.menzili.tn/annonce/un-appartement-s2-a-vendre-a-hergla-sousse-hergla-124529,Appartement,9999.0,2023-10-31,Sousse,Hergla,Hergla,4000.0,1.0,Titre Bleu,Non,Non précisé,Non précisé,2.0,1.0,Non,Oui,Oui,Non,Non,Non,,Non,Non,Non
menzili,https://www.menzili.tn/annonce/residence-bousten-3-des-appartement-s-2-au-bord-de-la-plage-de-hammamet-nabeul-hammametnord-124494,Appartement,385000.0,2023-10-31,Nabeul,Tunisie,Hammamet 8050 Nabeul,1000.0,87.0,Non,Oui,Non précisé,Haut standing,2.0,,Non,Non,Oui,Oui,Oui,Oui,,Oui,Non,Oui
menzili,https://www.menzili.tn/annonce/residence-bousten-3-des-s-1-au-bord-de-la-plage-de-hammamet-nabeul-hammamet-124492,Appartement,260000.0,2023-10-31,Nabeul,Tunisie,Hammamet 8050 Nabeul,1000.0,5943.0,Non,Oui,Non précisé,Luxe,1.0,1.0,Oui,Non,Oui,Oui,Oui,Oui,,Oui,Non,Oui
menzili,https://www.menzili.tn/annonce/a-vendre-appartement-s-3-situe-a-lido-nabeul-nabeul-darchaabaneelfehri-124481,Appartement,300000.0,2023-10-31,Nabeul,Nabeul,Situé à Lido,8000.0,150.0,Non,Non,Non précisé,Haut standing,2.0,1.0,Oui,Oui,Oui,Non,Oui,Non,,Non,Non,Oui
menzili,https://www.menzili.tn/annonce/a-vendre-un-spacieux-appartement-a-megrine-benarous-megrine-124388,Appartement,,2023-10-29,Ben Arous,Mégrine,Mégrine,2033.0,,Non,Non,Non précisé,Non précisé,2.0,1.0,Oui,Oui,Oui,Non,Non,Non,3.0,Non,Non,Non
menzili,https://www.menzili.tn/annonce/appartement-a-vendre-lacania-tunis-elouardia-124333,Appartement,100000.0,2023-10-27,Tunis,El Ouardia,El Ouardia,1000.0,75.0,Non,Non,Non précisé,Non précisé,3.0,1.0,Non,Non,Oui,Non,Non,Non,3.0,Non,Non,Non
menzili,https://www.menzili.tn/annonce/a-vendre-un-appartement-s-2-situe-a-jasmin-nabeul-nabeul-nabeul-124326,Appartement,,2023-10-27,Nabeul,Nabeul,Jasmin,8000.0,120.0,Non,Non,Non précisé,Haut standing,2.0,1.0,Oui,Non,Oui,Non,Oui,Non,,Oui,Non,Oui
menzili,https://www.menzili.tn/annonce/un-appartement-s-2-haut-standing-au-rdc-direct-promoteur-nabeul-hammametcentre-124178,Appartement,440000.0,2023-10-26,Nabeul,Hammamet Centre,Hammamet Centre,8050.0,112.0,Non,Non,Non précisé,Haut standing,2.0,1.0,Non,Non,Oui,Oui,Oui,Oui,0.0,Oui,Non,Oui
menzili,https://www.menzili.tn/annonce/apparemment-au-village-mediterranee-benarous-rades-124170,Appartement,,2023-10-26,Ben Arous,Radès,Cité olympique,2013.0,83.0,Non,Non,Rénové,Non précisé,3.0,1.0,Non,Non,Oui,Non,Oui,Non,0.0,Non,Non,Non
menzili,https://www.menzili.tn/annonce/a-vendre-appartement-s-2-a-la-marsa-tunis-lamarsa-124068,Appartement,400000.0,2023-10-24,Tunis,La Marsa,La Marsa,2070.0,100.0,Non,Non,Non précisé,Moyen standing,2.0,1.0,Non,Non,Oui,Non,Oui,Non,2.0,Non,Non,Oui
menzili,https://www.menzili.tn/annonce/appart-s2-christophe-a-vendre-a-montfleury-tunis-sidielbechir-124018,Appartement,170000.0,2023-10-23,Tunis,Sidi El Béchir,Sidi El Béchir,1002.0,100.0,Non,Non,Non précisé,Non précisé,2.0,2.0,Non,Non,Oui,Non,Non,Oui,1.0,Non,Non,Non
menzili,https://www.menzili.tn/annonce/-appartement-s-3-105m2-a-vendre-a-142-md-a-la-nouvelle-ariana-ariana-arianaville-122541,Appartement,,2023-09-23,Ariana,Ariana Ville,Rue des Roses; Résidence AZIZA.3. Ariana Supérieur,2080.0,105.0,Non,Non,Non précisé,Haut standing,3.0,1.0,Oui,Non,Oui,Non,Non,Non,4.0,Oui,Non,Oui
menzili,https://www.menzili.tn/annonce/appartement-s-1-s-2-s-3-a-borj-cedria-jamais-habitee-benarous-borjcedria-123751,Appartement,2350.0,2023-10-18,Ben Arous,Borj Cedria,Borj Cedria,2013.0,73.0,Non,Non,Neuf,Haut standing,1.0,1.0,Oui,Non,Oui,Non,Oui,Non,,Oui,Non,Oui
menzili,https://www.menzili.tn/annonce/appart-s2-georgie-a-vendre-a-gammarth-village-tunis-gammarth-123703,Appartement,327000.0,2023-10-17,Tunis,Gammarth,Gammarth,2078.0,136.0,Non,Non,Non précisé,Non précisé,2.0,1.0,Non,Oui,Oui,Non,Non,Non,2.0,Non,Non,Non
menzili,https://www.menzili.tn/annonce/appart-s3-armenie-a-vendre-a-gammarth-village-tunis-gammarth-123694,Appartement,400000.0,2023-10-17,Tunis,Gammarth,Gammarth,2078.0,166.0,Non,Non,Non précisé,Non précisé,3.0,1.0,Oui,Oui,Oui,Non,Non,Non,1.0,Non,Non,Non
menzili,https://www.menzili.tn/annonce/appart-s4-liman-a-vendre-a-ennasr-ariana-ennasr-123687,Appartement,560000.0,2023-10-17,Ariana,Ennasr,hshainzaghouannord@gmail.com,2037.0,201.0,Non,Non,Non précisé,Haut standing,4.0,1.0,Non,Oui,Oui,Non,Oui,Non,1.0,Oui,Non,Non
menzili,https://www.menzili.tn/annonce/appartement-s-2-rdc-a-mornag-benarous-mornag-123662,Appartement,105000.0,2023-10-17,Ben Arous,Mornag,Mornag,2090.0,80.0,Non,Non,Non précisé,Non précisé,2.0,1.0,Non,Non,Oui,Non,Non,Non,0.0,Non,Non,Non
menzili,https://www.menzili.tn/annonce/v212-appartement-gold-app-mrezga-nabeul-mrezga-123658,Appartement,630000.0,2023-10-17,Nabeul,Mrezga,HAMMAMET,8058.0,90.0,Non,Oui,Non précisé,Haut standing,2.0,1.0,Non,Non,Oui,Oui,Oui,Oui,0.0,Non,Non,Oui
menzili,https://www.menzili.tn/annonce/v245-appartement-sallem-sallem-app-nabeul-mrezga-123657,Appartement,370000.0,2023-10-17,Nabeul,Mrezga,HAMMAMET,8058.0,150.0,Non,Non,Non précisé,Haut standing,3.0,2.0,Oui,Non,Oui,Non,Oui,Non,2.0,Oui,Non,Oui
menzili,https://www.menzili.tn/annonce/v361-appartement-blanc-yesmine-hammamet-nabeul-hammametsud-123597,Appartement,350000.0,2023-10-16,Nabeul,Hammamet Sud,HAMMAMET,8050.0,,Non,Non,Non précisé,Haut standing,2.0,1.0,Non,Non,Oui,Oui,Oui,Oui,2.0,Non,Non,Oui
menzili,https://www.menzili.tn/annonce/appartement-s1-61m-a-afh-mrezga-nabeul-nabeul-123547,Appartement,195000.0,2023-10-14,Nabeul,Nabeul,Nabeul,8000.0,58.0,Non,Non,Non précisé,Haut standing,1.0,1.0,Non,Oui,Oui,Oui,Oui,Non,5.0,Oui,Non,Non
menzili,https://www.menzili.tn/annonce/a-vendre-appartement-s3-vue-sur-mer-a-nabeul-nabeul-nabeul-123510,Appartement,450000.0,2023-10-13,Nabeul,Nabeul,Nabeul,8000.0,145.0,Non,Oui,Non précisé,Haut standing,3.0,2.0,Oui,Oui,Oui,Non,Oui,Non,3.0,Oui,Non,Non
menzili,https://www.menzili.tn/annonce/a-vendre-appartement-s2-a-centre-ville-nabeul-nabeul-nabeul-123458,Appartement,150000.0,2023-10-13,Nabeul,Nabeul,Nabeul,8000.0,75.0,Non,Non,Non précisé,Moyen standing,2.0,1.0,Oui,Non,Oui,Non,Oui,Non,1.0,Non,Non,Non
menzili,https://www.menzili.tn/annonce/appart-s2-qassoubi-a-vendre-a-la-manouba-manouba-manoubaville-123442,Appartement,131000.0,2023-10-13,Manouba,Manouba Ville,Manouba Ville,2010.0,70.0,Non,Non,Non précisé,Haut standing,2.0,1.0,Non,Oui,Oui,Non,Non,Non,2.0,Non,Non,Non
menzili,https://www.menzili.tn/annonce/v271-appartement-parla-app-afh-hammamet-nabeul-mrezga-123441,Appartement,450000.0,2023-10-13,Nabeul,Mrezga,HAMMAMET,8058.0,,Non,Non,Non précisé,Haut standing,3.0,1.0,Non,Non,Oui,Oui,Oui,Non,6.0,Oui,Non,Oui
menzili,https://www.menzili.tn/annonce/residence-costa-s-1-des-appartements-front-de-mer-sousse-kantaoui-123425,Appartement,260000.0,2023-10-12,Sousse,Kantaoui,chott Meriem,4089.0,6214.0,Non,Oui,Non précisé,Luxe,1.0,2.0,Non,Non,Oui,Oui,Oui,Oui,,Oui,Non,Oui
menzili,https://www.menzili.tn/annonce/vente-app-s-2-residence-eklil2-boumhel-benarous-boumhel-123418,Appartement,130000.0,2023-10-12,Ben Arous,Boumhel,bloc 7 app N°03 deuxième étage residence eklil2,2013.0,82.0,Non,Non,Non précisé,Non précisé,2.0,,Non,Non,Oui,Non,Non,Oui,2.0,Non,Non,Non
menzili,https://www.menzili.tn/annonce/v147-duplex-golden-2-app-nord-nabeul-hammametnord-123392,Appartement,650000.0,2023-10-12,Nabeul,Hammamet Nord,HAMMAMET,8050.0,140.0,Non,Oui,Non précisé,Haut standing,2.0,2.0,Oui,Non,Oui,Oui,Oui,Oui,0.0,Non,Non,Oui
menzili,https://www.menzili.tn/annonce/a-vendre-un-appartement-s-2-a-hammamet-nabeul-hammamet-123388,Appartement,200000.0,2023-10-12,Nabeul,Hammamet,Hammamet,8050.0,79.0,Non,Oui,Non précisé,Haut standing,2.0,,Non,Non,Oui,Non,Oui,Non,1.0,Non,Non,Oui
menzili,https://www.menzili.tn/annonce/a-vendre-un-appartement-s1-haut-standingchottmeriem-sousse-hammamsousse-123385,Appartement,,2023-10-12,Sousse,Hammam Sousse,Hammam Sousse,4011.0,40.0,Non,Non,Non précisé,Haut standing,1.0,1.0,Non,Non,Oui,Non,Non,Non,,Non,Non,Non
menzili,https://www.menzili.tn/annonce/appart-s2-isra-a-vendre-a-nour-jaafer-ariana-raoued-123380,Appartement,165000.0,2023-10-12,Ariana,Raoued,Raoued,2083.0,70.0,Non,Non,Non précisé,Non précisé,2.0,1.0,Non,Non,Oui,Non,Non,Non,1.0,Non,Non,Non
menzili,https://www.menzili.tn/annonce/appartement-residence-nour-sousse-hergla-123369,Appartement,,2023-10-11,Sousse,Hergla,rentre hergla sousse residence nour,4000.0,70.0,Non,Non,Non précisé,Non précisé,2.0,1.0,Non,Non,Oui,Non,Non,Non,1.0,Non,Non,Oui
menzili,https://www.menzili.tn/annonce/a-vendre-appartement-s1-a-afh-mrezga-nabeul-nabeul-123363,Appartement,235000.0,2023-10-11,Nabeul,Nabeul,Nabeul,8000.0,63.0,Non,Non,Non précisé,Haut standing,1.0,1.0,Oui,Oui,Oui,Oui,Oui,Non,4.0,Oui,Non,Oui
menzili,https://www.menzili.tn/annonce/a-vendre-un-appartement-s2-haut-standing-chott-meriem-sousse-akouda-123346,Appartement,,2023-10-11,Sousse,Akouda,Akouda,4022.0,60.0,Non,Non,Non précisé,Haut standing,2.0,1.0,Non,Non,Oui,Non,Non,Non,2.0,Non,Non,Non
menzili,https://www.menzili.tn/annonce/appartement-tout-neuf-type-s-1-sousse-hammamsousse-123323,Appartement,,2023-10-10,Sousse,Hammam Sousse,Hammam Sousse,4011.0,40.0,Non,Non,Neuf,Non précisé,1.0,1.0,Non,Oui,Oui,Non,Non,Non,1.0,Non,Non,Non
menzili,https://www.menzili.tn/annonce/a-vendre-un-appartement-hauts-standing-de-type-s3-sousse-hammamsousse-123322,Appartement,,2023-10-10,Sousse,Hammam Sousse,Hammam Sousse,4011.0,,Non,Non,Non précisé,Luxe,3.0,1.0,Non,Oui,Oui,Non,Non,Oui,,Non,Non,Non
menzili,https://www.menzili.tn/annonce/v368-appartement-nesra-app-yesmine-nabeul-hammametsud-123320,Appartement,480000.0,2023-10-10,Nabeul,Hammamet Sud,HAMMAMET,8050.0,150.0,Non,Non,Non précisé,Haut standing,3.0,2.0,Oui,Non,Oui,Oui,Oui,Oui,2.0,Non,Non,Oui
menzili,https://www.menzili.tn/annonce/v402-appartement-rima-la-gare-app-nabeul-hammamet-123289,Appartement,450000.0,2023-10-10,Nabeul,Hammamet,HAMMAMET,8050.0,172.0,Non,Non,Non précisé,Haut standing,3.0,2.0,Oui,Non,Oui,Oui,Oui,Oui,1.0,Oui,Non,Oui
menzili,https://www.menzili.tn/annonce/villa-dar-arbi-a-vendre-a-hammam-sousse-sousse-hammamsousse-123262,Appartement,,2023-10-09,Sousse,Hammam Sousse,Hammam Sousse,4011.0,,Non,Non,Non précisé,Non précisé,,,Non,Non,Oui,Non,Non,Oui,,Non,Non,Non
menzili,https://www.menzili.tn/annonce/un-appartement-palme-lake-resort-meuble-a-vendre-monastir-monastir-123203,Appartement,,2023-10-07,Monastir,Monastir,98141080,5000.0,,Non,Non,Non précisé,Non précisé,1.0,1.0,Non,Non,Oui,Non,Non,Non,,Non,Non,Non
menzili,https://www.menzili.tn/annonce/s-1-de-40-m2-a-la-residence-les-dunes-a-chatt-meriem-sousse-akouda-123181,Appartement,,2023-10-07,Sousse,Akouda,Akouda,4022.0,40.0,Non,Non,Non précisé,Non précisé,1.0,1.0,Non,Non,Oui,Non,Non,Non,,Non,Non,Non
menzili,https://www.menzili.tn/annonce/v402-appartement-rima-centre-hammamet-nabeul-hammamet-123145,Appartement,450000.0,2023-10-06,Nabeul,Hammamet,HAMMAMET,8050.0,172.0,Non,Non,Non précisé,Haut standing,3.0,2.0,Oui,Non,Oui,Oui,Oui,Oui,1.0,Oui,Non,Oui
menzili,https://www.menzili.tn/annonce/v401-appartement-rimes-appart-sousse-sousse-soussemedina-123144,Appartement,350000.0,2023-10-06,Sousse,Sousse Médina,SOUSSE,1008.0,106.0,Non,Oui,Non précisé,Luxe,2.0,1.0,Non,Non,Oui,Oui,Oui,Non,,Oui,Non,Oui
menzili,https://www.menzili.tn/annonce/studio-s-2-au-4e-etage-de-l-avenue-du-combattant-supreme-monastir-monastir-123136,Appartement,200000.0,2023-10-06,Monastir,Monastir,venue du Combattant Suprême,5000.0,80.0,Non,Non,Non précisé,Non précisé,2.0,1.0,Non,Non,Oui,Non,Non,Non,4.0,Non,Non,Non
menzili,https://www.menzili.tn/annonce/v381-appartement-louisa-sud-app-louisa-nabeul-hammametsud-123126,Appartement,780000.0,2023-10-06,Nabeul,Hammamet Sud,HAMMAMET,8050.0,200.0,Non,Non,Non précisé,Haut standing,2.0,2.0,Non,Non,Oui,Oui,Oui,Non,0.0,Non,Non,Oui
menzili,https://www.menzili.tn/annonce/a-vendre-un-s-3a-chattmeriem-sousse-akouda-123119,Appartement,420000.0,2023-10-06,Sousse,Akouda,Akouda,4022.0,123.0,Non,Non,Non précisé,Moyen standing,1.0,1.0,Non,Non,Oui,Non,Non,Non,1.0,Non,Non,Non
menzili,https://www.menzili.tn/annonce/appart-joana-a-vendre-a-bizerte-bizerte-bizertenord-123113,Appartement,120000.0,2023-10-06,Bizerte,Bizerte Nord,Bizerte Nord,7000.0,65.0,Non,Non,Non précisé,Non précisé,2.0,1.0,Non,Oui,Oui,Non,Non,Non,2.0,Non,Non,Non
menzili,https://www.menzili.tn/annonce/appartment-a-kelibia-nabeul-kelibia-123112,Appartement,,2023-10-06,Nabeul,Kélibia,rue kelibia,8090.0,75.0,Non,Non,Non précisé,Non précisé,2.0,1.0,Non,Non,Oui,Non,Non,Non,2.0,Non,Non,Non
menzili,https://www.menzili.tn/annonce/appart-s5-haroun-a-vendre-a-tunis-tunis-centrevillelafayette-123063,Appartement,230000.0,2023-10-05,Tunis,Centre Ville - Lafayette,Centre Ville - Lafayette,1000.0,128.0,Non,Non,Non précisé,Non précisé,5.0,2.0,Non,Oui,Oui,Non,Non,Non,4.0,Non,Non,Non
menzili,https://www.menzili.tn/annonce/appartement-en-renovation-tunis-carthage-123040,Appartement,,2023-10-05,Tunis,Carthage Byrsa,Résidence Tanit,2016.0,90.0,Non,Non,Rénové,Non précisé,2.0,1.0,Non,Non,Oui,Non,Non,Non,2.0,Non,Non,Non
menzili,https://www.menzili.tn/annonce/appartement-t3-hammamet-nord-110000-nabeul-hammamet-123029,Appartement,370000.0,2023-10-04,Nabeul,Hammamet,Résidence El ons,8050.0,107.0,Non,Oui,Non précisé,Haut standing,2.0,1.0,Non,Oui,Oui,Oui,Oui,Non,2.0,Non,Non,Oui
menzili,https://www.menzili.tn/annonce/penthouse-alison-a-vendre-a-ain-zaghouan-nord-tunis-ainzaghouan-123008,Appartement,750000.0,2023-10-04,Tunis,Aïn Zaghouan,ain zaghouan nord,1100.0,190.0,Non,Non,Non précisé,Luxe,2.0,1.0,Oui,Non,Oui,Non,Oui,Non,8.0,Oui,Non,Oui
menzili,https://www.menzili.tn/annonce/v393-appartement-amira-afh-appart-nabeul-mrezga-122985,Appartement,235000.0,2023-10-03,Nabeul,Mrezga,HAMMAMET,8058.0,,Non,Non,Non précisé,Haut standing,1.0,1.0,Non,Non,Oui,Oui,Non,Non,4.0,Oui,Non,Oui
menzili,https://www.menzili.tn/annonce/v401-appartement-rimes-sousse-rimes-sousse-soussemedina-122982,Appartement,350000.0,2023-10-03,Sousse,Sousse Médina,SOUSSE,1008.0,106.0,Non,Oui,Non précisé,Luxe,2.0,1.0,Non,Non,Oui,Oui,Oui,Non,,Oui,Non,Oui
menzili,https://www.menzili.tn/annonce/duplex-joana-a-vendre-a-mutuelle-ville-tunis-mutuelleville-122946,Appartement,1850000.0,2023-10-03,Tunis,Mutuelleville,Mutuelleville,1082.0,300.0,Non,Non,Non précisé,Non précisé,6.0,4.0,Oui,Non,Oui,Non,Non,Non,1.0,Non,Non,Non
menzili,https://www.menzili.tn/annonce/appartement-rez-de-chausse-tunis-elomranesuperieur-122939,Appartement,200000.0,2023-10-02,Tunis,El Omran Supérieur,Tunis,1000.0,80.0,Non,Non,Non précisé,Non précisé,3.0,1.0,Non,Non,Oui,Non,Non,Non,0.0,Non,Non,Non
menzili,https://www.menzili.tn/annonce/a-vendre-des-appartements-a-kelibia-nabeul-kelibia-122923,Appartement,,2023-10-02,Nabeul,Kélibia,Kélibia,8000.0,141.0,Titre Bleu,Oui,Non précisé,Non précisé,2.0,1.0,Non,Non,Oui,Non,Non,Non,,Non,Non,Non
menzili,https://www.menzili.tn/annonce/a-vendre-appartement-s2-avec-jardin-a-afh-mrezga-nabeul-nabeul-122921,Appartement,320000.0,2023-10-02,Nabeul,Nabeul,Nabeul,8000.0,120.0,Non,Non,Non précisé,Haut standing,2.0,1.0,Oui,Non,Oui,Oui,Oui,Oui,,Non,Non,Oui
menzili,https://www.menzili.tn/annonce/a-vendre-appartement-s2-108m-a-afh-mrezga-nabeul-nabeul-122914,Appartement,355000.0,2023-10-02,Nabeul,Nabeul,Nabeul,8000.0,108.0,Non,Non,Non précisé,Haut standing,2.0,1.0,Oui,Non,Oui,Oui,Oui,Non,1.0,Oui,Non,Oui
menzili,https://www.menzili.tn/annonce/appart-s2-rimas-a-vendre-a-bizerte-bizerte-bizertenord-122908,Appartement,75000.0,2023-10-02,Bizerte,Bizerte Nord,Bizerte Nord,7000.0,122.0,Non,Non,Non précisé,Non précisé,2.0,1.0,Non,Oui,Oui,Non,Non,Non,3.0,Non,Non,Non
menzili,https://www.menzili.tn/annonce/appart-s2-bassamet-a-vendre-a-borj-louzir-ariana-borjlouzir-122843,Appartement,140000.0,2023-09-30,Ariana,Borj Louzir,Borj Louzir,2073.0,96.0,Non,Non,Non précisé,Non précisé,2.0,1.0,Non,Oui,Oui,Non,Non,Non,4.0,Non,Non,Non
menzili,https://www.menzili.tn/annonce/appart-s2-cornelia-a-vendre-a-nour-jaafer-raoued-ariana-raoued-122842,Appartement,135000.0,2023-09-30,Ariana,Raoued,Raoued,2083.0,75.0,Non,Non,Non précisé,Non précisé,2.0,1.0,Non,Non,Oui,Non,Non,Non,1.0,Non,Non,Non
menzili,https://www.menzili.tn/annonce/depot-et-8-appartements-ariana-mnihla-122835,Appartement,1400.0,2023-09-29,Ariana,Mnihla,Mnihla borj ljibs,2094.0,,Non,Non,Non précisé,Non précisé,,,Non,Non,Oui,Non,Non,Non,0.0,Non,Non,Non
menzili,https://www.menzili.tn/annonce/studio-el-manar-1-tunis-mutuelleville-122833,Appartement,100000.0,2023-09-29,Tunis,Mutuelleville,résidence el yamama el manar 1 tunis,1082.0,,Non,Non,Non précisé,Non précisé,1.0,1.0,Non,Non,Oui,Non,Non,Non,1.0,Non,Non,Non
menzili,https://www.menzili.tn/annonce/appartement-a-ennaser-2-avenue-hedy-nouira-ariana-ennasr-121911,Appartement,415000.0,2023-09-11,Ariana,ennaser 2,Avenue El Hedi Nouira,2080.0,130.0,Non,Non,Non précisé,Haut standing,4.0,1.0,Oui,Oui,Oui,Non,Oui,Non,,Oui,Non,Oui
menzili,https://www.menzili.tn/annonce/a-vendre-s-2-haut-standing-a-sahloul-4-sousse-sousse-sahloul-122747,Appartement,,2023-09-28,Sousse,Sahloul,commercialaigle@gmail.com,4054.0,103.0,Non,Non,Non précisé,Haut standing,2.0,1.0,Non,Non,Oui,Non,Oui,Non,1.0,Oui,Non,Oui
menzili,https://www.menzili.tn/annonce/v397-immeuble-khalaf-khalaf-appart-nabeul-hammamet-122723,Appartement,850000.0,2023-09-28,Nabeul,Hammamet,HAMMAMET,8050.0,96.0,Non,Oui,Non précisé,Haut standing,2.0,1.0,Non,Non,Oui,Non,Oui,Non,,Non,Non,Oui
menzili,https://www.menzili.tn/annonce/appart-s3-ingrid-a-vendre-a-cite-el-khadhra-tunis-citeelkhadra-122689,Appartement,290000.0,2023-09-26,Tunis,Cité El Khadra,Cité El Khadra,1003.0,110.0,Non,Non,Non précisé,Non précisé,3.0,1.0,Non,Oui,Oui,Non,Non,Non,1.0,Non,Non,Non
menzili,https://www.menzili.tn/annonce/appart-s2-afra-a-vendre-a-el-mourouj-5-benarous-elmourouj-122683,Appartement,270000.0,2023-09-26,Ben Arous,El Mourouj,El Mourouj,2074.0,,Non,Non,Non précisé,Non précisé,2.0,1.0,Non,Oui,Oui,Non,Non,Non,,Oui,Non,Non
menzili,https://www.menzili.tn/annonce/v369-appartement-bobo-yasmine-hammamet-nabeul-hammametsud-122659,Appartement,330000.0,2023-09-26,Nabeul,Hammamet Sud,HAMMAMET,8050.0,80.0,Non,Non,Non précisé,Haut standing,2.0,1.0,Non,Oui,Oui,Oui,Oui,Oui,1.0,Non,Non,Oui
menzili,https://www.menzili.tn/annonce/v368-appartement-nesra-nessra-appart-nabeul-hammametsud-122657,Appartement,480000.0,2023-09-26,Nabeul,Hammamet Sud,HAMMAMET,8050.0,150.0,Non,Non,Non précisé,Haut standing,3.0,2.0,Oui,Non,Oui,Oui,Oui,Oui,2.0,Non,Non,Oui
menzili,https://www.menzili.tn/annonce/a-vendre-appartement-s-2-spacieux-avec-place-de-parking-sous-sol-a-jardin-de-l-aouina-tunis-laouina-122647,Appartement,255000.0,2023-09-26,Tunis,L'aouina,L'aouina,1000.0,90.0,Non,Non,Non précisé,Non précisé,2.0,2.0,Oui,Non,Oui,Non,Non,Oui,,Non,Non,Non
menzili,https://www.menzili.tn/annonce/-a-vendre-appartement-s-2-haut-standing-spacieux-au-2eme-etage-a-cite-wahat-l-aouina-tunis-laouina-122645,Appartement,273000.0,2023-09-26,Tunis,L'aouina,L'aouina,1000.0,100.0,Non,Non,Non précisé,Haut standing,2.0,1.0,Oui,Non,Oui,Non,Oui,Non,2.0,Oui,Non,Non
menzili,https://www.menzili.tn/annonce/appartment-a-kerkouane-nabeul-kelibia-122611,Appartement,220000.0,2023-09-25,Nabeul,Kélibia,Kélibia,8000.0,110.0,Non,Oui,Neuf,Haut standing,2.0,1.0,Non,Oui,Oui,Non,Non,Oui,1.0,Non,Non,Non
menzili,https://www.menzili.tn/annonce/appart-mallorca-a-vendre-a-ben-arous-benarous-medinajedida-122574,Appartement,100000.0,2023-09-25,Ben Arous,Medina Jedida,Medina Jedida,2013.0,98.0,Non,Non,Non précisé,Non précisé,3.0,1.0,Non,Oui,Oui,Non,Non,Non,3.0,Non,Non,Non
menzili,https://www.menzili.tn/annonce/a-vendre-un-appartement-sis-a-cite-ettahrir-tunis-ettahrir-122568,Appartement,,2023-09-25,Tunis,Ettahrir,résidence zarrouk cité ettahrir,1008.0,75.0,Non,Non,Non précisé,Non précisé,3.0,1.0,Non,Oui,Oui,Non,Non,Non,4.0,Oui,Non,Non
menzili,https://www.menzili.tn/annonce/duplex-a-vendre-au-coeur-du-kram-tunis-lekram-122495,Appartement,425000.0,2023-09-23,Tunis,Le Kram,rue sergent lamjed,2015.0,140.0,Non,Non,Non précisé,Moyen standing,5.0,2.0,Non,Non,Oui,Non,Non,Non,,Non,Non,Non
menzili,https://www.menzili.tn/annonce/v407-appartement-palma-palma-hammamet-nabeul-hammamet-122462,Appartement,650000.0,2023-09-22,Nabeul,Hammamet,HAMMAMET,8050.0,145.0,Titre Individuel,Non,Non précisé,Haut standing,2.0,2.0,Oui,Non,Oui,Non,Oui,Oui,2.0,Oui,Non,Oui
menzili,https://www.menzili.tn/annonce/v401-appartement-rimes-sousse-appart-sousse-sousseriadh-122455,Appartement,350000.0,2023-09-22,Sousse,Sousse Riadh,SOUSSE,4000.0,106.0,Non,Oui,Non précisé,Luxe,2.0,1.0,Non,Non,Oui,Oui,Oui,Oui,,Oui,Non,Oui
menzili,https://www.menzili.tn/annonce/v369-appartement-bobo-bobo-hammamet-nabeul-hammametsud-122416,Appartement,330000.0,2023-09-21,Nabeul,Hammamet Sud,HAMMAMET,8050.0,80.0,Non,Non,Non précisé,Haut standing,2.0,1.0,Non,Oui,Oui,Oui,Oui,Oui,1.0,Non,Non,Oui
menzili,https://www.menzili.tn/annonce/appart-s3-anastasia-a-vendre-a-cite-el-bounouk-tunis-carthage-122398,Appartement,350000.0,2023-09-21,Tunis,Carthage,hshainzaghouannord@gmail.com,2016.0,123.0,Non,Non,Non précisé,Haut standing,3.0,2.0,Non,Non,Oui,Non,Oui,Non,2.0,Oui,Non,Non
menzili,https://www.menzili.tn/annonce/appart-s2-ceyla-a-vendre-a-lafayette-tunis-centrevillelafayette-122390,Appartement,240000.0,2023-09-21,Tunis,Centre Ville - Lafayette,Centre Ville - Lafayette,1000.0,94.0,Non,Non,Non précisé,Non précisé,2.0,1.0,Non,Oui,Oui,Non,Non,Non,4.0,Oui,Non,Non
menzili,https://www.menzili.tn/annonce/etage-de-villa-iandra-a-vendre-a-la-marsa-tunis-lamarsa-122319,Appartement,200000.0,2023-09-19,Tunis,La Marsa,La Marsa,2070.0,90.0,Non,Non,Non précisé,Non précisé,1.0,1.0,Non,Oui,Oui,Non,Non,Non,1.0,Non,Non,Non
menzili,https://www.menzili.tn/annonce/appart-s3-daiane-a-vendre-a-la-goulette-tunis-lagoulette-122287,Appartement,720000.0,2023-09-18,Tunis,La Goulette,La Goulette,2060.0,178.0,Non,Oui,Non précisé,Haut standing,3.0,3.0,Oui,Non,Oui,Non,Non,Non,3.0,Non,Non,Non
menzili,https://www.menzili.tn/annonce/appart-s1-flavia-a-vendre-a-la-goulette-tunis-lagoulette-122267,Appartement,220000.0,2023-09-18,Tunis,La Goulette,La Goulette,2060.0,53.0,Non,Non,Non précisé,Haut standing,1.0,1.0,Non,Non,Oui,Non,Non,Non,1.0,Non,Non,Non
menzili,https://www.menzili.tn/annonce/appart-meryen-a-vendre-a-rades-benarous-rades-122177,Appartement,100000.0,2023-09-15,Ben Arous,Radès,Radès,2013.0,70.0,Non,Non,Non précisé,Non précisé,2.0,1.0,Non,Oui,Oui,Non,Non,Non,,Oui,Non,Non
menzili,https://www.menzili.tn/annonce/appart-s3-rayane-a-vendre-a-el-ouardia-tunis-elouardia-122175,Appartement,170000.0,2023-09-15,Tunis,El Ouardia,El Ouardia,1000.0,111.0,Non,Non,Non précisé,Haut standing,3.0,2.0,Oui,Oui,Oui,Non,Non,Non,,Non,Non,Non
menzili,https://www.menzili.tn/annonce/appart-s2-pamela-a-vendre-a-borj-louzir-ariana-arianaville-122140,Appartement,249000.0,2023-09-15,Ariana,Ariana Ville,Ariana Ville,2080.0,80.0,Non,Non,Non précisé,Haut standing,2.0,1.0,Non,Oui,Oui,Non,Non,Non,2.0,Oui,Non,Non
menzili,https://www.menzili.tn/annonce/v245-appartement-sallem-app-hammamet-nabeul-mrezga-122135,Appartement,370000.0,2023-09-14,Nabeul,Mrezga,HAMMAMET,8058.0,150.0,Non,Non,Non précisé,Haut standing,3.0,2.0,Oui,Non,Oui,Non,Oui,Non,2.0,Non,Non,Oui
menzili,https://www.menzili.tn/annonce/v369-appartement-bobo-app-hammamet-nabeul-hammametsud-122132,Appartement,330000.0,2023-09-14,Nabeul,Hammamet Sud,HAMMAMET,8050.0,80.0,Non,Non,Non précisé,Haut standing,2.0,1.0,Non,Oui,Oui,Oui,Oui,Non,1.0,Non,Non,Oui
menzili,https://www.menzili.tn/annonce/v401-appartement-rimes-rimes-sousse-sousse-soussemedina-122109,Appartement,350000.0,2023-09-14,Sousse,Sousse Médina,SOUSSE,1008.0,106.0,Non,Oui,Non précisé,Luxe,2.0,1.0,Non,Non,Oui,Oui,Oui,Oui,,Oui,Non,Oui
menzili,https://www.menzili.tn/annonce/v212-appartement-gold-gold-app-nord-nabeul-mrezga-122103,Appartement,630000.0,2023-09-14,Nabeul,Mrezga,HAMMAMET,8058.0,90.0,Non,Oui,Non précisé,Haut standing,2.0,1.0,Non,Non,Oui,Oui,Oui,Non,0.0,Non,Non,Oui
menzili,https://www.menzili.tn/annonce/a-vendre-s-1-haut-standing-sousse-sahloul-122089,Appartement,199000.0,2023-09-14,Sousse,Sahloul,sahloul 4 sousse,4054.0,70.0,Non,Non,Non précisé,Haut standing,1.0,1.0,Non,Non,Oui,Non,Oui,Non,1.0,Oui,Non,Oui
menzili,https://www.menzili.tn/annonce/occasion-appart-de-96m2-residence-emma-borj-louzir-ariana-borjlouzir-122082,Appartement,190000.0,2023-09-13,Ariana,Borj Louzir,Borj Louzir,2073.0,96.0,Titre Bleu,Non,Rénové,Moyen standing,2.0,1.0,Non,Oui,Oui,Non,Oui,Oui,0.0,Non,Non,Non
menzili,https://www.menzili.tn/annonce/vente-appartement-h4-tunis-centreurbainnord-122059,Appartement,432000.0,2023-09-13,Tunis,Centre Urbain Nord,Tunis,1000.0,104.0,Non,Non,Non précisé,Moyen standing,4.0,2.0,Non,Oui,Oui,Non,Oui,Non,,Oui,Non,Oui
menzili,https://www.menzili.tn/annonce/a-vendre-appartement-220-000dt-a-ben-arous-benarous-medinajedida-122033,Appartement,220000.0,2023-09-13,Ben Arous,Medina Jedida,RESIDENCE YASMINE 3 BLOC G BEN AROUS,2013.0,97.0,Non,Non,Non précisé,Non précisé,3.0,1.0,Non,Non,Oui,Non,Non,Oui,1.0,Oui,Non,Non
menzili,https://www.menzili.tn/annonce/a-vendre-appartement-s1-70m-a-afh-mrezga-nabeul-nabeul-122027,Appartement,235000.0,2023-09-13,Nabeul,Nabeul,Nabeul,8000.0,70.0,Non,Non,Non précisé,Haut standing,1.0,1.0,Oui,Oui,Oui,Oui,Oui,Non,1.0,Oui,Non,Oui
menzili,https://www.menzili.tn/annonce/appartement-a-vendre-a-ben-arous-rue-de-fronce-benarous-medinajedida-121955,Appartement,,2023-09-11,Ben Arous,Medina Jedida,Ben arous rue de froncé,2013.0,95.0,Non,Non,Non précisé,Non précisé,3.0,1.0,Non,Non,Oui,Non,Non,Non,1.0,Non,Non,Non
menzili,https://www.menzili.tn/annonce/a-vendre-appartement-s1-de-53-m2-a-afh-mrezga-nabeul-nabeul-121951,Appartement,185000.0,2023-09-11,Nabeul,Nabeul,Nabeul,8000.0,53.0,Non,Non,Non précisé,Haut standing,1.0,1.0,Oui,Oui,Oui,Oui,Oui,Non,4.0,Oui,Non,Non
menzili,https://www.menzili.tn/annonce/a-vendre-appartement-s-2-haut-standing-sousse-sahloul-121920,Appartement,,2023-09-11,Sousse,Sahloul,Sahloul 4 sousse,4054.0,103.0,Non,Non,Non précisé,Haut standing,2.0,1.0,Non,Non,Oui,Non,Oui,Non,1.0,Oui,Non,Oui
menzili,https://www.menzili.tn/annonce/a-vendre-appartement-a-hammam-lif-benarous-hammamlif-121907,Appartement,180000.0,2023-09-10,Ben Arous,Hammam Lif,Rue ali bach hamba,2050.0,124.0,Non,Non,Non précisé,Moyen standing,3.0,1.0,Oui,Oui,Oui,Non,Oui,Non,4.0,Non,Non,Non
menzili,https://www.menzili.tn/annonce/a-vendre-appartements-s-2-et-s-3-tunis-hrairia-121899,Appartement,,2023-09-10,Tunis,10.112654,36.788461,1000.0,800.0,Non,Non,Non précisé,Non précisé,,6.0,Non,Non,Oui,Non,Oui,Non,2.0,Non,Non,Non
menzili,https://www.menzili.tn/annonce/appartement-s-2-a-la-soukra-zav1546-ariana-lasoukra-121852,Appartement,495000.0,2023-09-08,Ariana,La Soukra,La Soukra,2036.0,,Non,Non,Non précisé,Moyen standing,2.0,3.0,Oui,Oui,Oui,Non,Oui,Non,,Non,Non,Oui
menzili,https://www.menzili.tn/annonce/appartement-ibn-sina-tunis-elouardia-121809,Appartement,155000.0,2023-09-08,Tunis,El Ouardia,Résidence folla 1 ibn sina,1000.0,109.0,Non,Non,Non précisé,Non précisé,3.0,1.0,Non,Oui,Oui,Non,Oui,Non,1.0,Non,Non,Non
menzili,https://www.menzili.tn/annonce/un-appartement-de-type-s3trik-chott-hammemsousse-sousse-hammamsousse-121746,Appartement,290000.0,2023-09-07,Sousse,Hammam Sousse,Hammam Sousse,4011.0,90.0,Non,Non,Non précisé,Luxe,3.0,1.0,Non,Oui,Oui,Non,Non,Oui,,Non,Non,Non
menzili,https://www.menzili.tn/annonce/appart-s2-daniela-a-vendre-a-el-mourouj-1-benarous-elmourouj-121744,Appartement,135000.0,2023-09-07,Ben Arous,El Mourouj,El Mourouj,2074.0,91.0,Non,Non,Non précisé,Non précisé,2.0,1.0,Non,Oui,Oui,Non,Non,Non,2.0,Non,Non,Non
menzili,https://www.menzili.tn/annonce/un-appartement-s-2-a-vendre-situe-a-diwen-zit-sousse-soussemedina-121696,Appartement,270000.0,2023-09-06,Sousse,Sousse Médina,Sousse Médina,1008.0,160.0,Titre Bleu,Non,Non précisé,Haut standing,2.0,2.0,Non,Non,Oui,Non,Oui,Non,1.0,Oui,Non,Oui
menzili,https://www.menzili.tn/annonce/appartement-s-2-rez-de-chaussee-ariana-raoued-121561,Appartement,95000.0,2023-09-04,Ariana,Raoued,résidence yassine raoued,2083.0,63.0,Non,Non,Non précisé,Non précisé,2.0,1.0,Non,Non,Oui,Non,Non,Non,0.0,Non,Non,Non
menzili,https://www.menzili.tn/annonce/appartement-zahra-kelibia-nabeul-kelibia-121527,Appartement,250000.0,2023-09-04,Nabeul,Kélibia,zahra,2034.0,110.0,Non,Oui,Non précisé,Non précisé,2.0,1.0,Non,Non,Oui,Non,Non,Non,,Non,Non,Non
menzili,https://www.menzili.tn/annonce/appartement-s3-a-vendre-en-tres-bon-etat-ariana-ghazela-121510,Appartement,250000.0,2023-09-03,Ariana,rue Jaafar Sadok Residence Al Amal 2 El Ghazela,3,2080.0,126.0,Non,Non,Bon état,Moyen standing,3.0,1.0,Non,Oui,Oui,Non,Oui,Non,2.0,Oui,Non,Non
menzili,https://www.menzili.tn/annonce/v245-appartement-sallem-mrezga-app-sallem-nabeul-mrezga-121479,Appartement,370000.0,2023-09-02,Nabeul,Mrezga,HAMMAMET,8058.0,,Non,Non,Non précisé,Haut standing,3.0,2.0,Oui,Non,Oui,Non,Oui,Non,2.0,Non,Non,Oui
menzili,https://www.menzili.tn/annonce/v401-appartement-rimes-appart-rimes-sousse-soussemedina-121472,Appartement,350000.0,2023-09-02,Sousse,Sousse Médina,SOUSSE,1008.0,106.0,Non,Oui,Non précisé,Luxe,2.0,1.0,Non,Non,Oui,Oui,Oui,Non,,Oui,Non,Oui
menzili,https://www.menzili.tn/annonce/v402-appartement-rima-la-gare-hammamet-nabeul-hammametcentre-121471,Appartement,450000.0,2023-09-02,Nabeul,Hammamet Centre,HAMMAMET,8050.0,172.0,Non,Non,Non précisé,Haut standing,3.0,2.0,Oui,Non,Oui,Oui,Oui,Oui,1.0,Oui,Non,Oui
menzili,https://www.menzili.tn/annonce/appartement-hergla-s1-vue-sur-mer-sousse-hergla-121468,Appartement,175000.0,2023-09-02,Sousse,Hergla,résidence Omnya,4000.0,68.0,Non,Oui,Non précisé,Haut standing,1.0,1.0,Non,Oui,Oui,Non,Non,Non,3.0,Oui,Non,Oui
menzili,https://www.menzili.tn/annonce/a-vendre-appartement-residence-ahmed-borj-cedria-benarous-borjcedria-121451,Appartement,185000.0,2023-09-01,Ben Arous,Borj Cedria,Borj cedria,2013.0,100.0,Non,Non,Non précisé,Haut standing,2.0,1.0,Non,Non,Oui,Non,Oui,Non,1.0,Oui,Non,Oui
menzili,https://www.menzili.tn/annonce/ref-2363-appartement-avec-tres-bel-vue-de-mer-sidi-salem-bizerte-bizerte-bizertenord-121402,Appartement,300000.0,2023-08-31,Bizerte,Bizerte Nord,Bizerte Nord,7000.0,129.0,Non,Oui,Non précisé,Non précisé,3.0,1.0,Non,Non,Oui,Non,Non,Non,4.0,Oui,Non,Non
menzili,https://www.menzili.tn/annonce/ref-2363-appartement-avec-tres-bel-vue-de-mer-sidi-salem-bizerte-bizerte-bizertenord-121401,Appartement,300000.0,2023-08-31,Bizerte,Bizerte Nord,Bizerte Nord,7000.0,129.0,Non,Oui,Non précisé,Non précisé,3.0,1.0,Non,Non,Oui,Non,Non,Non,4.0,Oui,Non,Non
menzili,https://www.menzili.tn/annonce/appartement-s-1-avec-piscine-commune-aux-jardins-de-carthage-mal1544-tunis-lamarsa-121382,Appartement,340000.0,2023-08-31,Tunis,La Marsa,Jardin de Carthge,2070.0,,Non,Non,Non précisé,Haut standing,1.0,1.0,Non,Oui,Oui,Oui,Oui,Oui,,Non,Non,Oui
menzili,https://www.menzili.tn/annonce/opportunite-hammamet-maison-et-locaux-commerciaux-nabeul-hammametsud-119829,Appartement,2300000.0,2023-07-28,Nabeul,Hammamet Sud,Hammamet Sud,8050.0,,Non,Non,Non précisé,Non précisé,,,Non,Non,Oui,Non,Non,Oui,2.0,Non,Non,Oui
menzili,https://www.menzili.tn/annonce/appartement-s-2-a-ain-zaghouan-el-wahat-zav1542-tunis-ainzaghouan-121312,Appartement,280000.0,2023-08-29,Tunis,Aïn Zaghouan,El Wahat,1100.0,100.0,Non,Non,Non précisé,Moyen standing,2.0,1.0,Non,Non,Oui,Non,Oui,Non,0.0,Non,Non,Oui
menzili,https://www.menzili.tn/annonce/a-vendre-des-appartement100m-la-plage-kerkouane-partie-sableuse-nabeul-kelibia-121292,Appartement,,2023-08-29,Nabeul,Kélibia,kerkouane,8000.0,128.0,Non,Oui,Non précisé,Haut standing,2.0,1.0,Non,Non,Oui,Non,Non,Non,,Non,Non,Oui
menzili,https://www.menzili.tn/annonce/appartement-s-2-cite-el-hana-bizerte-bizertenord-121134,Appartement,138000.0,2023-08-25,Bizerte,Bizerte Nord,Bizerte Nord,7000.0,100.0,Non,Non,Rénové,Non précisé,3.0,1.0,Non,Non,Oui,Non,Non,Non,4.0,Non,Non,Oui
menzili,https://www.menzili.tn/annonce/appartement-s3-a-mrezgua-nabeul-nabeul-121096,Appartement,650000.0,2023-08-24,Nabeul,Nabeul,mrezgua,8000.0,130.0,Non,Non,Non précisé,Haut standing,3.0,,Non,Non,Oui,Non,Non,Non,6.0,Oui,Non,Non
menzili,https://www.menzili.tn/annonce/a-louer-un-tres-bel-appartement-s-3-tres-haut-standing-sfax-sfaxville-121083,Appartement,,2023-08-24,Sfax,Sfax Ville,Sfax Ville,3000.0,147.0,Non,Non,Non précisé,Haut standing,5.0,3.0,Non,Non,Oui,Non,Oui,Non,2.0,Oui,Non,Non
menzili,https://www.menzili.tn/annonce/appartement-s-3-a-vendre-a-beb-bhar-avenue-hedi-cheker-sfax-sfaxville-121058,Appartement,,2023-08-23,Sfax,Sfax Ville,Beb bhar avenue hedi cheker,3000.0,,Non,Non,Non précisé,Non précisé,,,Non,Non,Oui,Non,Non,Non,1.0,Non,Non,Non
menzili,https://www.menzili.tn/annonce/appartement-s-1-aux-jardins-de-carthage-mav1481-tunis-jardindecarthage-121009,Appartement,290000.0,2023-08-22,Tunis,Jardin De Carthage,Jardins de Carthage,2016.0,,Non,Non,Non précisé,Moyen standing,1.0,1.0,Non,Non,Oui,Non,Oui,Oui,,Non,Non,Oui
menzili,https://www.menzili.tn/annonce/location-appartement-3pieces-a-saisir--sfax-routetunis-120967,Appartement,,2023-08-21,Sfax,Route Tunis,Route de Tunis km3,1000.0,95.0,Non,Non,Neuf,Non précisé,3.0,1.0,Non,Non,Oui,Non,Non,Non,2.0,Non,Non,Non
menzili,https://www.menzili.tn/annonce/appartement-a-ennkhilet-ariana-raoued-120966,Appartement,,2023-08-21,Ariana,Raoued,Raoued,2083.0,111.0,Non,Non,Non précisé,Non précisé,3.0,1.0,Non,Non,Oui,Non,Non,Non,2.0,Non,Non,Non
menzili,https://www.menzili.tn/annonce/appartement-a-nkhilet-ariana-raoued-120965,Appartement,,2023-08-21,Ariana,Raoued,Raoued,2083.0,80.0,Non,Non,Non précisé,Non précisé,2.0,1.0,Non,Non,Oui,Non,Non,Non,1.0,Non,Non,Non
menzili,https://www.menzili.tn/annonce/appartement-s3-a-menzah9c-ariana-menzah-120916,Appartement,490000.0,2023-08-21,Ariana,Menzah,MENZAH9C,1004.0,,Non,Non,Non précisé,Non précisé,4.0,3.0,Oui,Oui,Oui,Non,Non,Non,,Non,Non,Non
menzili,https://www.menzili.tn/annonce/un-appartement-s3-a-cite-wahat-tunis-lamarsa-120910,Appartement,415000.0,2023-08-20,Tunis,La Marsa,La Marsa,2070.0,150.0,Non,Non,Non précisé,Haut standing,3.0,1.0,Oui,Oui,Oui,Non,Oui,Non,2.0,Non,Non,Oui
menzili,https://www.menzili.tn/annonce/un-appartement-s2-a-la-soukra-ariana-lasoukra-120899,Appartement,180000.0,2023-08-20,Ariana,La Soukra,La Soukra,2036.0,100.0,Non,Non,Non précisé,Moyen standing,2.0,1.0,Non,Non,Oui,Non,Oui,Non,2.0,Non,Non,Oui
menzili,https://www.menzili.tn/annonce/appart-s2-ht-standing-plein-centre-ville-bab-el-khahdra-pres-de-toutes-les-commodites-tunis-medina-120878,Appartement,,2023-08-19,Tunis,Médina,Bab El KHAHDRA rue Béchir SFAR résidence Bab EL Kh,1008.0,100.0,Non,Non,Non précisé,Haut standing,2.0,1.0,Non,Non,Oui,Non,Oui,Non,4.0,Oui,Non,Oui
menzili,https://www.menzili.tn/annonce/appartement-haute-standing-avec-place-parking-sousse-hammamsousse-120861,Appartement,,2023-08-19,Sousse,Hammam Sousse,Sousse,4011.0,103.0,Non,Oui,Neuf,Haut standing,2.0,1.0,Non,Non,Oui,Non,Oui,Non,1.0,Oui,Non,Oui
menzili,https://www.menzili.tn/annonce/appart-s-1-myriem-a-vendre-a-hay-el-wahat-el-aouina-tunis-laouina-120847,Appartement,150000.0,2023-08-19,Tunis,L'aouina,L'aouina,1000.0,50.0,Non,Non,Non précisé,Non précisé,1.0,1.0,Non,Non,Oui,Non,Non,Non,4.0,Non,Non,Non
menzili,https://www.menzili.tn/annonce/appart-s-2-amel-a-vendre-a-hay-el-wahat-el-aouina-tunis-laouina-120815,Appartement,245000.0,2023-08-18,Tunis,L'aouina,L'aouina,1000.0,110.0,Non,Non,Non précisé,Non précisé,2.0,1.0,Non,Oui,Oui,Non,Oui,Non,6.0,Non,Non,Non
menzili,https://www.menzili.tn/annonce/apppatement-s-3-ariana-ghazela-120812,Appartement,,2023-08-18,Ariana,Ghazela,Ghazela,2080.0,120.0,Non,Oui,Non précisé,Haut standing,3.0,1.0,Oui,Oui,Oui,Non,Non,Non,3.0,Oui,Non,Non
menzili,https://www.menzili.tn/annonce/appart-s-3-celyan-a-vendre-a-ain-zaghouan-tunis-ainzaghouan-120806,Appartement,270000.0,2023-08-18,Tunis,Aïn Zaghouan,Aïn Zaghouan,1100.0,125.0,Non,Non,Non précisé,Non précisé,3.0,1.0,Non,Non,Oui,Non,Oui,Non,1.0,Non,Non,Non
menzili,https://www.menzili.tn/annonce/appartement-s2-cite-milaha-ariana-arianaville-120804,Appartement,185000.0,2023-08-18,Ariana,Ariana Ville,CITE MILAHA,2080.0,,Non,Non,Rénové,Haut standing,2.0,1.0,Non,Non,Oui,Non,Oui,Non,,Oui,Non,Oui
menzili,https://www.menzili.tn/annonce/appart-s-2-tamila-a-vendre-a-el-aouina-tunis-laouina-120760,Appartement,260000.0,2023-08-16,Tunis,L'aouina,L'aouina,1000.0,110.0,Non,Non,Non précisé,Non précisé,2.0,1.0,Oui,Non,Oui,Non,Non,Non,1.0,Non,Non,Non
menzili,https://www.menzili.tn/annonce/appartement-s-2-a-mourouj-5-benarous-elmourouj-120735,Appartement,122000.0,2023-08-16,Ben Arous,El Mourouj,Mourouj 5,2074.0,66.0,Oui,Non,Non précisé,Non précisé,3.0,1.0,Non,Oui,Oui,Non,Oui,Non,4.0,Non,Oui,Non
menzili,https://www.menzili.tn/annonce/ref-2357-appartement-au-rdc-a-corniche-bizerte-bizerte-bizertenord-120734,Appartement,240000.0,2023-08-16,Bizerte,Bizerte Nord,Bizerte Nord,7000.0,120.0,Oui,Non,Non précisé,Non précisé,2.0,1.0,Non,Non,Oui,Non,Non,Non,0.0,Non,Non,Non
menzili,https://www.menzili.tn/annonce/vente-appartement-renouvelee-manouba-manoubaville-120644,Appartement,,2023-08-13,Manouba,Manouba Ville,Manouba Ville,2010.0,80.0,Non,Non,Non précisé,Non précisé,2.0,1.0,Non,Non,Oui,Non,Non,Oui,3.0,Non,Non,Oui
menzili,https://www.menzili.tn/annonce/4-villa-a-vendre-sidibouzid-sidibouzidouest-120728,Appartement,,2023-08-15,Sidi Bouzid,Sidi Bouzid Ouest,Sidi Bouzid Ouest,9100.0,,Non,Non,Non précisé,Non précisé,10.0,6.0,Non,Non,Oui,Non,Non,Oui,2.0,Non,Non,Non
menzili,https://www.menzili.tn/annonce/appartement-a-residence-el-maheri-l-aouina-tunis-laouina-120727,Appartement,,2023-08-15,Tunis,L'aouina,Réside el Maheri l aouina,1000.0,108.0,Non,Non,Non précisé,Moyen standing,2.0,2.0,Non,Oui,Oui,Non,Oui,Non,1.0,Oui,Non,Non
menzili,https://www.menzili.tn/annonce/2-appart-sur-habib-bourguiba-tunis-lagoulette-120722,Appartement,199000.0,2023-08-15,Tunis,La Goulette,62 avenue Habib bourguiba La goulette neuve,2060.0,150.0,Non,Non,À rénover,Non précisé,,2.0,Non,Non,Oui,Non,Non,Non,,Non,Non,Non
menzili,https://www.menzili.tn/annonce/un-appartement-a-vendre-tunis-ezzouhour-120711,Appartement,90000.0,2023-08-15,Tunis,Ezzouhour,Ezzouhour,1010.0,,Non,Non,Non précisé,Non précisé,3.0,1.0,Non,Non,Oui,Non,Non,Non,4.0,Oui,Non,Non
menzili,https://www.menzili.tn/annonce/v372-appartement-ice-nabeul-hammamet-120678,Appartement,380000.0,2023-08-14,Nabeul,Hammamet,Hammamet,8050.0,,Titre Individuel,Non,Non précisé,Haut standing,2.0,1.0,Non,Oui,Oui,Oui,Oui,Oui,,Non,Non,Oui
menzili,https://www.menzili.tn/annonce/appartement-s-3-troisieme-etage-benarous-elmourouj-120474,Appartement,,2023-08-09,Ben Arous,El Mourouj,El Mourouj 1,2074.0,84.0,Non,Non,Non précisé,Non précisé,4.0,1.0,Non,Non,Oui,Non,Non,Non,3.0,Non,Non,Non
menzili,https://www.menzili.tn/annonce/appartement-s-3-pres-de-kiabi-et-monoprix-la-soukra-ariana-lasoukra-120436,Appartement,285000.0,2023-08-08,Ariana,La Soukra,près de Kiabi et Monoprix la Soukra,2036.0,132.0,Titre Bleu,Non,Non précisé,Moyen standing,3.0,1.0,Non,Non,Oui,Non,Oui,Non,2.0,Non,Non,Oui
menzili,https://www.menzili.tn/annonce/un-appartement-s3-avec-jardin-a-la-soukra-ariana-lasoukra-120415,Appartement,369000.0,2023-08-08,Ariana,La Soukra,La Soukra,2036.0,150.0,Non,Non,Non précisé,Haut standing,3.0,1.0,Oui,Non,Oui,Non,Oui,Oui,0.0,Non,Non,Oui
menzili,https://www.menzili.tn/annonce/apparemment-s-2-tunis-ezzouhour-120374,Appartement,95000.0,2023-08-07,Tunis,Ezzouhour,Ezzouhour,1010.0,87.0,Non,Non,Non précisé,Non précisé,,,Non,Non,Oui,Non,Non,Non,,Non,Non,Non
menzili,https://www.menzili.tn/annonce/appartement-s-3-avec-jardin-aux-berges-du-lac-2-mal3554-tunis-lamarsa-120346,Appartement,6500.0,2023-08-07,Tunis,La Marsa,Lac 2,2070.0,,Non,Non,Non précisé,Moyen standing,3.0,3.0,Oui,Non,Oui,Non,Oui,Oui,0.0,Non,Non,Oui
menzili,https://www.menzili.tn/annonce/appartement-s-2-aux-jardins-de-carthage-mal0405-tunis-lamarsa-120340,Appartement,1600.0,2023-08-07,Tunis,La Marsa,Jardin de Carthge,2070.0,,Non,Non,Non précisé,Moyen standing,2.0,1.0,Non,Oui,Oui,Non,Oui,Oui,,Non,Non,Oui
menzili,https://www.menzili.tn/annonce/appartement-s-2-a-sidi-daoud-la-marsa-mav1531-tunis-lamarsa-120334,Appartement,600000.0,2023-08-07,Tunis,La Marsa,Sidi Daoud,2070.0,1.0,Non,Non,Non précisé,Moyen standing,2.0,1.0,Non,Non,Oui,Non,Oui,Non,,Non,Non,Oui
menzili,https://www.menzili.tn/annonce/v227-appartement-tarek-nabeul-hammametcentre-120126,Appartement,540000.0,2023-08-03,Nabeul,Hammamet Centre,Hammamet Centre,8050.0,,Non,Non,Non précisé,Haut standing,2.0,1.0,Oui,Non,Oui,Non,Oui,Non,,Non,Non,Oui
menzili,https://www.menzili.tn/annonce/v225-appartement-seif-nabeul-hammametcentre-120125,Appartement,350000.0,2023-08-03,Nabeul,Hammamet Centre,Hammamet Centre,8050.0,,Non,Non,Non précisé,Haut standing,2.0,1.0,Oui,Non,Oui,Non,Oui,Non,1.0,Non,Non,Oui
menzili,https://www.menzili.tn/annonce/v221-appartement-du-golf-nabeul-hammamet-120122,Appartement,600000.0,2023-08-03,Nabeul,Hammamet,Hammamet,8050.0,,Non,Non,Non précisé,Moyen standing,2.0,1.0,Non,Non,Oui,Non,Oui,Non,,Non,Non,Oui
menzili,https://www.menzili.tn/annonce/v218-appartement-clarins-nabeul-hammamet-120117,Appartement,300000.0,2023-08-03,Nabeul,Hammamet,Hammamet,8050.0,,Non,Oui,Non précisé,Haut standing,3.0,1.0,Oui,Non,Oui,Non,Oui,Non,2.0,Non,Non,Oui
menzili,https://www.menzili.tn/annonce/v217-appartement-toping-nabeul-hammamet-120116,Appartement,270000.0,2023-08-03,Nabeul,Hammamet,Hammamet,8050.0,,Non,Oui,Non précisé,Haut standing,2.0,1.0,Oui,Non,Oui,Non,Oui,Non,1.0,Non,Non,Oui
menzili,https://www.menzili.tn/annonce/appartement-a-vendre-s-3-de-167m2-a-medina-centre-nasria-sfax-sfax-sfaxville-120112,Appartement,,2023-08-03,Sfax,AVENUE DE CARTHAGE,IMMEUBLE MEDINA CENTRE,2016.0,167.0,Non,Non,Non précisé,Moyen standing,3.0,1.0,Oui,Oui,Oui,Non,Non,Non,6.0,Oui,Non,Non
menzili,https://www.menzili.tn/annonce/v215-appartement-good-nabeul-hammamet-120098,Appartement,200000.0,2023-08-03,Nabeul,Hammamet,smartowner724@gmail.com,8050.0,,Non,Non,Non précisé,Haut standing,1.0,1.0,Oui,Oui,Oui,Oui,Oui,Non,1.0,Non,Non,Oui
menzili,https://www.menzili.tn/annonce/v212-appartement-gold-nabeul-hammametnord-120092,Appartement,630000.0,2023-08-03,Nabeul,Hammamet Nord,Hammamet Nord,8050.0,,Non,Non,Non précisé,Haut standing,2.0,1.0,Non,Non,Oui,Oui,Oui,Oui,0.0,Non,Non,Oui
menzili,https://www.menzili.tn/annonce/ref-2407-un-vaste-appartement-s2-a-centre-ville-bizerte-bizerte-bizertenord-120079,Appartement,,2023-08-03,Bizerte,Bizerte Nord,Bizerte Nord,7000.0,100.0,Non,Non,Non précisé,Non précisé,2.0,1.0,Non,Non,Oui,Non,Non,Non,3.0,Non,Non,Non
menzili,https://www.menzili.tn/annonce/s-1-a-louer-a-sahloul-4-sousse-sahloul-120074,Appartement,,2023-08-03,Sousse,Sahloul,Sahloul,4054.0,67.0,Non,Oui,Non précisé,Haut standing,1.0,1.0,Oui,Non,Oui,Non,Oui,Non,7.0,Oui,Non,Oui
menzili,https://www.menzili.tn/annonce/appartement-s-4-avec-un-grand-jardin-a-ain-zaghouan-nord-mav1518-tunis-lamarsa-120060,Appartement,780000.0,2023-08-02,Tunis,La Marsa,Ain Zaghouan Nord,2070.0,,Non,Non,Non précisé,Haut standing,4.0,3.0,Oui,Non,Oui,Non,Oui,Oui,0.0,Non,Non,Oui
menzili,https://www.menzili.tn/annonce/v361-appartement-blanc-nabeul-hammamet-119984,Appartement,350000.0,2023-08-01,Nabeul,Hammamet,Hammamet,8050.0,,Non,Non,Non précisé,Haut standing,2.0,1.0,Non,Non,Oui,Oui,Oui,Oui,2.0,Non,Non,Oui
menzili,https://www.menzili.tn/annonce/v358-appartement-noel-nabeul-hammametsud-119980,Appartement,350000.0,2023-08-01,Nabeul,Hammamet Sud,Hammamet Sud,8050.0,,Non,Non,Non précisé,Haut standing,2.0,1.0,Non,Non,Oui,Oui,Oui,Oui,2.0,Non,Non,Oui
menzili,https://www.menzili.tn/annonce/v356-appartement-bloom-nabeul-hammametnord-119977,Appartement,550000.0,2023-08-01,Nabeul,Hammamet Nord,Hammamet Nord,8050.0,,Non,Non,Non précisé,Haut standing,2.0,3.0,Oui,Non,Oui,Oui,Oui,Oui,0.0,Non,Non,Oui
menzili,https://www.menzili.tn/annonce/appartement-s1-a-afh-nabeul-nabeul-nabeul-119970,Appartement,200000.0,2023-08-01,Nabeul,Nabeul,Nabeul,8000.0,65.0,Non,Non,Non précisé,Moyen standing,1.0,,Non,Non,Oui,Oui,Non,Oui,5.0,Oui,Non,Non
menzili,https://www.menzili.tn/annonce/v331-duplex-paul-nabeul-hammamet-119931,Appartement,450000.0,2023-07-31,Nabeul,Hammamet,Hammamet,8050.0,,Non,Non,Non précisé,Moyen standing,2.0,3.0,Oui,Non,Oui,Non,Oui,Oui,,Non,Non,Oui
menzili,https://www.menzili.tn/annonce/appart-s-2-2-em-etage-tres-bon-etat-a-vendre-nour-jaafar-ariana-raoued-119904,Appartement,130000.0,2023-07-31,Ariana,Raoued,Nour Jaafar Ariana Essoughra,2083.0,70.0,Non,Non,Bon état,Non précisé,2.0,,Non,Oui,Oui,Non,Non,Oui,2.0,Non,Oui,Non
menzili,https://www.menzili.tn/annonce/appartement-a-vendre-a-nour-jaafer-residence-quot-leila-quot-ariana-raoued-119887,Appartement,124999.0,2023-07-31,Ariana,ariana sughra tunis,nour jaafer,1000.0,80.0,Non,Non,Non précisé,Non précisé,2.0,1.0,Oui,Non,Oui,Non,Non,Oui,3.0,Non,Non,Non
menzili,https://www.menzili.tn/annonce/appartement-le-lys-a-vendre-nabeul-hammamet-119871,Appartement,240000.0,2023-07-29,Nabeul,Hammamet,AFH Mrezka,8050.0,210.0,Non,Oui,Neuf,Haut standing,2.0,1.0,Non,Non,Oui,Non,Non,Non,3.0,Oui,Non,Oui
menzili,https://www.menzili.tn/annonce/appartement-dhalia-a-vendre-nabeul-hammamet-119870,Appartement,400000.0,2023-07-29,Nabeul,Hammamet,Zone hôtel Dalia,8050.0,250.0,Titre Bleu,Oui,Non précisé,Moyen standing,2.0,1.0,Oui,Non,Oui,Non,Non,Non,3.0,Oui,Non,Oui
menzili,https://www.menzili.tn/annonce/appartement-s-2-a-ain-zaghouan-nord-mav1533-tunis-lamarsa-119852,Appartement,440000.0,2023-07-29,Tunis,La Marsa,Ain Zaghouan Nord,2070.0,127.0,Non,Non,Non précisé,Moyen standing,2.0,1.0,Non,Oui,Oui,Non,Oui,Non,,Non,Non,Oui
menzili,https://www.menzili.tn/annonce/v393-appartement-amira-nabeul-hammamet-119838,Appartement,235000.0,2023-07-28,Nabeul,Hammamet,Hammamet,8050.0,,Non,Non,Non précisé,Haut standing,1.0,1.0,Non,Non,Oui,Oui,Non,Non,4.0,Oui,Non,Oui
menzili,https://www.menzili.tn/annonce/a-vendre-un-appartement-s2-a-cite-ennour-jaafar-ariana-raoued-119801,Appartement,,2023-07-28,Ariana,Raoued,ARIANA - RAOUED -,2083.0,,Non,Non,Non précisé,Moyen standing,,,Non,Non,Oui,Non,Oui,Non,,Non,Non,Oui
menzili,https://www.menzili.tn/annonce/appartement-abricot-ref-v2650-nabeul-mrezga-118359,Appartement,550000.0,2023-07-04,Nabeul,Mrezga,Mrezga,8058.0,,Non,Oui,Non précisé,Haut standing,2.0,1.0,Oui,Non,Oui,Non,Oui,Non,,Oui,Non,Non
menzili,https://www.menzili.tn/annonce/appartement-magro-ref-v2648-nabeul-nabeul-118358,Appartement,270000.0,2023-07-04,Nabeul,Nabeul,Nabeul,8000.0,165.0,Non,Non,À rénover,Non précisé,3.0,1.0,Non,Non,Oui,Non,Non,Non,,Non,Non,Non
menzili,https://www.menzili.tn/annonce/-Avendre-s-3-haut-standing-achattmeriem-sousse-akouda-119661,Appartement,420000.0,2023-07-24,Sousse,Akouda,Akouda,4022.0,123.0,Non,Non,Non précisé,Haut standing,3.0,1.0,Non,Non,Oui,Non,Non,Non,4.0,Non,Non,Non
menzili,https://www.menzili.tn/annonce/appartement-s-3-a-ain-zaghouan-el-wahat-mav1530-tunis-ainzaghouan-119619,Appartement,360000.0,2023-07-22,Tunis,Aïn Zaghouan,El Wahat,1100.0,107.0,Non,Non,Non précisé,Moyen standing,3.0,1.0,Non,Non,Oui,Non,Oui,Non,0.0,Non,Non,Oui
menzili,https://www.menzili.tn/annonce/appartement-s-2-residence-rayhana-mourouj1-benarous-elmourouj-119530,Appartement,145000.0,2023-07-20,Ben Arous,El Mourouj,Mourouj1,2074.0,89.0,Non,Non,Non précisé,Non précisé,3.0,1.0,Non,Non,Oui,Non,Non,Non,3.0,Non,Non,Non
menzili,https://www.menzili.tn/annonce/loft-s-1-aux-jardins-de-carthage-mav1528-tunis-lamarsa-119524,Appartement,360000.0,2023-07-20,Tunis,La Marsa,Jardins de Carthage,2070.0,,Non,Non,Non précisé,Moyen standing,1.0,3.0,Oui,Non,Oui,Non,Oui,Non,0.0,Non,Non,Oui
menzili,https://www.menzili.tn/annonce/appartement-hs-s3-benarous-borjcedria-119504,Appartement,235000.0,2023-07-20,Ben Arous,Borj Cedria,pimmobilier@yahoo.fr,2013.0,137.0,Non,Non,Non précisé,Moyen standing,3.0,1.0,Oui,Non,Oui,Non,Oui,Non,1.0,Non,Non,Non
menzili,https://www.menzili.tn/annonce/votre-futur-appartement-de-reve-nabeul-kelibia-119497,Appartement,167000.0,2023-07-20,Nabeul,Kélibia,Kélibia,8000.0,,Non,Oui,Neuf,Haut standing,2.0,1.0,Non,Non,Oui,Non,Non,Non,,Non,Non,Non
menzili,https://www.menzili.tn/annonce/v354-appartement-karim-3-nabeul-hammametnord-119495,Appartement,580000.0,2023-07-20,Nabeul,Hammamet Nord,Hammamet Nord,8050.0,,Non,Non,Non précisé,Moyen standing,2.0,2.0,Oui,Non,Oui,Non,Oui,Non,1.0,Non,Non,Oui
menzili,https://www.menzili.tn/annonce/v365-appartement-robert-nabeul-mrezga-119493,Appartement,,2023-07-20,Nabeul,Mrezga,Mrezga,8058.0,,Non,Oui,Non précisé,Haut standing,3.0,2.0,Non,Non,Oui,Non,Oui,Non,5.0,Oui,Non,Oui
menzili,https://www.menzili.tn/annonce/appartement-s-2-a-vendre-a-bas-prix-vue-sur-mer-et-pied-dans-l-eau-mahdia-mahdia-113385,Appartement,250000.0,2023-03-28,Mahdia,Mahdia,corniche mahdia,5100.0,70.0,Non,Oui,Non précisé,Moyen standing,2.0,1.0,Oui,Oui,Oui,Non,Oui,Non,5.0,Oui,Non,Oui
menzili,https://www.menzili.tn/annonce/studio-sfax-routegremda-87961,Appartement,63000.0,2022-06-02,Sfax,Route Gremda,0.5 km,3000.0,49.0,Non,Non,Non précisé,Non précisé,1.0,1.0,Non,Non,Oui,Non,Non,Non,3.0,Non,Non,Non
menzili,https://www.menzili.tn/annonce/v375-appartement-racha-nabeul-hammametnord-119480,Appartement,320000.0,2023-07-19,Nabeul,Hammamet Nord,smartowner724@gmail.com,8050.0,,Non,Non,Non précisé,Haut standing,2.0,1.0,Non,Non,Oui,Non,Oui,Non,1.0,Oui,Non,Oui
menzili,https://www.menzili.tn/annonce/v381-appartement-louisa-nabeul-hammametsud-119477,Appartement,780000.0,2023-07-19,Nabeul,Hammamet Sud,Hammamet Sud,8050.0,,Non,Non,Non précisé,Haut standing,2.0,2.0,Non,Non,Oui,Oui,Oui,Non,0.0,Non,Non,Oui
menzili,https://www.menzili.tn/annonce/v377-appartement-zahra-nabeul-hammamet-119466,Appartement,160000.0,2023-07-19,Nabeul,Hammamet,Hammamet,8050.0,,Titre Individuel,Non,Non précisé,Moyen standing,2.0,1.0,Non,Non,Oui,Non,Oui,Non,,Non,Non,Oui
menzili,https://www.menzili.tn/annonce/v385-appartement-cesar-nabeul-hammamet-119461,Appartement,290000.0,2023-07-19,Nabeul,Hammamet,Hammamet,8050.0,,Non,Oui,Non précisé,Moyen standing,2.0,1.0,Non,Non,Oui,Oui,Non,Oui,2.0,Non,Non,Oui
menzili,https://www.menzili.tn/annonce/un-appartement-s2-a-chotrana-ariana-lasoukra-119459,Appartement,425000.0,2023-07-19,Ariana,La Soukra,La Soukra,2036.0,116.0,Non,Non,Neuf,Haut standing,2.0,1.0,Non,Non,Oui,Non,Oui,Non,1.0,Oui,Non,Oui
menzili,https://www.menzili.tn/annonce/v395-appartement-peline-nabeul-hammametsud-119454,Appartement,400000.0,2023-07-19,Nabeul,Hammamet Sud,Hammamet Sud,8050.0,,Non,Non,Non précisé,Moyen standing,2.0,2.0,Oui,Non,Oui,Non,Oui,Non,,Non,Non,Oui
menzili,https://www.menzili.tn/annonce/des-appartement-direct-promoteur-ariana-lasoukra-119452,Appartement,,2023-07-19,Ariana,La Soukra,La Soukra,2036.0,185.0,Non,Non,Bon état,Haut standing,3.0,1.0,Non,Oui,Oui,Non,Oui,Non,1.0,Non,Non,Oui
menzili,https://www.menzili.tn/annonce/a-vendre-appartement-en-s-3-a-la-nouvelle-medina-3-benarous-medinajedida-119425,Appartement,280000.0,2023-07-19,Ben Arous,Medina Jedida,Medina Jedida,2013.0,145.0,Non,Non,Non précisé,Moyen standing,3.0,1.0,Non,Non,Oui,Non,Oui,Non,,Oui,Non,Non
menzili,https://www.menzili.tn/annonce/un-appartement-s-1-a-medina-jadida-3-benarous-medinajedida-119423,Appartement,,2023-07-19,Ben Arous,Medina Jedida,Medina Jedida,2013.0,80.0,Non,Non,Non précisé,Moyen standing,1.0,1.0,Non,Non,Oui,Non,Oui,Non,,Oui,Non,Non
menzili,https://www.menzili.tn/annonce/a-vendre-un-appartement-haut-standing-bizerte-bizertenord-119415,Appartement,380000.0,2023-07-18,Bizerte,Bizerte Nord,corniche,7000.0,140.0,Non,Oui,Non précisé,Haut standing,3.0,1.0,Oui,Non,Oui,Non,Non,Non,,Oui,Oui,Oui
menzili,https://www.menzili.tn/annonce/duplex-a-gammarth-tunis-lamarsa-119379,Appartement,875000.0,2023-07-18,Tunis,La Marsa,La Marsa,2070.0,243.0,Non,Non,Non précisé,Non précisé,3.0,3.0,Oui,Oui,Oui,Non,Non,Non,2.0,Non,Non,Non
menzili,https://www.menzili.tn/annonce/bel-appartement-s2-ariana-lasoukra-119366,Appartement,250000.0,2023-07-18,Ariana,La Soukra,La Soukra,2036.0,110.0,Non,Non,Non précisé,Non précisé,2.0,,Non,Non,Oui,Non,Non,Non,,Oui,Non,Non
menzili,https://www.menzili.tn/annonce/s-2-a-beja-beja-bejasud-119354,Appartement,170000.0,2023-07-18,Béja,Béja Sud,D42 Béja Garden - Rond point bellarej - Café des j,9000.0,81.0,Titre Bleu,Non,Non précisé,Haut standing,2.0,1.0,Non,Oui,Oui,Non,Non,Non,4.0,Oui,Non,Non
menzili,https://www.menzili.tn/annonce/un-appartement-a-cite-merdess-kelibia-nabeul-kelibia-119315,Appartement,160000.0,2023-07-17,Nabeul,Kélibia,kélibia,8000.0,111.0,Titre Bleu,Non,Non précisé,Non précisé,2.0,1.0,Non,Non,Oui,Non,Non,Oui,,Non,Non,Non
menzili,https://www.menzili.tn/annonce/vente-appartement-s-2-a-sahloul-sousse-sousse-sahloul-119290,Appartement,165000.0,2023-07-16,Sousse,Sahloul,Sahloul,4054.0,71.0,Non,Non,Non précisé,Non précisé,2.0,1.0,Non,Oui,Oui,Non,Non,Non,,Non,Non,Non
menzili,https://www.menzili.tn/annonce/s-2-monastir-monastir-119278,Appartement,200000.0,2023-07-15,Monastir,Monastir,Monastir,5000.0,88.0,Non,Non,Non précisé,Moyen standing,2.0,1.0,Non,Non,Oui,Non,Oui,Non,1.0,Oui,Non,Non
menzili,https://www.menzili.tn/annonce/appartement-s-2-a-residence-ichrak-route-de-la-pecherie-bizerte-bizertesud-119276,Appartement,130000.0,2023-07-15,Bizerte,Bizerte Sud,Bizerte,7000.0,75.0,Non,Non,Non précisé,Non précisé,2.0,1.0,Non,Non,Oui,Non,Non,Oui,1.0,Non,Non,Non
menzili,https://www.menzili.tn/annonce/a-vendre-appartement-s3-avec-jardin-a-afh-mrezgga-nabeul-nabeul-119029,Appartement,548000.0,2023-07-12,Nabeul,Nabeul,Nabeul,8000.0,233.0,Non,Non,Non précisé,Haut standing,3.0,3.0,Oui,Non,Oui,Oui,Oui,Oui,,Non,Non,Oui
menzili,https://www.menzili.tn/annonce/duplex-a-renover-sidi-bouzid-pour-habitation-ou-investissement-sidibouzid-sidibouzidouest-118894,Appartement,1200000.0,2023-07-11,Sidi Bouzid,Sidi Bouzid Ouest,Résidence el Omari numéro 30,9100.0,134.0,Non,Oui,Rénové,Non précisé,3.0,1.0,Non,Non,Oui,Oui,Non,Oui,0.0,Non,Non,Non
menzili,https://www.menzili.tn/annonce/a-vendre-appartement-cite-hedi-nouira-ariana-borjlouzir-118792,Appartement,250000.0,2023-07-10,Ariana,Borj Louzir,Borj Louzir,2073.0,134.0,Non,Non,Non précisé,Moyen standing,3.0,1.0,Oui,Non,Oui,Non,Oui,Oui,1.0,Non,Non,Non
menzili,https://www.menzili.tn/annonce/avendre-appartement-s1-et-s2-zone-touristique-slim-center-sousse-sousse-soussejawhara-118588,Appartement,430000.0,2023-07-07,Sousse,Sousse Jawhara,Khezama sousse,4000.0,130.0,Non,Oui,Non précisé,Haut standing,2.0,2.0,Non,Non,Oui,Oui,Oui,Oui,2.0,Non,Non,Oui
menzili,https://www.menzili.tn/annonce/avendre-appartement-s1-a-khezama-sousse-sousse-soussejawhara-118586,Appartement,157000.0,2023-07-07,Sousse,Sousse Jawhara,Khezma est,4000.0,70.0,Non,Oui,Non précisé,Haut standing,1.0,1.0,Non,Non,Oui,Non,Oui,Non,1.0,Oui,Non,Oui
menzili,https://www.menzili.tn/annonce/belle-appartement-s2-et-s1-a-hammam-sousse-plage-sousse-hammamsousse-118582,Appartement,1650000.0,2023-07-07,Sousse,Hammam Sousse,Hammam sousse menchia.plage,4011.0,120.0,Non,Oui,Non précisé,Haut standing,,2.0,Non,Non,Oui,Non,Oui,Oui,3.0,Oui,Non,Non
menzili,https://www.menzili.tn/annonce/maifique-appartement-de-type-s2-vue-mer-a-zone-touristique-sousse-hammamsousse-118578,Appartement,,2023-07-07,Sousse,Hammam Sousse,Hammam sousse pied dans léau,4011.0,95.0,Non,Oui,Non précisé,Haut standing,3.0,2.0,Non,Oui,Oui,Oui,Oui,Oui,5.0,Oui,Non,Oui
menzili,https://www.menzili.tn/annonce/appartement-s2-de-107-m-a-la-nouvelle-medina-benarous-medinajedida-118571,Appartement,185000.0,2023-07-07,Ben Arous,Medina Jedida,Residence EL BER Immeuble 1 Nouvelle Medina ben ar,2013.0,107.0,Non,Non,Non précisé,Non précisé,2.0,1.0,Non,Oui,Oui,Non,Non,Non,1.0,Non,Non,Non
menzili,https://www.menzili.tn/annonce/a-vendre-appartement-s1-vue-mer-a-neapolis-nabeul-nabeul-nabeul-118495,Appartement,190000.0,2023-07-06,Nabeul,Nabeul,Nabeul,8000.0,54.0,Non,Oui,Non précisé,Haut standing,1.0,1.0,Oui,Oui,Oui,Non,Oui,Non,3.0,Non,Non,Non
menzili,https://www.menzili.tn/annonce/a-vendre-un-appartement-s-2-tunis-agba-118444,Appartement,,2023-07-05,Tunis,Agba,Agba,1000.0,,Non,Non,Non précisé,Non précisé,2.0,1.0,Non,Oui,Oui,Non,Non,Non,0.0,Non,Non,Non
menzili,https://www.menzili.tn/annonce/appartement-a-vendre-mourouj-1-benarous-elmourouj-118443,Appartement,,2023-07-05,Ben Arous,El Mourouj,El Mourouj,2074.0,100.0,Non,Non,Non précisé,Non précisé,2.0,1.0,Non,Non,Oui,Non,Non,Oui,3.0,Non,Non,Non
menzili,https://www.menzili.tn/annonce/appartement-s-2-meuble-sfax-routematar-118437,Appartement,,2023-07-05,Sfax,Route Matar,Route Matar,3000.0,1057.0,Non,Non,Non précisé,Haut standing,2.0,1.0,Non,Non,Oui,Non,Oui,Non,6.0,Oui,Non,Oui
menzili,https://www.menzili.tn/annonce/a-vendre-appartement-open-space-commercial-a-nabeul-nabeul-nabeul-118406,Appartement,200000.0,2023-07-05,Nabeul,Nabeul,Nabeul,8000.0,60.0,Oui,Non,Non précisé,Non précisé,1.0,1.0,Non,Non,Oui,Non,Non,Non,,Non,Non,Non
menzili,https://www.menzili.tn/annonce/appart-diaz-a-vendre-a-passage-tunis-tunis-centrevillelafayette-118384,Appartement,240000.0,2023-07-05,Tunis,Centre Ville - Lafayette,Centre Ville - Lafayette,1000.0,140.0,Non,Non,Non précisé,Non précisé,3.0,1.0,Non,Oui,Oui,Non,Non,Non,1.0,Non,Non,Non
menzili,https://www.menzili.tn/annonce/a-vendre-appartement-s1-vue-piscine-a-mrezga-nabeul-hammamet-118343,Appartement,170000.0,2023-07-04,Nabeul,Hammamet,Hammamet,8050.0,56.0,Oui,Non,Non précisé,Luxe,1.0,1.0,Oui,Oui,Oui,Oui,Oui,Non,3.0,Oui,Non,Non
menzili,https://www.menzili.tn/annonce/un-appartement-s3-a-vendre-a-khezama-ouest-sousse-soussejawhara-111644,Appartement,330000.0,2023-03-04,Sousse,Sousse Jawhara,Sousse Jawhara,4000.0,185.0,Titre Individuel,Non,Non précisé,Moyen standing,3.0,1.0,Non,Non,Oui,Non,Oui,Non,,Non,Non,Oui
menzili,https://www.menzili.tn/annonce/v383-duplex-dalia-nabeul-hammametnord-118281,Appartement,,2023-07-03,Nabeul,Hammamet Nord,smartowner724@gmail.com,8050.0,,Non,Non,Non précisé,Moyen standing,4.0,1.0,Non,Non,Oui,Non,Oui,Oui,0.0,Non,Non,Oui
menzili,https://www.menzili.tn/annonce/appartement-de-120-m-a-mrezga-nabeul-mrezga-118138,Appartement,384000.0,2023-06-30,Nabeul,Mrezga,29833379,8058.0,120.0,Non,Non,Non précisé,Moyen standing,2.0,1.0,Non,Non,Oui,Oui,Non,Non,1.0,Oui,Non,Non
menzili,https://www.menzili.tn/annonce/a-vendre-appartement-s2-vue-sur-mer-a-mrezga-nabeul-hammamet-118121,Appartement,385000.0,2023-06-29,Nabeul,Hammamet,Hammamet,8050.0,128.0,Oui,Oui,Non précisé,Haut standing,2.0,1.0,Oui,Oui,Oui,Non,Oui,Non,4.0,Oui,Non,Non
menzili,https://www.menzili.tn/annonce/app-s-4-ennkhilet-ariana-raoued-118095,Appartement,,2023-06-27,Ariana,Raoued,RESIDENCE RAHMENA CITE ENNKHILET,2083.0,144.0,Oui,Non,Non précisé,Non précisé,5.0,2.0,Non,Oui,Oui,Non,Non,Non,2.0,Non,Non,Oui
menzili,https://www.menzili.tn/annonce/un-appartement-s3-a-vendre-a-kantaoui-sousse-kantaoui-108473,Appartement,1100.0,2023-01-30,Sousse,Kantaoui,Kantaoui,4089.0,300.0,Non,Oui,Non précisé,Haut standing,3.0,1.0,Non,Non,Oui,Oui,Oui,Oui,1.0,Non,Non,Oui
menzili,https://www.menzili.tn/annonce/A-vendre-appartement-s-2-a-carthage-haute-standing-tunis-carthage-118008,Appartement,190000.0,2023-06-25,Tunis,Carthage,Carthage,2016.0,90.0,Non,Non,Non précisé,Moyen standing,2.0,1.0,Non,Oui,Oui,Non,Oui,Oui,2.0,Non,Non,Oui
menzili,https://www.menzili.tn/annonce/appartement-s1-haut-standing-a-afh-mrezga-nabeul-mrezga-117960,Appartement,215000.0,2023-06-24,Nabeul,Cité El Wafa,AFH,8000.0,835.0,Non,Non,Non précisé,Haut standing,1.0,1.0,Oui,Non,Oui,Non,Oui,Oui,,Oui,Non,Oui
menzili,https://www.menzili.tn/annonce/s-1-a-la-soukra-29-28-66-28-ariana-lasoukra-117941,Appartement,220000.0,2023-06-23,Ariana,La Soukra,La Soukra,2036.0,75.0,Non,Non,Non précisé,Haut standing,1.0,1.0,Non,Non,Oui,Non,Oui,Oui,0.0,Oui,Non,Oui
menzili,https://www.menzili.tn/annonce/un-appartement-luxueux-nabeul-kelibia-117847,Appartement,160000.0,2023-06-22,Nabeul,Kélibia,kelibia centre ville,8090.0,87.0,Non,Non,Non précisé,Non précisé,2.0,1.0,Non,Non,Oui,Non,Non,Non,1.0,Non,Non,Oui
menzili,https://www.menzili.tn/annonce/a-vendre-s-3-a-kelibia-nabeul-kelibia-117777,Appartement,,2023-06-21,Nabeul,Kélibia,Kelibia,8090.0,128.0,Non,Oui,Non précisé,Non précisé,3.0,2.0,Non,Non,Oui,Non,Non,Non,,Non,Non,Non
menzili,https://www.menzili.tn/annonce/s-3-a-210-mille-dinars-manouba-manoubaville-117771,Appartement,,2023-06-20,Manouba,Manouba Ville,Manouba,2010.0,120.0,Non,Non,Non précisé,Non précisé,3.0,2.0,Non,Non,Oui,Non,Oui,Non,3.0,Non,Non,Non
menzili,https://www.menzili.tn/annonce/appart-daniel-a-vendre-aux-berges-du-lac-2-tunis-lesbergesdulac-117749,Appartement,1540000.0,2023-06-20,Tunis,Les Berges Du Lac,Les berges du lac 2,1053.0,289.0,Non,Non,Non précisé,Haut standing,3.0,4.0,Oui,Oui,Oui,Non,Oui,Non,,Oui,Non,Oui
menzili,https://www.menzili.tn/annonce/des-appartements-a-plage-kerkouane-kelibia-nabeul-kelibia-117531,Appartement,140000.0,2023-06-19,Nabeul,Kélibia,kerkouane kélibia,8000.0,83.0,Non,Non,Non précisé,Non précisé,1.0,1.0,Non,Non,Oui,Non,Non,Non,,Non,Non,Non
menzili,https://www.menzili.tn/annonce/appartement-a-vendre-bizerte-bizertenord-117417,Appartement,230000.0,2023-06-16,Bizerte,Bizerte Nord,Bizerte Nord,7000.0,100.0,Non,Non,Non précisé,Non précisé,3.0,1.0,Non,Non,Oui,Non,Non,Non,3.0,Non,Non,Non
menzili,https://www.menzili.tn/annonce/des-appartements-haute-standing-nabeul-kelibia-117404,Appartement,265000.0,2023-06-16,Nabeul,Kélibia,plage sidi mansour,8000.0,120.0,Non,Oui,Non précisé,Non précisé,2.0,1.0,Non,Non,Oui,Non,Non,Non,,Non,Non,Non
menzili,https://www.menzili.tn/annonce/a-vendre-appartement-s1-de-60-m2-a-afh-mrezga-nabeul-nabeul-117398,Appartement,220000.0,2023-06-16,Nabeul,Nabeul,Nabeul,8000.0,60.0,Non,Non,Non précisé,Luxe,1.0,1.0,Oui,Oui,Oui,Oui,Oui,Non,2.0,Oui,Non,Oui
menzili,https://www.menzili.tn/annonce/a-vendre-appartement-s1-avec-terrasse-a-afh-mrezga-nabeul-nabeul-117387,Appartement,220000.0,2023-06-16,Nabeul,Nabeul,Nabeul,8000.0,86.0,Non,Non,Non précisé,Haut standing,1.0,1.0,Oui,Non,Oui,Non,Oui,Non,1.0,Oui,Non,Non
menzili,https://www.menzili.tn/annonce/vente-appartement-s-3-benarous-borjcedria-117331,Appartement,,2023-06-15,Ben Arous,Borj Cedria,Appartement S+3,2013.0,137.0,Non,Non,Non précisé,Haut standing,3.0,1.0,Non,Non,Oui,Non,Oui,Non,1.0,Oui,Non,Oui
menzili,https://www.menzili.tn/annonce/s-4-spacieux-196-m2-haut-standing-cite-wahat-l-aouina-tel-28301124-tunis-laouina-116773,Appartement,450000.0,2023-06-05,Tunis,L'aouina,Contacter le 28301124,1000.0,196.0,Non,Non,Non précisé,Haut standing,,,Non,Non,Oui,Non,Non,Non,,Non,Non,Non
menzili,https://www.menzili.tn/annonce/%D8%B4%D9%82%D9%82-s-2-%D9%85%D8%B3%D8%A7%D8%AD%D8%AA%D9%87%D8%A7-110%D9%85-%D8%AA%D8%A8%D8%B9%D8%AF-200%D9%85-%D9%88-%D9%85%D8%B7%D9%84%D8%A9-%D8%B9%D9%84%D9%89-%D8%A8%D8%AD%D8%B1-%D8%A7%D9%84%D8%B2%D9%87%D8%B1%D8%A7%D8%A1-nabeul-kelibia-117290,Appartement,160000.0,2023-06-14,Nabeul,Kélibia,Kélibia,8000.0,110.0,Non,Oui,Non précisé,Non précisé,2.0,1.0,Non,Non,Oui,Non,Non,Non,1.0,Non,Non,Non
menzili,https://www.menzili.tn/annonce/des-appartements-de-luxes-a-ain-zaghouen-nord-29286628-tunis-ainzaghouan-117280,Appartement,,2023-06-13,Tunis,Aïn Zaghouan,ain zaghouen nord,1100.0,119.0,Non,Non,Non précisé,Luxe,2.0,2.0,Non,Non,Oui,Oui,Oui,Oui,1.0,Oui,Non,Oui
menzili,https://www.menzili.tn/annonce/appart-iole-A-vendre-d-el-manar-ariana-manar-117250,Appartement,250000.0,2023-06-13,Ariana,Manar,54670670,1004.0,85.0,Non,Non,Non précisé,Non précisé,2.0,1.0,Non,Oui,Oui,Non,Non,Non,1.0,Non,Non,Non
menzili,https://www.menzili.tn/annonce/appart-ennakhla-a-vendre-d-ennkhilet-ariana-arianaville-117244,Appartement,165000.0,2023-06-13,Ariana,Ariana Ville,54670670,2080.0,110.0,Non,Non,Rénové,Non précisé,3.0,1.0,Non,Oui,Oui,Non,Non,Oui,,Non,Non,Non
menzili,https://www.menzili.tn/annonce/un-appartement-s-2-a-vendre-a-nabeul-rond-point-jasmins-nabeul-hammamet-117146,Appartement,,2023-06-11,Nabeul,Hammamet,Hammamet,8050.0,109.0,Non,Non,Non précisé,Haut standing,2.0,2.0,Non,Non,Oui,Oui,Oui,Oui,,Oui,Non,Oui
menzili,https://www.menzili.tn/annonce/a-vendre-deux-appartement-a-hammamet-nabeul-hammamet-117133,Appartement,,2023-06-11,Nabeul,Hammamet,Hammamet,8050.0,60.0,Non,Oui,Non précisé,Moyen standing,2.0,1.0,Non,Non,Oui,Non,Oui,Non,,Non,Non,Oui
menzili,https://www.menzili.tn/annonce/a-vendre-un-bel-appartement-a-hammamet-yasmine-nabeul-hammamet-117132,Appartement,,2023-06-11,Nabeul,Hammamet,Hammamet,8050.0,69.0,Non,Non,Non précisé,Non précisé,2.0,2.0,Non,Non,Oui,Non,Oui,Oui,,Non,Non,Non
menzili,https://www.menzili.tn/annonce/joli-s-2-a-vendre-proche-de-la-cite-olympique-direction-ezzahra-benarous-rades-117123,Appartement,150000.0,2023-06-10,Ben Arous,Radès,Rades proche du stade olympique,2040.0,80.0,Non,Non,Bon état,Non précisé,2.0,1.0,Oui,Non,Oui,Non,Non,Oui,1.0,Non,Non,Oui
menzili,https://www.menzili.tn/annonce/appartement-s-2-au-centyre-ville-kelibia-nabeul-kelibia-117121,Appartement,160000.0,2023-06-10,Nabeul,Kélibia,kelibia centre ville,8090.0,87.0,Non,Oui,Non précisé,Haut standing,2.0,1.0,Non,Non,Oui,Non,Oui,Non,2.0,Non,Non,Oui
menzili,https://www.menzili.tn/annonce/a-vendre-un-magnifique-appartement-a-nabeul-nabeul-hammamet-117106,Appartement,,2023-06-10,Nabeul,Hammamet,Hammamet,8050.0,75.0,Non,Non,Non précisé,Moyen standing,1.0,1.0,Non,Non,Oui,Non,Oui,Non,1.0,Non,Non,Oui
menzili,https://www.menzili.tn/annonce/ideal-appartement-a-vendre-ref-ahm029-28256015-nabeul-hammamet-117103,Appartement,,2023-06-10,Nabeul,Hammamet,Hammamet,8050.0,150.0,Non,Non,Non précisé,Non précisé,2.0,2.0,Non,Non,Oui,Non,Oui,Non,1.0,Non,Non,Non
menzili,https://www.menzili.tn/annonce/a-vendre-un-appartement-neuf-s-1a-la-residence-aziza-mannouba-manouba-manoubaville-117096,Appartement,,2023-06-09,Manouba,Manouba Ville,Residence aziza mannouba,2010.0,78.0,Non,Non,Neuf,Moyen standing,1.0,1.0,Non,Non,Oui,Non,Oui,Non,5.0,Oui,Non,Non
menzili,https://www.menzili.tn/annonce/appartement-s-2-a-la-soukra-mav1512-ariana-lasoukra-117069,Appartement,,2023-06-09,Ariana,La Soukra,La Soukra,2036.0,100.0,Non,Non,Non précisé,Moyen standing,2.0,1.0,Non,Oui,Oui,Non,Oui,Non,0.0,Non,Non,Non
menzili,https://www.menzili.tn/annonce/appartement-haut-standing-a-vendre-a-residence-soltana-bizerte-bizerte-bizertenord-117058,Appartement,,2023-06-09,Bizerte,Bizerte Nord,Résidence Soltana,7000.0,169.0,Non,Oui,Non précisé,Haut standing,3.0,3.0,Oui,Oui,Oui,Non,Oui,Non,4.0,Oui,Non,Oui
menzili,https://www.menzili.tn/annonce/s-2-de-112m-situe-a-la-zone-touristique-mahdia-mahdia-116940,Appartement,530000.0,2023-06-07,Mahdia,Mahdia,Mahdia,5100.0,112.0,Non,Non,Non précisé,Moyen standing,2.0,2.0,Oui,Non,Oui,Non,Non,Non,,Non,Non,Non
menzili,https://www.menzili.tn/annonce/s-3-de-220-m-situe-a-la-zone-touristique-mahdia-mahdia-116937,Appartement,400000.0,2023-06-07,Mahdia,Mahdia,Mahdia,5100.0,220.0,Non,Non,Non précisé,Non précisé,3.0,2.0,Oui,Non,Oui,Non,Non,Non,,Non,Non,Oui
menzili,https://www.menzili.tn/annonce/s-2-de-98m-situe-a-la-zone-touristique-mahdia-mahdia-116936,Appartement,350000.0,2023-06-07,Mahdia,Mahdia,Mahdia,5100.0,98.0,Non,Non,Non précisé,Non précisé,2.0,1.0,Non,Non,Oui,Non,Non,Non,,Non,Non,Non
menzili,https://www.menzili.tn/annonce/s-3-de-113m-situe-a-la-zone-touristique-mahdia-mahdia-116935,Appartement,300000.0,2023-06-07,Mahdia,Mahdia,Mahdia,5100.0,113.0,Non,Non,Non précisé,Moyen standing,3.0,2.0,Oui,Non,Oui,Non,Oui,Non,0.0,Non,Non,Oui
menzili,https://www.menzili.tn/annonce/s-2-de-127-m-situe-a-la-zone-touristique-mahdia-mahdia-116931,Appartement,270000.0,2023-06-07,Mahdia,Mahdia,Mahdia,5100.0,127.0,Non,Non,Non précisé,Non précisé,2.0,1.0,Non,Oui,Oui,Non,Non,Non,,Non,Non,Non
menzili,https://www.menzili.tn/annonce/s-2-de-106m-situe-a-erraoudha-mahdia-mahdia-116930,Appartement,250000.0,2023-06-07,Mahdia,Mahdia,Mahdia,5100.0,106.0,Non,Non,Neuf,Non précisé,2.0,1.0,Non,Non,Oui,Non,Non,Non,,Non,Non,Non
menzili,https://www.menzili.tn/annonce/s-2-de-100m-a-235mdt-situe-a-erraoudha-mahdia-mahdia-116928,Appartement,235000.0,2023-06-07,Mahdia,Mahdia,Mahdia,5100.0,100.0,Non,Non,Neuf,Non précisé,3.0,1.0,Non,Non,Oui,Non,Non,Non,,Non,Non,Non
menzili,https://www.menzili.tn/annonce/s-2-de-197m-a-198mdt-situe-a-erraoudha-mahdia-mahdia-116920,Appartement,198000.0,2023-06-07,Mahdia,Mahdia,Mahdia,5100.0,197.0,Non,Non,Non précisé,Non précisé,2.0,1.0,Non,Non,Oui,Non,Oui,Non,,Non,Non,Non
menzili,https://www.menzili.tn/annonce/s-1-de-89m-situe-a-la-zone-touristique-mahdia-mahdia-116916,Appartement,170000.0,2023-06-07,Mahdia,Mahdia,Mahdia,5100.0,,Non,Non,Non précisé,Non précisé,1.0,,Non,Non,Oui,Non,Non,Non,,Non,Non,Non
menzili,https://www.menzili.tn/annonce/s-2-de-112m-situe-a-hiboun-mahdia-mahdia-116914,Appartement,144000.0,2023-06-07,Mahdia,Mahdia,Mahdia,5100.0,112.0,Non,Non,Non précisé,Non précisé,2.0,1.0,Non,Non,Oui,Non,Non,Non,,Non,Non,Non
menzili,https://www.menzili.tn/annonce/appartement-s-3-a-la-marsa-mav1509-tunis-lamarsa-116897,Appartement,680000.0,2023-06-07,Tunis,La Marsa,La Marsa,2070.0,,Non,Non,Non précisé,Moyen standing,3.0,2.0,Oui,Non,Oui,Non,Oui,Non,,Non,Non,Oui
menzili,https://www.menzili.tn/annonce/appart-ordinary-a-vendre-a-manar-ariana-manar-116873,Appartement,300000.0,2023-06-07,Ariana,Manar,manar,1004.0,120.0,Non,Non,Non précisé,Non précisé,3.0,2.0,Non,Oui,Oui,Non,Non,Non,3.0,Non,Non,Non
menzili,https://www.menzili.tn/annonce/appartement-s4-sole-yasmine-hammamet-nabeul-hammamet-116866,Appartement,680000.0,2023-06-07,Nabeul,Hammamet,Hammamet,8050.0,126.0,Non,Non,Non précisé,Moyen standing,4.0,3.0,Oui,Oui,Oui,Non,Non,Non,3.0,Non,Non,Non
menzili,https://www.menzili.tn/annonce/appartement-a-bouhsina-cite-olympique-sousse-soussemedina-116798,Appartement,215000.0,2023-06-06,Sousse,Sousse Médina,Sousse Médina,1008.0,90.0,Non,Non,Non précisé,Haut standing,2.0,1.0,Non,Oui,Oui,Non,Oui,Non,1.0,Oui,Non,Oui
menzili,https://www.menzili.tn/annonce/a-vendre-appartement-s1-avec-jardin-a-afh-mrezga-nabeul-nabeul-116753,Appartement,220000.0,2023-06-05,Nabeul,Nabeul,Nabeul,8000.0,95.0,Non,Non,Non précisé,Haut standing,1.0,1.0,Oui,Non,Oui,Oui,Oui,Oui,,Non,Non,Non
menzili,https://www.menzili.tn/annonce/appartement-a-vendre-ariana-menzah-116751,Appartement,,2023-06-05,Ariana,Menzah,Près de centre commercial makni,1004.0,125.0,Non,Non,Non précisé,Moyen standing,3.0,2.0,Oui,Oui,Oui,Non,Non,Non,1.0,Non,Non,Oui
menzili,https://www.menzili.tn/annonce/appartement-s-2-aux-jardins-de-carthage-mav1495-tunis-jardindecarthage-116709,Appartement,385000.0,2023-06-05,Tunis,Jardin De Carthage,Jardin De Carthage,2016.0,90.0,Non,Non,Non précisé,Moyen standing,2.0,1.0,Non,Oui,Oui,Non,Oui,Oui,,Non,Non,Non
menzili,https://www.menzili.tn/annonce/appartement-a-vendre-a-hammamet-centre-ville-nabeul-hammametcentre-116705,Appartement,180000.0,2023-06-05,Nabeul,Hammamet Centre,Hammamet Centre,8050.0,55.0,Non,Non,Non précisé,Non précisé,1.0,1.0,Non,Non,Oui,Non,Non,Non,,Non,Non,Non
menzili,https://www.menzili.tn/annonce/appartement-a-vendre-a-center-ville-bizerte-bizertenord-116632,Appartement,,2023-06-03,Bizerte,Bizerte Nord,Bizerte Nord,7000.0,130.0,Non,Non,Non précisé,Non précisé,3.0,,Non,Non,Oui,Non,Non,Non,1.0,Non,Non,Non
menzili,https://www.menzili.tn/annonce/vente-appartement-khaznadar-tunis-lebardo-116629,Appartement,,2023-06-03,Tunis,Le Bardo,Khaznadar,2000.0,60.0,Non,Non,Non précisé,Non précisé,3.0,1.0,Non,Non,Oui,Non,Non,Oui,4.0,Non,Non,Non
menzili,https://www.menzili.tn/annonce/des-terrains-a-kerkouane-kelibia-nabeul-kelibia-116623,Appartement,170000.0,2023-06-03,Nabeul,Kélibia,kerkouane kélibia,8000.0,120.0,Non,Non,Non précisé,Non précisé,2.0,,Non,Non,Oui,Non,Non,Non,,Non,Non,Non
menzili,https://www.menzili.tn/annonce/des-appartements-a-kerkouane-nabeul-kelibia-116608,Appartement,170000.0,2023-06-03,Nabeul,Kélibia,kerkouane kélibia,8000.0,120.0,Non,Non,Non précisé,Non précisé,1.0,1.0,Non,Non,Oui,Non,Non,Non,,Non,Non,Non
menzili,https://www.menzili.tn/annonce/appartement-s-3-a-ain-zaghouan-nord-mav1498-tunis-ainzaghouan-116599,Appartement,550000.0,2023-06-03,Tunis,Aïn Zaghouan,Aïn Zaghouan,1100.0,,Non,Non,Non précisé,Moyen standing,3.0,1.0,Non,Oui,Oui,Non,Oui,Non,,Non,Non,Non
menzili,https://www.menzili.tn/annonce/un-studio-meuble-s-0-a-ain-zaghouan-el-wahat-zav1505-tunis-ainzaghouan-116572,Appartement,180000.0,2023-06-02,Tunis,Aïn Zaghouan,Aïn Zaghouan,1100.0,40.0,Non,Non,Non précisé,Moyen standing,,1.0,Non,Non,Oui,Non,Oui,Non,,Non,Non,Non
menzili,https://www.menzili.tn/annonce/appartement-s-3-a-la-soukra-mav1504-ariana-lasoukra-116571,Appartement,450000.0,2023-06-02,Ariana,La Soukra,La Soukra,2036.0,124.0,Non,Non,Non précisé,Haut standing,3.0,1.0,Oui,Oui,Oui,Non,Oui,Non,0.0,Non,Non,Non
menzili,https://www.menzili.tn/annonce/a-vendredi-appartement-tunis-laouina-116433,Appartement,300000.0,2023-05-31,Tunis,L'aouina,Cite des palmeraies l'aouina,1000.0,113.0,Non,Non,Non précisé,Moyen standing,3.0,1.0,Non,Non,Oui,Non,Oui,Non,5.0,Oui,Non,Non
menzili,https://www.menzili.tn/annonce/4-duplexe-avec-piscine-style-quot-sidi-bou-said-quot-a-kelibia-nabeul-kelibia-116423,Appartement,300000.0,2023-05-31,Nabeul,Kélibia,Kélibia,8000.0,,Non,Non,Non précisé,Non précisé,,,Non,Non,Oui,Oui,Non,Non,,Non,Non,Non
menzili,https://www.menzili.tn/annonce/a-vendre-appartement-s-3-1er-etage-khaznadar-tunis-lebardo-116408,Appartement,,2023-05-31,Tunis,bardo,khaznadar,2000.0,,Non,Non,Non précisé,Non précisé,3.0,,Non,Non,Oui,Non,Non,Non,1.0,Non,Non,Non
menzili,https://www.menzili.tn/annonce/appart-rose-baie-a-vendre-a-borj-louzir-ariana-borjlouzir-116388,Appartement,128000.0,2023-05-31,Ariana,Borj Louzir,borj louzir,2073.0,80.0,Non,Non,Non précisé,Non précisé,2.0,1.0,Non,Oui,Oui,Non,Non,Non,3.0,Non,Non,Non
menzili,https://www.menzili.tn/annonce/ref-m141-duplexe-en-plein-centre-ville-bizerte-bizerte-bizertenord-50471,Appartement,180000.0,2021-01-18,Bizerte,Bizerte Nord,Centre-ville bizerte,7000.0,110.0,Non,Non,Non précisé,Non précisé,3.0,1.0,Non,Non,Oui,Non,Non,Non,2.0,Non,Non,Non
menzili,https://www.menzili.tn/annonce/vente-un-petit-appartement-s1-centre-ville-korba-nabeul-korba-116356,Appartement,70000.0,2023-05-30,Nabeul,Korba,Derrière palait de municipalité,8070.0,52.0,Titre Bleu,Non,Neuf,Non précisé,1.0,2.0,Oui,Non,Oui,Non,Non,Non,2.0,Non,Non,Non
menzili,https://www.menzili.tn/annonce/appartement-menzah-1-ariana-menzah-116353,Appartement,250000.0,2023-05-30,Ariana,Menzah,52715956,1004.0,100.0,Non,Non,Non précisé,Non précisé,2.0,1.0,Non,Non,Oui,Non,Non,Non,2.0,Non,Non,Non
menzili,https://www.menzili.tn/annonce/s-3-elodie-a-vendre-aux-jardins-de-carthage-tunis-jardindecarthage-116346,Appartement,790000.0,2023-05-30,Tunis,Jardin De Carthage,Jardins de Carthage,2016.0,177.0,Non,Non,Non précisé,Haut standing,3.0,1.0,Oui,Oui,Oui,Non,Oui,Oui,1.0,Non,Non,Oui
menzili,https://www.menzili.tn/annonce/a-vendre-appartement-s2-a-afh-mrezga-nabeul-nabeul-116344,Appartement,320000.0,2023-05-30,Nabeul,Nabeul,Nabeul,8000.0,108.0,Non,Non,Non précisé,Haut standing,2.0,1.0,Oui,Oui,Oui,Non,Oui,Non,2.0,Oui,Non,Non
menzili,https://www.menzili.tn/annonce/un-appartement-a-quelques-minutes-de-la-plage-mansoura-nabeul-kelibia-116065,Appartement,,2023-05-25,Nabeul,Kélibia,Kélibia,8000.0,,Non,Non,Non précisé,Non précisé,,,Non,Non,Oui,Non,Non,Non,2.0,Non,Non,Non
menzili,https://www.menzili.tn/annonce/appart-nomads-a-vendre-a-centre-urbain-nord-tunis-citeelkhadra-116306,Appartement,170000.0,2023-05-30,Tunis,Cité El Khadra,centre urbain nord,1003.0,59.0,Non,Non,Non précisé,Non précisé,1.0,1.0,Non,Non,Oui,Non,Non,Non,3.0,Non,Non,Non
menzili,https://www.menzili.tn/annonce/appartement-s2-avec-terrasse-a-afh-mrezga-nabeul-nabeul-116298,Appartement,373000.0,2023-05-29,Nabeul,Nabeul,Nabeul,8000.0,130.0,Non,Non,Non précisé,Luxe,2.0,1.0,Oui,Non,Oui,Oui,Oui,Non,0.0,Oui,Non,Oui
menzili,https://www.menzili.tn/annonce/appartement-quasiment-neuf-a-vendre-a-borj-louzir-ariana-borjlouzir-116248,Appartement,445000.0,2023-05-29,Ariana,Borj Louzir,Résidence Saphir (derrière MG),2073.0,260.0,Non,Non,Neuf,Non précisé,3.0,2.0,Oui,Non,Oui,Non,Non,Oui,1.0,Oui,Non,Non
menzili,https://www.menzili.tn/annonce/villa-a-vendre-a-khzema-est-sousse-soussejawhara-116262,Appartement,540000.0,2023-05-29,Sousse,Sousse Jawhara,Sousse Jawhara,4000.0,400.0,Non,Non,Non précisé,Non précisé,,,Non,Non,Oui,Non,Non,Oui,,Non,Non,Non
menzili,https://www.menzili.tn/annonce/appartement-s2-prix-legerement-negociable-benarous-elmourouj-116259,Appartement,175000.0,2023-05-29,Ben Arous,El Mourouj,el mourouj,2074.0,91.0,Non,Non,Non précisé,Haut standing,3.0,1.0,Oui,Non,Oui,Non,Oui,Non,,Oui,Non,Non
menzili,https://www.menzili.tn/annonce/un-appartement-du-type-s-3-a-vendre-a-khzema-est-sousse-soussejawhara-95255,Appartement,455000.0,2022-09-07,Sousse,Sousse Jawhara,Sousse Jawhara,4000.0,189.0,Non,Non,Non précisé,Haut standing,3.0,2.0,Non,Oui,Oui,Non,Oui,Non,,Oui,Non,Oui
menzili,https://www.menzili.tn/annonce/appartement-s2-a-el-menzah-7-bis-ariana-arianaville-116246,Appartement,280000.0,2023-05-28,Ariana,Ariana Ville,El menzah 7 bis,2080.0,74.0,Non,Non,Bon état,Haut standing,2.0,1.0,Oui,Oui,Oui,Non,Oui,Non,5.0,Oui,Non,Oui
menzili,https://www.menzili.tn/annonce/appartement-standing-tunis-centrevillelafayette-116205,Appartement,320000.0,2023-05-28,Tunis,Centre Ville - Lafayette,Montfleury tunis,1000.0,168.0,Non,Non,Non précisé,Non précisé,4.0,2.0,Non,Non,Oui,Non,Non,Non,1.0,Non,Non,Non
menzili,https://www.menzili.tn/annonce/appartement-a-vendre-s-2-a-ennasr-2-ariana-ennasr-116151,Appartement,280000.0,2023-05-26,Ariana,Ennasr,Ennasr,2037.0,132.0,Oui,Non,Non précisé,Non précisé,2.0,2.0,Non,Non,Oui,Non,Non,Non,1.0,Oui,Non,Non
menzili,https://www.menzili.tn/annonce/s-3-a-vendre-situe-a-jardins-d-el-menzeh-ariana-jardinsdelmenzah-116135,Appartement,315000.0,2023-05-26,Ariana,M'nihla,Jardins d'El Menzeh II 2094,2080.0,112.0,Non,Non,Non précisé,Moyen standing,3.0,2.0,Non,Oui,Oui,Non,Oui,Non,3.0,Oui,Non,Oui
menzili,https://www.menzili.tn/annonce/a-vendre-un-appartement-s-2-haut-standing-au-rdc-sousse-hammamsousse-116118,Appartement,,2023-05-26,Sousse,Hammam Sousse,route de la plage,4011.0,70.0,Non,Non,Non précisé,Haut standing,2.0,1.0,Oui,Non,Oui,Non,Oui,Non,1.0,Non,Non,Oui
menzili,https://www.menzili.tn/annonce/un-appartement-a-plage-ezzahra-hammem-el-ghazez-nabeul-hammamghezeze-116124,Appartement,150000.0,2023-05-26,Nabeul,Hammam Ghezèze,Hammam Ghezèze,8000.0,,Non,Non,Non précisé,Non précisé,2.0,1.0,Non,Non,Oui,Non,Non,Non,,Non,Non,Non
menzili,https://www.menzili.tn/annonce/appartement-s-3-au-rez-de-chaussee-ariana-borjlouzir-116083,Appartement,448000.0,2023-05-25,Ariana,Rue Jamm,Appartement 02 Bloc E Résidence Saphir 02,2080.0,163.0,Non,Non,Non précisé,Haut standing,3.0,2.0,Oui,Non,Oui,Non,Oui,Oui,0.0,Oui,Non,Oui
menzili,https://www.menzili.tn/annonce/des-appartements-de-luxe-agreable-a-vivre-a-kelibia-nabeul-kelibia-116064,Appartement,,2023-05-25,Nabeul,Kélibia,Kélibia,8000.0,,Non,Non,Non précisé,Luxe,,,Non,Non,Oui,Non,Non,Non,0.0,Non,Non,Non
menzili,https://www.menzili.tn/annonce/appartement-rez-de-chaussee-a-kelibia-nabeul-kelibia-116053,Appartement,,2023-05-25,Nabeul,Kélibia,Kélibia,8000.0,,Non,Non,Non précisé,Non précisé,2.0,,Non,Non,Oui,Non,Non,Non,0.0,Non,Non,Non
menzili,https://www.menzili.tn/annonce/des-luxes-appartements-a-dar-allouch-nabeul-kelibia-116050,Appartement,,2023-05-25,Nabeul,Kélibia,Kélibia,8000.0,,Non,Non,Non précisé,Luxe,,,Non,Non,Oui,Oui,Non,Non,0.0,Non,Non,Non
menzili,https://www.menzili.tn/annonce/a-vendre-un-duplex-luxe-a-elmenzah-9c-tunis-centrevillelafayette-116049,Appartement,,2023-05-25,Tunis,1013 Tunis -Tunis,Résidence les vosges- Manzah 9C,1000.0,865.0,Non,Non,Non précisé,Luxe,4.0,2.0,Non,Non,Oui,Non,Oui,Oui,0.0,Oui,Non,Oui
menzili,https://www.menzili.tn/annonce/un-appartement-au-1er-etage-a-kelibia-plage-nabeul-kelibia-116048,Appartement,,2023-05-25,Nabeul,Kélibia,Kélibia,8000.0,,Non,Non,Non précisé,Non précisé,2.0,1.0,Non,Non,Oui,Non,Non,Non,1.0,Non,Non,Non
menzili,https://www.menzili.tn/annonce/une-belle-appartement-a-vendre-a-msaken-sousse-msaken-112502,Appartement,,2023-03-13,Sousse,M'saken,TAKSIM GOULOU- GHARS BOUJNAH,4070.0,105.0,Non,Non,Non précisé,Luxe,2.0,1.0,Oui,Oui,Oui,Non,Oui,Non,1.0,Oui,Non,Oui
menzili,https://www.menzili.tn/annonce/a-vendre-s-2-manouba-douarhicher-116018,Appartement,90000.0,2023-05-24,Manouba,Douar Hicher,ksar said II,2010.0,75.0,Non,Non,Non précisé,Non précisé,2.0,1.0,Non,Oui,Oui,Non,Non,Non,2.0,Non,Non,Non
menzili,https://www.menzili.tn/annonce/rdc-de-villa-gaelle-a-vendre-a-gammarth-sup-tunis-lamarsa-116005,Appartement,1600000.0,2023-05-24,Tunis,La Marsa,La Marsa,2070.0,400.0,Non,Non,Non précisé,Haut standing,3.0,4.0,Oui,Non,Oui,Non,Non,Oui,1.0,Non,Non,Non
menzili,https://www.menzili.tn/annonce/luxe-appartement-s-3-a-kelibia-nabeul-kelibia-115998,Appartement,190000.0,2023-05-24,Nabeul,Kélibia,Kélibia,8000.0,126.0,Non,Non,Non précisé,Luxe,3.0,1.0,Oui,Non,Oui,Non,Non,Non,,Non,Non,Non
menzili,https://www.menzili.tn/annonce/loft-s-2-vue-mer-nabeul-nabeul-115872,Appartement,400000.0,2023-05-23,Nabeul,Nabeul,Nabeul Plage,8000.0,100.0,Oui,Oui,Bon état,Haut standing,2.0,1.0,Oui,Oui,Oui,Non,Oui,Non,6.0,Oui,Non,Oui
menzili,https://www.menzili.tn/annonce/appartement-s2-mourouj-2-benarous-elmourouj-115838,Appartement,155000.0,2023-05-22,Ben Arous,El Mourouj,El Mourouj,2074.0,80.0,Non,Non,Non précisé,Moyen standing,3.0,1.0,Oui,Oui,Oui,Non,Oui,Non,1.0,Non,Non,Non
menzili,https://www.menzili.tn/annonce/appartement-s2-a-jardin-d-el-menzah1-ariana-jardinsdelmenzah-115826,Appartement,290000.0,2023-05-22,Ariana,Jardins D'el Menzah,Jardin d'el Menzah1,1004.0,,Non,Non,Non précisé,Moyen standing,2.0,1.0,Non,Oui,Oui,Non,Oui,Oui,3.0,Non,Oui,Non
menzili,https://www.menzili.tn/annonce/appartement-s2-balconnet-de-98m-a-cite-el-wafa-nabeul-hammamet-115821,Appartement,284000.0,2023-05-22,Nabeul,Hammamet,Hammamet,8050.0,98.0,Non,Non,Non précisé,Haut standing,2.0,,Non,Oui,Oui,Oui,Oui,Non,1.0,Oui,Non,Oui
menzili,https://www.menzili.tn/annonce/s-2-mourouj-benarous-elmourouj-115807,Appartement,135000.0,2023-05-21,Ben Arous,El Mourouj,Mourouj 3,2074.0,85.0,Non,Non,Non précisé,Non précisé,2.0,1.0,Non,Non,Oui,Non,Non,Non,2.0,Non,Non,Non
menzili,https://www.menzili.tn/annonce/vend-appartement-sahloul-4-sousse-sahloul-115795,Appartement,,2023-05-21,Sousse,Sahloul,Sahloul,4054.0,159.0,Non,Non,Neuf,Haut standing,2.0,2.0,Non,Non,Oui,Non,Oui,Non,4.0,Oui,Non,Oui
menzili,https://www.menzili.tn/annonce/maison-a-vendre-sidi-bader-jendouba-tabarka-115740,Appartement,,2023-05-19,Jendouba,Tabarka,sidi bader,8110.0,50.0,Non,Non,Non précisé,Non précisé,2.0,1.0,Non,Non,Oui,Non,Non,Non,,Non,Non,Non
menzili,https://www.menzili.tn/annonce/appart-lancom-a-vendre-a-enkhilette-ariana-raoued-115651,Appartement,190000.0,2023-05-18,Ariana,Raoued,enkhilet,2083.0,105.0,Non,Non,Non précisé,Non précisé,2.0,1.0,Non,Oui,Oui,Non,Non,Non,2.0,Non,Non,Non
menzili,https://www.menzili.tn/annonce/appart-iroko-a-vendre-a-ain-zaghouan-promo-promoteur-tunis-ainzaghouan-115640,Appartement,201700.0,2023-05-18,Tunis,Aïn Zaghouan,ain zaghouan nord,1100.0,63.0,Non,Non,Neuf,Moyen standing,1.0,2.0,Oui,Non,Oui,Non,Oui,Non,2.0,Non,Non,Oui
menzili,https://www.menzili.tn/annonce/coquette-appartement-a-vendre-a-rades-benarous-rades-115621,Appartement,165000.0,2023-05-17,Ben Arous,Radès,Rades,2040.0,86.0,Non,Non,Non précisé,Non précisé,3.0,1.0,Non,Non,Oui,Non,Oui,Non,3.0,Non,Non,Oui
menzili,https://www.menzili.tn/annonce/appart-lola-a-vendre-a-raoued-plage-ariana-raoued-115566,Appartement,490000.0,2023-05-17,Ariana,Raoued,raoued,2083.0,154.0,Non,Oui,Non précisé,Haut standing,2.0,2.0,Non,Oui,Oui,Non,Non,Non,1.0,Non,Non,Non
menzili,https://www.menzili.tn/annonce/maison-a-vendre-a-cite-ettadhamen-ariana-ettadhamen-115548,Appartement,160000.0,2023-05-16,Ariana,Ettadhamen,Ettadhamen,2080.0,120.0,Non,Non,Non précisé,Non précisé,,,Non,Non,Oui,Non,Non,Non,,Non,Non,Non
menzili,https://www.menzili.tn/annonce/appartement-s-3-a-mornag-cite-hadad-1er-etage-benarous-mornag-115543,Appartement,200000.0,2023-05-16,Ben Arous,Mornag,Cité Hadad - Zahret Mornag,2090.0,135.0,Non,Non,Non précisé,Haut standing,3.0,2.0,Oui,Non,Oui,Non,Oui,Non,1.0,Oui,Non,Non
menzili,https://www.menzili.tn/annonce/a-vendre-un-appartement-haut-standing-a-la-marsa-tunis-lamarsa-115526,Appartement,400000.0,2023-05-16,Tunis,La Marsa,La Marsa,2070.0,56.0,Non,Non,Non précisé,Haut standing,1.0,1.0,Oui,Oui,Oui,Non,Oui,Non,0.0,Non,Non,Oui
menzili,https://www.menzili.tn/annonce/appartement-s1-balconnet-de-77m-vue-de-piscine-a-afh-mrezga-hammamet-nabeul-hammamet-115501,Appartement,231000.0,2023-05-16,Nabeul,Hammamet,Hammamet,8050.0,77.0,Non,Non,Non précisé,Haut standing,1.0,,Oui,Oui,Oui,Oui,Non,Non,1.0,Oui,Non,Non
menzili,https://www.menzili.tn/annonce/a-vendre-des-appartements-haut-standing-a-chatt-mariem-sousse-akouda-115489,Appartement,330000.0,2023-05-16,Sousse,Akouda,chatt Mariem Sousse,4022.0,80.0,Non,Oui,Non précisé,Haut standing,2.0,1.0,Non,Non,Oui,Non,Oui,Oui,1.0,Non,Non,Oui
menzili,https://www.menzili.tn/annonce/a-vendre-s-3-benarous-ezzahra-115475,Appartement,160000.0,2023-05-15,Ben Arous,Ezzahra,Cité el Habib ezzahra,2034.0,94.0,Non,Non,Non précisé,Non précisé,3.0,1.0,Non,Non,Oui,Non,Non,Non,3.0,Oui,Non,Non
menzili,https://www.menzili.tn/annonce/appartement-s-2-a-vendre-a-ariana-ariana-arianaville-115465,Appartement,160000.0,2023-05-15,Ariana,Ariana Ville,ariana bjanb cnss,2080.0,62.0,Non,Non,Non précisé,Moyen standing,2.0,1.0,Non,Non,Oui,Non,Oui,Oui,4.0,Non,Non,Oui
menzili,https://www.menzili.tn/annonce/un-beau-duplex-a-vendre-sousse-akouda-115451,Appartement,420000.0,2023-05-15,Sousse,Akouda,chatt Mariem Sousse,4022.0,145.0,Non,Oui,Bon état,Moyen standing,3.0,3.0,Non,Non,Oui,Oui,Non,Oui,1.0,Non,Non,Non
menzili,https://www.menzili.tn/annonce/s-2-a-cite-khadhra-en-face-de-clinique-ibn-zohr-tunis-citeelkhadra-115423,Appartement,135000.0,2023-05-14,Tunis,Cité El Khadra,Cité El Khadra,1003.0,65.0,Non,Non,Non précisé,Non précisé,2.0,1.0,Non,Oui,Oui,Non,Non,Non,3.0,Non,Non,Non
menzili,https://www.menzili.tn/annonce/un-bel-appartement-a-kharrouba-hammamet-216-29256234-nabeul-nabeul-115404,Appartement,,2023-05-14,Nabeul,Nabeul,Hammamet,8000.0,166.0,Non,Non,Non précisé,Non précisé,3.0,2.0,Non,Non,Oui,Non,Non,Non,3.0,Non,Non,Non
menzili,https://www.menzili.tn/annonce/a_______vendre-un-superbe-etage-de-villa-216-29256234-nabeul-nabeul-115403,Appartement,,2023-05-14,Nabeul,Nabeul,Hammamet,8000.0,72.0,Non,Non,Non précisé,Non précisé,2.0,,Non,Non,Oui,Non,Non,Non,,Non,Non,Non
menzili,https://www.menzili.tn/annonce/un-bel-appartement-a-hammamet-nabeul-hammamet-115401,Appartement,,2023-05-14,Nabeul,Hammamet,Hammamet,8050.0,74.0,Non,Non,Non précisé,Non précisé,2.0,1.0,Non,Non,Oui,Non,Non,Non,0.0,Non,Non,Non
menzili,https://www.menzili.tn/annonce/appartement-140-nabeul-hammamet-115379,Appartement,140000.0,2023-05-13,Nabeul,Hammamet,Hammamet,8050.0,70.0,Non,Non,Non précisé,Non précisé,2.0,1.0,Non,Non,Oui,Non,Non,Non,0.0,Non,Non,Non
menzili,https://www.menzili.tn/annonce/a_______vendre-un-bel-appartement-216-29256234-nabeul-nabeul-115361,Appartement,,2023-05-13,Nabeul,Nabeul,Hammamet,8000.0,118.0,Non,Non,Non précisé,Moyen standing,3.0,1.0,Non,Non,Oui,Non,Oui,Non,1.0,Non,Non,Oui
menzili,https://www.menzili.tn/annonce/a-vendre-appartement-s-2-prix-negociable-sousse-soussejawhara-115359,Appartement,,2023-05-13,Sousse,Sousse Jawhara,Khezema ouest,4000.0,100.0,Non,Non,Non précisé,Non précisé,2.0,1.0,Non,Non,Oui,Non,Non,Non,2.0,Non,Non,Non
menzili,https://www.menzili.tn/annonce/a-vendre-appartement-neuf-s-2-a-bardo-tunis-lebardo-62539,Appartement,,2021-07-09,Tunis,Le Bardo,BARDO,2000.0,90.0,Non,Non,Neuf,Moyen standing,2.0,1.0,Non,Non,Oui,Non,Oui,Non,,Non,Non,Oui
menzili,https://www.menzili.tn/annonce/appartement-s2-aux-jardins-de-carthage-tunis-carthage-115333,Appartement,580000.0,2023-05-12,Tunis,Carthage,Carthage,2016.0,1.0,Non,Non,Non précisé,Non précisé,3.0,3.0,Oui,Oui,Oui,Non,Non,Non,,Non,Non,Non
menzili,https://www.menzili.tn/annonce/appartement-residence-2-nabeul-hammamet-115259,Appartement,450000.0,2023-05-11,Nabeul,Hammamet,Hammamet,8050.0,138.0,Titre Bleu,Non,Neuf,Moyen standing,2.0,2.0,Non,Non,Oui,Non,Non,Non,0.0,Oui,Non,Non
menzili,https://www.menzili.tn/annonce/appartement-situe-au-3-eme-etage-dans-un-immeuble-a-kharrouba-hammamet-nord-nabeul-hammamet-115214,Appartement,250000.0,2023-05-11,Nabeul,Hammamet,Hammamet,8050.0,120.0,Non,Oui,Non précisé,Non précisé,3.0,2.0,Non,Non,Oui,Non,Non,Non,,Non,Non,Non
menzili,https://www.menzili.tn/annonce/appartement-en-plein-zone-touristique-nabeul-hammamet-115207,Appartement,195000.0,2023-05-11,Nabeul,Hammamet,Hammamet,8050.0,111.0,Non,Oui,Non précisé,Non précisé,2.0,,Non,Non,Oui,Non,Non,Non,1.0,Non,Non,Non
menzili,https://www.menzili.tn/annonce/appartement-vue-sur-mer-nabeul-hammamet-115205,Appartement,185000.0,2023-05-11,Nabeul,Hammamet,Hammamet,8050.0,90.0,Non,Oui,Non précisé,Non précisé,,,Non,Non,Oui,Non,Non,Non,,Non,Non,Non
menzili,https://www.menzili.tn/annonce/a-vendre-sahloul-residence-prestige-grand-appartement-3-ch-sousse-soussejawhara-115194,Appartement,449000.0,2023-05-11,Sousse,Sahloul,Résidence Prestige Bd Yasser Arafat,4054.0,160.0,Non,Non,Bon état,Luxe,3.0,1.0,Non,Non,Oui,Non,Oui,Non,6.0,Oui,Oui,Oui
menzili,https://www.menzili.tn/annonce/un-appartement-s-2-aux-berges-du-lac-1-zav1476-tunis-lesbergesdulac-115179,Appartement,420000.0,2023-05-10,Tunis,Les Berges Du Lac,Les Berges Du Lac,1053.0,130.0,Non,Non,Non précisé,Haut standing,2.0,2.0,Oui,Non,Oui,Non,Oui,Non,,Non,Non,Non
menzili,https://www.menzili.tn/annonce/un-appartement-s-1-a-ain-zaghouan-nord-mav1473-tunis-ainzaghouan-115177,Appartement,375000.0,2023-05-10,Tunis,Aïn Zaghouan,ain zaghouan,1100.0,83.0,Non,Non,Non précisé,Haut standing,1.0,1.0,Oui,Oui,Oui,Non,Oui,Non,,Non,Non,Oui
menzili,https://www.menzili.tn/annonce/un-appartement-s-3-a-la-soukra-zav0063-ariana-lasoukra-115176,Appartement,,2023-05-10,Ariana,La Soukra,La soukra,2036.0,170.0,Non,Non,Non précisé,Non précisé,3.0,2.0,Oui,Non,Oui,Non,Oui,Non,,Non,Non,Non
menzili,https://www.menzili.tn/annonce/appartement-zahra-kelibia-avec-une-belle-vue-sur-mer-nabeul-kelibia-115160,Appartement,155000000.0,2023-05-10,Nabeul,Kélibia,kélibia,8000.0,120.0,Non,Oui,Non précisé,Non précisé,2.0,1.0,Non,Non,Oui,Non,Non,Non,,Non,Non,Non
menzili,https://www.menzili.tn/annonce/spacieux-appartement-a-vendre-a-khzema-ouest-sousse-soussejawhara-115128,Appartement,370000.0,2023-05-10,Sousse,Sousse Jawhara,Sousse Jawhara,4000.0,116.0,Titre Individuel,Non,Non précisé,Non précisé,3.0,1.0,Non,Oui,Oui,Non,Oui,Non,1.0,Non,Non,Non
menzili,https://www.menzili.tn/annonce/a-vendre-un-appartement-s-3-renove-avec-terrasse-tunis-citeelkhadra-115102,Appartement,,2023-05-09,Tunis,Cité El Khadra,Cité El Khadra,1003.0,170.0,Non,Non,Rénové,Moyen standing,3.0,1.0,Oui,Non,Oui,Non,Oui,Oui,,Oui,Non,Oui
menzili,https://www.menzili.tn/annonce/des-appartements-s-1-et-s-2-a-vendre-vue-sur-mer-mahdia-mahdia-98949,Appartement,255000.0,2022-10-12,Mahdia,Mahdia,zone touristique mahdia,5100.0,67.0,Non,Oui,Neuf,Non précisé,1.0,1.0,Non,Non,Oui,Non,Non,Non,,Non,Non,Non
menzili,https://www.menzili.tn/annonce/des-appartements-s-2-neuf-A-vendre-A-bas-prix-mahdia-mahdia-106253,Appartement,143000.0,2023-01-06,Mahdia,Mahdia,borj arif,5100.0,76.0,Non,Non,Neuf,Moyen standing,2.0,1.0,Non,Non,Oui,Non,Non,Non,,Oui,Non,Non
menzili,https://www.menzili.tn/annonce/a-vendre-s-2-en-cours-de-construction-et-vue-sur-mer-mahdia-mahdia-111798,Appartement,428000.0,2023-03-06,Mahdia,Mahdia,zone touristique mahdia,5100.0,126.0,Non,Oui,Neuf,Luxe,2.0,1.0,Oui,Oui,Oui,Non,Non,Non,,Non,Non,Non
menzili,https://www.menzili.tn/annonce/studio-a-vendre-en-cour-de-construction-et-proche-de-la-plage-mahdia-mahdia-110186,Appartement,170000.0,2023-02-13,Mahdia,Mahdia,zone touristique mahdia,5100.0,70.0,Non,Non,Neuf,Moyen standing,,,Oui,Non,Oui,Non,Non,Oui,,Non,Non,Non
menzili,https://www.menzili.tn/annonce/A-vendre-appartement-s-3-de-haute-standing-a-la-nouvelle-medina-3-benarous-medinajedida-115002,Appartement,265000.0,2023-05-08,Ben Arous,Medina Jedida,Medina Jedida,2013.0,136.0,Non,Non,Non précisé,Haut standing,3.0,2.0,Non,Oui,Oui,Non,Oui,Non,,Oui,Non,Oui
menzili,https://www.menzili.tn/annonce/s-4-jeffery-a-vendre-aux-jardins-de-carthage-tunis-jardindecarthage-114913,Appartement,895000.0,2023-05-08,Tunis,Jardin De Carthage,Jardins de Carthage,2016.0,256.0,Non,Non,Neuf,Haut standing,4.0,2.0,Oui,Oui,Oui,Non,Oui,Oui,3.0,Non,Non,Oui
menzili,https://www.menzili.tn/annonce/s-3-rana-a-vendre-aux-jardins-de-carthage-tunis-jardindecarthage-114903,Appartement,740000.0,2023-05-08,Tunis,Jardin De Carthage,Jardins de Carthage,2016.0,215.0,Non,Non,Neuf,Haut standing,3.0,2.0,Oui,Oui,Oui,Non,Oui,Oui,5.0,Oui,Non,Oui
menzili,https://www.menzili.tn/annonce/un-appartement-s-2-a-ain-zaghouan-el-wahat-mav1478-tunis-ainzaghouan-114871,Appartement,500000.0,2023-05-06,Tunis,Aïn Zaghouan,résidence emna,1100.0,200.0,Non,Non,Non précisé,Moyen standing,2.0,1.0,Non,Non,Oui,Non,Oui,Oui,0.0,Non,Non,Non
menzili,https://www.menzili.tn/annonce/un-appartement-s-1-au-kram-zav1483-tunis-lekram-114856,Appartement,105000.0,2023-05-06,Tunis,Le Kram,Résidence meriem le kram,2015.0,65.0,Non,Non,Non précisé,Haut standing,1.0,1.0,Oui,Oui,Oui,Non,Oui,Non,,Non,Non,Non
menzili,https://www.menzili.tn/annonce/un-appartement-s-1-a-la-soukra-mav1487-ariana-lasoukra-114781,Appartement,210000.0,2023-05-05,Ariana,La Soukra,Résidence khadija,2036.0,52.0,Non,Non,Non précisé,Haut standing,1.0,1.0,Oui,Oui,Oui,Non,Oui,Non,,Non,Non,Non
menzili,https://www.menzili.tn/annonce/un-appartement-meuble-neuf-a-cite-la-sante-bizerte-bizerte-bizertenord-107203,Appartement,,2023-01-17,Bizerte,Bizerte Nord,cité la santé,7000.0,65.0,Non,Oui,Neuf,Moyen standing,1.0,,Non,Non,Oui,Non,Non,Non,,Non,Non,Oui
menzili,https://www.menzili.tn/annonce/n-appartement-s-3-a-la-marsa-mav1484-tunis-lamarsa-114751,Appartement,850000.0,2023-05-05,Tunis,La Marsa,a coté de lycée cailloux,2070.0,186.0,Non,Non,Non précisé,Moyen standing,3.0,2.0,Oui,Non,Oui,Non,Oui,Non,,Non,Non,Non
menzili,https://www.menzili.tn/annonce/un-appartement-s-2-aux-jardins-de-carthage-zav0236-tunis-lamarsa-114738,Appartement,550000.0,2023-05-05,Tunis,La Marsa,Ilys Rsd jardin de carthage,2070.0,136.0,Non,Non,Non précisé,Non précisé,2.0,2.0,Non,Non,Oui,Non,Oui,Oui,,Non,Non,Non
menzili,https://www.menzili.tn/annonce/un-appartement-s-3-a-gammarth-mav1278-tunis-lamarsa-114735,Appartement,450000.0,2023-05-05,Tunis,La Marsa,gammarth village,2070.0,165.0,Non,Non,Non précisé,Haut standing,3.0,2.0,Oui,Non,Oui,Non,Oui,Non,,Non,Non,Non
menzili,https://www.menzili.tn/annonce/un-appartement-s-3-a-chotrana-1-la-soukra-mav1452-ariana-chotrana-114732,Appartement,,2023-05-05,Ariana,Chotrana,résidence cyrine,2086.0,175.0,Non,Non,Non précisé,Moyen standing,3.0,3.0,Oui,Oui,Oui,Non,Oui,Non,,Non,Non,Non
menzili,https://www.menzili.tn/annonce/appart-sibel-a-vendre-a-ennaser-ariana-ennasr-114707,Appartement,275000.0,2023-05-04,Ariana,Ennasr,ennaser,2037.0,98.0,Non,Non,Non précisé,Non précisé,2.0,1.0,Non,Non,Oui,Non,Non,Non,6.0,Non,Non,Non
menzili,https://www.menzili.tn/annonce/un-rez-de-chaussee-s-3-a-vendre-a-hammem-sousse-sousse-hammamsousse-101108,Appartement,320000.0,2022-11-03,Sousse,Hammam Sousse,Hammam Sousse,4011.0,170.0,Non,Non,Non précisé,Non précisé,3.0,1.0,Non,Non,Oui,Non,Non,Non,0.0,Non,Non,Non
menzili,https://www.menzili.tn/annonce/un-appartement-s-2-a-vendre-a-corniche-sousse-soussemedina-100056,Appartement,250000.0,2022-10-20,Sousse,Sousse Médina,Sousse Médina,1008.0,106.0,Titre Individuel,Non,Non précisé,Moyen standing,2.0,1.0,Non,Oui,Oui,Non,Oui,Non,3.0,Non,Non,Oui
menzili,https://www.menzili.tn/annonce/appart-sevda-a-vendre-a-menzah-1-ariana-menzah-114688,Appartement,400000.0,2023-05-03,Ariana,Menzah,menzah 1,1004.0,110.0,Non,Non,Non précisé,Non précisé,3.0,1.0,Non,Non,Oui,Non,Non,Non,0.0,Non,Non,Non
menzili,https://www.menzili.tn/annonce/appart-sevda-a-vendre-a-menzah-1-ariana-menzah-114686,Appartement,400000.0,2023-05-03,Ariana,Menzah,menzah1,1004.0,110.0,Non,Non,Non précisé,Non précisé,3.0,1.0,Non,Non,Oui,Non,Non,Non,0.0,Non,Non,Non
menzili,https://www.menzili.tn/annonce/appart-dariane-a-vendre-d-ezzahra-benarous-ezzahra-114682,Appartement,189000.0,2023-05-03,Ben Arous,Ezzahra,Ezzahra,2034.0,105.0,Non,Non,Non précisé,Non précisé,2.0,1.0,Non,Non,Oui,Non,Non,Non,2.0,Non,Non,Non
menzili,https://www.menzili.tn/annonce/un-appartement-s-1-aux-jardins-de-carthage-tunis-jardindecarthage-114640,Appartement,,2023-05-02,Tunis,Jardin De Carthage,Jardin De Carthage,2016.0,100.0,Non,Non,Non précisé,Moyen standing,1.0,1.0,Non,Non,Oui,Non,Oui,Oui,,Non,Non,Non
menzili,https://www.menzili.tn/annonce/vendo-immobiliere-vous-propose-des-appartements-s2-s3-duplex-sousse-soussemedina-114631,Appartement,3500.0,2023-05-02,Sousse,Sousse Médina,Sousse Médina,1008.0,130.0,Non,Oui,Non précisé,Luxe,3.0,2.0,Oui,Non,Oui,Oui,Oui,Oui,3.0,Oui,Non,Non
menzili,https://www.menzili.tn/annonce/vendo-immobiliere-vous-propose-des-appartements-s1-s2-s3-sousse-sahloul-114630,Appartement,3100.0,2023-05-02,Sousse,Sahloul,Sahloul,4054.0,149.0,Non,Oui,Non précisé,Moyen standing,3.0,2.0,Non,Non,Oui,Non,Oui,Non,3.0,Oui,Non,Oui
menzili,https://www.menzili.tn/annonce/appartement-s-2-aux-jardin-de-carthage-mav1411-tunis-jardindecarthage-114626,Appartement,,2023-05-02,Tunis,Jardin De Carthage,les jardins de Carthage,2016.0,100.0,Non,Non,Non précisé,Moyen standing,2.0,1.0,Non,Non,Oui,Non,Oui,Oui,,Non,Non,Non
menzili,https://www.menzili.tn/annonce/appartement-s-2-avec-jardin-a-vendre-a-chotrana-1-mav0253-ariana-lasoukra-114620,Appartement,378000.0,2023-05-02,Ariana,La Soukra,Chotrana 1,2036.0,160.0,Non,Non,Non précisé,Haut standing,2.0,1.0,Oui,Non,Oui,Non,Oui,Oui,0.0,Non,Non,Non
menzili,https://www.menzili.tn/annonce/appartement-s-2-a-vendre-aux-jardins-de-carthage-mav1470-tunis-jardindecarthage-114618,Appartement,680000.0,2023-05-02,Tunis,Jardin De Carthage,les jardins de Carthage,2016.0,156.0,Non,Non,Non précisé,Moyen standing,2.0,1.0,Non,Oui,Oui,Non,Oui,Oui,,Non,Non,Oui
menzili,https://www.menzili.tn/annonce/terrain-hunday-a-vendre-a-borj-touil-ariana-raoued-114616,Appartement,300000.0,2023-05-02,Ariana,Raoued,borj touil,2083.0,40000.0,Non,Non,Non précisé,Non précisé,,,Non,Non,Oui,Non,Non,Non,,Non,Non,Non
menzili,https://www.menzili.tn/annonce/appartement-s-3-a-vendre-aux-jardins-de-carthage-tunis-jardindecarthage-114609,Appartement,560000.0,2023-05-02,Tunis,Jardin De Carthage,Jardins de Carthage,2016.0,158.0,Non,Non,Non précisé,Haut standing,3.0,1.0,Oui,Non,Oui,Non,Non,Oui,1.0,Non,Non,Non
menzili,https://www.menzili.tn/annonce/appartement-s-plus-3-benarous-boumhel-114591,Appartement,235000000.0,2023-04-30,Ben Arous,Boumhel,boumhel bassatine,2013.0,108.0,Non,Non,Neuf,Haut standing,3.0,1.0,Oui,Non,Oui,Non,Oui,Non,,Oui,Non,Non
menzili,https://www.menzili.tn/annonce/rdc-de-villa-aena-a-vendre-a-boumhal-benarous-boumhel-114572,Appartement,145000.0,2023-04-29,Ben Arous,Boumhel,54670670,2013.0,80.0,Non,Non,Non précisé,Non précisé,2.0,1.0,Non,Non,Oui,Non,Non,Non,1.0,Non,Non,Non
menzili,https://www.menzili.tn/annonce/vendre-appartement-manouba-manoubaville-114569,Appartement,,2023-04-29,Manouba,Manouba Ville,Résidence elmoktar,2010.0,110.0,Non,Non,Non précisé,Moyen standing,3.0,1.0,Non,Non,Oui,Non,Oui,Non,4.0,Oui,Non,Non
menzili,https://www.menzili.tn/annonce/appart-danial-a-vendre-a-menzah-7-ariana-arianaville-114545,Appartement,180000.0,2023-04-28,Ariana,Ariana Ville,menzah 7,2080.0,110.0,Non,Non,Non précisé,Non précisé,3.0,2.0,Non,Non,Oui,Non,Non,Non,,Oui,Non,Non
menzili,https://www.menzili.tn/annonce/etage-de-villa-enara-a-vendre-d-el-ouardia-tunis-elouardia-114539,Appartement,170000.0,2023-04-28,Tunis,El Ouardia,El Ouardia,1000.0,180.0,Non,Non,Non précisé,Non précisé,3.0,1.0,Non,Oui,Oui,Non,Non,Non,1.0,Non,Non,Non
menzili,https://www.menzili.tn/annonce/s-3-angham-a-vendre-a-la-soukra-ariana-lasoukra-114529,Appartement,320000.0,2023-04-28,Ariana,La Soukra,la soukra,2036.0,153.0,Non,Non,Non précisé,Haut standing,3.0,1.0,Oui,Non,Oui,Non,Oui,Non,2.0,Non,Non,Oui
menzili,https://www.menzili.tn/annonce/appartement-a-hergla-a-vendre-sousse-hergla-114521,Appartement,,2023-04-27,Sousse,Hergla,HERGLA,4000.0,,Non,Non,Non précisé,Non précisé,2.0,1.0,Non,Non,Oui,Non,Non,Non,0.0,Non,Non,Non
menzili,https://www.menzili.tn/annonce/appart-wesley-a-vendre-a-bizerte-bizerte-bizertenord-114518,Appartement,350000.0,2023-04-27,Bizerte,Bizerte Nord,Bizerte Nord,7000.0,128.0,Non,Non,Non précisé,Non précisé,3.0,1.0,Non,Oui,Oui,Non,Non,Non,3.0,Non,Non,Non
menzili,https://www.menzili.tn/annonce/s-3-jessy-a-vendre-a-la-soukra-ariana-lasoukra-114505,Appartement,380000.0,2023-04-27,Ariana,La Soukra,La Soukra,2036.0,150.0,Non,Non,Non précisé,Haut standing,1.0,1.0,Oui,Oui,Oui,Non,Oui,Oui,0.0,Non,Non,Oui
menzili,https://www.menzili.tn/annonce/s-1-rita-a-vendre-a-ain-zaghouan-nord-tunis-ainzaghouan-114503,Appartement,240000.0,2023-04-27,Tunis,Aïn Zaghouan,ain zaghouan nord,1100.0,78.0,Non,Non,Non précisé,Haut standing,1.0,1.0,Oui,Non,Oui,Non,Oui,Non,0.0,Non,Non,Oui
menzili,https://www.menzili.tn/annonce/s-3-dana-a-vendre-a-ain-zaghouan-nord-tunis-ainzaghouan-114501,Appartement,470000.0,2023-04-27,Tunis,Aïn Zaghouan,ain zaghouan nord,1100.0,160.0,Non,Non,Non précisé,Haut standing,3.0,3.0,Oui,Oui,Oui,Non,Oui,Non,2.0,Non,Non,Oui
menzili,https://www.menzili.tn/annonce/appartement-s-3-a-vendre-route-seltnia-km5-sfax-sakieteddaier-114452,Appartement,135000.0,2023-04-25,Sfax,Sakiet Eddaïer,Sakiet Eddaïer,3011.0,105.0,Non,Non,Non précisé,Non précisé,3.0,1.0,Non,Non,Oui,Non,Non,Non,1.0,Non,Non,Non
menzili,https://www.menzili.tn/annonce/particulier-cede-un-coquet-appartement-a-mourouj-6-benarous-elmourouj-114398,Appartement,215000.0,2023-04-24,Ben Arous,Mourouj 6,derrière kiosque Agil,2074.0,72.0,Titre Individuel,Non,Bon état,Haut standing,3.0,1.0,Oui,Oui,Oui,Non,Oui,Oui,3.0,Oui,Oui,Non
menzili,https://www.menzili.tn/annonce/s-3-carmen-a-vendre-a-la-soukra-ariana-chotrana-114388,Appartement,500000.0,2023-04-24,Ariana,Chotrana,chotrana 1 la soukra,2086.0,160.0,Non,Non,Non précisé,Haut standing,3.0,2.0,Oui,Oui,Oui,Non,Oui,Non,1.0,Non,Non,Non
menzili,https://www.menzili.tn/annonce/appartement-vue-mer-s-1-sousse-sousse-soussemedina-114330,Appartement,265000.0,2023-04-20,Sousse,Corniche,Sousse,4000.0,80.0,Non,Oui,Non précisé,Haut standing,1.0,2.0,Non,Non,Oui,Non,Oui,Non,1.0,Oui,Non,Oui
menzili,https://www.menzili.tn/annonce/appartement-pieds-dans-l-eau-nabeul-kelibia-114221,Appartement,,2023-04-17,Nabeul,Kélibia,kelibia LA BLANCHE,8090.0,150.0,Non,Oui,Non précisé,Haut standing,,,Non,Non,Oui,Non,Oui,Non,,Non,Non,Oui
menzili,https://www.menzili.tn/annonce/appartement-s-3-a-vendre-a-la-falaise-de-monastir-monastir-monastir-114299,Appartement,,2023-04-19,Monastir,Monastir,Monastir,5000.0,125.0,Non,Non,Non précisé,Moyen standing,3.0,,Non,Non,Oui,Non,Oui,Non,1.0,Non,Non,Oui
menzili,https://www.menzili.tn/annonce/des-appartements-s1-front-de-mer-sousse-kantaoui-97931,Appartement,260000.0,2022-10-05,Sousse,Gouvernorat Souss,Chott Mariem,4000.0,6214.0,Non,Oui,Non précisé,Luxe,1.0,2.0,Non,Non,Oui,Oui,Oui,Oui,,Oui,Non,Oui
menzili,https://www.menzili.tn/annonce/des-appartements-a-quelques-pas-de-la-belle-plage-de-hammamet-sud-nabeul-hammametsud-98185,Appartement,390000.0,2022-10-06,Nabeul,Hammamet Sud,Hammamet Sud,8050.0,8828.0,Non,Oui,Non précisé,Haut standing,2.0,1.0,Non,Non,Oui,Oui,Oui,Oui,,Oui,Non,Oui
menzili,https://www.menzili.tn/annonce/s-2-pamela-a-vendre-A-la-soukra-ariana-lasoukra-114263,Appartement,250000.0,2023-04-19,Ariana,La Soukra,la soukra,2036.0,89.0,Non,Non,Non précisé,Haut standing,2.0,1.0,Oui,Oui,Oui,Non,Oui,Non,4.0,Oui,Non,Oui
menzili,https://www.menzili.tn/annonce/a-ventre-un-appartement-a-el-menzeh1-tunis-mutuelleville-114259,Appartement,,2023-04-18,Tunis,Mutuelleville,16 rue tarek ibn zied menzeh 5,1082.0,110.0,Non,Non,Rénové,Non précisé,4.0,1.0,Non,Non,Oui,Oui,Non,Oui,1.0,Non,Non,Non
menzili,https://www.menzili.tn/annonce/s-2-sahloul-a-vendre-sousse-sahloul-114189,Appartement,270000.0,2023-04-17,Sousse,Sahloul,sahloul,4054.0,90.0,Non,Non,Non précisé,Haut standing,2.0,1.0,Oui,Oui,Oui,Non,Oui,Non,5.0,Oui,Non,Oui
menzili,https://www.menzili.tn/annonce/un-appartement-a-kelibia-nabeul-kelibia-114165,Appartement,140000.0,2023-04-16,Nabeul,Kélibia,Kélibia,8000.0,105.0,Non,Non,Non précisé,Non précisé,2.0,1.0,Oui,Non,Oui,Non,Non,Non,2.0,Non,Non,Non
menzili,https://www.menzili.tn/annonce/3-appartements-a-hammamet-sud-51355351-nabeul-hammametsud-114140,Appartement,,2023-04-15,Nabeul,Hammamet Sud,Hammamet Sud,8050.0,,Non,Non,Non précisé,Non précisé,,,Non,Non,Oui,Non,Non,Non,,Non,Non,Non
menzili,https://www.menzili.tn/annonce/a-vendre-un-appartement-s-3-a-hay-riadh-sousse-sousseriadh-109654,Appartement,190000.0,2023-02-08,Sousse,Sousse Riadh,Sousse Riadh,4000.0,130.0,Non,Non,Non précisé,Moyen standing,3.0,1.0,Non,Non,Oui,Non,Oui,Non,,Non,Non,Oui
menzili,https://www.menzili.tn/annonce/appartement-pied-dans-l-eau-a-vendre-a-nabeul-51355351-nabeul-nabeul-114117,Appartement,295000.0,2023-04-14,Nabeul,Nabeul,Nabeul,8000.0,,Non,Non,Non précisé,Non précisé,,,Non,Non,Oui,Non,Non,Non,,Non,Non,Non
menzili,https://www.menzili.tn/annonce/appartement-a-ezzahra-s1-meuble-hst-benarous-ezzahra-114115,Appartement,,2023-04-14,Ben Arous,Ezzahra,Ezzahra,2034.0,80.0,Non,Non,Non précisé,Haut standing,1.0,1.0,Oui,Non,Oui,Non,Oui,Non,,Oui,Non,Oui
menzili,https://www.menzili.tn/annonce/appartement-a-ezzahra-s2-benarous-boumhel-114107,Appartement,190000.0,2023-04-14,Ben Arous,Boumhel,Boumhel,2013.0,94.0,Oui,Non,Non précisé,Moyen standing,2.0,1.0,Oui,Non,Oui,Non,Oui,Non,,Non,Non,Non
menzili,https://www.menzili.tn/annonce/appartement-boumhal-bel-air-s3-benarous-boumhel-114105,Appartement,260000.0,2023-04-14,Ben Arous,Boumhel,boumhal,2013.0,120.0,Non,Non,Rénové,Haut standing,3.0,1.0,Oui,Oui,Oui,Non,Oui,Non,,Non,Non,Non
menzili,https://www.menzili.tn/annonce/etage-de-villa-nohra-a-vendre-a-carthage-el-yasmina-tunis-carthage-114104,Appartement,185000.0,2023-04-14,Tunis,Carthage,Carthage,2016.0,125.0,Non,Non,Non précisé,Non précisé,2.0,1.0,Non,Oui,Oui,Non,Non,Non,1.0,Non,Non,Non
menzili,https://www.menzili.tn/annonce/appartement-s-1-a-vendre-a-nabeul-51355351-nabeul-nabeul-114098,Appartement,168000.0,2023-04-14,Nabeul,Nabeul,Nabeul,8000.0,60.0,Titre Bleu,Non,Non précisé,Non précisé,1.0,1.0,Non,Non,Oui,Non,Non,Non,2.0,Non,Non,Non
menzili,https://www.menzili.tn/annonce/a-vendre-appartement-a-zi-ksar-said-manouba-douarhicher-114059,Appartement,120000.0,2023-04-13,Manouba,BC Cité l'ére nouvelle Douar Hicher Douar Hicher,1,2010.0,80.0,Non,Non,Non précisé,Non précisé,3.0,1.0,Non,Non,Oui,Non,Non,Non,,Non,Non,Non
menzili,https://www.menzili.tn/annonce/s-3-maxine-a-vendre-aux-jardins-de-carthage-tunis-jardindecarthage-114015,Appartement,650000.0,2023-04-11,Tunis,Jardin De Carthage,Jardins de Carthage,2016.0,153.0,Non,Non,Non précisé,Haut standing,3.0,2.0,Oui,Oui,Oui,Non,Oui,Oui,,Non,Non,Non
menzili,https://www.menzili.tn/annonce/vente-appartement-s-3-aux-berges-du-lac-2-tunis-lamarsa-114013,Appartement,690000.0,2023-04-11,Tunis,La Marsa,La Marsa,2070.0,156.0,Non,Non,Non précisé,Haut standing,3.0,1.0,Non,Oui,Oui,Non,Oui,Non,,Oui,Non,Oui
menzili,https://www.menzili.tn/annonce/appart-ronza-a-vendre-a-sidi-sallem-bizerte-bizerte-bizertenord-113950,Appartement,140000.0,2023-04-10,Bizerte,Bizerte Nord,Bizerte Nord,7000.0,75.0,Non,Non,Non précisé,Non précisé,2.0,1.0,Non,Oui,Oui,Non,Non,Non,3.0,Non,Non,Non
menzili,https://www.menzili.tn/annonce/a-vendre-s-3-sousse-hammamsousse-113943,Appartement,,2023-04-10,Sousse,Hammam Sousse,rue mokhtar attiri hammam sousse route de la plage,4011.0,126.0,Non,Oui,Non précisé,Haut standing,3.0,1.0,Non,Non,Oui,Non,Oui,Non,5.0,Oui,Non,Oui
menzili,https://www.menzili.tn/annonce/terrain-entre-sakiet-ezzit-et-chihia-km-6-5-sfax-sakietezzit-113931,Appartement,150000.0,2023-04-08,Sfax,Sakiet Ezzit,Terrain entre Sakiet Ezzit et Chihia Km 6.5,3021.0,522.0,Non,Non,Non précisé,Non précisé,,,Non,Non,Oui,Non,Non,Non,,Non,Non,Non
menzili,https://www.menzili.tn/annonce/rdc-de-villa-bouraq-a-vendre-a-monfleury-tunis-sidielbechir-113910,Appartement,280000.0,2023-04-08,Tunis,Sidi El Béchir,Sidi El Béchir,1002.0,202.0,Non,Non,Non précisé,Non précisé,2.0,2.0,Non,Non,Oui,Non,Non,Non,1.0,Non,Non,Non
menzili,https://www.menzili.tn/annonce/appart-max-A-vendre-A-l-aouina-tunis-laouina-113898,Appartement,480000.0,2023-04-08,Tunis,L'aouina,el aouina,1000.0,190.0,Non,Non,Non précisé,Haut standing,4.0,2.0,Non,Non,Oui,Non,Oui,Non,6.0,Non,Non,Oui
menzili,https://www.menzili.tn/annonce/vente-appartement-s-2-neuf-a-la-marsa-tunis-lamarsa-113872,Appartement,395000.0,2023-04-07,Tunis,La Marsa,La Marsa,2070.0,60.0,Non,Non,Neuf,Haut standing,2.0,1.0,Non,Oui,Oui,Non,Oui,Non,2.0,Oui,Non,Oui
menzili,https://www.menzili.tn/annonce/a-vendre-appartement-a-l-aouina-dans-une-residence-tres-calme-tunis-laouina-113860,Appartement,,2023-04-07,Tunis,L'aouina,L'aouina,1000.0,123.0,Titre Bleu,Non,Non précisé,Non précisé,3.0,2.0,Non,Oui,Oui,Non,Oui,Non,,Non,Non,Non
menzili,https://www.menzili.tn/annonce/A-vendre-s-3-tres-spacieux-haut-standing-a-la-chattmeriem-sousse-akouda-113853,Appartement,420000.0,2023-04-07,Sousse,Akouda,Akouda,4022.0,123.0,Non,Non,Non précisé,Haut standing,3.0,1.0,Non,Non,Oui,Non,Non,Non,4.0,Non,Non,Non
menzili,https://www.menzili.tn/annonce/appartement-a-vendre-a-chouchet-rades-benarous-rades-113843,Appartement,,2023-04-07,Ben Arous,Radès,Radès,2013.0,109.0,Oui,Non,Non précisé,Moyen standing,2.0,1.0,Oui,Non,Oui,Non,Non,Non,3.0,Oui,Non,Non
menzili,https://www.menzili.tn/annonce/appartement-s-3-a-vendre-citE-la-gazelle-ariana-ghazela-113842,Appartement,260000.0,2023-04-07,Ariana,Ghazela,Ghazela,2080.0,134.0,Oui,Non,Bon état,Haut standing,3.0,2.0,Oui,Oui,Oui,Non,Oui,Non,5.0,Oui,Non,Oui
menzili,https://www.menzili.tn/annonce/appartement-s-2-meuble-a-vendre-a-sidi-mahrsi-51355351-nabeul-nabeul-113838,Appartement,,2023-04-06,Nabeul,Nabeul,Nabeul,8000.0,,Non,Non,Non précisé,Non précisé,,,Non,Non,Oui,Non,Non,Non,,Non,Non,Non
menzili,https://www.menzili.tn/annonce/appart-soula-a-vendre-a-enkhilette-ariana-raoued-113832,Appartement,260000.0,2023-04-06,Ariana,Raoued,ennkhilette,2083.0,,Non,Non,Non précisé,Non précisé,3.0,1.0,Non,Oui,Oui,Non,Non,Non,5.0,Non,Non,Non
menzili,https://www.menzili.tn/annonce/appart-soltana-a-vendre-a-ariana-essoghra-ariana-raoued-113818,Appartement,340000.0,2023-04-06,Ariana,Raoued,ariana essoughra,2083.0,120.0,Non,Non,Neuf,Non précisé,2.0,1.0,Non,Oui,Oui,Non,Non,Non,1.0,Non,Non,Non
menzili,https://www.menzili.tn/annonce/a-vendre-un-appartement-s-2-a-corniche-sousse-sousse-sousseriadh-109649,Appartement,250000.0,2023-02-08,Sousse,Sousse Riadh,Sousse Riadh,4000.0,106.0,Titre Individuel,Non,Non précisé,Moyen standing,2.0,1.0,Non,Oui,Oui,Non,Oui,Non,,Non,Non,Oui
menzili,https://www.menzili.tn/annonce/appartement-pied-dans-l-eau-a-vendre-a-nabeul-51355351-nabeul-nabeul-113806,Appartement,300000.0,2023-04-06,Nabeul,Nabeul,Nabeul,8000.0,106.0,Non,Non,Non précisé,Moyen standing,3.0,,Non,Non,Oui,Oui,Non,Non,,Non,Non,Non
menzili,https://www.menzili.tn/annonce/location-appartement-s-3-meuble-au-lac-2-tunis-lamarsa-113801,Appartement,3800.0,2023-04-06,Tunis,La Marsa,La Marsa,2070.0,180.0,Non,Non,Non précisé,Moyen standing,3.0,2.0,Oui,Oui,Oui,Non,Oui,Non,,Non,Non,Oui
menzili,https://www.menzili.tn/annonce/appart-manchester-a-vendre-a-ennasr-ariana-ennasr-113782,Appartement,235000.0,2023-04-05,Ariana,Ennasr,menzah@hsh.tn,2037.0,60.0,Non,Non,Non précisé,Non précisé,1.0,1.0,Non,Non,Oui,Non,Non,Non,,Oui,Non,Non
menzili,https://www.menzili.tn/annonce/appart-darine-a-vendre-a-ennaser-ariana-ennasr-113736,Appartement,235000.0,2023-04-04,Ariana,Ennasr,ennaser,2037.0,78.0,Non,Non,Non précisé,Haut standing,1.0,1.0,Non,Non,Oui,Non,Non,Non,2.0,Oui,Non,Non
menzili,https://www.menzili.tn/annonce/penthouse-khouri-a-vendre-a-gammarth-sup-tunis-lamarsa-113724,Appartement,1350000.0,2023-04-04,Tunis,La Marsa,La Marsa,2070.0,268.0,Non,Non,Non précisé,Luxe,2.0,2.0,Oui,Non,Oui,Non,Non,Non,,Non,Non,Non
menzili,https://www.menzili.tn/annonce/appartement-meuble-s-2-rdc-tout-neuf-a-vendre-a-hammamet-51355351-nabeul-hammamet-113717,Appartement,,2023-04-04,Nabeul,Hammamet,Hammamet,8050.0,80.0,Non,Non,Neuf,Non précisé,2.0,2.0,Non,Non,Oui,Non,Non,Non,0.0,Non,Non,Non
menzili,https://www.menzili.tn/annonce/votre-maison-de-vacance-vous-attends-a-monastir-monastir-monastir-113670,Appartement,265000.0,2023-04-03,Monastir,Tunisie.,Zone Touristique Dkhila-Monastir 5000,1000.0,68.0,Non,Non,Non précisé,Haut standing,1.0,1.0,Non,Non,Oui,Oui,Non,Oui,,Oui,Non,Oui
menzili,https://www.menzili.tn/annonce/appart-owen-A-vendre-A-la-soukra-ariana-lasoukra-113664,Appartement,400000.0,2023-04-03,Ariana,La Soukra,La Soukra,2036.0,170.0,Non,Non,Rénové,Haut standing,4.0,2.0,Non,Non,Oui,Non,Oui,Non,1.0,Non,Non,Oui
menzili,https://www.menzili.tn/annonce/appart-meerna-a-vendre-a-enkhilet-ariana-raoued-113663,Appartement,250000.0,2023-04-03,Ariana,Raoued,ennkhilet,2083.0,163.0,Non,Non,Non précisé,Non précisé,2.0,2.0,Non,Oui,Oui,Non,Non,Non,3.0,Non,Non,Non
menzili,https://www.menzili.tn/annonce/appartement-s-3-renove-a-mourouj-3-benarous-elmourouj-113653,Appartement,,2023-04-02,Ben Arous,El Mourouj 3,El Alia 2,2074.0,101.0,Non,Non,Rénové,Non précisé,4.0,1.0,Non,Non,Oui,Non,Non,Non,3.0,Non,Non,Oui
menzili,https://www.menzili.tn/annonce/appartement-rdc-avec-jardin-a-vendre-a-afh-mrezga-51355351-nabeul-mrezga-113640,Appartement,270000.0,2023-04-02,Nabeul,Mrezga,Mrezga,8058.0,,Non,Non,Non précisé,Non précisé,1.0,1.0,Non,Non,Oui,Oui,Non,Oui,0.0,Non,Non,Non
menzili,https://www.menzili.tn/annonce/a-vendre-appartement-neuf-a-centre-urbain-sousse-sousse-soussemedina-113638,Appartement,,2023-04-02,Sousse,Sousse Médina,Sousse Médina,1008.0,139.0,Non,Non,Neuf,Haut standing,3.0,1.0,Non,Non,Oui,Non,Oui,Non,4.0,Oui,Non,Oui
menzili,https://www.menzili.tn/annonce/appart-bryan-A-vendre-A-la-soukra-ariana-lasoukra-113604,Appartement,170000.0,2023-04-01,Ariana,La Soukra,La Soukra,2036.0,50.0,Non,Non,Neuf,Haut standing,1.0,1.0,Oui,Non,Oui,Non,Oui,Non,0.0,Non,Non,Non
menzili,https://www.menzili.tn/annonce/2-appartements-encours-de-finition-a-vendre-51355351-nabeul-hammametnord-113590,Appartement,,2023-04-01,Nabeul,Hammamet Nord,Hammamet Nord,8050.0,,Non,Non,Non précisé,Non précisé,,,Non,Non,Oui,Non,Non,Non,0.0,Non,Non,Non
menzili,https://www.menzili.tn/annonce/appart-cameron-A-vendre-A-la-soukra-ariana-lasoukra-113588,Appartement,450000.0,2023-04-01,Ariana,La Soukra,La Soukra,2036.0,125.0,Non,Non,Non précisé,Haut standing,2.0,2.0,Oui,Oui,Oui,Oui,Oui,Non,2.0,Non,Non,Oui
menzili,https://www.menzili.tn/annonce/s-3-a-vendre-a-hergla-avec-place-de-parking-sous-sol-sousse-hergla-113563,Appartement,250000.0,2023-03-31,Sousse,Hergla,AFH Hergla,4000.0,130.0,Non,Non,Non précisé,Moyen standing,3.0,1.0,Oui,Non,Oui,Non,Non,Non,,Oui,Non,Non
menzili,https://www.menzili.tn/annonce/appart-afif-a-vendre-a-kelibia-nabeul-kelibia-113548,Appartement,190000.0,2023-03-31,Nabeul,Kélibia,Kélibia,8000.0,107.0,Non,Oui,Non précisé,Haut standing,2.0,1.0,Non,Non,Oui,Non,Non,Non,4.0,Non,Non,Non
menzili,https://www.menzili.tn/annonce/appart-arslan-a-vendre-d-el-mourouj-benarous-elmourouj-113544,Appartement,125000.0,2023-03-31,Ben Arous,El Mourouj,54670670,2074.0,86.0,Non,Non,Non précisé,Non précisé,2.0,1.0,Non,Non,Oui,Non,Non,Non,3.0,Non,Non,Non
menzili,https://www.menzili.tn/annonce/appartement-type-s-3-a-proximite-du-mosquee-fatma-ezahra-sousse-hammamsousse-113519,Appartement,,2023-03-30,Sousse,Hammam Sousse,Hammam Sousse,4011.0,70.0,Non,Non,Non précisé,Non précisé,3.0,1.0,Non,Oui,Oui,Non,Non,Non,1.0,Non,Non,Non
menzili,https://www.menzili.tn/annonce/appartement-rdc-avec-jardin-a-vendre-a-sidi-mahrsi-51355351n-nabeul-nabeul-113465,Appartement,370000.0,2023-03-29,Nabeul,Nabeul,Nabeul,8000.0,100.0,Non,Non,Non précisé,Moyen standing,2.0,1.0,Non,Non,Oui,Non,Oui,Oui,0.0,Non,Non,Oui
menzili,https://www.menzili.tn/annonce/studio-yolyous-a-vendre-a-sidi-bou-said-tunis-carthage-113451,Appartement,320000.0,2023-03-29,Tunis,Carthage,54670670,2016.0,50.0,Non,Non,Non précisé,Non précisé,1.0,1.0,Non,Non,Oui,Non,Non,Oui,,Non,Non,Non
menzili,https://www.menzili.tn/annonce/appart-greece-a-vendre-a-cite-ghazala-ariana-ghazela-113438,Appartement,170000.0,2023-03-29,Ariana,Ghazela,ghazala,2080.0,63.0,Non,Non,Non précisé,Non précisé,1.0,1.0,Non,Non,Oui,Non,Non,Non,2.0,Non,Non,Non
menzili,https://www.menzili.tn/annonce/vente-ennasr-s-2-jardin-et-courette-ariana-ennasr-113408,Appartement,,2023-03-28,Ariana,Ennasr,Ennasr,2037.0,160.0,Non,Non,Non précisé,Haut standing,2.0,2.0,Oui,Non,Oui,Non,Oui,Oui,1.0,Oui,Non,Oui
menzili,https://www.menzili.tn/annonce/appartement-a-vendre-a-ennaser-2-ariana-arianaville-113376,Appartement,,2023-03-28,Ariana,Ariana Ville,Ariana Ville,2080.0,78.0,Non,Non,Non précisé,Haut standing,1.0,1.0,Oui,Oui,Oui,Non,Oui,Non,2.0,Oui,Non,Oui
menzili,https://www.menzili.tn/annonce/a-vendre-03-maisons-gabes-gabessud-113359,Appartement,,2023-03-27,Gabès,Gabès Sud,cite ibn khouldoun gabes,6000.0,220.0,Non,Non,Non précisé,Non précisé,7.0,3.0,Non,Non,Oui,Non,Non,Oui,1.0,Non,Non,Non
menzili,https://www.menzili.tn/annonce/etage-de-villa-shams-a-vendre-a-rades-meliane-benarous-rades-113340,Appartement,320000.0,2023-03-27,Ben Arous,Radès,Radès,2013.0,150.0,Non,Non,Non précisé,Haut standing,3.0,1.0,Non,Non,Oui,Non,Non,Non,1.0,Non,Non,Non
menzili,https://www.menzili.tn/annonce/appart-hawally-a-vendre-d-ezzahra-benarous-ezzahra-113338,Appartement,150000.0,2023-03-27,Ben Arous,Ezzahra,Ezzahra,2034.0,65.0,Non,Non,Non précisé,Non précisé,2.0,1.0,Non,Non,Oui,Non,Non,Non,3.0,Oui,Non,Non
menzili,https://www.menzili.tn/annonce/appart-salmiya-a-vendre-d-ezzahra-benarous-ezzahra-113336,Appartement,180000.0,2023-03-27,Ben Arous,Ezzahra,Ezzahra,2034.0,75.0,Non,Non,Non précisé,Non précisé,2.0,1.0,Non,Non,Oui,Non,Non,Non,1.0,Oui,Non,Non
menzili,https://www.menzili.tn/annonce/a-borj-cedria-s-2-haut-standing-benarous-borjcedria-113269,Appartement,170000.0,2023-03-25,Ben Arous,Borj Cedria,Borj Cedria,2013.0,111.0,Non,Oui,Non précisé,Haut standing,2.0,,Non,Non,Oui,Non,Oui,Non,5.0,Oui,Non,Oui
menzili,https://www.menzili.tn/annonce/appart-les-roses-A-vendre-A-bhar-lazreg-tunis-lamarsa-113247,Appartement,374000.0,2023-03-24,Tunis,La Marsa,bhar lazrak,2070.0,140.0,Non,Non,Neuf,Haut standing,3.0,2.0,Oui,Oui,Oui,Non,Oui,Non,2.0,Oui,Non,Oui
menzili,https://www.menzili.tn/annonce/des-appartements-s2-sur-plan-la-marsa-tunis-lamarsa-113216,Appartement,810000.0,2023-03-24,Tunis,La Marsa,Rue Abdallah Ibn Omar,2070.0,90.0,Non,Non,Non précisé,Moyen standing,2.0,1.0,Non,Non,Oui,Non,Oui,Non,1.0,Oui,Non,Non
menzili,https://www.menzili.tn/annonce/s-2-en-vente-a-kantaoui-sousse-kantaoui-113089,Appartement,1000000.0,2023-03-22,Sousse,Kantaoui,La baie des anges,4089.0,170.0,Non,Non,Bon état,Haut standing,2.0,2.0,Oui,Non,Oui,Non,Oui,Non,,Oui,Non,Non
menzili,https://www.menzili.tn/annonce/a-vendre-spacieux-appartement-s-2-a-sahloul-sousse-soussesidiabdelhamid-113193,Appartement,280000.0,2023-03-23,Sousse,Sousse Sidi Abdelhamid,Sahloul4,4000.0,118.0,Titre Individuel,Non,Non précisé,Haut standing,2.0,1.0,Oui,Non,Oui,Non,Oui,Non,5.0,Oui,Non,Oui
menzili,https://www.menzili.tn/annonce/a-vendre-appartement-s3-a-chott-meriem-sousse-akouda-113189,Appartement,285000.0,2023-03-23,Sousse,Akouda,Chatt Meriem,4022.0,120.0,Oui,Oui,Non précisé,Haut standing,3.0,2.0,Oui,Oui,Oui,Oui,Oui,Non,4.0,Oui,Non,Oui
menzili,https://www.menzili.tn/annonce/appart-leandro-a-vendre-a-l-aouina-tunis-laouina-113138,Appartement,317000.0,2023-03-22,Tunis,L'aouina,les jardins de l'aouina,1000.0,110.0,Non,Non,Neuf,Haut standing,2.0,1.0,Oui,Oui,Oui,Non,Oui,Non,3.0,Non,Non,Non
menzili,https://www.menzili.tn/annonce/s-2-a-vendre-a-kantaoui-proche-de-la-mer-sousse-kantaoui-113096,Appartement,220000.0,2023-03-22,Sousse,Kantaoui,kantaoui proche de la mer,4089.0,96.0,Non,Non,Non précisé,Non précisé,,1.0,Non,Oui,Oui,Non,Oui,Non,,Non,Non,Non
menzili,https://www.menzili.tn/annonce/s-2-a-vendre-a-kantaoui-sousse-kantaoui-113094,Appartement,215000.0,2023-03-22,Sousse,Kantaoui,kantaoui,4089.0,64.0,Non,Non,Non précisé,Non précisé,2.0,1.0,Non,Oui,Oui,Non,Oui,Non,,Non,Non,Non
menzili,https://www.menzili.tn/annonce/appart-jack-a-vendre-a-l-aouina-tunis-laouina-113088,Appartement,209000.0,2023-03-22,Tunis,L'aouina,el aouina,1000.0,70.0,Non,Non,Neuf,Haut standing,1.0,1.0,Oui,Oui,Oui,Non,Oui,Non,1.0,Non,Non,Oui
menzili,https://www.menzili.tn/annonce/s-1-en-vente-a-kantaoui-sousse-kantaoui-113086,Appartement,260000.0,2023-03-22,Sousse,Kantaoui,kantaoui,4089.0,,Non,Non,Non précisé,Non précisé,1.0,1.0,Non,Oui,Oui,Non,Non,Non,,Non,Non,Non
menzili,https://www.menzili.tn/annonce/s-2-en-vente-kantaoui-sousse-kantaoui-113082,Appartement,495000.0,2023-03-22,Sousse,Kantaoui,kantaoui,4089.0,139.0,Non,Non,Non précisé,Haut standing,2.0,1.0,Oui,Oui,Oui,Oui,Oui,Non,,Oui,Non,Oui
menzili,https://www.menzili.tn/annonce/a-vendre-appartement-s2-vue-mer-a-el-kantaoui-sousse-kantaoui-113024,Appartement,950000.0,2023-03-21,Sousse,Kantaoui,El Kantaoui,4089.0,100.0,Non,Oui,Non précisé,Luxe,3.0,2.0,Oui,Non,Oui,Non,Oui,Non,0.0,Non,Non,Oui
menzili,https://www.menzili.tn/annonce/appart-jules-a-vendre-a-ain-zaghouan-nord-tunis-ainzaghouan-113018,Appartement,300000.0,2023-03-21,Tunis,Aïn Zaghouan,ain zaghouan nord,1100.0,110.0,Non,Non,Non précisé,Haut standing,3.0,1.0,Non,Non,Oui,Non,Oui,Non,2.0,Non,Non,Oui
menzili,https://www.menzili.tn/annonce/appart-dayli-a-vendre-a-ennkhilet-ariana-raoued-113000,Appartement,240000.0,2023-03-21,Ariana,Raoued,ennkhilet,2083.0,135.0,Non,Non,Non précisé,Non précisé,3.0,2.0,Non,Oui,Oui,Non,Non,Non,5.0,Non,Non,Non
menzili,https://www.menzili.tn/annonce/vente-studio-a-la-marsa-tunis-lamarsa-112979,Appartement,140000.0,2023-03-20,Tunis,La Marsa,La Marsa,2070.0,40.0,Non,Non,Non précisé,Haut standing,1.0,1.0,Oui,Non,Oui,Non,Oui,Non,2.0,Non,Non,Oui
menzili,https://www.menzili.tn/annonce/vente-appartement-s-2-neuf-a-hammamet-tunis-lamarsa-112971,Appartement,4990000.0,2023-03-20,Tunis,La Marsa,La Marsa,2070.0,180.0,Non,Non,Neuf,Haut standing,2.0,2.0,Oui,Non,Oui,Non,Oui,Non,3.0,Oui,Non,Oui
menzili,https://www.menzili.tn/annonce/vente-appartement-s-1-a-la-marsa-tunis-lamarsa-112969,Appartement,350000.0,2023-03-20,Tunis,La Marsa,La Marsa,2070.0,80.0,Non,Non,Non précisé,Haut standing,1.0,1.0,Oui,Non,Oui,Non,Oui,Non,2.0,Non,Non,Oui
menzili,https://www.menzili.tn/annonce/appartement-de-120m2-a-louer-a-borj-louzir-ariana-borjlouzir-112961,Appartement,,2023-03-20,Ariana,Borj Louzir,25 rue el boudour borjlouzir ariana,2073.0,120.0,Non,Non,Non précisé,Non précisé,2.0,1.0,Non,Oui,Oui,Non,Oui,Non,2.0,Non,Non,Non
menzili,https://www.menzili.tn/annonce/vente-appartement-dans-une-villa-avec-piscine-benarous-borjcedria-112937,Appartement,185000.0,2023-03-18,Ben Arous,Borj Cedria,Cite Riath,2013.0,98.0,Non,Non,Neuf,Moyen standing,1.0,1.0,Non,Non,Oui,Oui,Oui,Oui,1.0,Non,Non,Non
menzili,https://www.menzili.tn/annonce/a-vendre-appartement-sfax-sfaxville-112936,Appartement,,2023-03-18,Sfax,Sfax Ville,City centre sfax ville,3000.0,110.0,Non,Non,Non précisé,Haut standing,2.0,2.0,Non,Non,Oui,Non,Oui,Non,2.0,Oui,Non,Oui
menzili,https://www.menzili.tn/annonce/agreable-appartement-a-vendre-menzah-7-ariana-menzah-112919,Appartement,340000.0,2023-03-18,Ariana,Avenue Monastir,Résidence El Manazeh,5000.0,117.0,Non,Non,Non précisé,Haut standing,2.0,1.0,Non,Oui,Oui,Non,Oui,Non,1.0,Oui,Non,Oui
menzili,https://www.menzili.tn/annonce/appart-aghar-a-vendre-a-l-aouina-tunis-laouina-112827,Appartement,390000.0,2023-03-17,Tunis,L'aouina,el aouina,1000.0,150.0,Non,Non,Non précisé,Moyen standing,3.0,1.0,Non,Oui,Oui,Non,Oui,Non,1.0,Non,Non,Oui
menzili,https://www.menzili.tn/annonce/appart-al-ihsen-a-vendre-a-ben-arous-benarous-medinajedida-112820,Appartement,120000.0,2023-03-17,Ben Arous,Medina Jedida,54670670,2013.0,83.0,Non,Non,Non précisé,Non précisé,2.0,1.0,Non,Non,Oui,Non,Non,Non,1.0,Non,Non,Non
menzili,https://www.menzili.tn/annonce/appart-bayonne-a-vendre-a-l-aouina-tunis-laouina-112816,Appartement,170000.0,2023-03-17,Tunis,L'aouina,el aouina,1000.0,53.0,Non,Non,Non précisé,Moyen standing,1.0,1.0,Non,Non,Oui,Non,Oui,Non,5.0,Non,Non,Oui
menzili,https://www.menzili.tn/annonce/appart-bali-a-vendre-a-raoued-ariana-raoued-112810,Appartement,700000.0,2023-03-17,Ariana,Raoued,raoued,2083.0,200.0,Non,Oui,Non précisé,Haut standing,3.0,1.0,Non,Oui,Oui,Non,Non,Non,,Non,Non,Non
menzili,https://www.menzili.tn/annonce/appart-yanis-a-vendre-a-l-aouina-tunis-ainzaghouan-112808,Appartement,230000.0,2023-03-17,Tunis,Aïn Zaghouan,Aïn Zaghouan,1100.0,87.0,Non,Non,Non précisé,Haut standing,2.0,1.0,Oui,Non,Oui,Non,Oui,Non,2.0,Non,Non,Oui
menzili,https://www.menzili.tn/annonce/appt-s-2-a-cite-ennozha-ariana-arianaville-112799,Appartement,,2023-03-17,Ariana,Ariana Ville,Sofien_selmi@hotmail.fr,2080.0,90.0,Non,Non,Non précisé,Non précisé,3.0,1.0,Non,Non,Oui,Non,Non,Non,2.0,Non,Non,Non
menzili,https://www.menzili.tn/annonce/appartement-a-vendre-a-el-agba-manouba-manoubaville-112656,Appartement,,2023-03-15,Manouba,Manouba Ville,El Agba,2010.0,298.0,Non,Non,Bon état,Non précisé,2.0,1.0,Non,Non,Oui,Non,Non,Non,2.0,Non,Non,Non
menzili,https://www.menzili.tn/annonce/appart-daylong-a-vendre-a-hedi-nouira-ariana-lasoukra-112787,Appartement,250000.0,2023-03-16,Ariana,La Soukra,hedi nouira,2036.0,126.0,Non,Non,Non précisé,Non précisé,3.0,1.0,Non,Non,Oui,Non,Non,Non,,Non,Non,Non
menzili,https://www.menzili.tn/annonce/appart-simba-a-louer-a-ennaser-ariana-ennasr-112760,Appartement,3200.0,2023-03-16,Ariana,Ennasr,ennaser,2037.0,,Non,Non,Non précisé,Non précisé,4.0,3.0,Oui,Non,Oui,Non,Non,Non,1.0,Non,Non,Non
menzili,https://www.menzili.tn/annonce/-a_vendre-un-s-3-direct-promoteur-a-la-soukra--ariana-lasoukra-112746,Appartement,,2023-03-16,Ariana,La Soukra,la soukra,2036.0,121.0,Non,Non,Non précisé,Non précisé,3.0,1.0,Non,Non,Oui,Non,Non,Non,,Non,Non,Non
menzili,https://www.menzili.tn/annonce/-a_vendre-un-s-3-direct-promoteur-a-la-soukra--ariana-lasoukra-112743,Appartement,,2023-03-16,Ariana,La Soukra,la soukra,2036.0,121.0,Non,Non,Non précisé,Non précisé,2.0,1.0,Non,Non,Oui,Non,Non,Non,,Non,Non,Non
menzili,https://www.menzili.tn/annonce/-a_vendre-un-s-2-direct-promoteur-a-ain-zaghouen-nord-ariana-chotrana-112729,Appartement,,2023-03-16,Ariana,Chotrana,chotrana1,2086.0,128.0,Non,Non,Non précisé,Non précisé,2.0,1.0,Non,Non,Oui,Non,Non,Non,,Non,Non,Non
menzili,https://www.menzili.tn/annonce/appart-palmyre-a-vendre-a-boumhal-benarous-boumhel-112701,Appartement,125000.0,2023-03-15,Ben Arous,Boumhel,Boumhel,2013.0,75.0,Non,Non,Non précisé,Non précisé,2.0,1.0,Non,Oui,Oui,Non,Non,Non,1.0,Non,Non,Non
menzili,https://www.menzili.tn/annonce/a-louer-bel-appartement-s3-sur-la-zone-touristique-sousse-soussemedina-112655,Appartement,2000.0,2023-03-15,Sousse,Sousse Médina,Khezama Ouest,1008.0,140.0,Non,Oui,Non précisé,Haut standing,3.0,2.0,Oui,Non,Oui,Non,Oui,Non,5.0,Oui,Non,Oui
menzili,https://www.menzili.tn/annonce/a-vendre-magnifique-penthouse-s-2-a-khezama-sousse-soussemedina-112650,Appartement,370000.0,2023-03-15,Sousse,Sousse Médina,Khezama,1008.0,116.0,Non,Oui,Non précisé,Haut standing,2.0,1.0,Non,Non,Oui,Non,Oui,Non,5.0,Oui,Non,Oui
menzili,https://www.menzili.tn/annonce/appartement-s-2-avec-parking-sous-sol-zone-touristique-mahdia-mahdia-mahdia-112615,Appartement,340000.0,2023-03-14,Mahdia,Mahdia,Mahdia,5100.0,100.0,Non,Non,Non précisé,Haut standing,2.0,1.0,Non,Oui,Oui,Oui,Oui,Oui,1.0,Oui,Non,Oui
menzili,https://www.menzili.tn/annonce/appartement-s-2-haute-standing-zone-touristique-mahdia-mahdia-mahdia-112614,Appartement,335000.0,2023-03-14,Mahdia,Mahdia,Mahdia,5100.0,115.0,Non,Oui,Non précisé,Luxe,2.0,1.0,Oui,Non,Oui,Non,Oui,Non,4.0,Oui,Non,Oui
menzili,https://www.menzili.tn/annonce/appartement-neuf-3-pieces-haute-standing-mahdia-mahdia-mahdia-112613,Appartement,205000.0,2023-03-14,Mahdia,Mahdia,Mahdia,5100.0,123.0,Non,Non,Neuf,Haut standing,2.0,1.0,Oui,Oui,Oui,Non,Oui,Non,1.0,Non,Non,Oui
menzili,https://www.menzili.tn/annonce/appart-tartous-a-vendre-a-khaznadar-tunis-lebardo-112596,Appartement,210000.0,2023-03-14,Tunis,Le Bardo,54670670,2000.0,110.0,Non,Non,Non précisé,Haut standing,3.0,2.0,Non,Non,Oui,Non,Oui,Non,4.0,Oui,Non,Non
menzili,https://www.menzili.tn/annonce/appart-durand-a-louer-a-ain-zaghouan-sud-tunis-ainzaghouan-112566,Appartement,1300.0,2023-03-14,Tunis,Aïn Zaghouan,hshainzaghouannord@gmail.com,1100.0,100.0,Non,Non,Non précisé,Haut standing,3.0,3.0,Oui,Oui,Oui,Non,Oui,Non,,Non,Non,Oui
menzili,https://www.menzili.tn/annonce/a_vendre-un-s-3-direct-promoteur-a-riadh-landalos-ariana-ghazela-112536,Appartement,461000.0,2023-03-14,Ariana,Ghazela,riadh andalous,2080.0,149.0,Non,Non,Non précisé,Non précisé,3.0,1.0,Non,Non,Oui,Non,Non,Non,,Non,Non,Non
menzili,https://www.menzili.tn/annonce/-a_vendre-un-s-3-direct-promoteur-a-riadh-landalos--ariana-ghazela-112534,Appartement,461000.0,2023-03-14,Ariana,Ghazela,ghazela,2080.0,149.0,Non,Non,Non précisé,Non précisé,3.0,1.0,Non,Non,Oui,Non,Non,Non,,Non,Non,Non
menzili,https://www.menzili.tn/annonce/s-1-170000-tnd-hammam-sousse-a-vendre-sousse-hammamsousse-112531,Appartement,170000.0,2023-03-14,Sousse,Hammam Sousse,Route de la Plage,4011.0,45.0,Non,Non,Non précisé,Haut standing,1.0,1.0,Oui,Oui,Oui,Non,Oui,Non,,Oui,Oui,Oui
menzili,https://www.menzili.tn/annonce/a-vendre-appartement-s2-a-l-aouina-cite-elwahat-tunis-laouina-112526,Appartement,240000.0,2023-03-13,Tunis,L'aouina,citté wahatt,1000.0,,Non,Non,Non précisé,Moyen standing,2.0,1.0,Oui,Oui,Oui,Non,Non,Non,,Non,Non,Non
menzili,https://www.menzili.tn/annonce/a-vendre-appartement-s2-haut-standing-avec-jardin-a-l-aouina-cite-wahat-tunis-laouina-112521,Appartement,358000.0,2023-03-13,Tunis,L'aouina,l'aouina,1000.0,,Non,Non,Non précisé,Haut standing,2.0,1.0,Non,Non,Oui,Non,Non,Oui,,Non,Non,Non
menzili,https://www.menzili.tn/annonce/a-vendre-appartement-s3-jamais-habite-aux-jardin-de-carthage-avec-parking-sous-sol-tunis-jardindecarthage-112520,Appartement,470000.0,2023-03-13,Tunis,Jardin De Carthage,jardin Carthage,2016.0,150.0,Non,Non,Neuf,Non précisé,3.0,2.0,Non,Oui,Oui,Non,Non,Oui,,Non,Non,Non
menzili,https://www.menzili.tn/annonce/a-vendre-appartement-s2-neuf-direct-promoteur-a-l-aouina-cite-elwahat-tunis-laouina-112515,Appartement,270000.0,2023-03-13,Tunis,L'aouina,citté wahat,1000.0,,Non,Non,Neuf,Haut standing,2.0,1.0,Oui,Oui,Oui,Non,Oui,Non,,Oui,Non,Non
menzili,https://www.menzili.tn/annonce/a-vendre-appartement-s3-haut-standing-direct-promoteur-pres-clinique-soukra-avec-parking-ss-ariana-lasoukra-112514,Appartement,396000.0,2023-03-13,Ariana,La Soukra,la soukra,2036.0,,Non,Non,Non précisé,Haut standing,3.0,2.0,Oui,Oui,Oui,Non,Oui,Non,,Non,Non,Non
menzili,https://www.menzili.tn/annonce/coquette-appartement-s-1-a-vendre-nabeul-mrezga-108935,Appartement,220000.0,2023-02-02,Nabeul,Mrezga,Mrezga,8058.0,86.0,Non,Non,Non précisé,Haut standing,1.0,1.0,Oui,Oui,Oui,Non,Oui,Non,1.0,Oui,Non,Oui
menzili,https://www.menzili.tn/annonce/a-vendre-appartement-s-2-neuf-a-jinene-kantaoui-sousse-kantaoui-112478,Appartement,330000.0,2023-03-13,Sousse,Kantaoui,Jinéne Kantaoui,4089.0,72.0,Non,Non,Neuf,Haut standing,2.0,1.0,Non,Non,Oui,Non,Oui,Oui,0.0,Oui,Non,Oui
menzili,https://www.menzili.tn/annonce/a-vendre-appartement-s1-pieds-dans-l-eau-a-el-kantaoui-sousse-kantaoui-112475,Appartement,260000.0,2023-03-13,Sousse,Kantaoui,El Kantaoui,4089.0,80.0,Non,Non,Non précisé,Moyen standing,1.0,1.0,Non,Non,Oui,Non,Oui,Non,4.0,Oui,Non,Non
menzili,https://www.menzili.tn/annonce/vend-appartement-khezema-sousse-sousse-hammamsousse-112447,Appartement,200000.0,2023-03-12,Sousse,Sousse,VJ34+786,4000.0,135.0,Non,Non,Bon état,Moyen standing,3.0,1.0,Non,Non,Oui,Non,Oui,Non,,Non,Non,Oui
menzili,https://www.menzili.tn/annonce/appartement-a-l-etat-neuf-contactez-le-52135210-kairouan-kairouansud-112408,Appartement,,2023-03-12,Kairouan,Kairouan Sud,Kairouan Sud,3100.0,65.0,Non,Non,Neuf,Haut standing,2.0,2.0,Non,Oui,Oui,Non,Non,Non,2.0,Oui,Non,Non
menzili,https://www.menzili.tn/annonce/a_vendre-un-s-2-avec-jardin-direct-promoteur-a-la-nouvelle-soukra-ariana-lasoukra-112400,Appartement,,2023-03-12,Ariana,La Soukra,La Soukra,2036.0,171.0,Non,Non,Non précisé,Non précisé,,,Non,Non,Oui,Non,Non,Oui,,Non,Non,Non
menzili,https://www.menzili.tn/annonce/appart-oikos-a-vendre-a-ennaser-ariana-ennasr-112369,Appartement,234000.0,2023-03-11,Ariana,Ennasr,Ennasr,2037.0,100.0,Non,Non,Non précisé,Non précisé,2.0,1.0,Non,Oui,Oui,Non,Non,Non,3.0,Non,Non,Non
menzili,https://www.menzili.tn/annonce/a_vendre-un-s-3-direct-promoteur-a-riadh-landalos-ariana-arianaville-112334,Appartement,,2023-03-11,Ariana,Ariana Ville,amiranefzi865@gmail.com,2080.0,149.0,Non,Non,Non précisé,Non précisé,,,Non,Non,Oui,Non,Non,Non,,Non,Non,Non
menzili,https://www.menzili.tn/annonce/a-vendre-un-appartement-de-type-s-3-a-khazema-sousse-hammamsousse-112309,Appartement,330000.0,2023-03-10,Sousse,Hammam Sousse,Hammam Sousse,4011.0,220.0,Titre Individuel,Non,Non précisé,Moyen standing,3.0,1.0,Non,Non,Oui,Non,Oui,Non,2.0,Non,Non,Oui
menzili,https://www.menzili.tn/annonce/appart-austin-a-vendre-a-menzah-9-ariana-menzah-112186,Appartement,230000.0,2023-03-09,Ariana,Menzah,menzah9,1004.0,60.0,Non,Non,Non précisé,Non précisé,1.0,1.0,Non,Non,Oui,Non,Non,Non,,Non,Non,Non
menzili,https://www.menzili.tn/annonce/app-s-2-s-3-nouvelle-construction-ariana-raoued-112178,Appartement,280000.0,2023-03-09,Ariana,Raoued,Enkhilet,2083.0,120.0,Non,Non,Neuf,Haut standing,2.0,1.0,Oui,Non,Oui,Non,Oui,Non,,Non,Non,Non
menzili,https://www.menzili.tn/annonce/rdc-de-villa-kobres-a-vendre-au-kram-tunis-lekram-112169,Appartement,215000.0,2023-03-09,Tunis,Le Kram,54670670,2015.0,110.0,Non,Non,Non précisé,Non précisé,2.0,1.0,Non,Non,Oui,Non,Non,Non,1.0,Non,Non,Non
menzili,https://www.menzili.tn/annonce/vente-magnifique-appartement-s4-a-khezama-sousse-soussemedina-112164,Appartement,475000.0,2023-03-09,Sousse,Sousse Médina,Khezama Ouest,1008.0,200.0,Oui,Non,Non précisé,Haut standing,3.0,2.0,Oui,Non,Oui,Non,Oui,Non,0.0,Non,Non,Oui
menzili,https://www.menzili.tn/annonce/appartement-s-1-situe-a-hammamet-centre--29-758-358--nabeul-hammametcentre-112152,Appartement,260000.0,2023-03-09,Nabeul,Hammamet Centre,oumaymabenfarhat2022@gmail.com,8050.0,82.0,Titre Bleu,Non,Non précisé,Haut standing,1.0,1.0,Non,Non,Oui,Oui,Oui,Oui,,Non,Non,Oui
menzili,https://www.menzili.tn/annonce/a-vendre-appartement-sfax-sfaxville-112084,Appartement,,2023-03-08,Sfax,Sfax Ville,City centre sfax ville,3000.0,,Non,Non,Non précisé,Non précisé,,,Non,Non,Oui,Non,Non,Non,,Non,Non,Non
menzili,https://www.menzili.tn/annonce/a-vendre-un-bel-appartement-s-2-avec-piscine-nabeul-mrezga-112078,Appartement,275000.0,2023-03-08,Nabeul,Mrezga,Cité Wafaa,8058.0,85.0,Non,Non,Non précisé,Haut standing,2.0,1.0,Non,Non,Oui,Oui,Oui,Oui,4.0,Oui,Non,Oui
menzili,https://www.menzili.tn/annonce/appart-moragues-a-vendre-d-el-mourouj-benarous-elmourouj-112053,Appartement,150000.0,2023-03-08,Ben Arous,El Mourouj,El Mourouj,2074.0,75.0,Non,Non,Non précisé,Non précisé,2.0,1.0,Non,Oui,Oui,Non,Non,Non,1.0,Non,Non,Non
menzili,https://www.menzili.tn/annonce/4-appartements-de-style-s-2-a-vendre-a-600-md-a-mrezga-nabeul-mrezga-112001,Appartement,600000.0,2023-03-08,Nabeul,Mrezga,Mrezga,8058.0,,Non,Non,Non précisé,Non précisé,,,Non,Non,Oui,Non,Non,Non,,Non,Non,Non
menzili,https://www.menzili.tn/annonce/appart-bargo-a-vendre-a-cite-el-khadhra-ariana-menzah-111987,Appartement,190000.0,2023-03-08,Ariana,Menzah,cité el khadhra,1004.0,77.0,Non,Non,Non précisé,Non précisé,2.0,1.0,Non,Oui,Oui,Non,Non,Non,3.0,Non,Non,Non
menzili,https://www.menzili.tn/annonce/a-vendre-superbe-appartement-s2-a-sousse-sousse-soussemedina-111975,Appartement,450000.0,2023-03-07,Sousse,Sousse Médina,Corniche,1008.0,116.0,Oui,Non,Non précisé,Haut standing,2.0,2.0,Oui,Non,Oui,Non,Non,Non,,Oui,Non,Oui
menzili,https://www.menzili.tn/annonce/a-vendre-appartement-s2-a-el-kantaoui-sousse-kantaoui-111972,Appartement,283000.0,2023-03-07,Sousse,Kantaoui,Jinene Kantaoui,4089.0,92.0,Non,Oui,Non précisé,Haut standing,2.0,1.0,Non,Oui,Oui,Non,Oui,Non,2.0,Oui,Non,Oui
menzili,https://www.menzili.tn/annonce/a-vendre-spacieux-appartement-a-hergla-sousse-hergla-111951,Appartement,188000.0,2023-03-07,Sousse,Hergla,Hergla,4000.0,115.0,Non,Oui,Non précisé,Moyen standing,2.0,1.0,Non,Oui,Oui,Non,Non,Non,1.0,Non,Non,Oui
menzili,https://www.menzili.tn/annonce/vente-appartement-s3-a-akouda-sousse-akouda-111948,Appartement,260000.0,2023-03-07,Sousse,Akouda,Akouda,4022.0,150.0,Non,Oui,Rénové,Luxe,3.0,1.0,Non,Non,Oui,Oui,Oui,Non,4.0,Oui,Non,Oui
menzili,https://www.menzili.tn/annonce/vente-spacieux-appartement-s-3-au-reez-de-chaussee-sousse-hammamsousse-111944,Appartement,400000.0,2023-03-07,Sousse,Hammam Sousse,Hammam Sousse,4011.0,114.0,Non,Non,Non précisé,Haut standing,3.0,2.0,Non,Non,Oui,Non,Oui,Non,,Oui,Non,Oui
menzili,https://www.menzili.tn/annonce/vente-appartement-s-3-a-sousse-sousse-soussemedina-111941,Appartement,412000.0,2023-03-07,Sousse,Sousse Médina,Sousse,1008.0,125.0,Non,Oui,Non précisé,Luxe,3.0,2.0,Oui,Non,Oui,Non,Oui,Non,5.0,Oui,Non,Oui
menzili,https://www.menzili.tn/annonce/a-vendre-bel-appartement-face-a-la-mer-a-chatt-meriem-sousse-akouda-111938,Appartement,480000.0,2023-03-07,Sousse,Akouda,Chatt Meriem,4022.0,115.0,Non,Oui,Non précisé,Haut standing,2.0,1.0,Non,Non,Oui,Non,Oui,Non,,Non,Non,Oui
menzili,https://www.menzili.tn/annonce/a-vendre-sublime-duplexe-s4-front-mer-sousse-hammamsousse-111927,Appartement,700000.0,2023-03-07,Sousse,Hammam Sousse,Hammam Sousse,4011.0,230.0,Titre Individuel,Oui,Non précisé,Haut standing,4.0,2.0,Oui,Oui,Oui,Non,Non,Non,7.0,Oui,Non,Oui
menzili,https://www.menzili.tn/annonce/a-vendre-appartement-s-2-a-cite-ettahrir-tunis-ettahrir-111920,Appartement,190000.0,2023-03-07,Tunis,Ettahrir,Cité ettahrir résidence Cherifa,1008.0,,Non,Non,Non précisé,Non précisé,,,Non,Non,Oui,Non,Non,Non,,Non,Non,Non
menzili,https://www.menzili.tn/annonce/a-vendre-un-etage-d-une-villa-bardo-tunis-lebardo-111889,Appartement,,2023-03-07,Tunis,Le Bardo,Le Bardo,2000.0,140.0,Oui,Non,Non précisé,Non précisé,4.0,1.0,Non,Non,Oui,Non,Non,Non,,Non,Non,Non
menzili,https://www.menzili.tn/annonce/location-appartement-s-3-residence-adnen-tunis-sidihassine-111842,Appartement,,2023-03-06,Tunis,Sidi Hassine,résidence adnen en face route béja tunis VERS AUTO,1096.0,92.0,Non,Non,Non précisé,Non précisé,3.0,1.0,Non,Non,Oui,Non,Non,Non,1.0,Non,Non,Non
menzili,https://www.menzili.tn/annonce/A-vendre-appartement-s-2-a-cite-ennasr-2-ariana-ennasr-111838,Appartement,230000.0,2023-03-06,Ariana,Ennasr,Avenue hedi nouira ennasr 2,2037.0,,Non,Non,Non précisé,Non précisé,,,Non,Non,Oui,Non,Non,Non,,Oui,Non,Non
menzili,https://www.menzili.tn/annonce/bel-appartement-meuble-a-vendre-a-sousse-route-touristique-sousse-soussemedina-111808,Appartement,288400.0,2023-03-06,Sousse,Sousse Médina,Corniche,1008.0,100.0,Non,Oui,Non précisé,Haut standing,2.0,2.0,Non,Non,Oui,Oui,Oui,Non,4.0,Non,Non,Oui
menzili,https://www.menzili.tn/annonce/appartement-s-2-en-vente-a-hammam-sousse-sousse-hammamsousse-111805,Appartement,290000.0,2023-03-06,Sousse,Hammam Sousse,Hammam Sousse,4011.0,137.0,Non,Non,Non précisé,Haut standing,2.0,1.0,Non,Non,Oui,Non,Oui,Non,0.0,Non,Non,Oui
menzili,https://www.menzili.tn/annonce/a-vendre-superbe-appartement-s-2-non-meuble-a-sousse-sousse-soussemedina-111804,Appartement,378000.0,2023-03-06,Sousse,Sousse Médina,Corniche,1008.0,110.0,Non,Oui,Non précisé,Luxe,2.0,1.0,Oui,Non,Oui,Non,Oui,Non,2.0,Oui,Non,Oui
menzili,https://www.menzili.tn/annonce/a-vendre-duplex-s-3-a-hammam-sousse-sousse-hammamsousse-111796,Appartement,420000.0,2023-03-06,Sousse,Hammam Sousse,Cité de la plage1,4011.0,150.0,Non,Non,Non précisé,Haut standing,3.0,3.0,Oui,Oui,Oui,Non,Non,Non,0.0,Oui,Non,Oui
menzili,https://www.menzili.tn/annonce/a-vendre-superbe-s-2-de-standing-a-khezama-sousse-soussemedina-111787,Appartement,380000.0,2023-03-06,Sousse,Sousse Médina,khezama ouest,1008.0,100.0,Non,Non,Non précisé,Haut standing,2.0,2.0,Oui,Non,Oui,Non,Oui,Non,,Oui,Non,Oui
menzili,https://www.menzili.tn/annonce/a-vendre-un-appartement-de-120m-a-corniche-sousse-sousse-sousseriadh-109655,Appartement,190000.0,2023-02-08,Sousse,Sousse Riadh,Sousse Riadh,4000.0,120.0,Non,Non,Non précisé,Moyen standing,2.0,1.0,Non,Non,Oui,Non,Oui,Non,,Non,Non,Oui
menzili,https://www.menzili.tn/annonce/appart-lefties-a-vendre-a-raoued-ariana-raoued-111744,Appartement,125000.0,2023-03-06,Ariana,Raoued,raoued,2083.0,70.0,Non,Non,Non précisé,Non précisé,2.0,1.0,Non,Oui,Oui,Non,Non,Non,,Non,Non,Non
menzili,https://www.menzili.tn/annonce/appartement-s-2-rdc-dans-un-duplexe-avec-jardin-prive-cte-behi-ladgham-ariana-lasoukra-111721,Appartement,145800.0,2023-03-05,Ariana,La Soukra,BourJ Louzir-Cité Bahi Ladghem,2036.0,73.0,Non,Non,Non précisé,Non précisé,2.0,1.0,Non,Non,Oui,Non,Non,Oui,2.0,Non,Non,Non
menzili,https://www.menzili.tn/annonce/a-vendre-un-duplex-s-1-pied-dans-l-eau-nabeul-hammametcentre-111556,Appartement,220000.0,2023-03-03,Nabeul,Hammamet Centre,hammamet centre,8050.0,75.0,Non,Non,Non précisé,Non précisé,1.0,1.0,Non,Non,Oui,Non,Non,Non,,Non,Non,Non
menzili,https://www.menzili.tn/annonce/a-vendre-magnifique-appartement-s-2-meuble-a-tantana-sousse-akouda-111513,Appartement,300000.0,2023-03-03,Sousse,Akouda,Tantana,4022.0,90.0,Non,Non,Non précisé,Moyen standing,2.0,1.0,Non,Oui,Oui,Non,Non,Non,2.0,Oui,Non,Oui
menzili,https://www.menzili.tn/annonce/vente-appartement-s-2-sur-la-zone-touristique-sousse-soussemedina-111510,Appartement,360000.0,2023-03-03,Sousse,Sousse Médina,Sousse Khezama,1008.0,168.0,Non,Non,Non précisé,Haut standing,2.0,2.0,Non,Oui,Oui,Non,Oui,Non,4.0,Oui,Non,Oui
menzili,https://www.menzili.tn/annonce/appartement-haut-standing-cite-olympique-tunis-citeelkhadra-111461,Appartement,350000.0,2023-03-02,Tunis,Cité El Khadra,cité olympique a 15 minutes de la zone urbaine,1003.0,110.0,Non,Non,Neuf,Haut standing,3.0,1.0,Oui,Non,Oui,Non,Oui,Non,3.0,Non,Non,Oui
menzili,https://www.menzili.tn/annonce/a-vendre-magnifique-appartement-de-type-s-2-a-akouda-sousse-akouda-111419,Appartement,250000.0,2023-03-02,Sousse,Akouda,Akouda,4022.0,127.0,Titre En Cours,Non,Non précisé,Haut standing,2.0,1.0,Non,Oui,Oui,Non,Oui,Non,1.0,Oui,Non,Oui
menzili,https://www.menzili.tn/annonce/a-vendre-appartement-s-1-meuble-a-sousse-sousse-soussemedina-111400,Appartement,95000.0,2023-03-02,Sousse,Sousse Médina,Trocadéro,1008.0,62.0,Titre Individuel,Non,Non précisé,Moyen standing,1.0,1.0,Non,Oui,Oui,Non,Non,Non,2.0,Non,Non,Oui
menzili,https://www.menzili.tn/annonce/appartement-a-vendre-a-trocadero-sousse-sousse-soussemedina-111398,Appartement,220000.0,2023-03-02,Sousse,Sousse Médina,Trocadéro,1008.0,180.0,Non,Non,Non précisé,Moyen standing,3.0,1.0,Non,Non,Oui,Non,Non,Non,1.0,Oui,Non,Oui
menzili,https://www.menzili.tn/annonce/appartement-s-1-s-2-avec-des-prix-imbattables-nabeul-kelibia-111360,Appartement,160000.0,2023-03-01,Nabeul,Kélibia,Kélibia,8000.0,108.0,Non,Oui,Non précisé,Non précisé,2.0,1.0,Non,Non,Oui,Non,Non,Non,1.0,Non,Non,Non
menzili,https://www.menzili.tn/annonce/a-vendre-superbe-appartement-a-sahloul-sousse-sahloul-111330,Appartement,165000.0,2023-03-01,Sousse,Sahloul,Cité El Menezah,4054.0,82.0,Titre Individuel,Non,Non précisé,Haut standing,2.0,1.0,Non,Non,Oui,Non,Oui,Non,2.0,Oui,Non,Oui
menzili,https://www.menzili.tn/annonce/a-vendre-appartement-s-2-meuble-a-hammam-sousse-sousse-hammamsousse-111329,Appartement,250000.0,2023-03-01,Sousse,Hammam Sousse,Hammam Sousse,4011.0,130.0,Non,Non,Non précisé,Haut standing,2.0,1.0,Oui,Non,Oui,Non,Oui,Non,4.0,Oui,Non,Oui
menzili,https://www.menzili.tn/annonce/a-vendre-appartement-vue-mer-a-hergla-sousse-hergla-111327,Appartement,250000.0,2023-03-01,Sousse,Hergla,Hergla,4000.0,74.0,Non,Oui,Non précisé,Haut standing,2.0,,Non,Oui,Oui,Non,Oui,Non,3.0,Oui,Non,Non
menzili,https://www.menzili.tn/annonce/a-vendre-etage-de-villa-s-3-haut-standing-a-corniche-sousse-sousse-soussemedina-111323,Appartement,350000.0,2023-03-01,Sousse,Sousse Médina,Corniche,1008.0,135.0,Non,Oui,Non précisé,Haut standing,3.0,2.0,Non,Non,Oui,Non,Oui,Non,1.0,Non,Non,Oui
menzili,https://www.menzili.tn/annonce/vente-appartement-front-mer-a-hergla-sousse-hergla-111296,Appartement,360500.0,2023-02-28,Sousse,Hergla,Hergla,4000.0,120.0,Non,Oui,Non précisé,Haut standing,2.0,1.0,Non,Non,Oui,Oui,Oui,Non,4.0,Oui,Non,Non
menzili,https://www.menzili.tn/annonce/%D9%84%D9%84%D8%A8%D9%8A%D8%B9-%D8%B4%D9%82%D8%A9-%D9%85%D8%A4%D8%AB%D8%AB%D8%A9-%D9%81%D9%8A-%D8%AD%D9%85%D8%A7%D9%85%D8%A7%D8%AA-s-2-nabeul-hammametcentre-111274,Appartement,140000.0,2023-02-28,Nabeul,Hammamet Centre,à proximité hôtel ribat,8050.0,80.0,Non,Non,Non précisé,Non précisé,2.0,1.0,Non,Non,Oui,Non,Non,Non,1.0,Non,Non,Non
menzili,https://www.menzili.tn/annonce/a-vendre-des-appartement-de-haut-standing-nabeul-mrezga-111272,Appartement,204000.0,2023-02-28,Nabeul,Mrezga,Cité Wafaa,8058.0,62.0,Non,Non,Non précisé,Haut standing,1.0,1.0,Non,Non,Oui,Oui,Oui,Oui,3.0,Oui,Non,Oui
menzili,https://www.menzili.tn/annonce/a-vendre-appartement-s-1-a-hammam-sousse-sousse-hammamsousse-111258,Appartement,200000.0,2023-02-28,Sousse,Hammam Sousse,Hammam Sousse,4011.0,100.0,Non,Non,Non précisé,Moyen standing,1.0,1.0,Non,Non,Oui,Non,Oui,Non,1.0,Non,Non,Oui
menzili,https://www.menzili.tn/annonce/magnifique-appartement-s-3-a-vendre-a-chatt-meriem-sousse-akouda-111240,Appartement,200000.0,2023-02-28,Sousse,Akouda,Chatt Meriem,4022.0,142.0,Titre Individuel,Non,Non précisé,Haut standing,3.0,2.0,Oui,Oui,Oui,Non,Oui,Non,4.0,Non,Non,Oui
menzili,https://www.menzili.tn/annonce/appart-blava-a-vendre-a-la-marsa-tunis-lamarsa-111205,Appartement,460000.0,2023-02-27,Tunis,La Marsa,La Marsa,2070.0,100.0,Non,Non,Non précisé,Haut standing,2.0,1.0,Non,Non,Oui,Non,Non,Non,2.0,Non,Non,Non
menzili,https://www.menzili.tn/annonce/super-appartement-de-haut-standing-en-vente-a-sousse-sousse-soussemedina-111190,Appartement,280000.0,2023-02-27,Sousse,Sousse Médina,Corniche,1008.0,95.0,Non,Non,Non précisé,Haut standing,2.0,1.0,Oui,Non,Oui,Non,Oui,Non,6.0,Oui,Oui,Oui
menzili,https://www.menzili.tn/annonce/appartement-s-3-vue-mer-a-tantana-sousse-akouda-111189,Appartement,309000.0,2023-02-27,Sousse,Akouda,Tantana,4022.0,135.0,Non,Oui,Non précisé,Haut standing,3.0,1.0,Non,Non,Oui,Non,Non,Non,2.0,Oui,Non,Oui
menzili,https://www.menzili.tn/annonce/a-vendre-appartement-s-2-sousse-cite-la-caserne-sousse-soussemedina-111186,Appartement,330000.0,2023-02-27,Sousse,Sousse Médina,Cité la caserne,1008.0,115.0,Non,Non,Non précisé,Haut standing,2.0,1.0,Non,Oui,Oui,Non,Oui,Non,,Oui,Non,Oui
menzili,https://www.menzili.tn/annonce/appartement-s-3-aux-jardins-de-carthage-mav1456-tunis-jardindecarthage-111185,Appartement,825000.0,2023-02-27,Tunis,Jardin De Carthage,contact@croisettimmo.com,2016.0,165.0,Non,Non,Non précisé,Moyen standing,3.0,3.0,Oui,Oui,Oui,Non,Oui,Oui,2.0,Non,Non,Oui
menzili,https://www.menzili.tn/annonce/appartement-s-3-a-vendre-a-hergla-sousse-hergla-111177,Appartement,340000.0,2023-02-27,Sousse,Hergla,Hergla,4000.0,143.0,Non,Oui,Non précisé,Haut standing,3.0,2.0,Non,Non,Oui,Non,Oui,Non,2.0,Oui,Non,Oui
menzili,https://www.menzili.tn/annonce/appart-karen-a-vendre-a-ain-zaghouan-tunis-ainzaghouan-111157,Appartement,240000.0,2023-02-27,Tunis,Aïn Zaghouan,ain zaghouan,1100.0,93.0,Non,Non,Non précisé,Non précisé,2.0,1.0,Oui,Oui,Oui,Non,Non,Non,3.0,Non,Non,Non
menzili,https://www.menzili.tn/annonce/a-vendre-appartement-s-2-a-sahloul-2-sousse-sahloul-111148,Appartement,200000.0,2023-02-27,Sousse,Sahloul,Sahloul2,4054.0,100.0,Non,Non,Non précisé,Moyen standing,2.0,1.0,Non,Oui,Oui,Non,Non,Non,2.0,Oui,Non,Oui
menzili,https://www.menzili.tn/annonce/bel-appartement-neuf-calme-et-haut-standing-a-500-m-de-la-plage-a-mrezga-nabeul-mrezga-111104,Appartement,,2023-02-25,Nabeul,Mrezga,Mrezga,8058.0,70.0,Non,Oui,Neuf,Haut standing,1.0,1.0,Oui,Non,Oui,Non,Oui,Non,2.0,Oui,Non,Oui
menzili,https://www.menzili.tn/annonce/s-4-sahloul-haute-standing-sousse-sahloul-111049,Appartement,450000.0,2023-02-24,Sousse,Sahloul,جامعة الوسط سهلول,4054.0,208.0,Non,Non,Non précisé,Haut standing,4.0,2.0,Oui,Non,Oui,Non,Oui,Non,3.0,Oui,Non,Oui
menzili,https://www.menzili.tn/annonce/un-appartement-s-4-situe-au-3eme-etage-a-sahloul-sousse-sahloul-111018,Appartement,450000.0,2023-02-24,Sousse,Sahloul,Sahloul,4054.0,208.0,Non,Non,Non précisé,Haut standing,4.0,2.0,Oui,Oui,Oui,Non,Oui,Non,,Oui,Non,Oui
menzili,https://www.menzili.tn/annonce/appart-luxe-a-vendre-aux-berges-du-lac1-tunis-lesbergesdulac-110997,Appartement,450000.0,2023-02-24,Tunis,Les Berges Du Lac,Les berges du lac 1,1053.0,157.0,Non,Non,Non précisé,Luxe,2.0,1.0,Non,Oui,Oui,Non,Oui,Non,4.0,Non,Non,Oui
menzili,https://www.menzili.tn/annonce/appart-rafal-a-vendre-a-mannouba-manouba-manoubaville-110988,Appartement,250000.0,2023-02-24,Manouba,Manouba Ville,Manouba Ville,2010.0,114.0,Non,Non,Non précisé,Haut standing,2.0,1.0,Oui,Non,Oui,Non,Non,Non,,Non,Non,Non
menzili,https://www.menzili.tn/annonce/a-vendre-appartement-s-2-vue-mer-a-chott-meriem-sousse-akouda-68920,Appartement,390000.0,2021-10-07,Sousse,Akouda,Chott Meriem,4022.0,98.0,Non,Oui,Non précisé,Moyen standing,2.0,2.0,Oui,Oui,Oui,Oui,Oui,Non,5.0,Oui,Non,Oui
menzili,https://www.menzili.tn/annonce/-appartement-1-avec-terrasse-et-balcon-a-yasminhammamet-nabeul-mrezga-110898,Appartement,,2023-02-23,Nabeul,Mrezga,avenue Moncef bey 8050yasmine Hammamet,8058.0,93.0,Non,Non,Non précisé,Non précisé,1.0,1.0,Non,Oui,Oui,Oui,Non,Oui,,Non,Non,Non
menzili,https://www.menzili.tn/annonce/a-vendre-appartement-s-3-tres-propre-a-el-mourouj-1-benarous-elmourouj-110894,Appartement,185000.0,2023-02-23,Ben Arous,El Mourouj,Mourouj1,2074.0,1175.0,Non,Non,Non précisé,Non précisé,3.0,1.0,Oui,Non,Oui,Non,Non,Non,3.0,Non,Non,Non
menzili,https://www.menzili.tn/annonce/-avendre-des-villas-s-4-jumelees-nabeul-hammametsud-110890,Appartement,540000.0,2023-02-23,Nabeul,Hammamet Sud,à proximité salle des fêtes palladium,8050.0,220.0,Non,Non,Non précisé,Non précisé,4.0,5.0,Oui,Non,Oui,Oui,Non,Oui,0.0,Non,Non,Non
menzili,https://www.menzili.tn/annonce/penthouse-roca-blanca-a-vendre-aux-jardins-de-carthage-tunis-jardindecarthage-110888,Appartement,1950000.0,2023-02-23,Tunis,Jardin De Carthage,Jardins de Carthage,2016.0,353.0,Non,Non,Non précisé,Haut standing,5.0,4.0,Oui,Oui,Oui,Non,Oui,Oui,7.0,Oui,Non,Oui
menzili,https://www.menzili.tn/annonce/appart-adriano-a-vendre-a-megrine-benarous-megrine-110849,Appartement,190000.0,2023-02-22,Ben Arous,Mégrine,54670670,2033.0,110.0,Non,Non,Non précisé,Non précisé,3.0,1.0,Non,Oui,Oui,Non,Non,Non,4.0,Oui,Non,Non
menzili,https://www.menzili.tn/annonce/vente-appartement-s-3-cite-la-caserne-sousse-soussemedina-54412,Appartement,334750.0,2021-03-05,Sousse,Sousse Médina,Cité la Caserne,1008.0,158.0,Non,Non,Non précisé,Haut standing,3.0,2.0,Oui,Oui,Oui,Non,Oui,Oui,2.0,Oui,Non,Oui
menzili,https://www.menzili.tn/annonce/a-vendre-spacieux-appartement-s-2-a-hergla-sousse-hergla-52882,Appartement,246800.0,2021-02-18,Sousse,Hergla,Hergla,4000.0,10868.0,Non,Non,Non précisé,Haut standing,2.0,1.0,Non,Non,Oui,Non,Oui,Non,0.0,Oui,Non,Oui
menzili,https://www.menzili.tn/annonce/a-vendre-appartement-s-3-a-khezama-est-sousse-soussejawhara-54256,Appartement,510000.0,2021-03-04,Sousse,Sousse Jawhara,khzema-est,4000.0,181.0,Non,Non,Non précisé,Haut standing,3.0,2.0,Oui,Oui,Oui,Non,Oui,Non,3.0,Oui,Non,Oui
menzili,https://www.menzili.tn/annonce/appart-juliana-a-vendre-a-ain-zaghouan-sud-tunis-ainzaghouan-110835,Appartement,530000.0,2023-02-22,Tunis,Aïn Zaghouan,ain zaghouan sud,1100.0,185.0,Non,Non,Non précisé,Moyen standing,4.0,2.0,Non,Oui,Oui,Non,Oui,Non,1.0,Non,Non,Oui
menzili,https://www.menzili.tn/annonce/-a_vendre-un-s-3-direct-promoteur-a-borj-louzir-ariana-borjlouzir-110811,Appartement,,2023-02-22,Ariana,Borj Louzir,24716607,2073.0,139.0,Non,Non,Non précisé,Non précisé,,,Non,Non,Oui,Non,Non,Non,,Non,Non,Non
menzili,https://www.menzili.tn/annonce/appart-smile-a-vendre-a-borj-louzir-ariana-borjlouzir-110768,Appartement,170000.0,2023-02-21,Ariana,Borj Louzir,borj louzir,2073.0,108.0,Non,Non,Non précisé,Non précisé,4.0,1.0,Non,Non,Oui,Non,Non,Non,0.0,Non,Non,Non
menzili,https://www.menzili.tn/annonce/-appartement-s-2-au-4-eme-etages-d-une-residence-avec-piscine-nabeul-mrezga-110763,Appartement,275000.0,2023-02-21,Nabeul,Mrezga,AFH MREZGA,8058.0,85.0,Non,Non,Non précisé,Haut standing,2.0,1.0,Non,Non,Oui,Oui,Oui,Non,4.0,Non,Non,Oui
menzili,https://www.menzili.tn/annonce/-a_vendre-un-s-2-direct-promoteur-a-la-soukra-a-proximite-l-utc-ariana-lasoukra-110748,Appartement,,2023-02-20,Ariana,La Soukra,la soukra,2036.0,,Non,Non,Non précisé,Non précisé,,,Non,Non,Oui,Non,Non,Non,,Non,Non,Non
menzili,https://www.menzili.tn/annonce/-a_vendre-un-s-1-direct-promoteur-a-ain-zaghouen-tunis-lamarsa-110747,Appartement,,2023-02-20,Tunis,La Marsa,LA MARSA,2070.0,,Non,Non,Non précisé,Non précisé,,,Non,Non,Oui,Non,Non,Non,,Non,Non,Non
menzili,https://www.menzili.tn/annonce/appart-silvia-a-vendre-a-l-aouina-tunis-laouina-110740,Appartement,350000.0,2023-02-20,Tunis,L'aouina,l'aouina,1000.0,,Non,Non,Non précisé,Haut standing,2.0,1.0,Oui,Oui,Oui,Non,Oui,Non,,Non,Non,Oui
menzili,https://www.menzili.tn/annonce/appartement-benikhiar-nabeul-nabeul-110709,Appartement,210000.0,2023-02-20,Nabeul,Nabeul,Jinene benikhiar,8000.0,90.0,Non,Non,Non précisé,Moyen standing,3.0,1.0,Non,Non,Oui,Oui,Oui,Oui,1.0,Non,Non,Oui
menzili,https://www.menzili.tn/annonce/appartement-ariana-borj-louzir-a-vendre-ariana-arianaville-110708,Appartement,135000000.0,2023-02-20,Ariana,Ariana Ville,behi ladghem,2080.0,90.0,Non,Non,Non précisé,Non précisé,2.0,1.0,Non,Non,Oui,Non,Non,Non,1.0,Non,Non,Non
menzili,https://www.menzili.tn/annonce/appart-zwina-a-vendre-a-borj-louzir-ariana-borjlouzir-110692,Appartement,175000.0,2023-02-20,Ariana,Borj Louzir,borj louzir,2073.0,70.0,Non,Non,Non précisé,Non précisé,2.0,1.0,Non,Non,Oui,Non,Non,Non,0.0,Non,Non,Non
menzili,https://www.menzili.tn/annonce/appart-boqueta-a-vendre-a-boumhal-benarous-boumhel-110686,Appartement,140000.0,2023-02-20,Ben Arous,Boumhel,Boumhel,2013.0,140.0,Non,Non,Non précisé,Non précisé,2.0,1.0,Non,Non,Oui,Non,Non,Non,0.0,Non,Non,Non
menzili,https://www.menzili.tn/annonce/appart-vistamar-a-vendre-a-rades-benarous-rades-110684,Appartement,100000.0,2023-02-20,Ben Arous,Radès,Radès,2013.0,80.0,Non,Non,Non précisé,Non précisé,2.0,1.0,Non,Oui,Oui,Non,Non,Non,3.0,Oui,Non,Non
menzili,https://www.menzili.tn/annonce/vente-appartement-a-immeuble-mozdalifa-sfax-routegremda-110682,Appartement,380000.0,2023-02-20,Sfax,Route Gremda,route bouzayene km 4.5 immeuble mozdalifa,3000.0,150.0,Non,Non,Non précisé,Haut standing,3.0,2.0,Oui,Non,Oui,Non,Oui,Non,1.0,Oui,Non,Oui
menzili,https://www.menzili.tn/annonce/appart-zayna-a-vendre-a-raoued-ariana-raoued-110674,Appartement,65000.0,2023-02-20,Ariana,Raoued,54670670,2083.0,63.0,Non,Non,Non précisé,Non précisé,1.0,1.0,Non,Oui,Oui,Non,Non,Non,0.0,Non,Non,Non
menzili,https://www.menzili.tn/annonce/appart-apple-a-vendre-a-cite-essahafa-ariana-arianaville-110600,Appartement,210000.0,2023-02-18,Ariana,Ariana Ville,54670670,2080.0,129.0,Non,Non,Non précisé,Non précisé,3.0,2.0,Non,Oui,Oui,Non,Non,Non,,Oui,Non,Non
menzili,https://www.menzili.tn/annonce/appartement-s3-avec-jardin-a-carthage-amilcar-zav0170-tunis-carthage-110491,Appartement,850000.0,2023-02-16,Tunis,Carthage,Carthage,2016.0,150.0,Non,Non,Non précisé,Non précisé,3.0,1.0,Oui,Non,Oui,Non,Oui,Oui,0.0,Non,Non,Non
menzili,https://www.menzili.tn/annonce/urgt-a-vendre-appart-sousse-sousse-hammamsousse-110482,Appartement,255000.0,2023-02-16,Sousse,Hammam Sousse,Route nour el kantaoui,4011.0,120.0,Non,Non,Non précisé,Haut standing,4.0,1.0,Non,Non,Oui,Non,Oui,Non,2.0,Oui,Non,Oui
menzili,https://www.menzili.tn/annonce/des-appartements-neufs-s-2-a-hammamet-a-proximite-du-palais-presidentiel-nabeul-hammametnord-110448,Appartement,,2023-02-16,Nabeul,Hammamet Nord,oumaymabenfarhat2022@gmail.com,8050.0,114.0,Non,Oui,Neuf,Moyen standing,2.0,2.0,Non,Non,Oui,Non,Non,Non,1.0,Non,Non,Oui
menzili,https://www.menzili.tn/annonce/appart-bridg-a-vendre-a-raoued-ariana-raoued-110414,Appartement,675000.0,2023-02-15,Ariana,Raoued,54670670,2083.0,200.0,Non,Oui,Non précisé,Non précisé,3.0,2.0,Oui,Oui,Oui,Non,Non,Non,,Non,Non,Non
menzili,https://www.menzili.tn/annonce/appart-bonanova-a-vendre-a-borj-cedria-benarous-borjcedria-110389,Appartement,155000.0,2023-02-15,Ben Arous,Borj Cedria,54670670,2013.0,110.0,Non,Non,Non précisé,Non précisé,3.0,1.0,Non,Oui,Oui,Non,Non,Non,4.0,Non,Non,Non
menzili,https://www.menzili.tn/annonce/a-vendre-appartement-s-1-pied-dans-l-eau-mahdia-mahdia-93326,Appartement,160000.0,2022-08-05,Mahdia,Mahdia,Mahdia,5100.0,,Non,Non,Non précisé,Non précisé,,,Non,Oui,Oui,Non,Non,Non,,Oui,Non,Non
menzili,https://www.menzili.tn/annonce/appartement-s-2-de-charme-proche-de-la-plage-mahdia-mahdia-93325,Appartement,180000.0,2022-08-05,Mahdia,Mahdia,Mahdia,5100.0,75.0,Non,Non,Neuf,Haut standing,2.0,1.0,Oui,Oui,Oui,Non,Non,Non,1.0,Non,Non,Non
menzili,https://www.menzili.tn/annonce/des-appartements-neuf-a-vendre-a-bas-prix-mahdia-mahdia-100562,Appartement,143000.0,2022-10-26,Mahdia,Mahdia,borj arif,5100.0,76.0,Non,Non,Neuf,Non précisé,2.0,1.0,Non,Non,Oui,Non,Non,Non,,Oui,Non,Non
menzili,https://www.menzili.tn/annonce/appartements-en-cours-de-construction-A-vendre-A-bas-prix-hiboune-mahdia-mahdia-107665,Appartement,95000.0,2023-01-23,Mahdia,Mahdia,hiboune mahdia,5100.0,40.0,Non,Non,Neuf,Haut standing,1.0,1.0,Oui,Non,Oui,Non,Oui,Non,,Oui,Non,Oui
menzili,https://www.menzili.tn/annonce/a_vendre-un-s-2-a-gammarth-tunis-gammarth-110338,Appartement,,2023-02-15,Tunis,Gammarth,Gammarth,2078.0,110.0,Non,Non,Non précisé,Non précisé,,,Non,Non,Oui,Non,Non,Non,,Non,Non,Non
menzili,https://www.menzili.tn/annonce/appartement-s-4-spacieux-ariana-arianaville-110325,Appartement,80000.0,2023-02-14,Ariana,Ariana Ville,Rue Habib Ben hareth Cité ennozha Block 2,2080.0,120.0,Non,Non,Non précisé,Non précisé,3.0,1.0,Non,Non,Oui,Non,Non,Non,,Non,Non,Non
menzili,https://www.menzili.tn/annonce/appart-tinos-a-vendre-d-el-mourouj-benarous-elmourouj-110315,Appartement,165000.0,2023-02-14,Ben Arous,El Mourouj,54670670,2074.0,110.0,Non,Non,Non précisé,Non précisé,2.0,1.0,Non,Non,Oui,Non,Non,Non,1.0,Non,Non,Non
menzili,https://www.menzili.tn/annonce/appart-bella-a-vendre-a-ariana-ariana-arianaville-110257,Appartement,350000.0,2023-02-14,Ariana,Ariana Ville,ariana,2080.0,115.0,Non,Non,Non précisé,Non précisé,4.0,1.0,Non,Oui,Oui,Non,Non,Non,1.0,Oui,Non,Non
menzili,https://www.menzili.tn/annonce/pour-la-vente-mourouj-6-type-un-appartement-haut-standing-s-2-benarous-elmourouj-106930,Appartement,230000.0,2023-01-13,Ben Arous,El Mourouj,El Mourouj,2074.0,107.0,Non,Non,Non précisé,Haut standing,2.0,1.0,Oui,Non,Oui,Non,Oui,Non,3.0,Oui,Non,Oui
menzili,https://www.menzili.tn/annonce/appartement-s3-au-lac2-tunis-lesbergesdulac-110211,Appartement,948000.0,2023-02-13,Tunis,Les Berges Du Lac,contact@croisettimmo.com,1053.0,237.0,Non,Non,Non précisé,Haut standing,3.0,1.0,Oui,Oui,Oui,Non,Oui,Non,,Non,Non,Oui
menzili,https://www.menzili.tn/annonce/appartement-a-vendre-a-hammem-sousse-sousse-soussejawhara-110193,Appartement,180000.0,2023-02-13,Sousse,Sousse Jawhara,Sousse Jawhara,4000.0,100.0,Titre Individuel,Non,Non précisé,Non précisé,2.0,1.0,Non,Non,Oui,Non,Non,Non,2.0,Oui,Non,Non
menzili,https://www.menzili.tn/annonce/a_vendre-un-s-1-sur-plan-a-chotrana-1-ariana-chotrana-110129,Appartement,,2023-02-12,Ariana,Chotrana,Chotrana,2086.0,58.0,Non,Non,Non précisé,Non précisé,,,Non,Non,Oui,Non,Non,Non,,Non,Non,Non
menzili,https://www.menzili.tn/annonce/a-vendre-une-villa-s-4-avec-jardin-nabeul-hammametsud-110120,Appartement,400000.0,2023-02-12,Nabeul,Hammamet Sud,hammamet sud,8050.0,252.0,Non,Non,Neuf,Non précisé,4.0,2.0,Non,Non,Oui,Non,Non,Oui,1.0,Non,Non,Oui
menzili,https://www.menzili.tn/annonce/a_vendre-un-appartement-2s-3-a-l-aaouina-tunis-laouina-110099,Appartement,,2023-02-12,Tunis,L'aouina,L'aouina,1000.0,170.0,Non,Non,Non précisé,Non précisé,,,Non,Non,Oui,Non,Non,Non,,Non,Non,Non
menzili,https://www.menzili.tn/annonce/magnifique-appartement-de-193-m2-a-gammarth-vue-mer-tunis-gammarth-110091,Appartement,,2023-02-11,Tunis,Gammarth,Gammarth,2078.0,193.0,Non,Oui,Non précisé,Luxe,3.0,2.0,Oui,Oui,Oui,Non,Oui,Non,3.0,Oui,Non,Oui
menzili,https://www.menzili.tn/annonce/a_vendre-un-s-2-direct-promoteur-a-la-soukra-ariana-lasoukra-110072,Appartement,,2023-02-11,Ariana,La Soukra,La Soukra,2036.0,120.0,Non,Non,Non précisé,Non précisé,,,Non,Non,Oui,Non,Non,Non,,Non,Non,Non
menzili,https://www.menzili.tn/annonce/a_vendre-un-appartement-s-3-a-cite-ghazela-ariana-ghazela-110067,Appartement,,2023-02-11,Ariana,Ghazela,Ghazela,2080.0,147.0,Non,Non,Non précisé,Non précisé,,,Non,Non,Oui,Non,Non,Non,,Non,Non,Non
menzili,https://www.menzili.tn/annonce/a_vendre-un-appartement-2s-3-a-l-aaouina-tunis-laouina-110063,Appartement,,2023-02-11,Tunis,L'aouina,L'aouina,1000.0,170.0,Non,Non,Non précisé,Non précisé,,,Non,Non,Oui,Non,Non,Non,,Non,Non,Non
menzili,https://www.menzili.tn/annonce/a_vendre-un-appartement-s-1-a-chotrana-3-ariana-chotrana-110059,Appartement,,2023-02-11,Ariana,Chotrana,Chotrana,2086.0,60.0,Non,Non,Non précisé,Non précisé,,,Non,Non,Oui,Non,Non,Non,,Non,Non,Non
menzili,https://www.menzili.tn/annonce/a_vendre-un-s-1-direct-promoteur-a-bhar-lzrek-tunis-lamarsa-110053,Appartement,,2023-02-11,Tunis,La Marsa,La Marsa,2070.0,60.0,Non,Non,Non précisé,Non précisé,,,Non,Non,Oui,Non,Non,Non,,Non,Non,Non
menzili,https://www.menzili.tn/annonce/a_vendre-un-s-1-direct-promoteur-a-ain-zaghouen-nord-tunis-ainzaghouan-110049,Appartement,,2023-02-11,Tunis,Aïn Zaghouan,Aïn Zaghouan,1100.0,80.0,Non,Non,Non précisé,Non précisé,,,Non,Non,Oui,Non,Non,Non,,Non,Non,Non
menzili,https://www.menzili.tn/annonce/a_vendre-un-s-2-direct-promoteur-a-la-soukra-a-proximite-l-utc-ariana-lasoukra-110042,Appartement,,2023-02-11,Ariana,La Soukra,La Soukra,2036.0,120.0,Non,Non,Non précisé,Non précisé,,,Non,Non,Oui,Non,Non,Non,,Non,Non,Non
menzili,https://www.menzili.tn/annonce/a_vendre-un-appartement-s-2-au-1er-etage-a-borj-louzir-ariana-borjlouzir-110041,Appartement,,2023-02-11,Ariana,Borj Louzir,Borj Louzir,2073.0,90.0,Non,Non,Non précisé,Non précisé,,,Non,Non,Oui,Non,Non,Non,,Non,Non,Non
menzili,https://www.menzili.tn/annonce/a_vendre-un-s-2-direct-promoteur-a-vendre-a-cite-ghazela-ariana-ghazela-110028,Appartement,,2023-02-11,Ariana,Ghazela,Ghazela,2080.0,117.0,Non,Non,Non précisé,Non précisé,,,Non,Non,Oui,Non,Non,Non,,Non,Non,Non
menzili,https://www.menzili.tn/annonce/a_vendre-un-s-2-direct-promoteur-a-ain-zaghouen-nord-tunis-ainzaghouan-110014,Appartement,,2023-02-11,Tunis,Aïn Zaghouan,Aïn Zaghouan,1100.0,,Non,Non,Non précisé,Non précisé,,,Non,Non,Oui,Non,Non,Non,,Non,Non,Non
menzili,https://www.menzili.tn/annonce/a_vendre-un-s-2-direct-promoteur-a-chotrana-1-ariana-chotrana-110009,Appartement,,2023-02-11,Ariana,Chotrana,Chotrana,2086.0,108.0,Non,Non,Non précisé,Non précisé,,,Non,Non,Oui,Non,Non,Non,,Non,Non,Non
menzili,https://www.menzili.tn/annonce/appart-parfois-a-vendre-a-menzah-9-ariana-menzah-109971,Appartement,295000.0,2023-02-10,Ariana,Menzah,menzah 9,1004.0,124.0,Non,Non,Non précisé,Non précisé,2.0,2.0,Non,Oui,Oui,Non,Non,Non,,Oui,Non,Non
menzili,https://www.menzili.tn/annonce/un-appartement-s-1-au-centre-ville-hammamet-nabeul-hammametcentre-109970,Appartement,200000.0,2023-02-10,Nabeul,Hammamet Centre,avenue Moncef bey 8050yasmine Hammamet,8050.0,,Non,Non,Non précisé,Non précisé,,,Non,Non,Oui,Non,Non,Non,,Non,Non,Non
menzili,https://www.menzili.tn/annonce/a_vendre-un-s-3-direct-promoteur-a-la-soukra-ariana-lasoukra-109964,Appartement,,2023-02-10,Ariana,La Soukra,La Soukra,2036.0,121.0,Non,Non,Non précisé,Non précisé,,,Non,Non,Oui,Non,Non,Non,,Non,Non,Non
menzili,https://www.menzili.tn/annonce/-appartement-s-1-situe-a-afhmrezga-nabeul-hammamet-109954,Appartement,207000.0,2023-02-10,Nabeul,Hammamet,avenue Moncef bey 8050yasmine Hammamet,8050.0,76.0,Non,Oui,Non précisé,Luxe,1.0,1.0,Non,Oui,Oui,Oui,Oui,Oui,4.0,Oui,Non,Oui
menzili,https://www.menzili.tn/annonce/A-vendre-3-appartements-s-2-situe-a-l-aouina-tunis-laouina-109933,Appartement,,2023-02-10,Tunis,L'aouina,L'aouina,1000.0,352.0,Non,Non,Non précisé,Non précisé,,,Non,Non,Oui,Non,Non,Non,,Non,Non,Non
menzili,https://www.menzili.tn/annonce/a_vendre-un-s-3-a-jardin-de-carthage-tunis-carthage-109929,Appartement,,2023-02-10,Tunis,Carthage,Carthage,2016.0,156.0,Non,Non,Non précisé,Non précisé,,,Non,Non,Oui,Non,Non,Oui,,Non,Non,Non
menzili,https://www.menzili.tn/annonce/-appartement-meuble-au-centre-ville-hammamet-nabeul-hammametcentre-109030,Appartement,280000.0,2023-02-03,Nabeul,Hammamet Centre,avenue Moncef bey 8050yasmine Hammamet,8050.0,,Non,Non,Non précisé,Non précisé,2.0,1.0,Non,Non,Oui,Non,Non,Non,,Non,Non,Oui
menzili,https://www.menzili.tn/annonce/a_vendre-un-s-2-a-borj-louzir-ariana-borjlouzir-109919,Appartement,,2023-02-10,Ariana,Borj Louzir,Borj Louzir,2073.0,94.0,Non,Non,Non précisé,Non précisé,,,Non,Non,Oui,Non,Non,Non,,Non,Non,Non
menzili,https://www.menzili.tn/annonce/a_vendre-un-terrain-a-cite-ghazela-ariana-ghazela-109912,Appartement,,2023-02-10,Ariana,Ghazela,Ghazela,2080.0,518.0,Non,Non,Non précisé,Non précisé,,,Non,Non,Oui,Non,Non,Non,,Non,Non,Non
menzili,https://www.menzili.tn/annonce/a_vendre-un-s-2-direct-promoteur-a-la-soukra-ariana-lasoukra-109906,Appartement,,2023-02-10,Ariana,La Soukra,La Soukra,2036.0,120.0,Non,Non,Non précisé,Non précisé,,,Non,Non,Oui,Non,Non,Non,,Non,Non,Non
menzili,https://www.menzili.tn/annonce/a_vendre-un-s-2-direct-promoteur-a-gammarth-village-tunis-gammarth-109893,Appartement,,2023-02-10,Tunis,Gammarth,Gammarth,2078.0,117.0,Non,Non,Non précisé,Non précisé,,,Non,Non,Oui,Non,Non,Non,,Non,Non,Non
menzili,https://www.menzili.tn/annonce/-A-vendre-3-appartements-s-2-situe-a-l-aouina-tunis-laouina-109875,Appartement,,2023-02-10,Tunis,L'aouina,L'aouina,1000.0,712.0,Non,Non,Non précisé,Non précisé,,,Non,Non,Oui,Non,Non,Non,,Non,Non,Non
menzili,https://www.menzili.tn/annonce/des-appartements-neufs-s-2-a-hammamet-a-proximite-du-palais-presidentiel-29-758-358-nabeul-hammametnord-109872,Appartement,340000.0,2023-02-10,Nabeul,Hammamet Nord,avenue Moncef bey 8050yasmine Hammamet,8050.0,114.0,Non,Oui,Neuf,Haut standing,2.0,1.0,Non,Non,Oui,Non,Oui,Non,,Non,Non,Oui
menzili,https://www.menzili.tn/annonce/a_vendre-un-s-3-a-borj-louzir-ariana-borjlouzir-109871,Appartement,,2023-02-10,Ariana,Borj Louzir,Borj Louzir,2073.0,110.0,Non,Non,Non précisé,Non précisé,,,Non,Non,Oui,Non,Non,Non,,Non,Non,Non
menzili,https://www.menzili.tn/annonce/a_vendre-un-s-2-direct-promoteur-a-la-soukra-ariana-lasoukra-109870,Appartement,,2023-02-10,Ariana,La Soukra,La Soukra,2036.0,120.0,Non,Non,Non précisé,Non précisé,,,Non,Non,Oui,Non,Non,Non,,Non,Non,Non
menzili,https://www.menzili.tn/annonce/a-vendre-s-2-sur-plan-a-chotrana-1-ariana-chotrana-109867,Appartement,,2023-02-10,Ariana,Chotrana,mariemjbeli716@gmail.com,2086.0,58.0,Non,Non,Non précisé,Non précisé,,,Non,Non,Oui,Non,Non,Non,,Non,Non,Non
menzili,https://www.menzili.tn/annonce/appart-nantes-a-vendre-d-el-ouardia-tunis-elouardia-109832,Appartement,370000.0,2023-02-09,Tunis,El Ouardia,El Ouardia,1000.0,60.0,Non,Non,Non précisé,Non précisé,1.0,1.0,Non,Non,Oui,Non,Non,Non,1.0,Non,Non,Non
menzili,https://www.menzili.tn/annonce/appart-soda-a-vendre-a-raoued-plage-ariana-raoued-109770,Appartement,290000.0,2023-02-09,Ariana,Raoued,raoued,2083.0,,Non,Oui,Non précisé,Non précisé,1.0,1.0,Non,Non,Oui,Non,Non,Non,,Non,Non,Non
menzili,https://www.menzili.tn/annonce/a-vendre-s-2-spacieux-benarous-medinajedida-109745,Appartement,130000.0,2023-02-09,Ben Arous,Medina Jedida,Medina Jedida,2013.0,90.0,Non,Non,Non précisé,Non précisé,2.0,1.0,Non,Non,Oui,Non,Non,Non,4.0,Oui,Non,Non
menzili,https://www.menzili.tn/annonce/appartement-haute-standing-a-vendre-a-kelibia-99679470-nabeul-kelibia-109730,Appartement,250000.0,2023-02-09,Nabeul,Kélibia,99679470,8000.0,80.0,Non,Oui,Non précisé,Non précisé,2.0,1.0,Non,Non,Oui,Non,Non,Non,2.0,Non,Non,Non
menzili,https://www.menzili.tn/annonce/etage-de-villa-beida-a-vendre-a-mornaguia-manouba-manoubaville-109727,Appartement,130000.0,2023-02-09,Manouba,Manouba Ville,Manouba Ville,2010.0,125.0,Non,Non,Non précisé,Non précisé,2.0,1.0,Non,Non,Oui,Non,Non,Non,2.0,Non,Non,Non
menzili,https://www.menzili.tn/annonce/appartement-a-kelibia-nabeul-kelibia-109668,Appartement,90000.0,2023-02-08,Nabeul,Kélibia,kélibia centre ville,8000.0,60.0,Non,Non,Non précisé,Haut standing,2.0,1.0,Oui,Non,Oui,Non,Oui,Non,,Non,Non,Oui
menzili,https://www.menzili.tn/annonce/appartement-a-vendre-99679470-nabeul-kelibia-109658,Appartement,320000.0,2023-02-08,Nabeul,Kélibia,99679470,8000.0,120.0,Non,Oui,Non précisé,Moyen standing,5.0,3.0,Non,Non,Oui,Non,Non,Oui,,Non,Non,Oui
menzili,https://www.menzili.tn/annonce/jolie-appartements-benarous-elmourouj-109647,Appartement,,2023-02-08,Ben Arous,El Mourouj,mourouj 6,2074.0,90.0,Non,Non,Non précisé,Non précisé,1.0,1.0,Oui,Non,Oui,Non,Non,Non,1.0,Non,Non,Non
menzili,https://www.menzili.tn/annonce/appartement-s2-a-vendre-a-ennaser-1-ariana-ennasr-109589,Appartement,280000.0,2023-02-07,Ariana,Ennasr,Ennaser 1,2037.0,111.0,Non,Non,Non précisé,Haut standing,2.0,1.0,Non,Non,Oui,Non,Oui,Non,1.0,Oui,Non,Oui
menzili,https://www.menzili.tn/annonce/a-vendre-un-appartement-s-2-a-nabeul-nabeul-nabeul-109484,Appartement,150000.0,2023-02-07,Nabeul,Nabeul,Nabeul,8000.0,75.0,Non,Non,Non précisé,Moyen standing,2.0,1.0,Oui,Non,Oui,Non,Oui,Non,1.0,Non,Non,Non
menzili,https://www.menzili.tn/annonce/vente-s-1-haut-standing-nabeul-mrezga-109327,Appartement,175000.0,2023-02-06,Nabeul,Mrezga,Résidence Ahmed AFH2 MREZGA NABEUL cité el Wafa,8058.0,67.0,Non,Non,Non précisé,Haut standing,1.0,1.0,Oui,Oui,Oui,Non,Oui,Non,5.0,Oui,Non,Oui
menzili,https://www.menzili.tn/annonce/appart-alkmaar-a-vendre-a-kheireddine-tunis-lagoulette-109309,Appartement,580000.0,2023-02-06,Tunis,La Goulette,54670670,2060.0,102.0,Non,Non,Non précisé,Haut standing,3.0,2.0,Oui,Oui,Oui,Non,Oui,Non,1.0,Non,Non,Non
menzili,https://www.menzili.tn/annonce/appart-sufal-a-vendre-a-carthage-byrsa-tunis-carthage-109303,Appartement,350000.0,2023-02-06,Tunis,Carthage,Carthage,2016.0,98.0,Non,Non,Non précisé,Non précisé,2.0,1.0,Oui,Oui,Oui,Non,Non,Non,2.0,Non,Non,Non
menzili,https://www.menzili.tn/annonce/un-appartement-s-1-a-hammamet-nord-nabeul-hammamet-107249,Appartement,150000.0,2023-01-17,Nabeul,Hammamet,Hammamet Nord,8050.0,60.0,Non,Non,Non précisé,Moyen standing,1.0,1.0,Non,Non,Oui,Non,Oui,Non,1.0,Non,Non,Oui
menzili,https://www.menzili.tn/annonce/a-ne-pas-rater-une-manifique-appartement-a-slim-center-1-sousse-khezama-sousse-soussejawhara-109192,Appartement,375000.0,2023-02-04,Sousse,Sousse Jawhara,Khezama zone touristique,4000.0,110.0,Non,Oui,Non précisé,Haut standing,2.0,2.0,Non,Non,Oui,Non,Oui,Oui,2.0,Oui,Non,Oui
menzili,https://www.menzili.tn/annonce/appartement-a-vendre-a-hamem-laghzez-99679470-nabeul-kelibia-109147,Appartement,350000.0,2023-02-04,Nabeul,Kélibia,99679470,8000.0,118.0,Non,Oui,Non précisé,Non précisé,3.0,1.0,Non,Non,Oui,Non,Non,Non,,Non,Non,Non
menzili,https://www.menzili.tn/annonce/appartement-s1-haut-standing-de-400-m2-benarous-borjcedria-109092,Appartement,,2023-02-04,Ben Arous,Borj Cedria,Borj Cedria,2013.0,400.0,Non,Non,Non précisé,Haut standing,3.0,2.0,Oui,Oui,Oui,Non,Oui,Non,1.0,Oui,Non,Non
menzili,https://www.menzili.tn/annonce/appart-a-vendre-bizerte-mateur-109090,Appartement,,2023-02-03,Bizerte,place balma coté gr,Résidence auberge de carthage,1053.0,11787.0,Oui,Non,Neuf,Non précisé,2.0,1.0,Non,Oui,Oui,Non,Non,Non,2.0,Non,Non,Non
menzili,https://www.menzili.tn/annonce/duplex-a-vendre-nabeul-hammametsud-109080,Appartement,295000.0,2023-02-03,Nabeul,Hammamet Sud,amarasabrine04@gmail.com,8050.0,104.0,Non,Non,Non précisé,Non précisé,2.0,2.0,Non,Non,Oui,Non,Non,Oui,2.0,Non,Non,Non
menzili,https://www.menzili.tn/annonce/appartement-s-2-a-mrezga-hammamet-nabeul-mrezga-109076,Appartement,360000.0,2023-02-03,Nabeul,Mrezga,avenue Moncef bey 8050yasmine Hammamet,8058.0,134.0,Non,Non,Non précisé,Non précisé,2.0,1.0,Non,Non,Oui,Non,Non,Non,,Non,Non,Non
menzili,https://www.menzili.tn/annonce/appart-frederic-a-vendre-d-el-mourouj-benarous-elmourouj-109065,Appartement,120000.0,2023-02-03,Ben Arous,El Mourouj,54670670,2074.0,72.0,Non,Non,Non précisé,Non précisé,2.0,1.0,Non,Oui,Oui,Non,Non,Non,1.0,Non,Non,Non
menzili,https://www.menzili.tn/annonce/appartement-s-2-situe-a-afh-mrezga-nabeul-mrezga-109031,Appartement,,2023-02-03,Nabeul,Mrezga,avenue Moncef bey 8050yasmine Hammamet,8058.0,12886.0,Non,Non,Non précisé,Haut standing,2.0,2.0,Non,Non,Oui,Oui,Non,Oui,,Oui,Non,Oui
menzili,https://www.menzili.tn/annonce/appartement-a-vendre-a-menzah-9c-ariana-menzah-109007,Appartement,295000.0,2023-02-03,Ariana,Menzah,Menzah,1004.0,124.0,Non,Non,Non précisé,Haut standing,2.0,1.0,Non,Oui,Oui,Non,Oui,Non,,Non,Non,Oui
menzili,https://www.menzili.tn/annonce/appart-novus-a-vendre-a-ennaser-ariana-ennasr-108973,Appartement,430000.0,2023-02-03,Ariana,Ennasr,ennaser,2037.0,170.0,Non,Non,Non précisé,Non précisé,2.0,1.0,Non,Non,Oui,Non,Non,Non,0.0,Non,Non,Non
menzili,https://www.menzili.tn/annonce/s-3-au-kram-ouest-tunis-lekram-108963,Appartement,150000.0,2023-02-03,Tunis,Le Kram,Immeuble sur la route farhat hached,2015.0,111.0,Non,Non,Non précisé,Non précisé,3.0,1.0,Non,Non,Oui,Non,Non,Non,4.0,Non,Non,Oui
menzili,https://www.menzili.tn/annonce/des-appartement-a-vendre-kelibia-nabeul-kelibia-108954,Appartement,110000.0,2023-02-02,Nabeul,Kélibia,Kélibia ville,8000.0,110.0,Non,Non,Non précisé,Non précisé,2.0,1.0,Non,Non,Oui,Non,Non,Non,,Non,Non,Non
menzili,https://www.menzili.tn/annonce/appart-ortoton-a-vendre-a-cite-ennaser-ariana-ennasr-108928,Appartement,295000.0,2023-02-02,Ariana,Ennasr,ENNASEER,2037.0,142.0,Non,Non,Non précisé,Non précisé,3.0,1.0,Non,Oui,Oui,Non,Non,Non,6.0,Non,Non,Non
menzili,https://www.menzili.tn/annonce/appart-brown-a-vendre-a-enkhilette-ariana-arianaville-108900,Appartement,240000.0,2023-02-02,Ariana,Ariana Ville,enkhilet,2080.0,144.0,Non,Non,Non précisé,Non précisé,4.0,2.0,Non,Non,Oui,Non,Non,Non,,Non,Non,Non
menzili,https://www.menzili.tn/annonce/avendre-manifique-appartement-kantaoui-avec-place-de-parking-sousse-kantaoui-108837,Appartement,350000.0,2023-02-02,Sousse,Kantaoui,Kantaoui vue mer,4089.0,110.0,Titre Individuel,Oui,Non précisé,Haut standing,2.0,1.0,Non,Non,Oui,Non,Oui,Oui,3.0,Oui,Non,Non
menzili,https://www.menzili.tn/annonce/rdc-de-villa-turo-a-vendre-d-el-mourouj-benarous-elmourouj-108826,Appartement,140000.0,2023-02-02,Ben Arous,El Mourouj,El Mourouj,2074.0,135.0,Non,Non,Non précisé,Non précisé,2.0,1.0,Non,Non,Oui,Non,Non,Non,0.0,Non,Non,Non
menzili,https://www.menzili.tn/annonce/avendre-appartement-s3-a-khezama-pre-toute-les-commditee-sousse-soussejawhara-108819,Appartement,255000.0,2023-02-02,Sousse,Sousse Jawhara,Khezama ouest,4000.0,110.0,Non,Oui,Non précisé,Haut standing,3.0,2.0,Non,Non,Oui,Non,Oui,Oui,3.0,Oui,Non,Oui
menzili,https://www.menzili.tn/annonce/appart-rovira-a-vendre-d-el-mourouj-benarous-elmourouj-108816,Appartement,205000.0,2023-02-02,Ben Arous,El Mourouj,54670670,2074.0,101.0,Non,Non,Non précisé,Non précisé,2.0,1.0,Non,Non,Oui,Non,Non,Non,3.0,Oui,Non,Non
menzili,https://www.menzili.tn/annonce/avendre-appartement-s3-haut-standing-avec-parking-sosoll-khezama-est-sousse-soussejawhara-108815,Appartement,395000.0,2023-02-02,Sousse,Sousse Jawhara,Khezama est pré carrefour,4000.0,150.0,Non,Oui,Non précisé,Haut standing,3.0,2.0,Non,Non,Oui,Non,Oui,Non,1.0,Oui,Non,Oui
menzili,https://www.menzili.tn/annonce/avendre-appartement-s3-tre-haut-standing-a-khezama-residence-chic-sousse-soussejawhara-108807,Appartement,380000.0,2023-02-02,Sousse,Sousse Jawhara,Khezama est pré hamdi abid,4000.0,110.0,Non,Oui,Non précisé,Haut standing,3.0,2.0,Non,Non,Oui,Non,Oui,Oui,3.0,Oui,Non,Oui
menzili,https://www.menzili.tn/annonce/des-appartements-s2-front-de-mer-sousse-akouda-100365,Appartement,375000.0,2022-10-22,Sousse,Akouda,Akouda,4022.0,9069.0,Non,Oui,Non précisé,Luxe,2.0,2.0,Non,Non,Oui,Oui,Oui,Oui,,Oui,Non,Oui
menzili,https://www.menzili.tn/annonce/s2-a-vendre-riadh-l-andalous-ariana-arianaville-108707,Appartement,,2023-02-01,Ariana,Ariana Ville,riadh 'andalous,2080.0,89.0,Non,Non,Non précisé,Haut standing,2.0,1.0,Oui,Non,Oui,Non,Oui,Non,,Non,Non,Oui
menzili,https://www.menzili.tn/annonce/appartement-a-vendre-a-afh-merzga-hammamet-nord-nabeul-mrezga-108691,Appartement,192000.0,2023-02-01,Nabeul,Mrezga,Mrezga,8058.0,60.0,Non,Non,Non précisé,Haut standing,1.0,1.0,Non,Non,Oui,Oui,Oui,Oui,4.0,Oui,Non,Oui
menzili,https://www.menzili.tn/annonce/un-spacieux-s-3-a-vendre-direct-promoteur-cite-ghazela-ariana-ghazela-108689,Appartement,,2023-02-01,Ariana,Ghazela,cité Riadh Ghazela,2080.0,160.0,Non,Non,Non précisé,Moyen standing,4.0,,Non,Non,Oui,Non,Oui,Non,6.0,Oui,Non,Non
menzili,https://www.menzili.tn/annonce/a-vendre-un-appartement-s-2-ennaser-2-ariana-ennasr-108682,Appartement,,2023-02-01,Ariana,Ennasr,ennaser 2,2037.0,132.0,Non,Non,Non précisé,Haut standing,2.0,2.0,Oui,Oui,Oui,Non,Oui,Non,1.0,Oui,Non,Oui
menzili,https://www.menzili.tn/annonce/a-vendre-un-s-3-ennaser-2-ariana-ennasr-108680,Appartement,350000.0,2023-02-01,Ariana,Ennasr,ennaser 2,2037.0,148.0,Oui,Non,Non précisé,Haut standing,3.0,2.0,Oui,Oui,Oui,Non,Oui,Non,1.0,Oui,Non,Oui
menzili,https://www.menzili.tn/annonce/a-vendre-un-appartement-s-2-ariana-ville-ariana-ennasr-108659,Appartement,,2023-01-31,Ariana,Ennasr,ennaser 2,2037.0,106.0,Non,Non,Non précisé,Haut standing,2.0,1.0,Non,Oui,Oui,Non,Oui,Non,1.0,Oui,Non,Oui
menzili,https://www.menzili.tn/annonce/a-vendre-un-appartement-s-3-a-eennaser-2-ariana-ennasr-108653,Appartement,400000.0,2023-01-31,Ariana,Ennasr,ennaser 2,2037.0,187.0,Non,Non,Non précisé,Haut standing,3.0,2.0,Oui,Non,Oui,Non,Oui,Non,1.0,Oui,Non,Oui
menzili,https://www.menzili.tn/annonce/appartement-s-1-a-vendre-a-afh-merzga-nabeul-hammamet-108615,Appartement,165000.0,2023-01-31,Nabeul,Hammamet,Hammamet,8050.0,50.0,Non,Non,Non précisé,Haut standing,1.0,1.0,Non,Non,Oui,Oui,Oui,Oui,1.0,Oui,Non,Oui
menzili,https://www.menzili.tn/annonce/appartement-s-2-a-vendre-a-cite-olympique-tunis-citeolympique-108511,Appartement,220000.0,2023-01-31,Tunis,Cité Olympique,Cité Olympique,1000.0,80.0,Non,Non,Non précisé,Moyen standing,2.0,2.0,Oui,Non,Oui,Non,Non,Non,,Non,Non,Non
menzili,https://www.menzili.tn/annonce/appartement-s-1-a-ariana-cite-essahafa-ariana-arianaville-108485,Appartement,90000.0,2023-01-31,Ariana,Ariana Ville,Ariana Ville,2080.0,55.0,Non,Non,Non précisé,Non précisé,,1.0,Oui,Oui,Oui,Non,Non,Non,,Non,Non,Non
menzili,https://www.menzili.tn/annonce/appartement-a-vendre-a-menzah-7-bis-ariana-menzah-108482,Appartement,405000.0,2023-01-31,Ariana,Menzah,Menzah,1004.0,180.0,Non,Non,Non précisé,Haut standing,4.0,3.0,Oui,Non,Oui,Non,Oui,Non,,Non,Non,Oui
menzili,https://www.menzili.tn/annonce/appartement-a-vendre-a-ennaser-ariana-ennasr-108481,Appartement,320000.0,2023-01-31,Ariana,Ennasr,Ennasr,2037.0,135.0,Non,Non,Non précisé,Moyen standing,3.0,1.0,Non,Non,Oui,Non,Oui,Non,,Non,Non,Oui
menzili,https://www.menzili.tn/annonce/appartement-a-vendre-a-cite-olympique-tunis-citeelkhadra-108479,Appartement,240000.0,2023-01-31,Tunis,Cité El Khadra,cité olympique,1003.0,120.0,Non,Non,Non précisé,Non précisé,3.0,1.0,Non,Non,Oui,Non,Oui,Non,,Non,Non,Non
menzili,https://www.menzili.tn/annonce/appartement-a-vendre-a-l-awina-tunis-laouina-108478,Appartement,360000.0,2023-01-31,Tunis,L'aouina,L'aouina,1000.0,120.0,Non,Non,Non précisé,Non précisé,3.0,1.0,Non,Non,Oui,Non,Oui,Non,3.0,Non,Non,Non
menzili,https://www.menzili.tn/annonce/appart-batllo-a-vendre-a-bardo-tunis-lebardo-108444,Appartement,300000.0,2023-01-30,Tunis,Le Bardo,54670670,2000.0,138.0,Non,Non,Non précisé,Moyen standing,3.0,1.0,Non,Non,Oui,Non,Oui,Non,3.0,Non,Non,Non
menzili,https://www.menzili.tn/annonce/etage-de-villa-younane-a-vendre-a-bizerte-bizerte-bizertenord-108370,Appartement,270000.0,2023-01-30,Bizerte,Bizerte Nord,Bizerte Nord,7000.0,177.0,Non,Non,Non précisé,Non précisé,3.0,1.0,Non,Non,Oui,Non,Non,Non,2.0,Non,Non,Non
menzili,https://www.menzili.tn/annonce/appart-pedrera-a-vendre-a-passage-tunis-citeelkhadra-108368,Appartement,510000.0,2023-01-30,Tunis,Cité El Khadra,54670670,1003.0,178.0,Non,Non,Non précisé,Non précisé,3.0,2.0,Non,Oui,Oui,Non,Non,Non,2.0,Oui,Non,Non
menzili,https://www.menzili.tn/annonce/un-appartement-s-3-situe-a-afhmrezga-nabeul-mrezga-108313,Appartement,300000.0,2023-01-30,Nabeul,Mrezga,avenue Moncef bey 8050yasmine Hammamet,8058.0,131.0,Non,Non,Neuf,Luxe,3.0,2.0,Non,Non,Oui,Oui,Non,Oui,6.0,Oui,Non,Oui
menzili,https://www.menzili.tn/annonce/a-vendre-un-appartement-s-2-a-mrezga-nabeul-hammametnord-108217,Appartement,271000.0,2023-01-29,Nabeul,Hammamet Nord,à Hammamet nord à AFH_Mrezga,8050.0,120.0,Non,Non,Non précisé,Haut standing,2.0,1.0,Non,Non,Oui,Oui,Oui,Oui,,Oui,Non,Oui
menzili,https://www.menzili.tn/annonce/appartement-en-cours-de-construction-a-kelibia-nabeul-kelibia-108207,Appartement,60000.0,2023-01-28,Nabeul,Kélibia,Kélibia,8000.0,140.0,Titre Bleu,Non,Neuf,Non précisé,2.0,1.0,Non,Non,Oui,Non,Non,Non,2.0,Non,Non,Non
menzili,https://www.menzili.tn/annonce/appartement-de-reve-sousse-hammamsousse-108201,Appartement,,2023-01-28,Sousse,Hammam Sousse,Vicor Hugo,4011.0,190.0,Titre Bleu,Oui,Non précisé,Luxe,3.0,3.0,Oui,Oui,Oui,Non,Oui,Non,,Oui,Non,Oui
menzili,https://www.menzili.tn/annonce/etage-de-villa-thomas-a-vendre-d-el-mourouj-benarous-elmourouj-108140,Appartement,149000.0,2023-01-28,Ben Arous,El Mourouj,54670670,2074.0,65.0,Non,Non,Non précisé,Non précisé,2.0,1.0,Non,Non,Oui,Non,Non,Non,1.0,Non,Non,Non
menzili,https://www.menzili.tn/annonce/appartement-2-pieces-les-berges-du-lac-1-s-2-tunis-lesbergesdulac-108134,Appartement,520000.0,2023-01-27,Tunis,Les Berges Du Lac,Les berges du lac 1,1053.0,95.0,Non,Non,Bon état,Haut standing,2.0,1.0,Non,Non,Oui,Non,Oui,Oui,1.0,Oui,Non,Oui
menzili,https://www.menzili.tn/annonce/des-appartements-a-el-haouaria-nabeul-elhaouaria-108108,Appartement,45000.0,2023-01-27,Nabeul,El Haouaria,سيتي سبرولز الهوارية,8045.0,80.0,Non,Non,Non précisé,Non précisé,3.0,1.0,Non,Non,Oui,Non,Non,Non,,Non,Non,Non
menzili,https://www.menzili.tn/annonce/etage-de-villa-matera-a-vendre-a-mornaguia-manouba-mornaguia-108039,Appartement,160000.0,2023-01-26,Manouba,Mornaguia,54670670,1110.0,160.0,Non,Non,Non précisé,Non précisé,3.0,1.0,Non,Non,Oui,Non,Non,Non,1.0,Non,Non,Non
menzili,https://www.menzili.tn/annonce/location-appartement-s-2-au-golden-tulip-tunis-lamarsa-107945,Appartement,2300.0,2023-01-25,Tunis,La Marsa,La Marsa,2070.0,150.0,Non,Non,Non précisé,Moyen standing,2.0,2.0,Non,Oui,Oui,Non,Oui,Oui,,Non,Non,Oui
menzili,https://www.menzili.tn/annonce/s-4-a-vendre-ennaser-2-ariana-ennasr-107929,Appartement,,2023-01-25,Ariana,Ennasr,ennaser 2,2037.0,,Non,Non,Non précisé,Haut standing,5.0,3.0,Oui,Oui,Oui,Non,Oui,Non,,Non,Non,Oui
menzili,https://www.menzili.tn/annonce/chez-golden_immobilier-des-appartement-a-vendre-de-haut-standing-nabeul-hammamet-107870,Appartement,190000.0,2023-01-25,Nabeul,Hammamet,hammamet,8050.0,60.0,Non,Non,Non précisé,Haut standing,1.0,1.0,Non,Non,Oui,Oui,Oui,Oui,1.0,Oui,Non,Oui
menzili,https://www.menzili.tn/annonce/un-appartement-s-1-tres-haut-standing-richement-meuble-nabeul-hammamet-107858,Appartement,330000.0,2023-01-25,Nabeul,Hammamet,Hammamet,8050.0,80.0,Non,Oui,Non précisé,Haut standing,1.0,1.0,Non,Non,Oui,Oui,Oui,Oui,1.0,Oui,Non,Oui
menzili,https://www.menzili.tn/annonce/app-s-4-cite-ennkhilet-ariana-raoued-107717,Appartement,235000.0,2023-01-24,Ariana,Raoued,cité Ennkhilet en face de la magazin Aziza Résiden,2083.0,145.0,Non,Non,Non précisé,Non précisé,4.0,1.0,Non,Non,Oui,Non,Non,Non,2.0,Non,Non,Oui
menzili,https://www.menzili.tn/annonce/appart-turin-a-vendre-a-monfleury-tunis-sidielbechir-107692,Appartement,120000.0,2023-01-23,Tunis,Sidi El Béchir,Sidi El Béchir,1002.0,65.0,Non,Non,Non précisé,Non précisé,1.0,1.0,Non,Non,Oui,Non,Non,Non,0.0,Non,Non,Non
menzili,https://www.menzili.tn/annonce/appart-reims-a-vendre-d-el-mourouj-benarous-elmourouj-107682,Appartement,180000.0,2023-01-23,Ben Arous,El Mourouj,54670670,2074.0,101.0,Non,Non,Non précisé,Non précisé,3.0,1.0,Non,Non,Oui,Non,Non,Non,3.0,Non,Non,Non
menzili,https://www.menzili.tn/annonce/appartement-rez-de-chaussee-tunis-sidielbechir-107647,Appartement,,2023-01-23,Tunis,Sidi El Béchir,Sidi El Béchir,1002.0,90.0,Non,Non,Rénové,Non précisé,2.0,,Non,Non,Oui,Non,Non,Non,0.0,Non,Non,Non
menzili,https://www.menzili.tn/annonce/un-appartement-s-2-haut-standing-au-4eme-etage-dans-une-residence-situe-a-afh-merzga-nabeul-hammamet-107645,Appartement,,2023-01-23,Nabeul,Hammamet,Hammamet,8050.0,102.0,Non,Non,Non précisé,Haut standing,2.0,1.0,Oui,Non,Oui,Oui,Oui,Non,1.0,Oui,Non,Oui
menzili,https://www.menzili.tn/annonce/appart-Emile-a-vendre-d-ezzahra-tunis-ezzouhour-107642,Appartement,210000.0,2023-01-23,Tunis,Ezzouhour,54670670,1010.0,,Non,Non,Non précisé,Non précisé,4.0,1.0,Non,Oui,Oui,Non,Non,Non,,Non,Non,Non
menzili,https://www.menzili.tn/annonce/appart-troyes-a-vendre-a-bizerte-bizerte-bizertenord-107588,Appartement,340000.0,2023-01-21,Bizerte,Bizerte Nord,Bizerte Nord,7000.0,129.0,Non,Non,Non précisé,Non précisé,3.0,1.0,Non,Oui,Oui,Non,Non,Non,1.0,Non,Non,Non
menzili,https://www.menzili.tn/annonce/a-vendre-appartement-cite-jardin-sfax-sfax-sfaxville-107545,Appartement,125000.0,2023-01-20,Sfax,Sfax Ville,sfax cité jardin,3000.0,124.0,Non,Non,Non précisé,Non précisé,3.0,1.0,Non,Non,Oui,Non,Non,Oui,3.0,Non,Non,Non
menzili,https://www.menzili.tn/annonce/a-vendre-un-appartement-de-haut-standing-situe-a-hammamet-nord-nabeul-hammametnord-107532,Appartement,406400.0,2023-01-20,Nabeul,Hammamet Nord,Hammamet sud,8050.0,,Non,Non,Non précisé,Haut standing,,,Non,Non,Oui,Non,Oui,Non,,Non,Non,Oui
menzili,https://www.menzili.tn/annonce/appart-limoges-a-vendre-a-gammarth-village-tunis-lamarsa-107521,Appartement,402000.0,2023-01-20,Tunis,La Marsa,La Marsa,2070.0,120.0,Non,Non,Non précisé,Haut standing,2.0,2.0,Oui,Oui,Oui,Non,Non,Non,2.0,Non,Non,Non
menzili,https://www.menzili.tn/annonce/appart-montreuil-a-vendre-d-el-mourouj-benarous-elmourouj-107515,Appartement,220000.0,2023-01-20,Ben Arous,El Mourouj,54670670,2074.0,109.0,Non,Non,Non précisé,Non précisé,3.0,2.0,Non,Oui,Oui,Non,Non,Non,1.0,Non,Non,Non
menzili,https://www.menzili.tn/annonce/appartement-zinnia-ref-v2562-pieds-dans-l-eau-nabeul-hammamet-107429,Appartement,730000.0,2023-01-19,Nabeul,Hammamet,hammamet@tps-immobiliere.com,8050.0,,Non,Oui,Non précisé,Haut standing,2.0,2.0,Oui,Non,Oui,Non,Non,Non,1.0,Oui,Non,Oui
menzili,https://www.menzili.tn/annonce/s-3-a-la-soukra-aux-rdc-ariana-lasoukra-107411,Appartement,450000.0,2023-01-19,Ariana,La Soukra,la soukra,2036.0,103.0,Non,Non,Non précisé,Haut standing,3.0,2.0,Oui,Non,Oui,Non,Oui,Non,5.0,Oui,Non,Oui
menzili,https://www.menzili.tn/annonce/appartement-haut-standing-a-vendre-nabeul-mrezga-107386,Appartement,425000.0,2023-01-19,Nabeul,Mrezga,Mrezga,8058.0,,Non,Non,Non précisé,Haut standing,2.0,,Non,Non,Oui,Non,Non,Oui,,Non,Non,Non
menzili,https://www.menzili.tn/annonce/appart-rennes-a-vendre-a-rades-benarous-rades-107381,Appartement,170000.0,2023-01-19,Ben Arous,Radès,Radès,2013.0,83.0,Non,Non,Non précisé,Non précisé,3.0,1.0,Non,Oui,Oui,Non,Non,Non,3.0,Oui,Non,Non
menzili,https://www.menzili.tn/annonce/a-vendre-un-appartement-s-2-a-nabeul--27246306-nabeul-nabeul-107361,Appartement,372000.0,2023-01-19,Nabeul,Nabeul,Hammamet sud,8000.0,116.0,Non,Non,Non précisé,Moyen standing,2.0,1.0,Non,Non,Oui,Non,Oui,Non,,Non,Non,Oui
menzili,https://www.menzili.tn/annonce/studio-proche-de-la-mer-nabeul-nabeul-107351,Appartement,169000.0,2023-01-18,Nabeul,Nabeul,CITE WAFA2 NABEUL,8000.0,53.0,Non,Non,Non précisé,Haut standing,1.0,1.0,Oui,Oui,Oui,Non,Oui,Non,2.0,Oui,Non,Oui
menzili,https://www.menzili.tn/annonce/loue-appartement-s-1-neuf-jamais-habite-haut-standing-la-manouba-manouba-manoubaville-107340,Appartement,,2023-01-18,Manouba,Manouba Ville,cité des oranges -prés de l'hôpital Razi la Manoub,2010.0,80.0,Non,Non,Neuf,Haut standing,1.0,1.0,Oui,Oui,Oui,Non,Oui,Non,0.0,Oui,Non,Non
menzili,https://www.menzili.tn/annonce/spacieux-etage-de-villa-s3-non-meuble-a-hamem-sousse-sousse-hammamsousse-107330,Appartement,,2023-01-18,Sousse,Hammam Sousse,Vicor Hugo,4011.0,90.0,Non,Non,Non précisé,Moyen standing,3.0,1.0,Non,Oui,Oui,Non,Oui,Non,1.0,Non,Non,Oui
menzili,https://www.menzili.tn/annonce/s-2-en-vente-mahdia-mahdia-107273,Appartement,155000.0,2023-01-18,Mahdia,Mahdia,Mahdia,5100.0,100.0,Non,Non,Non précisé,Non précisé,2.0,1.0,Non,Oui,Oui,Non,Non,Non,0.0,Non,Non,Non
menzili,https://www.menzili.tn/annonce/un-appartement-a-sidi-salem-bizerte-bizerte-bizertenord-107271,Appartement,,2023-01-18,Bizerte,Bizerte Nord,Bizerte Nord,7000.0,,Non,Non,Non précisé,Non précisé,2.0,1.0,Non,Oui,Oui,Non,Non,Non,,Non,Non,Non
menzili,https://www.menzili.tn/annonce/un-appartement-a-vendre-a-sidi-salem-bizerte-bizerte-bizertenord-107207,Appartement,190000.0,2023-01-17,Bizerte,Bizerte Nord,sidi salem,7000.0,110.0,Non,Oui,Non précisé,Non précisé,3.0,1.0,Non,Oui,Oui,Non,Non,Non,2.0,Non,Non,Non
menzili,https://www.menzili.tn/annonce/rdc-de-villa-lille-a-vendre-a-mornaguia-manouba-mornaguia-107197,Appartement,110000.0,2023-01-17,Manouba,Mornaguia,Mornaguia,1110.0,100.0,Non,Non,Rénové,Non précisé,2.0,1.0,Non,Non,Oui,Non,Non,Non,0.0,Non,Non,Non
menzili,https://www.menzili.tn/annonce/s-1-de-vue-de-mer-en-vente-mahdia-mahdia-107159,Appartement,350000.0,2023-01-17,Mahdia,Mahdia,Mahdia,5100.0,80.0,Non,Oui,Non précisé,Moyen standing,1.0,1.0,Non,Oui,Oui,Non,Non,Non,1.0,Oui,Non,Oui
menzili,https://www.menzili.tn/annonce/appartement-A-vendre-tunis-citeolympique-107150,Appartement,230000.0,2023-01-16,Tunis,Cité Olympique,Cité Olympique,1000.0,105.0,Non,Non,Non précisé,Non précisé,3.0,1.0,Non,Oui,Oui,Non,Oui,Non,,Non,Non,Non
menzili,https://www.menzili.tn/annonce/appartement-a-l-etat-neuf-kairouan-centre-ville-face-a-l-hopital-kairouan-kairouannord-107145,Appartement,250000.0,2023-01-16,Kairouan,Kairouan Nord,Kairouan Nord,3100.0,,Non,Non,Neuf,Haut standing,1.0,2.0,Non,Oui,Oui,Non,Non,Non,,Non,Non,Non
menzili,https://www.menzili.tn/annonce/etage-de-villa-avellino-a-vendre-a-mornaguia-manouba-mornaguia-107072,Appartement,177000.0,2023-01-16,Manouba,Mornaguia,54670670,1110.0,140.0,Non,Non,Non précisé,Non précisé,3.0,2.0,Oui,Non,Oui,Non,Non,Non,1.0,Non,Non,Non
menzili,https://www.menzili.tn/annonce/A-vendre-un-appartement-s-1-situe-a-hammamet-centre-nabeul-hammametcentre-107027,Appartement,215000.0,2023-01-14,Nabeul,Hammamet Centre,hammamet centre,8050.0,90.0,Non,Oui,Non précisé,Haut standing,1.0,1.0,Non,Non,Oui,Non,Oui,Non,3.0,Non,Non,Oui
menzili,https://www.menzili.tn/annonce/agence-golden-immobilier-met-en-vente-un-appartement-s-2-haut-standing-nabeul-hammamet-106935,Appartement,289000.0,2023-01-13,Nabeul,Hammamet,hammamet,8050.0,108.0,Non,Non,Non précisé,Haut standing,2.0,1.0,Oui,Non,Oui,Non,Non,Non,,Non,Non,Non
menzili,https://www.menzili.tn/annonce/appartement-s-1-tres-haut-standing-nabeul-hammamet-106934,Appartement,330000.0,2023-01-13,Nabeul,Hammamet,hammamet,8050.0,80.0,Non,Oui,Non précisé,Haut standing,1.0,1.0,Non,Non,Oui,Non,Non,Non,,Non,Non,Non
menzili,https://www.menzili.tn/annonce/appartement-gamra-1-ref-v1046-nabeul-hammamet-106818,Appartement,250000.0,2023-01-12,Nabeul,Hammamet,122 AVENUE DU KOWEIT,8050.0,,Non,Non,Non précisé,Moyen standing,2.0,1.0,Non,Non,Oui,Non,Oui,Non,,Non,Non,Oui
menzili,https://www.menzili.tn/annonce/studio-s-1-nabeul-nabeul-106757,Appartement,,2023-01-11,Nabeul,Nabeul,cité mora 29160611,8000.0,60.0,Non,Oui,Non précisé,Haut standing,,,Non,Non,Oui,Non,Oui,Non,,Non,Non,Oui
menzili,https://www.menzili.tn/annonce/a-vendre-des-appartements-s-2-inacheves-a-el-haouaria-cite-sprolis-nabeul-elhaouaria-106748,Appartement,45000.0,2023-01-11,Nabeul,El Haouaria,cité sprolis el haouaria,8045.0,80.0,Non,Non,Non précisé,Non précisé,3.0,1.0,Non,Non,Oui,Non,Non,Non,,Non,Non,Non
menzili,https://www.menzili.tn/annonce/appart-prato-a-vendre-a-mornaguia-manouba-mornaguia-106731,Appartement,145000.0,2023-01-11,Manouba,Mornaguia,54670670,1110.0,110.0,Non,Non,Non précisé,Non précisé,3.0,2.0,Non,Oui,Oui,Non,Non,Non,2.0,Non,Non,Non
menzili,https://www.menzili.tn/annonce/un-appartement-meuble-s-2-a-vendre-a-sousse-ville-sousse-soussemedina-106709,Appartement,110000.0,2023-01-11,Sousse,Sousse Médina,Sousse Médina,1008.0,100.0,Oui,Non,Non précisé,Non précisé,2.0,2.0,Non,Non,Oui,Non,Non,Non,,Non,Non,Non
menzili,https://www.menzili.tn/annonce/appartement-s-2-au-rdc-et-en-bon-etat-benarous-mohamedia-106681,Appartement,120000.0,2023-01-10,Ben Arous,Mohamedia,Mohamedia,2084.0,,Non,Non,Bon état,Non précisé,2.0,1.0,Non,Non,Oui,Non,Non,Oui,0.0,Non,Non,Non
menzili,https://www.menzili.tn/annonce/appart-sedrata-A-vendre-d-ennasr-ariana-ennasr-106607,Appartement,275000.0,2023-01-10,Ariana,Ennasr,ennaser 1,2037.0,142.0,Non,Non,Non précisé,Haut standing,3.0,2.0,Non,Oui,Oui,Non,Non,Non,6.0,Non,Non,Non
menzili,https://www.menzili.tn/annonce/appartement-luxe-a-sousse-sahloul-sousse-sahloul-106598,Appartement,420000.0,2023-01-10,Sousse,Sahloul,Sahloul,4054.0,147.0,Non,Oui,Neuf,Luxe,4.0,3.0,Non,Non,Oui,Non,Oui,Oui,10.0,Oui,Non,Oui
menzili,https://www.menzili.tn/annonce/un-appartement-s-2-a-kantaoui-a-vendre-sousse-kantaoui-106544,Appartement,110000.0,2023-01-09,Sousse,Kantaoui,Kantaoui,4089.0,,Oui,Non,Non précisé,Moyen standing,2.0,1.0,Non,Non,Oui,Oui,Non,Non,3.0,Oui,Non,Non
menzili,https://www.menzili.tn/annonce/-a_vendre-un-appartement-s-3-a-chotrana-ariana-lasoukra-106518,Appartement,436750.0,2023-01-09,Ariana,La Soukra,laouina,2036.0,202.0,Non,Non,Non précisé,Haut standing,3.0,2.0,Non,Non,Oui,Non,Oui,Oui,,Oui,Non,Oui
menzili,https://www.menzili.tn/annonce/%D8%B4%D9%82%D9%82-%D9%85%D8%AA%D9%86%D9%88%D8%B9%D8%A9-s-3-s-2-s-1-%D9%85%D9%86-%D8%A3%D8%B1%D9%82%D9%89-%D9%88-%D8%A3%D8%B6%D8%AE%D9%85-%D8%A7%D9%84%D8%AA%D8%B5%D8%A7%D9%85%D9%8A%D9%85-%D8%A7%D9%84%D8%B9%D8%B5%D8%B1%D9%8A%D8%A9-nabeul-mrezga-106496,Appartement,200000.0,2023-01-09,Nabeul,Mrezga,AFH MREZGA,8058.0,63.0,Non,Oui,Non précisé,Luxe,1.0,1.0,Non,Non,Oui,Oui,Oui,Oui,,Oui,Non,Oui
menzili,https://www.menzili.tn/annonce/appart-genes-a-vendre-a-ben-arous-benarous-medinajedida-106492,Appartement,275000.0,2023-01-09,Ben Arous,Medina Jedida,Medina Jedida,2013.0,107.0,Non,Non,Non précisé,Haut standing,3.0,1.0,Non,Oui,Oui,Non,Non,Non,6.0,Non,Non,Non
menzili,https://www.menzili.tn/annonce/a-vendre-un-appartement-s-3-a-hammamet-sud-nabeul-hammametsud-106489,Appartement,580000.0,2023-01-09,Nabeul,Hammamet Sud,Hammamet sud,8050.0,24916.0,Non,Non,Non précisé,Haut standing,3.0,2.0,Non,Non,Oui,Oui,Oui,Oui,,Non,Non,Oui
menzili,https://www.menzili.tn/annonce/appart-Avila-a-vendre-a-ain-mariem-bizerte-bizerte-bizertenord-106485,Appartement,360000.0,2023-01-09,Bizerte,Bizerte Nord,Bizerte Nord,7000.0,151.0,Non,Non,Non précisé,Non précisé,3.0,1.0,Non,Oui,Oui,Non,Non,Non,3.0,Non,Non,Non
menzili,https://www.menzili.tn/annonce/appart-sandra-a-vendre-a-l-aouina-tunis-laouina-106483,Appartement,250000.0,2023-01-09,Tunis,L'aouina,aouina,1000.0,100.0,Non,Non,Non précisé,Non précisé,2.0,1.0,Non,Non,Oui,Non,Non,Non,,Non,Non,Non
menzili,https://www.menzili.tn/annonce/appart-sephora-a-vendre-a-ennaser-ariana-ennasr-106481,Appartement,220000.0,2023-01-09,Ariana,Ennasr,ennaser 2,2037.0,80.0,Non,Non,Non précisé,Non précisé,2.0,1.0,Non,Oui,Oui,Non,Non,Non,,Non,Non,Non
menzili,https://www.menzili.tn/annonce/appart-kors-a-vendre-a-cite-ennaser-ariana-ennasr-106479,Appartement,320000.0,2023-01-09,Ariana,Ennasr,ennaser 2,2037.0,135.0,Non,Non,Non précisé,Non précisé,3.0,1.0,Oui,Oui,Oui,Non,Non,Non,,Non,Non,Non
menzili,https://www.menzili.tn/annonce/-a_vendre-un-appartement-directe-promoteur-s-1situe-a-chotrana-ariana-lasoukra-106454,Appartement,234500.0,2023-01-08,Ariana,La Soukra,laouina,2036.0,70.0,Non,Non,Non précisé,Haut standing,1.0,1.0,Non,Non,Oui,Non,Oui,Non,1.0,Oui,Non,Oui
menzili,https://www.menzili.tn/annonce/appart-albacete-a-vendre-d-el-ouardia-tunis-elouardia-106345,Appartement,160000.0,2023-01-07,Tunis,El Ouardia,54670670,1000.0,111.0,Non,Non,Non précisé,Non précisé,3.0,2.0,Non,Oui,Oui,Non,Non,Non,3.0,Non,Oui,Non
menzili,https://www.menzili.tn/annonce/appart-antequera-a-vendre-d-ezzahra-benarous-ezzahra-106329,Appartement,300000.0,2023-01-07,Ben Arous,Ezzahra,54670670,2034.0,126.0,Non,Non,Non précisé,Non précisé,3.0,1.0,Non,Oui,Oui,Non,Non,Non,5.0,Oui,Non,Non
menzili,https://www.menzili.tn/annonce/vente-appartement-s-2-au-palace-tunis-gammarth-106318,Appartement,570000.0,2023-01-06,Tunis,Gammarth,Gammarth,2078.0,168.0,Non,Non,Non précisé,Moyen standing,2.0,1.0,Non,Non,Oui,Non,Oui,Oui,,Non,Non,Oui
menzili,https://www.menzili.tn/annonce/appartement-s-4-tunis-en-plein-centre-ville-tunis-centrevillelafayette-79261,Appartement,245000.0,2022-02-01,Tunis,Centre Ville - Lafayette,33 Rue de lenine,1000.0,160.0,Titre Bleu,Non,Rénové,Non précisé,4.0,,Oui,Oui,Oui,Non,Non,Non,1.0,Non,Non,Non
menzili,https://www.menzili.tn/annonce/appart-elche-a-vendre-d-el-mourouj-benarous-elmourouj-106187,Appartement,186000.0,2023-01-05,Ben Arous,El Mourouj,54670670,2074.0,110.0,Non,Non,Non précisé,Non précisé,3.0,2.0,Non,Oui,Oui,Non,Non,Non,1.0,Non,Non,Non
menzili,https://www.menzili.tn/annonce/etage-de-villa-pampelune-a-vendre-a-sidi-bou-said-tunis-sidibousaid-106153,Appartement,500000.0,2023-01-05,Tunis,Sidi Bou Said,Sidi Bou Said,2026.0,155.0,Non,Non,Non précisé,Non précisé,1.0,1.0,Non,Non,Oui,Non,Non,Non,2.0,Non,Non,Non
menzili,https://www.menzili.tn/annonce/etage-de-villa-oviedo-a-vendre-a-sidi-bou-said-tunis-sidibousaid-106149,Appartement,600000.0,2023-01-05,Tunis,Sidi Bou Said,Sidi Bou Said,2026.0,155.0,Non,Non,Non précisé,Non précisé,3.0,2.0,Non,Oui,Oui,Non,Non,Non,1.0,Non,Non,Non
menzili,https://www.menzili.tn/annonce/vente-appartement-s-2-haut-standing-a-gammarth-tunis-lamarsa-106148,Appartement,670000.0,2023-01-05,Tunis,La Marsa,La Marsa,2070.0,132.0,Non,Non,Non précisé,Haut standing,2.0,2.0,Oui,Oui,Oui,Non,Oui,Non,,Non,Non,Oui
menzili,https://www.menzili.tn/annonce/appart-celio-a-vendre-a-cite-el-ghazella-ariana-ghazela-106145,Appartement,360000.0,2023-01-05,Ariana,Ghazela,ghazella,2080.0,140.0,Non,Non,Non précisé,Non précisé,3.0,2.0,Oui,Oui,Oui,Non,Non,Non,,Non,Non,Non
menzili,https://www.menzili.tn/annonce/appartement-gris-ref-v2573-nabeul-hammamet-106049,Appartement,460000.0,2023-01-04,Nabeul,Hammamet,hammamet@tps-immobiliere.com,8050.0,92.0,Non,Non,Bon état,Haut standing,2.0,1.0,Non,Non,Oui,Oui,Oui,Non,,Oui,Non,Oui
menzili,https://www.menzili.tn/annonce/offres-vente-appart-3-pieces-benarous-elmourouj-106042,Appartement,175000.0,2023-01-04,Ben Arous,El Mourouj,El Mourouj,2074.0,130.0,Non,Non,Non précisé,Non précisé,3.0,,Non,Non,Oui,Non,Non,Non,,Non,Non,Non
menzili,https://www.menzili.tn/annonce/s-2-a-kelibia-nabeul-kelibia-105974,Appartement,70000.0,2023-01-03,Nabeul,Kélibia,حي البستان قليبية,8000.0,110.0,Non,Non,Non précisé,Non précisé,3.0,1.0,Non,Non,Oui,Non,Non,Non,,Non,Non,Non
menzili,https://www.menzili.tn/annonce/appartement-au-4-etage-a-raoued-ariana-raoued-105965,Appartement,270000.0,2023-01-03,Ariana,Raoued,RESIDENCES LES JARDINS DE RAOUED1,2083.0,120.0,Non,Non,Non précisé,Haut standing,3.0,2.0,Non,Non,Oui,Non,Oui,Non,4.0,Oui,Oui,Oui
menzili,https://www.menzili.tn/annonce/vente-appartement-s3-haut-standing-a-gammarth-tunis-lamarsa-105931,Appartement,480000.0,2023-01-02,Tunis,La Marsa,La Marsa,2070.0,155.0,Non,Non,Rénové,Haut standing,3.0,2.0,Oui,Non,Oui,Non,Oui,Non,,Non,Non,Oui
menzili,https://www.menzili.tn/annonce/A-vendre-appartement-s-3-renove-a-mourouj-3-benarous-elmourouj-105930,Appartement,,2023-01-02,Ben Arous,El Mourouj,El Alia 2,2074.0,101.0,Non,Non,Rénové,Non précisé,3.0,1.0,Non,Non,Oui,Non,Non,Non,3.0,Non,Non,Oui
menzili,https://www.menzili.tn/annonce/appartement-haut-standing-sousse-akouda-105826,Appartement,450000.0,2022-12-30,Sousse,Akouda,Akouda,4022.0,100.0,Non,Non,Non précisé,Haut standing,2.0,1.0,Non,Oui,Oui,Non,Oui,Oui,,Non,Non,Oui
menzili,https://www.menzili.tn/annonce/a-vendre-s-2-de-83-m-a-afh-mrezga-nabeul-mrezga-105765,Appartement,,2022-12-30,Nabeul,Mrezga,Mrezga,8058.0,83.0,Non,Non,Non précisé,Haut standing,2.0,1.0,Non,Non,Oui,Oui,Oui,Non,,Oui,Non,Oui
menzili,https://www.menzili.tn/annonce/appart-sayma-a-vendre-a-ennaser-2-ariana-ennasr-105756,Appartement,370000.0,2022-12-30,Ariana,Ennasr,ennaser 2,2037.0,129.0,Non,Non,Non précisé,Haut standing,4.0,3.0,Non,Non,Oui,Non,Non,Oui,9.0,Oui,Non,Non
menzili,https://www.menzili.tn/annonce/une-jolie-appartement-a-vendre-cite-jardin-sfax-sfaxville-105699,Appartement,,2022-12-29,Sfax,Sfax Ville,Sfax Ville,3000.0,,Non,Non,Non précisé,Non précisé,4.0,1.0,Non,Oui,Oui,Non,Non,Oui,5.0,Non,Non,Non
menzili,https://www.menzili.tn/annonce/appart-pitagor-a-vendre-a-ennaser-ariana-ennasr-105600,Appartement,320000.0,2022-12-28,Ariana,Ennasr,ENNASER2,2037.0,140.0,Non,Non,Non précisé,Haut standing,3.0,2.0,Oui,Oui,Oui,Non,Non,Non,,Non,Non,Non
menzili,https://www.menzili.tn/annonce/appart-ballina-A-vendre-d-el-manar-ariana-manar-105479,Appartement,250000.0,2022-12-28,Ariana,Manar,manar,1004.0,140.0,Non,Non,Non précisé,Non précisé,3.0,2.0,Non,Oui,Oui,Non,Non,Non,2.0,Oui,Non,Non
menzili,https://www.menzili.tn/annonce/appartement-s-3-cite-rommana-tunis-lebardo-105478,Appartement,280000.0,2022-12-28,Tunis,Le Bardo,Cite Rommana,2000.0,110.0,Non,Non,Non précisé,Haut standing,3.0,2.0,Non,Non,Oui,Non,Oui,Non,1.0,Oui,Non,Oui
menzili,https://www.menzili.tn/annonce/s-2-meuble-tunis-lekram-105477,Appartement,,2022-12-27,Tunis,Le Kram,kram ouest cite des foires,2015.0,75.0,Non,Non,Non précisé,Non précisé,2.0,1.0,Non,Non,Oui,Non,Non,Non,1.0,Non,Non,Non
menzili,https://www.menzili.tn/annonce/a-vendre-appartement-s-3-jendouba-jendouba-105449,Appartement,,2022-12-27,Jendouba,Jendouba,Immeuble El Bassatine Jendouba,8100.0,130.0,Non,Non,Non précisé,Non précisé,3.0,1.0,Non,Non,Oui,Non,Non,Non,1.0,Non,Non,Non
menzili,https://www.menzili.tn/annonce/appartement-s-2-a-vendre-situe-a-afh-mrezga-nabeul-hammamet-105425,Appartement,323000.0,2022-12-27,Nabeul,Hammamet,hammamet,8050.0,104.0,Non,Non,Non précisé,Haut standing,2.0,1.0,Non,Non,Oui,Oui,Oui,Oui,,Oui,Non,Oui
menzili,https://www.menzili.tn/annonce/appartement-s-2-situee-dans-une-residence-avec-piscine-nabeul-hammamet-105424,Appartement,290000.0,2022-12-27,Nabeul,Hammamet,hammamet,8050.0,102.0,Non,Non,Non précisé,Haut standing,2.0,1.0,Non,Non,Oui,Oui,Oui,Oui,,Oui,Non,Oui
menzili,https://www.menzili.tn/annonce/A-vendre-un-appartement-s-1-situe-a-raoued-tunis-lamarsa-105378,Appartement,262000.0,2022-12-26,Tunis,La Marsa,benabedf1@gmail.com,2070.0,75.0,Non,Oui,Non précisé,Haut standing,1.0,1.0,Non,Non,Oui,Non,Oui,Non,4.0,Oui,Non,Oui
menzili,https://www.menzili.tn/annonce/A-vendre-un-appartement-s-1-situe-a-ennasr-ariana-ennasr-105357,Appartement,310000.0,2022-12-26,Ariana,Ennasr,benabedf1@gmail.com,2037.0,98.0,Non,Non,Non précisé,Haut standing,1.0,1.0,Non,Non,Oui,Non,Oui,Non,,Oui,Non,Oui
menzili,https://www.menzili.tn/annonce/A-vendre-un-appartement-s-1-situe-a-borj-louzir-ariana-borjlouzir-105324,Appartement,,2026-03-31,,,,,,Non,Non,Non précisé,Non précisé,,,Non,Non,Non,Non,Non,Non,,Non,Non,Non
menzili,https://www.menzili.tn/annonce/A-vendre-un-appartement-s-3-situe-a-borj-louzir-ariana-borjlouzir-105321,Appartement,,2026-03-31,,,,,,Non,Non,Non précisé,Non précisé,,,Non,Non,Non,Non,Non,Non,,Non,Non,Non
menzili,https://www.menzili.tn/annonce/appartement-a-vendre-en-pleine-hammamet-zone-touristique-nabeul-hammamet-105180,Appartement,306000.0,2022-12-24,Nabeul,Hammamet,hammamet,8050.0,95.0,Non,Non,Non précisé,Haut standing,1.0,1.0,Non,Non,Oui,Non,Oui,Oui,1.0,Oui,Non,Oui
menzili,https://www.menzili.tn/annonce/-avendre-un-appartement-neuf-s-2-a-kelibia-110md-nabeul-kelibia-105164,Appartement,110000.0,2022-12-24,Nabeul,Kélibia,Kelibia,8090.0,75.0,Non,Non,Neuf,Non précisé,2.0,1.0,Non,Non,Oui,Non,Non,Non,2.0,Non,Non,Non
menzili,https://www.menzili.tn/annonce/appartements-differents-modeles-nabeul-kelibia-105114,Appartement,,2022-12-23,Nabeul,Kélibia,résidence ''Soltana'' Elmansourah Kelibia,8090.0,,Non,Non,Non précisé,Non précisé,,,Non,Non,Oui,Non,Non,Non,,Non,Non,Non
menzili,https://www.menzili.tn/annonce/A-vendre-un-appartement-s-1-situe-a-la-marsa-tunis-lamarsa-105097,Appartement,129750.0,2022-12-23,Tunis,La Marsa,l'aouina,2070.0,49.0,Non,Non,Non précisé,Haut standing,1.0,1.0,Non,Non,Oui,Non,Oui,Non,1.0,Oui,Non,Oui
menzili,https://www.menzili.tn/annonce/A-vendre-un-fond-de-commerce-s-3-situe-a-l-aouina-tunis-laouina-105087,Appartement,300000.0,2022-12-23,Tunis,L'aouina,l'aouina,1000.0,170.0,Non,Non,Non précisé,Moyen standing,,1.0,Non,Non,Oui,Non,Oui,Non,,Non,Non,Oui
menzili,https://www.menzili.tn/annonce/des-appartements-a-kelibia-50042976-nabeul-kelibia-105041,Appartement,50000.0,2022-12-23,Nabeul,Kélibia,kélibia,8000.0,78.0,Non,Non,Non précisé,Non précisé,1.0,1.0,Non,Non,Oui,Non,Non,Non,2.0,Non,Non,Non
menzili,https://www.menzili.tn/annonce/A-vendre-un-appartement-jamais-habite-s-2-situe-a-l-aouina-tunis-laouina-104998,Appartement,330000.0,2022-12-23,Tunis,L'aouina,l'aouina,1000.0,114.0,Non,Non,Neuf,Haut standing,2.0,1.0,Non,Non,Oui,Non,Oui,Non,3.0,Oui,Non,Oui
menzili,https://www.menzili.tn/annonce/appartement-crocus-2-ref-v2525-nabeul-hammamet-104991,Appartement,470000.0,2022-12-23,Nabeul,Hammamet,Hammamet,8050.0,129.0,Non,Non,Neuf,Haut standing,2.0,2.0,Oui,Non,Oui,Non,Oui,Non,1.0,Oui,Non,Oui
menzili,https://www.menzili.tn/annonce/appart-paredes-a-vendre-a-borj-cedria-benarous-borjcedria-104947,Appartement,160000.0,2022-12-22,Ben Arous,Borj Cedria,54670670,2013.0,107.0,Non,Non,Non précisé,Non précisé,2.0,1.0,Non,Non,Oui,Non,Non,Non,5.0,Oui,Non,Non
menzili,https://www.menzili.tn/annonce/A-vendre-un-appartement-s-1-situe-a-ain-zaghouen-tunis-ainzaghouan-104926,Appartement,290000.0,2022-12-22,Tunis,Aïn Zaghouan,l'aouina,1100.0,64.0,Non,Non,Non précisé,Haut standing,1.0,1.0,Non,Non,Oui,Non,Oui,Non,,Oui,Non,Oui
menzili,https://www.menzili.tn/annonce/A-vendre-un-appartement-s3-bizerte-bizertenord-104848,Appartement,,2022-12-21,Bizerte,Bizerte,Ain Mariem,7000.0,152.0,Non,Oui,Non précisé,Haut standing,3.0,2.0,Oui,Oui,Oui,Non,Oui,Non,2.0,Oui,Non,Oui
menzili,https://www.menzili.tn/annonce/appartement-souha-3-ref-v2422-nabeul-hammamet-104846,Appartement,210000.0,2022-12-21,Nabeul,Hammamet,122 AVENUE DU KOWEIT,8050.0,71.0,Oui,Non,Non précisé,Non précisé,2.0,1.0,Non,Oui,Oui,Non,Non,Non,,Non,Non,Oui
menzili,https://www.menzili.tn/annonce/A-vendre-un-appartements-1-situe-a-la-marsa-tunis-lamarsa-104842,Appartement,128100.0,2022-12-21,Tunis,La Marsa,l'aouina,2070.0,49.0,Non,Non,Non précisé,Haut standing,1.0,1.0,Non,Non,Oui,Non,Oui,Non,2.0,Oui,Non,Oui
menzili,https://www.menzili.tn/annonce/A-vendre-un-appartement-s-3-situe-a-la-marsa-tunis-lamarsa-104810,Appartement,327600.0,2022-12-21,Tunis,La Marsa,benabedf1@gmail.com,2070.0,131.0,Non,Non,Non précisé,Moyen standing,3.0,1.0,Non,Non,Oui,Non,Oui,Non,1.0,Non,Non,Oui
menzili,https://www.menzili.tn/annonce/appartement-s-3-dans-une-residence-calme-a-ennasr2-ariana-ennasr-104802,Appartement,350000.0,2022-12-21,Ariana,Ennasr,Ennasr 2,2037.0,,Non,Non,Non précisé,Luxe,3.0,1.0,Oui,Non,Oui,Non,Oui,Non,,Oui,Non,Non
menzili,https://www.menzili.tn/annonce/a-vendre-un-s-2-a-ennasr-2-ariana-ennasr-104799,Appartement,250000.0,2022-12-21,Ariana,Ennasr,Ennasr 2,2037.0,,Non,Non,Non précisé,Luxe,2.0,1.0,Oui,Oui,Oui,Non,Oui,Non,,Non,Non,Non
menzili,https://www.menzili.tn/annonce/un-superbe-appartement-s-3-d-une-superficie-de-140m-a-riadh-andalous-ariana-ghazela-104797,Appartement,380000.0,2022-12-21,Ariana,Ghazela,Ghazela,2080.0,140.0,Non,Non,Non précisé,Luxe,3.0,1.0,Non,Non,Oui,Non,Oui,Non,2.0,Non,Non,Oui
menzili,https://www.menzili.tn/annonce/des-appartements-a-el-haouaria-nabeul-elhaouaria-104769,Appartement,45000.0,2022-12-21,Nabeul,El Haouaria,cité sprolis el haouaria,8045.0,80.0,Non,Non,Non précisé,Non précisé,3.0,1.0,Non,Non,Oui,Non,Non,Non,,Non,Non,Non
menzili,https://www.menzili.tn/annonce/des-appartements-a-el-haouaria-nabeul-elhaouaria-104728,Appartement,45000.0,2022-12-20,Nabeul,El Haouaria,cité sprolis el haouaria,8045.0,80.0,Non,Non,Non précisé,Non précisé,3.0,1.0,Non,Non,Oui,Non,Non,Non,,Non,Non,Non
menzili,https://www.menzili.tn/annonce/A-vendre-un-appartements-2-situe-a-borj-louzir-ariana-borjlouzir-104691,Appartement,266925.0,2022-12-19,Ariana,Borj Louzir,benabedf1@gmail.com,2073.0,134.0,Non,Non,Non précisé,Moyen standing,2.0,1.0,Non,Non,Oui,Non,Oui,Non,1.0,Non,Non,Oui
menzili,https://www.menzili.tn/annonce/deux-studios-di-maria-a-vendre-a-la-marsa-enassim-tunis-lamarsa-104675,Appartement,200000.0,2022-12-19,Tunis,La Marsa,54670670,2070.0,80.0,Non,Non,Non précisé,Non précisé,2.0,2.0,Non,Non,Oui,Non,Non,Non,,Non,Non,Non
menzili,https://www.menzili.tn/annonce/A-vendre-un-appartement-s-2-situe-a-la-soukra-ariana-lasoukra-104673,Appartement,327000.0,2022-12-19,Ariana,La Soukra,l'aouina,2036.0,109.0,Non,Non,Non précisé,Haut standing,2.0,1.0,Non,Non,Oui,Non,Oui,Non,1.0,Oui,Non,Oui
menzili,https://www.menzili.tn/annonce/appartement-tresor-ref-v2594-nabeul-hammamet-104663,Appartement,420000.0,2022-12-19,Nabeul,Hammamet,hammamet@tps-immobiliere.com,8050.0,153.0,Non,Non,Non précisé,Luxe,2.0,2.0,Oui,Non,Oui,Non,Oui,Non,,Oui,Non,Oui
menzili,https://www.menzili.tn/annonce/A-vendre-2s-3-situe-a-l-aouina-tunis-laouina-104654,Appartement,300000.0,2022-12-19,Tunis,L'aouina,benabedf1@gmail.com,1000.0,170.0,Non,Non,Non précisé,Moyen standing,,1.0,Non,Non,Oui,Non,Oui,Non,,Non,Non,Oui
menzili,https://www.menzili.tn/annonce/appart-paris-a-vendre-a-cite-el-khdhra-tunis-citeelkhadra-104626,Appartement,150000.0,2022-12-19,Tunis,Cité El Khadra,cité el khadhra,1003.0,80.0,Non,Non,Non précisé,Non précisé,2.0,1.0,Non,Oui,Oui,Non,Non,Non,,Non,Non,Non
menzili,https://www.menzili.tn/annonce/-avendre-un-appartement-neuf-s-2-a-jinen-mansoura-kelibia-nabeul-kelibia-104611,Appartement,,2022-12-18,Nabeul,Kélibia,miroumarwa236@gmail.com,8000.0,120.0,Non,Non,Neuf,Non précisé,2.0,1.0,Non,Non,Oui,Non,Non,Non,0.0,Non,Non,Non
menzili,https://www.menzili.tn/annonce/A-vendre-un-appartement-s-1-situe-a-la-soukra-ariana-lasoukra-104593,Appartement,235000.0,2022-12-18,Ariana,La Soukra,benabedf1@gmail.com,2036.0,78.0,Non,Non,Non précisé,Haut standing,1.0,1.0,Non,Non,Oui,Non,Oui,Non,3.0,Oui,Non,Oui
menzili,https://www.menzili.tn/annonce/A-vendre-un-appartements-3-situe-a-la-soukra-ariana-lasoukra-104592,Appartement,511000.0,2022-12-18,Ariana,La Soukra,l'aouina,2036.0,217.0,Non,Non,Non précisé,Moyen standing,2.0,1.0,Non,Non,Oui,Non,Oui,Oui,,Non,Non,Oui
menzili,https://www.menzili.tn/annonce/A-vendre-un-appartements-2-situe-a-la-soukra-ariana-lasoukra-104589,Appartement,364000.0,2022-12-18,Ariana,La Soukra,benabedf1@gmail.com,2036.0,127.0,Non,Non,Non précisé,Haut standing,2.0,1.0,Non,Non,Oui,Non,Oui,Non,1.0,Oui,Non,Oui
menzili,https://www.menzili.tn/annonce/A-vendre-un-appartements-3-de-haut-standing-situe-a-chotrana-1-ariana-chotrana-104561,Appartement,630000.0,2022-12-17,Ariana,Chotrana,l'aouina,2086.0,230.0,Non,Non,Non précisé,Haut standing,3.0,1.0,Non,Non,Oui,Non,Oui,Non,1.0,Oui,Non,Oui
menzili,https://www.menzili.tn/annonce/A-vendre-un-appartements-3-situe-a-chotrana-1-ariana-chotrana-104559,Appartement,560000.0,2022-12-17,Ariana,Chotrana,l'aouina,2086.0,185.0,Non,Non,Non précisé,Haut standing,3.0,1.0,Non,Non,Oui,Non,Oui,Non,1.0,Oui,Non,Oui
menzili,https://www.menzili.tn/annonce/a-vendre-duplex-s-3-directement-promoteur-a-mahdia-baghdedi-mahdia-mahdia-103341,Appartement,245000.0,2022-11-30,Mahdia,Mahdia,baghdedi plage,5100.0,124.0,Non,Oui,Neuf,Haut standing,,,Oui,Oui,Oui,Non,Non,Non,1.0,Non,Non,Non
menzili,https://www.menzili.tn/annonce/a-vendre-appartement-de-charme-A-plage-baghdedi-mahdia-mahdia-104370,Appartement,170000.0,2022-12-15,Mahdia,Mahdia,baghdedi plage,5100.0,80.0,Non,Non,Non précisé,Non précisé,2.0,1.0,Non,Oui,Oui,Non,Non,Non,1.0,Non,Non,Non
menzili,https://www.menzili.tn/annonce/A-vendre-un-appartements-2-situe-a-ain-zaghouen-tunis-ainzaghouan-104369,Appartement,240000.0,2022-12-15,Tunis,Aïn Zaghouan,l'aouina,1100.0,90.0,Non,Non,Non précisé,Moyen standing,2.0,1.0,Non,Non,Oui,Non,Oui,Non,1.0,Non,Non,Oui
menzili,https://www.menzili.tn/annonce/A-vendre-appartement-s-3-a-laouina-tunis-laouina-104091,Appartement,255000.0,2022-12-11,Tunis,L'aouina,L'aouina,1000.0,110.0,Non,Non,Non précisé,Non précisé,3.0,1.0,Non,Oui,Oui,Non,Non,Non,,Non,Non,Oui
menzili,https://www.menzili.tn/annonce/etage-de-villa-urbano-a-vendre-a-monfleury-tunis-sidielbechir-104283,Appartement,350000.0,2022-12-14,Tunis,Sidi El Béchir,Sidi El Béchir,1002.0,150.0,Non,Non,Non précisé,Non précisé,4.0,1.0,Non,Non,Oui,Non,Non,Non,1.0,Non,Non,Non
menzili,https://www.menzili.tn/annonce/appartement-s-2-location-monastir-monastir-104277,Appartement,,2022-12-14,Monastir,Monastir,Snit ribat 5,5000.0,,Non,Non,Non précisé,Haut standing,2.0,1.0,Non,Non,Oui,Non,Oui,Non,8.0,Oui,Non,Oui
menzili,https://www.menzili.tn/annonce/appart-sophia-a-vendre-a-jardin-el-manzah1-ariana-jardinsdelmenzah-104261,Appartement,385000.0,2022-12-14,Ariana,Jardins D'el Menzah,jardin el menzah,1004.0,135.0,Non,Non,Non précisé,Non précisé,3.0,2.0,Non,Non,Oui,Non,Non,Oui,1.0,Non,Non,Non
menzili,https://www.menzili.tn/annonce/appart-rosa-a-vendre-a-jaafer-raoued-ariana-raoued-104254,Appartement,175000.0,2022-12-14,Ariana,Raoued,58850670,2083.0,75.0,Non,Non,Non précisé,Non précisé,2.0,1.0,Non,Non,Oui,Non,Non,Non,0.0,Non,Non,Non
menzili,https://www.menzili.tn/annonce/appartement-nejma-ref-l2717-nabeul-hammamet-104240,Appartement,6000.0,2022-12-13,Nabeul,Hammamet,122 AVENUE DU KOWEIT,8050.0,,Non,Non,Non précisé,Moyen standing,2.0,1.0,Non,Non,Oui,Non,Oui,Non,1.0,Non,Non,Oui
menzili,https://www.menzili.tn/annonce/appartement-azzaro-ref-v2579-nabeul-hammamet-104232,Appartement,210000.0,2022-12-13,Nabeul,Hammamet,122 AVENUE DU KOWEIT,8050.0,95.0,Non,Oui,Non précisé,Haut standing,1.0,1.0,Oui,Non,Oui,Non,Oui,Non,3.0,Non,Non,Oui
menzili,https://www.menzili.tn/annonce/appartement-a-vendre-a-kelibia-s-2-haut-standing-nabeul-kelibia-104213,Appartement,,2022-12-13,Nabeul,Kélibia,miroumarwa236@gmail.com,8000.0,100.0,Non,Non,Non précisé,Haut standing,2.0,1.0,Non,Non,Oui,Non,Non,Non,2.0,Non,Non,Non
menzili,https://www.menzili.tn/annonce/s-1-el-wahat-titre-foncier-individuel-tunis-ainzaghouan-104168,Appartement,,2022-12-12,Tunis,Aïn Zaghouan,Aïn Zaghouan,1100.0,53.0,Oui,Non,Non précisé,Haut standing,1.0,1.0,Non,Oui,Oui,Non,Oui,Non,,Oui,Non,Oui
menzili,https://www.menzili.tn/annonce/appartement-s-1-a-vendre-a-vendre-ariana-ennasr-104165,Appartement,190000.0,2022-12-12,Ariana,Ennasr,ennaser 2,2037.0,67.0,Non,Non,Neuf,Haut standing,1.0,1.0,Oui,Non,Oui,Non,Oui,Non,1.0,Oui,Non,Oui
menzili,https://www.menzili.tn/annonce/appartement-a-la-goulette-sicile-tunis-lagoulette-104164,Appartement,460000.0,2022-12-12,Tunis,La Goulette,Avenue du 1 juin 1995,2060.0,84.0,Non,Oui,Non précisé,Haut standing,3.0,1.0,Non,Non,Oui,Non,Oui,Non,4.0,Oui,Non,Oui
menzili,https://www.menzili.tn/annonce/appart-rio-a-vendre-a-raoued-plage-ariana-raoued-104120,Appartement,165000.0,2022-12-12,Ariana,Raoued,58850670,2083.0,88.0,Non,Non,Non précisé,Non précisé,1.0,1.0,Non,Non,Oui,Non,Non,Non,0.0,Non,Non,Non
menzili,https://www.menzili.tn/annonce/appart-olivieri-a-vendre-d-ezzahra-benarous-ezzahra-104113,Appartement,150000.0,2022-12-12,Ben Arous,Ezzahra,Ezzahra,2034.0,88.0,Non,Non,Non précisé,Non précisé,2.0,1.0,Non,Oui,Oui,Non,Non,Non,3.0,Oui,Non,Non
menzili,https://www.menzili.tn/annonce/appart-olivieri-a-vendre-d-ezzahra-benarous-ezzahra-104110,Appartement,150000.0,2022-12-12,Ben Arous,Ezzahra,54670670,2034.0,88.0,Non,Non,Non précisé,Non précisé,2.0,1.0,Non,Oui,Oui,Non,Non,Non,,Oui,Non,Non
menzili,https://www.menzili.tn/annonce/appart-sartoretti-a-vendre-d-ezzahra-benarous-ezzahra-104040,Appartement,145000.0,2022-12-10,Ben Arous,Ezzahra,54670670,2034.0,85.0,Non,Non,Non précisé,Non précisé,3.0,1.0,Non,Oui,Oui,Non,Non,Non,3.0,Oui,Non,Non
menzili,https://www.menzili.tn/annonce/-a_vendre-un-appartement-s-2-situe-a-ghazela-ariana-arianaville-104025,Appartement,,2022-12-09,Ariana,Ariana Ville,Ariana Ville,2080.0,140.0,Non,Non,Non précisé,Non précisé,,,Non,Non,Oui,Non,Non,Non,,Non,Non,Oui
menzili,https://www.menzili.tn/annonce/-a_vendre-un-s-1-direct-promoteur-a-borj-louzir-ariana-arianaville-104016,Appartement,,2022-12-09,Ariana,Ariana Ville,Ariana Ville,2080.0,84.0,Non,Non,Non précisé,Non précisé,,,Non,Non,Oui,Non,Non,Non,,Non,Non,Oui
menzili,https://www.menzili.tn/annonce/A-vendre-un-appartements-2-situe-a-ghazela-ariana-ghazela-103991,Appartement,323300.0,2022-12-09,Ariana,Ghazela,l'aouina,2080.0,122.0,Non,Non,Non précisé,Haut standing,2.0,1.0,Non,Non,Oui,Non,Oui,Non,2.0,Oui,Non,Oui
menzili,https://www.menzili.tn/annonce/appartement-s-2-haut-standing-nabeul-hammametsud-103973,Appartement,,2022-12-09,Nabeul,Hammamet Sud,Jinene garden,8050.0,15277.0,Non,Oui,Non précisé,Haut standing,2.0,2.0,Oui,Non,Oui,Oui,Oui,Non,,Oui,Non,Oui
menzili,https://www.menzili.tn/annonce/un-joli-s-1-pieds-dans-l-eau-sousse-akouda-103948,Appartement,,2022-12-08,Sousse,Akouda,sousse,4022.0,,Non,Oui,Non précisé,Haut standing,1.0,,Non,Oui,Oui,Oui,Non,Non,,Oui,Non,Non
menzili,https://www.menzili.tn/annonce/A-vendre-un-appartement-s-3-situe-a-l-aouina-tunis-laouina-103913,Appartement,360000.0,2022-12-08,Tunis,L'aouina,l'aouina,1000.0,135.0,Non,Non,Non précisé,Non précisé,3.0,1.0,Non,Non,Oui,Non,Non,Non,,Non,Non,Non
menzili,https://www.menzili.tn/annonce/A-vendre-un-appartement-s-2-situe-a-la-marsa-tunis-lamarsa-103867,Appartement,252900.0,2022-12-08,Tunis,La Marsa,l'aouina,2070.0,99.0,Non,Non,Non précisé,Haut standing,1.0,1.0,Non,Non,Oui,Non,Oui,Non,2.0,Oui,Non,Oui
menzili,https://www.menzili.tn/annonce/luxueux-appartement-s-4-a-vendre-a-ennaser-2-ariana-ennasr-103853,Appartement,415000.0,2022-12-07,Ariana,Ennasr,Ennaser 2,2037.0,212.0,Non,Non,Non précisé,Haut standing,4.0,3.0,Oui,Oui,Oui,Non,Oui,Non,4.0,Oui,Non,Oui
menzili,https://www.menzili.tn/annonce/appartement-s-2-a-vendre-aux-jardin-d-el-menzah-2-ariana-ennasr-103849,Appartement,,2022-12-07,Ariana,Ennasr,ennaser 2,2037.0,83.0,Non,Non,Non précisé,Haut standing,2.0,2.0,Oui,Non,Oui,Non,Oui,Oui,2.0,Oui,Non,Oui
menzili,https://www.menzili.tn/annonce/-a_vendre-un-appartement-s-2-situe-a-chotrana-1-ariana-arianaville-103799,Appartement,418000.0,2022-12-07,Ariana,Ariana Ville,tunis,2080.0,115.0,Non,Non,Non précisé,Haut standing,2.0,1.0,Non,Non,Oui,Non,Oui,Non,,Oui,Non,Oui
menzili,https://www.menzili.tn/annonce/A-vendre-un-appartement-s-3-situe-a-chotrana-1-ariana-chotrana-103796,Appartement,420256.0,2022-12-07,Ariana,Chotrana,l'aouina,2086.0,170.0,Non,Non,Non précisé,Moyen standing,2.0,2.0,Non,Non,Oui,Non,Oui,Non,1.0,Non,Non,Oui
menzili,https://www.menzili.tn/annonce/A-vendre-un-appartement-s-2-situe-a-chotrana-1-ariana-chotrana-103795,Appartement,333500.0,2022-12-07,Ariana,Chotrana,l'aouina,2086.0,115.0,Non,Non,Non précisé,Moyen standing,2.0,1.0,Non,Non,Oui,Non,Oui,Non,1.0,Non,Non,Oui
menzili,https://www.menzili.tn/annonce/-a_vendre-un-appartement-s-3-a-laouina-ariana-lasoukra-103791,Appartement,,2022-12-07,Ariana,La Soukra,tunis,2036.0,150.0,Non,Non,Non précisé,Non précisé,3.0,1.0,Non,Non,Oui,Non,Non,Non,,Non,Non,Oui
menzili,https://www.menzili.tn/annonce/appart-danilo-a-vendre-a-fouchena-benarous-fouchana-103774,Appartement,168000.0,2022-12-07,Ben Arous,Fouchana,Fouchana,2082.0,120.0,Non,Non,Non précisé,Non précisé,4.0,2.0,Non,Non,Oui,Non,Non,Non,1.0,Non,Non,Non
menzili,https://www.menzili.tn/annonce/appart-coscia-a-vendre-d-el-mourouj-benarous-elmourouj-103755,Appartement,130000.0,2022-12-07,Ben Arous,El Mourouj,El Mourouj,2074.0,110.0,Non,Non,Non précisé,Non précisé,2.0,1.0,Non,Non,Oui,Non,Non,Non,0.0,Non,Non,Non
menzili,https://www.menzili.tn/annonce/appartement-a-vendre-en-mourouj-5-benarous-elmourouj-103754,Appartement,,2022-12-06,Ben Arous,El Mourouj,Mourouj 5,2074.0,7495.0,Non,Non,Non précisé,Non précisé,2.0,1.0,Non,Non,Oui,Non,Non,Non,1.0,Non,Non,Non
menzili,https://www.menzili.tn/annonce/-avendre-un-appartement-neuf-s-2-a-kelibia-nabeul-kelibia-103711,Appartement,,2022-12-05,Nabeul,Kélibia,Kelibia,8090.0,75.0,Non,Non,Neuf,Non précisé,2.0,1.0,Non,Non,Oui,Non,Non,Non,,Non,Non,Non
menzili,https://www.menzili.tn/annonce/a-vendre-un-appartement-s-2-situe-a-kelibia-cite-merdess-nabeul-kelibia-103710,Appartement,,2022-12-05,Nabeul,Kélibia,miroumarwa236@gmail.com,8000.0,205.0,Non,Non,Non précisé,Non précisé,2.0,1.0,Non,Non,Oui,Non,Non,Non,1.0,Non,Non,Non
menzili,https://www.menzili.tn/annonce/A-vendre-un-appartements-1-situe-a-chotrana-1-ariana-chotrana-103705,Appartement,234500.0,2022-12-05,Ariana,Chotrana,Chotrana,2086.0,70.0,Non,Non,Non précisé,Moyen standing,1.0,2.0,Non,Non,Oui,Non,Oui,Non,1.0,Non,Non,Oui
menzili,https://www.menzili.tn/annonce/A-vendre-un-appartement-s-2-situe-a-la-nouvelle-soukra-ariana-lasoukra-103704,Appartement,327000.0,2022-12-05,Ariana,La Soukra,La Soukra,2036.0,109.0,Non,Non,Non précisé,Moyen standing,2.0,1.0,Non,Non,Oui,Non,Oui,Non,1.0,Non,Non,Oui
menzili,https://www.menzili.tn/annonce/A-vendre-un-appartement-s-2-situe-a-ain-zaghouen-tunis-ainzaghouan-103703,Appartement,523000.0,2022-12-05,Tunis,Aïn Zaghouan,l'aouina,1100.0,122.0,Non,Non,Non précisé,Haut standing,2.0,1.0,Non,Non,Oui,Non,Oui,Oui,,Oui,Non,Oui
menzili,https://www.menzili.tn/annonce/A-vendre-un-appartement-s-4-situe-a-chotrana-2-ariana-chotrana-103701,Appartement,670000.0,2022-12-05,Ariana,Chotrana,l'aouina,2086.0,237.0,Non,Non,Non précisé,Haut standing,3.0,1.0,Non,Non,Oui,Oui,Oui,Non,1.0,Oui,Non,Oui
menzili,https://www.menzili.tn/annonce/A-vendre-un-appartements-1-situe-a-ain-zaghouen-tunis-ainzaghouan-103700,Appartement,290000.0,2022-12-05,Tunis,Aïn Zaghouan,l'aouina,1100.0,64.0,Non,Non,Non précisé,Moyen standing,1.0,1.0,Non,Non,Oui,Non,Oui,Non,,Non,Non,Oui
menzili,https://www.menzili.tn/annonce/A-vendre-un-appartement-s-2-situe-a-chotrana-1-ariana-chotrana-103680,Appartement,120000.0,2022-12-05,Ariana,Chotrana,l'aouina,2086.0,90.0,Non,Non,Non précisé,Non précisé,2.0,2.0,Non,Non,Oui,Non,Non,Non,,Non,Non,Non
menzili,https://www.menzili.tn/annonce/A-vendre-un-appartements-1-situe-a-borj-louzir-ariana-borjlouzir-103677,Appartement,155000.0,2022-12-05,Ariana,Borj Louzir,Borj Louzir,2073.0,84.0,Non,Non,Non précisé,Moyen standing,1.0,1.0,Non,Non,Oui,Non,Oui,Non,,Non,Non,Oui
menzili,https://www.menzili.tn/annonce/appart-vivian-a-vendre-a-jaafer-raoued-ariana-arianaville-103651,Appartement,195000.0,2022-12-05,Ariana,Ariana Ville,raoued jaafer,2080.0,111.0,Non,Non,Non précisé,Non précisé,3.0,2.0,Non,Non,Oui,Non,Non,Non,0.0,Non,Non,Non
menzili,https://www.menzili.tn/annonce/etage-de-villa-arancio-a-vendre-a-borj-cedria-benarous-borjcedria-103644,Appartement,250000.0,2022-12-05,Ben Arous,Borj Cedria,Borj Cedria,2013.0,180.0,Non,Non,Non précisé,Haut standing,3.0,2.0,Non,Oui,Oui,Non,Non,Non,1.0,Non,Non,Non
menzili,https://www.menzili.tn/annonce/appart-pierre-a-vendre-a-riadh-el-andalous-ariana-arianaville-103626,Appartement,430000.0,2022-12-05,Ariana,Ariana Ville,riadh el andaloud,2080.0,142.0,Non,Non,Non précisé,Haut standing,4.0,2.0,Oui,Non,Oui,Non,Non,Non,0.0,Non,Non,Non
menzili,https://www.menzili.tn/annonce/appartement-a-soukra-a-vendre-ariana-lasoukra-96450,Appartement,290000000.0,2022-09-22,Ariana,La Soukra,La Soukra,2036.0,117.0,Non,Non,Non précisé,Haut standing,2.0,1.0,Oui,Oui,Oui,Non,Oui,Oui,3.0,Oui,Non,Non
menzili,https://www.menzili.tn/annonce/A-vendre-un-appartement-meuble-s-2-situe-a-l-aouina-tunis-laouina-103610,Appartement,340000.0,2022-12-04,Tunis,L'aouina,l'aouina,1000.0,95.0,Non,Non,Non précisé,Haut standing,2.0,1.0,Non,Non,Oui,Non,Oui,Non,3.0,Oui,Non,Oui
menzili,https://www.menzili.tn/annonce/A-vendre-un-appartement-s-2-situe-a-chotrana-3-ariana-lasoukra-103578,Appartement,345000.0,2022-12-03,Ariana,La Soukra,laouina,2036.0,89.0,Non,Non,Non précisé,Moyen standing,2.0,1.0,Non,Non,Oui,Non,Oui,Non,2.0,Non,Non,Oui
menzili,https://www.menzili.tn/annonce/A-vendre-un-appartement-s-2-situe-a-hammamet-nord-nabeul-hammamet-103574,Appartement,210000.0,2022-12-03,Nabeul,Hammamet,Hammamet,8050.0,87.0,Non,Non,Non précisé,Non précisé,2.0,1.0,Non,Oui,Oui,Non,Non,Non,1.0,Non,Non,Non
menzili,https://www.menzili.tn/annonce/appartement-a-el-haouaria-nabeul-elhaouaria-103570,Appartement,45000.0,2022-12-03,Nabeul,El Haouaria,El haouaria cité sprolis,8045.0,,Non,Non,Non précisé,Non précisé,,,Non,Non,Oui,Non,Non,Non,0.0,Non,Non,Non
menzili,https://www.menzili.tn/annonce/-a_vendre-un-s-2-direct-promoteur-a-vendre-a-cite-ghazela-ariana-ghazela-103566,Appartement,311000.0,2022-12-03,Ariana,Ghazela,Ghazela,2080.0,117.0,Non,Non,Non précisé,Non précisé,2.0,1.0,Non,Non,Oui,Non,Non,Non,,Non,Non,Non
menzili,https://www.menzili.tn/annonce/-a_vendre-un-appartement-s-1-situe-a-la-nouvelle_soukra-ariana-lasoukra-103535,Appartement,235000.0,2022-12-03,Ariana,La Soukra,La Soukra,2036.0,78.0,Non,Non,Non précisé,Non précisé,1.0,,Non,Non,Oui,Non,Non,Non,,Non,Non,Oui
menzili,https://www.menzili.tn/annonce/-a_vendre-un-s-1-direct-promoteur-a-raoued-plage-ariana-raoued-103533,Appartement,262000.0,2022-12-03,Ariana,Raoued,Raoued,2083.0,75.0,Non,Non,Non précisé,Non précisé,2.0,1.0,Non,Non,Oui,Non,Non,Non,1.0,Non,Non,Oui
menzili,https://www.menzili.tn/annonce/appartement-el-haouaria-nabeul-elhaouaria-103505,Appartement,45000.0,2022-12-02,Nabeul,El Haouaria,El Haouaria Cité Sprolis,8045.0,80.0,Non,Non,Non précisé,Non précisé,3.0,1.0,Non,Non,Oui,Non,Non,Non,2.0,Non,Non,Non
menzili,https://www.menzili.tn/annonce/appartement-kelibia-nabeul-kelibia-103503,Appartement,70000.0,2022-12-02,Nabeul,Kélibia,Kélibia Cité El Boustéene,8000.0,110.0,Non,Non,Non précisé,Non précisé,3.0,1.0,Non,Non,Oui,Non,Non,Non,1.0,Non,Non,Non
menzili,https://www.menzili.tn/annonce/appart-kim-a-vendre-a-cite-olympique-tunis-citeelkhadra-103496,Appartement,170000.0,2022-12-02,Tunis,Cité El Khadra,cité olympique,1003.0,95.0,Non,Non,Non précisé,Non précisé,2.0,1.0,Non,Oui,Oui,Non,Non,Non,,Non,Non,Non
menzili,https://www.menzili.tn/annonce/excellent-studio-pres-de-la-mer-a-vendre-sousse-kantaoui-103436,Appartement,180000.0,2022-12-01,Sousse,Kantaoui,Jawhara,4089.0,50.0,Non,Non,Non précisé,Moyen standing,1.0,1.0,Non,Oui,Oui,Non,Oui,Non,3.0,Non,Non,Oui
menzili,https://www.menzili.tn/annonce/-des-appartements-de-type-s-2-a-el-haouaria-nabeul-elhaouaria-103387,Appartement,45000.0,2022-12-01,Nabeul,El Haouaria,kélibia,8045.0,80.0,Non,Non,Non précisé,Non précisé,2.0,1.0,Non,Non,Oui,Non,Non,Non,3.0,Non,Non,Non
menzili,https://www.menzili.tn/annonce/A-vendre-s-3-a-laouina-tunis-laouina-103283,Appartement,340000.0,2022-11-29,Tunis,L'aouina,L'aouina,1000.0,152.0,Non,Non,Non précisé,Haut standing,3.0,3.0,Oui,Oui,Oui,Non,Oui,Non,,Oui,Non,Oui
menzili,https://www.menzili.tn/annonce/a-vendre-s-1-de-76-m-a-afh-mrezga-994a-nabeul-mrezga-103267,Appartement,,2022-11-29,Nabeul,Mrezga,Mrezga,8058.0,76.0,Non,Non,Non précisé,Moyen standing,1.0,1.0,Non,Oui,Oui,Oui,Oui,Non,,Oui,Non,Oui
menzili,https://www.menzili.tn/annonce/appart-orsini-a-vendre-au-centre-ville-tunis-tunis-centrevillelafayette-103263,Appartement,137000.0,2022-11-29,Tunis,Centre Ville - Lafayette,Centre Ville - Lafayette,1000.0,60.0,Non,Non,Non précisé,Non précisé,2.0,1.0,Non,Oui,Oui,Non,Non,Non,1.0,Non,Non,Non
menzili,https://www.menzili.tn/annonce/appart-montefeltro-a-vendre-d-el-mourouj-benarous-elmourouj-103250,Appartement,135000.0,2022-11-29,Ben Arous,El Mourouj,54670670,2074.0,94.0,Non,Non,Non précisé,Non précisé,2.0,1.0,Non,Non,Oui,Non,Non,Non,2.0,Non,Non,Non
menzili,https://www.menzili.tn/annonce/A-vendre-s-1-a-laouina-tunis-laouina-103247,Appartement,165000.0,2022-11-29,Tunis,L'aouina,L'aouina,1000.0,65.0,Non,Non,Non précisé,Haut standing,1.0,1.0,Oui,Oui,Oui,Non,Oui,Non,,Non,Non,Oui
menzili,https://www.menzili.tn/annonce/appartement-s-2-a-vendre-a-kelibia-50042976-nabeul-kelibia-103230,Appartement,70000.0,2022-11-29,Nabeul,Kélibia,kélibia,8000.0,110.0,Non,Non,Non précisé,Non précisé,2.0,1.0,Non,Non,Oui,Non,Non,Non,1.0,Non,Non,Non
menzili,https://www.menzili.tn/annonce/appart-rossi-a-vendre-d-ezzahra-benarous-ezzahra-103168,Appartement,277000.0,2022-11-29,Ben Arous,Ezzahra,Ezzahra,2034.0,147.0,Non,Non,Non précisé,Haut standing,3.0,2.0,Non,Oui,Oui,Non,Non,Non,,Oui,Non,Non
menzili,https://www.menzili.tn/annonce/residence-folla-appart-s2-nickel-sousse-kantaoui-101858,Appartement,475000.0,2022-11-12,Sousse,Kantaoui,Chatt Meriem,4089.0,82.0,Non,Oui,Neuf,Haut standing,2.0,2.0,Oui,Oui,Oui,Oui,Oui,Oui,4.0,Oui,Non,Oui
menzili,https://www.menzili.tn/annonce/appartement-sophia-ref-v1139-nabeul-hammamet-103114,Appartement,350000.0,2022-11-28,Nabeul,Hammamet,Hammamet,8050.0,188.0,Non,Non,Non précisé,Moyen standing,2.0,1.0,Non,Oui,Oui,Non,Oui,Non,1.0,Non,Non,Oui
menzili,https://www.menzili.tn/annonce/s-2-haut-standing-a-la-soukra-ariana-lasoukra-103093,Appartement,430000.0,2022-11-28,Ariana,La Soukra,La Soukra,2036.0,126.0,Non,Non,Non précisé,Haut standing,2.0,1.0,Oui,Non,Oui,Non,Oui,Non,0.0,Oui,Non,Oui
menzili,https://www.menzili.tn/annonce/appartement-renove-s3-a-menzah9-ariana-menzah-103089,Appartement,260000.0,2022-11-28,Ariana,Menzah,Menzah 9,1004.0,128.0,Non,Non,Rénové,Non précisé,3.0,1.0,Oui,Oui,Oui,Non,Non,Non,,Non,Non,Non
menzili,https://www.menzili.tn/annonce/immeubles-appartements-sousse-a-vendre-sousse-soussemedina-102950,Appartement,100000.0,2022-11-25,Sousse,Sousse Médina,cilim@internet.lu,1008.0,100.0,Oui,Non,Non précisé,Non précisé,,,Non,Non,Oui,Non,Non,Oui,0.0,Non,Non,Non
menzili,https://www.menzili.tn/annonce/A-vendre-s-2-laouina-tunis-laouina-102900,Appartement,295000.0,2022-11-25,Tunis,L'aouina,L'aouina,1000.0,110.0,Non,Non,Non précisé,Haut standing,2.0,1.0,Non,Oui,Oui,Non,Oui,Non,5.0,Oui,Non,Oui
menzili,https://www.menzili.tn/annonce/appart-vincent-a-vendre-a-fouchena-benarous-fouchana-102897,Appartement,188000.0,2022-11-25,Ben Arous,Fouchana,54670670,2082.0,90.0,Non,Non,Non précisé,Haut standing,3.0,1.0,Non,Non,Oui,Non,Non,Non,2.0,Oui,Non,Non
menzili,https://www.menzili.tn/annonce/appartement-s-2-de-120-m-a-afh-mrezga-368a-nabeul-mrezga-98824,Appartement,,2022-10-11,Nabeul,Mrezga,Mrezga,8058.0,112.0,Non,Non,Non précisé,Haut standing,2.0,1.0,Non,Oui,Oui,Oui,Oui,Non,,Oui,Non,Oui
menzili,https://www.menzili.tn/annonce/app-s-4-ariana-arianaville-102870,Appartement,255000.0,2022-11-24,Ariana,Ariana Ville,Ariana Ville,2080.0,145.0,Titre Individuel,Non,Non précisé,Haut standing,4.0,2.0,Oui,Non,Oui,Non,Non,Non,2.0,Oui,Non,Oui
menzili,https://www.menzili.tn/annonce/des-appartements-s-1-vue-sur-mer-directement-au-promoteur-baghdedi-mahdia-mahdia-100564,Appartement,99000.0,2022-10-26,Mahdia,Mahdia,baghdedi plage,5100.0,38.0,Non,Oui,Neuf,Non précisé,1.0,1.0,Non,Non,Oui,Non,Non,Non,,Non,Non,Non
menzili,https://www.menzili.tn/annonce/appartement-a-vendre-s-3-a-frina-monastir-monastir-monastir-98961,Appartement,260000.0,2022-10-12,Monastir,Monastir,frina monastir,5000.0,178.0,Non,Non,Non précisé,Haut standing,3.0,2.0,Non,Oui,Oui,Non,Non,Non,,Oui,Non,Non
menzili,https://www.menzili.tn/annonce/appartement-s-2-vendre-a-cote-faculte-medecine-monastir-monastir-monastir-98958,Appartement,290000.0,2022-10-12,Monastir,Monastir,centre ville,5000.0,110.0,Non,Non,Neuf,Haut standing,2.0,1.0,Oui,Oui,Oui,Non,Non,Non,1.0,Non,Non,Non
menzili,https://www.menzili.tn/annonce/a-vendre-des-appartements-en-cours-de-construction-a-bas-prix-monastir-monastir-98957,Appartement,89800.0,2022-10-12,Monastir,Monastir,centre ville,5000.0,26.0,Non,Non,Neuf,Non précisé,1.0,1.0,Non,Non,Oui,Non,Non,Non,,Non,Non,Non
menzili,https://www.menzili.tn/annonce/des-appartements-neuf-pres-faculte-enim-monastir-monastir-98955,Appartement,140000.0,2022-10-12,Monastir,Monastir,omrane,5000.0,57.0,Non,Non,Neuf,Moyen standing,1.0,1.0,Non,Non,Oui,Non,Oui,Non,,Oui,Non,Non
menzili,https://www.menzili.tn/annonce/s-3-pour-petite-famille-ariana-arianaville-102844,Appartement,,2022-11-24,Ariana,10.20,Rue taher sfar - position GPS (36.8824998,2080.0,120.0,Non,Non,Non précisé,Non précisé,3.0,2.0,Non,Non,Oui,Non,Non,Non,2.0,Non,Non,Non
menzili,https://www.menzili.tn/annonce/appartement-avec-parking-sous-sol-tunis-ainzaghouan-102747,Appartement,,2022-11-23,Tunis,Aïn Zaghouan,Aïn Zaghouan,1100.0,50.0,Non,Non,Non précisé,Haut standing,1.0,1.0,Non,Oui,Oui,Non,Oui,Non,4.0,Oui,Non,Oui
menzili,https://www.menzili.tn/annonce/appartement-a-vendre-situe-a-quot-jinen-mansoura-quot-kelibia-nabeul-kelibia-102746,Appartement,120000.0,2022-11-23,Nabeul,Kélibia,miroumarwa236@gmail.com,8000.0,75.0,Non,Non,Non précisé,Non précisé,2.0,1.0,Non,Non,Oui,Non,Non,Non,3.0,Non,Non,Oui
menzili,https://www.menzili.tn/annonce/Etage-de-villa-bord-de-mer-nabeul-darchaabaneelfehri-102725,Appartement,280000.0,2022-11-23,Nabeul,Dar Châabane El Fehri,lido nabeul,8000.0,90.0,Oui,Oui,Rénové,Moyen standing,3.0,2.0,Oui,Non,Oui,Non,Non,Oui,1.0,Non,Non,Oui
menzili,https://www.menzili.tn/annonce/duplexe-1ier-etage-tunis-elouardia-102701,Appartement,109000.0,2022-11-22,Tunis,El Ouardia,momo1974@hotmail.co.uk,1000.0,75.0,Non,Non,Non précisé,Non précisé,3.0,1.0,Non,Non,Oui,Non,Oui,Oui,,Non,Non,Oui
menzili,https://www.menzili.tn/annonce/a-vendre-des-sublimes-appartements-neufs-a-enasser-manouba-manoubaville-102542,Appartement,,2022-11-21,Manouba,Manouba Ville,Manouba Ville,2010.0,133.0,Non,Non,Neuf,Haut standing,3.0,2.0,Non,Non,Oui,Non,Oui,Oui,0.0,Oui,Non,Oui
menzili,https://www.menzili.tn/annonce/a-vendre-appartement-s-4-manouba-manoubaville-102540,Appartement,,2022-11-21,Manouba,Manouba Ville,manouba cité les oranges,2010.0,204.0,Non,Non,Non précisé,Luxe,4.0,2.0,Oui,Oui,Oui,Non,Oui,Oui,,Oui,Non,Oui
menzili,https://www.menzili.tn/annonce/un-appartement-s-2-a-afh-mrezga-avec-piscine-a-vendre-nabeul-hammametnord-102469,Appartement,245000.0,2022-11-20,Nabeul,Hammamet Nord,Hammamet,8050.0,102.0,Non,Non,Non précisé,Haut standing,2.0,1.0,Non,Non,Oui,Oui,Oui,Oui,4.0,Oui,Non,Oui
menzili,https://www.menzili.tn/annonce/tres-bel-appartement-de-taille-moyenne-tunis-ettahrir-102490,Appartement,220000.0,2022-11-20,Tunis,Ettahrir,18 avenue ikhlass,1008.0,90.0,Non,Non,Non précisé,Non précisé,2.0,1.0,Non,Non,Oui,Non,Non,Non,1.0,Non,Non,Non
menzili,https://www.menzili.tn/annonce/appartement-s-2-opportunite-a-ne-pas-rater-manouba-denden-102366,Appartement,,2022-11-18,Manouba,Denden,DIAR BEN MAHMOUD,2011.0,110.0,Non,Non,Non précisé,Haut standing,2.0,1.0,Oui,Non,Oui,Non,Oui,Non,,Non,Non,Oui
menzili,https://www.menzili.tn/annonce/appart-kyo-a-louer-a-manar-ariana-manar-102333,Appartement,1500.0,2022-11-18,Ariana,Manar,manar,1004.0,90.0,Non,Non,Non précisé,Haut standing,3.0,2.0,Non,Oui,Oui,Non,Non,Non,,Oui,Non,Non
menzili,https://www.menzili.tn/annonce/-a_vendre-appartement-kelibia-jinen-mansoura-nabeul-kelibia-102292,Appartement,135000.0,2022-11-18,Nabeul,Kélibia,citadelleimmo9@gmail.com,8000.0,125.0,Non,Oui,Non précisé,Non précisé,2.0,1.0,Non,Non,Oui,Non,Non,Non,2.0,Non,Non,Non
menzili,https://www.menzili.tn/annonce/un-appart-dolce-a-vendre-a-soukra-ariana-lasoukra-102279,Appartement,135000.0,2022-11-18,Ariana,La Soukra,la soukra,2036.0,90.0,Non,Non,Non précisé,Non précisé,2.0,1.0,Non,Non,Oui,Non,Non,Oui,,Non,Non,Non
menzili,https://www.menzili.tn/annonce/vendre-appartement-tunis-lamarsa-102268,Appartement,,2022-11-17,Tunis,La Marsa,Ain Zaghouan nord,2070.0,,Non,Non,Bon état,Moyen standing,3.0,1.0,Non,Oui,Oui,Non,Oui,Non,,Oui,Non,Non
menzili,https://www.menzili.tn/annonce/appart-naples-a-vendre-a-rades-benarous-rades-102238,Appartement,230000.0,2022-11-17,Ben Arous,Radès,54670670,2013.0,85.0,Non,Non,Non précisé,Haut standing,2.0,1.0,Non,Non,Oui,Non,Oui,Non,3.0,Non,Non,Non
menzili,https://www.menzili.tn/annonce/appart-ricci-a-vendre-a-ennaser-2-ariana-ennasr-102188,Appartement,425000.0,2022-11-17,Ariana,Ennasr,ennaser 2,2037.0,145.0,Non,Non,Non précisé,Haut standing,3.0,1.0,Non,Non,Oui,Non,Non,Non,,Non,Non,Non
menzili,https://www.menzili.tn/annonce/a-vendre-un-appartement-s-1-tout-neuf-nabeul-hammamet-102109,Appartement,170000.0,2022-11-16,Nabeul,Hammamet,Hammamet centre,8050.0,85.0,Non,Non,Neuf,Non précisé,1.0,1.0,Non,Non,Oui,Non,Non,Non,1.0,Non,Non,Non
menzili,https://www.menzili.tn/annonce/appart-glovo-a-vendre-d-ezzahra-benarous-ezzahra-102046,Appartement,245000.0,2022-11-15,Ben Arous,Ezzahra,54670670,2034.0,120.0,Non,Non,Non précisé,Non précisé,3.0,1.0,Non,Non,Oui,Non,Non,Non,4.0,Oui,Non,Non
menzili,https://www.menzili.tn/annonce/appart-soltana-a-vendre-a-bizerte-bizerte-bizertenord-101989,Appartement,250000.0,2022-11-15,Bizerte,Bizerte Nord,Bizerte Nord,7000.0,120.0,Non,Non,Non précisé,Non précisé,2.0,1.0,Non,Non,Oui,Non,Non,Non,5.0,Non,Non,Non
menzili,https://www.menzili.tn/annonce/appartement-s-2-au-centre-ville-tunis-a-90-000-dt-tunis-centrevillelafayette-101865,Appartement,2400.0,2022-11-12,Tunis,Centre Ville - Lafayette,TUNIS,1000.0,100.0,Oui,Non,Non précisé,Non précisé,3.0,1.0,Non,Non,Oui,Non,Non,Non,,Non,Non,Non
menzili,https://www.menzili.tn/annonce/appartement-s-2-jardin-el-menzah-2-a-vendre-ariana-jardinsdelmenzah-101885,Appartement,255000.0,2022-11-13,Ariana,Jardins D'el Menzah,Jardin El Menzah 2,1004.0,104.0,Non,Non,Non précisé,Haut standing,2.0,1.0,Non,Non,Oui,Non,Oui,Oui,,Oui,Non,Oui
menzili,https://www.menzili.tn/annonce/appartement-neuf-hammamet-nabeul-hammametsud-101876,Appartement,320000.0,2022-11-13,Nabeul,Hammamet Sud,Hammamet Sud,8050.0,100.0,Non,Non,Neuf,Moyen standing,2.0,1.0,Non,Non,Oui,Non,Oui,Non,,Non,Non,Oui
menzili,https://www.menzili.tn/annonce/1-bel-appartement-s-3-a-vendre-tunis-elomranesuperieur-101863,Appartement,,2022-11-12,Tunis,El Omrane supérieur,El Omrane supérieur,1091.0,100.0,Non,Non,Non précisé,Non précisé,3.0,1.0,Non,Oui,Oui,Non,Non,Non,3.0,Non,Non,Oui
menzili,https://www.menzili.tn/annonce/appartement-s-1-av-de-londres-tunis-centrevillelafayette-101690,Appartement,80000.0,2022-11-10,Tunis,Centre Ville - Lafayette,11 rue matouia,1000.0,38.0,Non,Non,Non précisé,Non précisé,1.0,1.0,Non,Non,Oui,Non,Non,Non,1.0,Non,Non,Non
menzili,https://www.menzili.tn/annonce/appart-lambert-a-vendre-d-el-mourouj-benarous-elmourouj-101815,Appartement,150000.0,2022-11-12,Ben Arous,El Mourouj,El Mourouj,2074.0,86.0,Non,Non,Non précisé,Non précisé,3.0,1.0,Non,Non,Oui,Non,Non,Non,0.0,Non,Non,Non
menzili,https://www.menzili.tn/annonce/appart-chloe-a-vendre-a-ariana-ariana-arianaville-101813,Appartement,175000.0,2022-11-12,Ariana,Ariana Ville,ariana,2080.0,128.0,Non,Non,Non précisé,Non précisé,3.0,1.0,Non,Oui,Oui,Non,Non,Non,,Non,Non,Non
menzili,https://www.menzili.tn/annonce/appartement-haut-standing-s-1-a-vendre-jardin-del-manzah-2-ariana-jardinsdelmenzah-101737,Appartement,190000.0,2022-11-11,Ariana,Jardins D'el Menzah,jardi del manzah 2,1004.0,100.0,Non,Non,Non précisé,Haut standing,1.0,1.0,Oui,Non,Oui,Non,Oui,Oui,4.0,Oui,Non,Oui
menzili,https://www.menzili.tn/annonce/vente-appartement-s-3-a-la-marsa-tunis-lamarsa-101718,Appartement,850000.0,2022-11-11,Tunis,La Marsa,La Marsa,2070.0,168.0,Non,Non,Non précisé,Haut standing,3.0,2.0,Oui,Oui,Oui,Non,Oui,Non,1.0,Oui,Non,Oui
menzili,https://www.menzili.tn/annonce/vente-appartement-s-3-meuble-front-lac-1-tunis-lamarsa-101702,Appartement,1400000.0,2022-11-11,Tunis,La Marsa,La Marsa,2070.0,200.0,Non,Oui,Non précisé,Haut standing,3.0,3.0,Oui,Non,Oui,Non,Oui,Oui,0.0,Non,Non,Oui
menzili,https://www.menzili.tn/annonce/appart-andre-a-vendre-a-megrine-benarous-megrine-101667,Appartement,320000.0,2022-11-10,Ben Arous,Mégrine,54670670,2033.0,120.0,Non,Non,Non précisé,Non précisé,2.0,1.0,Non,Oui,Oui,Non,Non,Non,1.0,Non,Non,Non
menzili,https://www.menzili.tn/annonce/appart-perla-a-vendre-a-ennaser-tunis-carthage-101662,Appartement,355000.0,2022-11-10,Tunis,Carthage,Carthage,2016.0,136.0,Non,Non,Non précisé,Non précisé,3.0,2.0,Non,Oui,Oui,Non,Non,Non,5.0,Non,Non,Non
menzili,https://www.menzili.tn/annonce/rdc-de-villa-mallet-a-vendre-a-bizerte-bizerte-bizertenord-101522,Appartement,250000.0,2022-11-09,Bizerte,Bizerte Nord,Bizerte Nord,7000.0,215.0,Non,Non,Non précisé,Non précisé,2.0,1.0,Non,Non,Oui,Non,Non,Non,0.0,Non,Non,Non
menzili,https://www.menzili.tn/annonce/a-vendre-s-3-neuf-au-lac2-tunis-lesbergesdulac-101482,Appartement,970000.0,2022-11-09,Tunis,Les Berges Du Lac,les berges du lac 2,1053.0,243.0,Non,Non,Neuf,Haut standing,3.0,2.0,Oui,Non,Oui,Non,Oui,Non,,Oui,Non,Oui
menzili,https://www.menzili.tn/annonce/a-vendre-duplex-s-3-avec-piscine-au-lac2-tunis-lesbergesdulac-101480,Appartement,1450000.0,2022-11-09,Tunis,Les Berges Du Lac,les berges du lac 2,1053.0,363.0,Non,Non,Non précisé,Haut standing,3.0,4.0,Oui,Non,Oui,Oui,Oui,Non,1.0,Oui,Non,Oui
menzili,https://www.menzili.tn/annonce/vente-s-3-au-lac2-tunis-lesbergesdulac-101479,Appartement,1200000.0,2022-11-09,Tunis,Les Berges Du Lac,lac2,1053.0,293.0,Non,Non,Non précisé,Haut standing,3.0,2.0,Oui,Oui,Oui,Non,Oui,Non,,Oui,Non,Oui
menzili,https://www.menzili.tn/annonce/a-vendre-un-appartement-s-3-haute-standing-a-sousse-sousse-soussemedina-101428,Appartement,285000.0,2022-11-08,Sousse,Sousse Médina,Sousse Médina,1008.0,146.0,Non,Non,Rénové,Haut standing,3.0,1.0,Non,Non,Oui,Non,Oui,Non,1.0,Oui,Non,Oui
menzili,https://www.menzili.tn/annonce/appart-barbier-a-vendre-a-ben-arous-benarous-rades-101456,Appartement,210000.0,2022-11-08,Ben Arous,Radès,Radès,2013.0,90.0,Non,Non,Non précisé,Non précisé,2.0,1.0,Non,Oui,Oui,Non,Non,Non,4.0,Oui,Non,Non
menzili,https://www.menzili.tn/annonce/a-vendre-un-appartements-3-aux-jardins-de-carthage-tunis-jardindecarthage-101455,Appartement,470000.0,2022-11-08,Tunis,Jardin De Carthage,Jardin De Carthage,2016.0,150.0,Non,Non,Neuf,Haut standing,3.0,2.0,Oui,Non,Oui,Non,Oui,Oui,7.0,Oui,Non,Non
menzili,https://www.menzili.tn/annonce/appart-colin-a-vendre-a-hamem-chat-benarous-hammamchott-101454,Appartement,175000.0,2022-11-08,Ben Arous,Hammam Chott,Hammam Chott,2052.0,102.0,Non,Non,Non précisé,Non précisé,2.0,1.0,Non,Oui,Oui,Non,Non,Non,,Non,Non,Non
menzili,https://www.menzili.tn/annonce/appart-picard-a-vendre-a-megrine-benarous-megrine-101452,Appartement,250000.0,2022-11-08,Ben Arous,Mégrine,Mégrine,2033.0,141.0,Non,Non,Non précisé,Non précisé,3.0,2.0,Oui,Oui,Oui,Non,Non,Non,1.0,Non,Non,Non
menzili,https://www.menzili.tn/annonce/appart-perla-a-vendre-a-ennaser-ariana-ennasr-9812,Appartement,365000.0,2018-11-28,Ariana,Ennasr,ennaser,2037.0,136.0,Non,Non,Non précisé,Non précisé,3.0,2.0,Non,Oui,Oui,Non,Non,Non,5.0,Non,Non,Non
menzili,https://www.menzili.tn/annonce/studio-said-micou-a-vendre-a-sidi-bou-said-tunis-sidibousaid-101403,Appartement,150000.0,2022-11-08,Tunis,Sidi Bou Said,Sidi Bou Said,2026.0,50.0,Non,Non,Non précisé,Non précisé,1.0,1.0,Oui,Non,Oui,Non,Non,Non,,Non,Non,Non
menzili,https://www.menzili.tn/annonce/appart-niklas-a-vendre-a-la-mannouba-manouba-manoubaville-101266,Appartement,195000.0,2022-11-05,Manouba,Manouba Ville,Manouba Ville,2010.0,,Non,Non,Non précisé,Non précisé,2.0,1.0,Non,Oui,Oui,Non,Non,Non,,Non,Non,Non
menzili,https://www.menzili.tn/annonce/un-appartement-s-1-haut-standing-a-afh-mrezga-nabeul-hammametnord-101225,Appartement,192000.0,2022-11-04,Nabeul,Hammamet Nord,Hammamet,8050.0,63.0,Non,Oui,Non précisé,Haut standing,1.0,1.0,Non,Non,Oui,Oui,Oui,Oui,6.0,Oui,Non,Oui
menzili,https://www.menzili.tn/annonce/un-appartement-s-1-en-pleine-zone-touristique-hammamet-a-vendre-nabeul-hammametsud-101224,Appartement,194000.0,2022-11-04,Nabeul,Hammamet Sud,Hammamet,8050.0,61.0,Non,Non,Non précisé,Haut standing,1.0,1.0,Non,Non,Oui,Non,Oui,Non,2.0,Oui,Non,Oui
menzili,https://www.menzili.tn/annonce/vente-appartement-a-el-mourouj-4-benarous-elmourouj-101222,Appartement,180000.0,2022-11-04,Ben Arous,mourouj 4,résidance Dorret el mourouj,2074.0,86.0,Non,Non,Non précisé,Moyen standing,3.0,1.0,Non,Oui,Oui,Non,Oui,Non,1.0,Oui,Non,Non
menzili,https://www.menzili.tn/annonce/etage-de-villa-morel-a-vendre-a-bizerte-bizerte-bizertenord-101154,Appartement,198000.0,2022-11-03,Bizerte,Bizerte Nord,Bizerte Nord,7000.0,177.0,Non,Non,Non précisé,Non précisé,3.0,1.0,Non,Non,Oui,Non,Non,Non,1.0,Non,Non,Non
menzili,https://www.menzili.tn/annonce/appart-lejeune-a-vendre-a-carthage-el-yasmina-tunis-carthage-101124,Appartement,220000.0,2022-11-03,Tunis,Carthage,carthage yasmina,2016.0,80.0,Non,Non,Non précisé,Haut standing,2.0,1.0,Non,Oui,Oui,Non,Non,Non,2.0,Non,Non,Non
menzili,https://www.menzili.tn/annonce/immeuble-de-6-appartements-et-un-duplex-a-vendre-au-bardo-tunis-lebardo-100976,Appartement,800000.0,2022-11-01,Tunis,Le Bardo,Manar 2,2000.0,530.0,Titre Bleu,Non,Non précisé,Haut standing,3.0,3.0,Oui,Non,Oui,Non,Oui,Oui,3.0,Non,Non,Oui
menzili,https://www.menzili.tn/annonce/belle-appartement-nabeul-nabeul-76000,Appartement,220000.0,2021-12-21,Nabeul,Nabeul,Nabeul,8000.0,100.0,Oui,Non,Non précisé,Moyen standing,2.0,1.0,Non,Non,Oui,Non,Oui,Non,2.0,Non,Non,Oui
menzili,https://www.menzili.tn/annonce/appartement-citron-ref-v2418-nabeul-hammamet-100989,Appartement,260000.0,2022-11-01,Nabeul,Hammamet,Hammamet,8050.0,90.0,Non,Oui,Non précisé,Haut standing,2.0,1.0,Non,Oui,Oui,Non,Oui,Non,1.0,Non,Non,Oui
menzili,https://www.menzili.tn/annonce/appartement-tres-agreable-et-securisee-ariana-ghazela-100857,Appartement,310000.0,2022-10-30,Ariana,Ghazela,Ghazela,2080.0,128.0,Non,Non,Non précisé,Haut standing,3.0,2.0,Oui,Oui,Oui,Non,Oui,Non,,Oui,Oui,Non
menzili,https://www.menzili.tn/annonce/s-2-a-enneasr-2-avec-jardin-ariana-ennasr-100934,Appartement,400000.0,2022-10-31,Ariana,Ennasr,RESIDENCE L'ORION,2037.0,132.0,Non,Non,Non précisé,Luxe,2.0,2.0,Non,Non,Oui,Non,Oui,Oui,1.0,Oui,Non,Oui
menzili,https://www.menzili.tn/annonce/appart-noel-a-vendre-a-danden-manouba-denden-100927,Appartement,220000.0,2022-10-31,Manouba,Denden,danden,2011.0,112.0,Non,Non,Non précisé,Non précisé,2.0,1.0,Non,Oui,Oui,Non,Non,Non,4.0,Non,Non,Non
menzili,https://www.menzili.tn/annonce/appartement-a-vendre-la-marsa-tunis-lamarsa-100839,Appartement,,2022-10-29,Tunis,La Marsa,Cite khalil la marsa,2070.0,110.0,Non,Non,Non précisé,Non précisé,3.0,2.0,Non,Non,Oui,Non,Oui,Oui,,Non,Non,Non
menzili,https://www.menzili.tn/annonce/moderne-appartement-haut-standing-s3-a-manzah5-ariana-menzah-100817,Appartement,400000.0,2022-10-29,Ariana,Menzah,Manzah 5,1004.0,141.0,Non,Non,Non précisé,Luxe,3.0,3.0,Oui,Oui,Oui,Non,Oui,Non,4.0,Oui,Non,Non
menzili,https://www.menzili.tn/annonce/etage-de-villa-tophet-a-vendre-a-mannouba-manouba-manoubaville-100795,Appartement,140000.0,2022-10-29,Manouba,Manouba Ville,Manouba Ville,2010.0,70.0,Non,Non,Non précisé,Non précisé,1.0,1.0,Non,Non,Oui,Non,Non,Non,1.0,Non,Non,Non
menzili,https://www.menzili.tn/annonce/petit-immeuble-de-type-r2-inachevee-sousse-sousseriadh-100782,Appartement,350000.0,2022-10-29,Sousse,Sousse Riadh,Rue victor hugo en face recette de finance Sousse,4000.0,280.0,Non,Non,Non précisé,Non précisé,6.0,2.0,Oui,Non,Oui,Non,Non,Non,,Non,Non,Non
menzili,https://www.menzili.tn/annonce/appart-dupuy-a-vendre-aux-jardins-el-manzah-ariana-jardinsdelmenzah-100769,Appartement,270000.0,2022-10-28,Ariana,Jardins D'el Menzah,Jardins D'el Menzah,1004.0,147.0,Non,Non,Non précisé,Non précisé,3.0,1.0,Non,Oui,Oui,Non,Non,Non,1.0,Non,Non,Non
menzili,https://www.menzili.tn/annonce/etage-de-villa-thomas-a-vendre-d-el-mourouj-benarous-elmourouj-100768,Appartement,149000.0,2022-10-28,Ben Arous,El Mourouj,El Mourouj,2074.0,65.0,Non,Non,Non précisé,Non précisé,2.0,1.0,Non,Non,Oui,Non,Non,Non,1.0,Non,Non,Non
menzili,https://www.menzili.tn/annonce/appartement-s-2-a-vendre-lac-1-tunis-lesbergesdulac-100767,Appartement,750000.0,2022-10-28,Tunis,Les Berges Du Lac,LAC 1,1053.0,120.0,Non,Oui,Non précisé,Haut standing,2.0,1.0,Non,Oui,Oui,Non,Oui,Non,3.0,Oui,Non,Oui
menzili,https://www.menzili.tn/annonce/appart-lacoste-a-vendre-a-kram-tunis-lekram-100723,Appartement,600000.0,2022-10-28,Tunis,Le Kram,51665640,2015.0,90.0,Non,Oui,Non précisé,Haut standing,2.0,1.0,Non,Oui,Oui,Non,Non,Non,2.0,Non,Non,Non
menzili,https://www.menzili.tn/annonce/a-vendre-un-appartement-au-bardo-tunis-lebardo-100707,Appartement,220000.0,2022-10-28,Tunis,Le Bardo,bardo 2,2000.0,110.0,Non,Non,Non précisé,Moyen standing,3.0,1.0,Non,Oui,Oui,Non,Oui,Non,2.0,Oui,Non,Non
menzili,https://www.menzili.tn/annonce/appart-versace-a-vendre-a-marsa-tunis-lamarsa-100692,Appartement,410000.0,2022-10-27,Tunis,La Marsa,marsa,2070.0,144.0,Non,Non,Non précisé,Non précisé,3.0,1.0,Non,Oui,Oui,Non,Non,Non,2.0,Non,Non,Non
menzili,https://www.menzili.tn/annonce/appart-gucci-a-vendre-a-riadh-andalos-ariana-arianaville-100674,Appartement,200000.0,2022-10-27,Ariana,Ariana Ville,Riadh andalous,2080.0,89.0,Non,Non,Non précisé,Non précisé,2.0,1.0,Non,Oui,Oui,Non,Non,Non,,Oui,Non,Non
menzili,https://www.menzili.tn/annonce/a-vendre-appartement-s-3-zone-lac2-tunis-lamarsa-100671,Appartement,800000.0,2022-10-27,Tunis,rue de la feuille d erable,Lac 2,1053.0,138.0,Non,Non,Rénové,Haut standing,3.0,3.0,Non,Non,Oui,Non,Oui,Non,6.0,Oui,Non,Oui
menzili,https://www.menzili.tn/annonce/appart-marchal-a-vendre-d-ezzahra-benarous-ezzahra-100619,Appartement,280000.0,2022-10-26,Ben Arous,Ezzahra,Ezzahra,2034.0,95.0,Non,Non,Non précisé,Non précisé,2.0,1.0,Non,Oui,Oui,Non,Non,Non,0.0,Non,Non,Non
menzili,https://www.menzili.tn/annonce/un-bel-appartement-type-s3-au-lac2-tunis-lesbergesdulac-100600,Appartement,560000.0,2022-10-26,Tunis,Les Berges Du Lac,commercial@plaza-immo.com,1053.0,137.0,Non,Non,Non précisé,Haut standing,3.0,2.0,Non,Oui,Oui,Non,Oui,Non,6.0,Oui,Non,Oui
menzili,https://www.menzili.tn/annonce/appartement-la-mauve-ref-v2544-nabeul-hammamet-100597,Appartement,400000.0,2022-10-26,Nabeul,Hammamet,122 AVENUE DU KOWEIT,8050.0,90.0,Non,Non,Bon état,Haut standing,2.0,,Non,Non,Oui,Oui,Oui,Non,1.0,Oui,Non,Oui
menzili,https://www.menzili.tn/annonce/appartement-s-2-neuf-a-vendre-vue-sur-mer-et-pied-dans-l-eau-mahdia-mahdia-93309,Appartement,485000.0,2022-08-05,Mahdia,Mahdia,Mahdia,5100.0,122.0,Non,Oui,Neuf,Moyen standing,2.0,1.0,Non,Non,Oui,Non,Non,Non,,Non,Non,Non
menzili,https://www.menzili.tn/annonce/appartement-s-1-de-charme-proche-de-la-plage-baghdedi-mahdia-mahdia-92812,Appartement,1350000.0,2022-07-25,Mahdia,Mahdia,Mahdia,5100.0,,Non,Non,Neuf,Haut standing,1.0,1.0,Oui,Oui,Oui,Non,Non,Non,1.0,Non,Non,Non
menzili,https://www.menzili.tn/annonce/appart-leroux-a-vendre-aux-jardins-el-manzah-ariana-jardinsdelmenzah-100538,Appartement,350000.0,2022-10-25,Ariana,Jardins D'el Menzah,Jardins D'el Menzah,1004.0,120.0,Non,Non,Non précisé,Haut standing,3.0,2.0,Non,Oui,Oui,Non,Non,Non,1.0,Non,Non,Non
menzili,https://www.menzili.tn/annonce/appart-lemoine-a-vendre-a-agba-manouba-manoubaville-100534,Appartement,135000.0,2022-10-25,Manouba,Manouba Ville,Manouba Ville,2010.0,80.0,Non,Non,Non précisé,Haut standing,2.0,1.0,Non,Oui,Oui,Non,Non,Non,0.0,Non,Non,Non
menzili,https://www.menzili.tn/annonce/appart-michaud-a-vendre-d-ezzahra-benarous-ezzahra-100532,Appartement,210000.0,2022-10-25,Ben Arous,Ezzahra,Ezzahra,2034.0,75.0,Non,Non,Non précisé,Non précisé,2.0,1.0,Non,Oui,Oui,Non,Non,Non,0.0,Non,Non,Non
menzili,https://www.menzili.tn/annonce/vend-appartement-a-la-manouba-manouba-manoubaville-100430,Appartement,,2022-10-23,Manouba,Manouba Ville,11 rue jebran khalil jebran,2010.0,104.0,Non,Non,Non précisé,Non précisé,2.0,1.0,Non,Non,Oui,Non,Non,Non,2.0,Non,Non,Non
menzili,https://www.menzili.tn/annonce/appart-edmond-a-vendre-a-rades-benarous-rades-100324,Appartement,230000.0,2022-10-22,Ben Arous,Radès,Radès,2013.0,140.0,Non,Non,Non précisé,Non précisé,3.0,1.0,Oui,Oui,Oui,Non,Non,Non,1.0,Non,Non,Non
menzili,https://www.menzili.tn/annonce/appart-edmond-a-vendre-a-rades-benarous-rades-100315,Appartement,230000.0,2022-10-22,Ben Arous,Radès,Radès,2013.0,140.0,Non,Non,Non précisé,Non précisé,3.0,1.0,Oui,Oui,Oui,Non,Non,Non,1.0,Non,Non,Non
menzili,https://www.menzili.tn/annonce/appart-Emile-a-vendre-d-ezzahra-benarous-ezzahra-100314,Appartement,210000.0,2022-10-22,Ben Arous,Ezzahra,Ezzahra,2034.0,131.0,Non,Non,Non précisé,Non précisé,4.0,2.0,Non,Oui,Oui,Non,Non,Non,3.0,Non,Non,Non
menzili,https://www.menzili.tn/annonce/appart-aurelie-a-vendre-d-el-mourouj-benarous-elmourouj-100213,Appartement,170000.0,2022-10-21,Ben Arous,El Mourouj,El Mourouj,2074.0,100.0,Non,Non,Non précisé,Haut standing,2.0,1.0,Non,Oui,Oui,Non,Non,Non,5.0,Non,Non,Non
menzili,https://www.menzili.tn/annonce/a-vendre-s-1-cite-wahat-tunis-laouina-100034,Appartement,,2022-10-19,Tunis,L'aouina,Cité wahat l'aouina,1000.0,62.0,Non,Non,Non précisé,Haut standing,2.0,1.0,Oui,Non,Oui,Non,Non,Non,3.0,Oui,Non,Oui
menzili,https://www.menzili.tn/annonce/appartement-s-3-zone-touristique-mahdia-mahdia-mahdia-100030,Appartement,318000.0,2022-10-19,Mahdia,Mahdia,Mahdia,5100.0,141.0,Non,Non,Non précisé,Haut standing,3.0,2.0,Oui,Non,Oui,Non,Oui,Non,1.0,Oui,Non,Oui
menzili,https://www.menzili.tn/annonce/appartement-s-2-centre-ville-mahdia-mahdia-mahdia-100028,Appartement,205000.0,2022-10-19,Mahdia,Mahdia,Mahdia,5100.0,100.0,Non,Non,Non précisé,Haut standing,2.0,2.0,Non,Oui,Oui,Non,Oui,Non,2.0,Oui,Non,Oui
menzili,https://www.menzili.tn/annonce/appart-higo-a-vendre-d-el-mourouj-benarous-elmourouj-99994,Appartement,160000.0,2022-10-19,Ben Arous,El Mourouj,El Mourouj,2074.0,90.0,Non,Non,Non précisé,Non précisé,3.0,1.0,Non,Non,Oui,Non,Non,Non,4.0,Oui,Non,Non
menzili,https://www.menzili.tn/annonce/rdc-de-villa-rollon-a-vendre-a-bardo-tunis-lebardo-99953,Appartement,295000.0,2022-10-19,Tunis,Le Bardo,Le Bardo,2000.0,140.0,Non,Non,Non précisé,Non précisé,3.0,1.0,Non,Non,Oui,Non,Non,Oui,0.0,Non,Non,Non
menzili,https://www.menzili.tn/annonce/appart-rosea-a-vendre-a-bizerte-bizerte-bizertenord-99950,Appartement,152000.0,2022-10-19,Bizerte,Bizerte Nord,Bizerte Nord,7000.0,70.0,Non,Non,Non précisé,Non précisé,2.0,1.0,Non,Non,Oui,Non,Non,Non,1.0,Non,Non,Non
menzili,https://www.menzili.tn/annonce/appart-dakota-a-vendre-d-el-mourouj-benarous-elmourouj-99854,Appartement,110000.0,2022-10-18,Ben Arous,El Mourouj,54670670,2074.0,90.0,Non,Non,Non précisé,Non précisé,2.0,1.0,Non,Oui,Oui,Non,Non,Non,4.0,Non,Non,Non
menzili,https://www.menzili.tn/annonce/appart-ontario-a-vendre-d-el-mourouj-benarous-elmourouj-99838,Appartement,210000.0,2022-10-18,Ben Arous,El Mourouj,El Mourouj,2074.0,97.0,Non,Non,Non précisé,Non précisé,2.0,1.0,Non,Non,Oui,Non,Non,Non,0.0,Non,Non,Non
menzili,https://www.menzili.tn/annonce/A-vendre-un-appartement-s-2-situe-a-l-aouina-tunis-laouina-99743,Appartement,270750.0,2022-10-17,Tunis,L'aouina,L'aouina,1000.0,102.0,Non,Non,Non précisé,Non précisé,,,Non,Non,Oui,Non,Non,Non,,Non,Non,Non
menzili,https://www.menzili.tn/annonce/a-vendre-chez-notre-agence-leaders_immo-un-appartement-s-3-situe-a-ennaser-2-ariana-ennasr-99741,Appartement,459000.0,2022-10-17,Ariana,Ennasr,Ennasr,2037.0,,Non,Non,Non précisé,Non précisé,,,Non,Non,Oui,Non,Non,Non,,Non,Non,Non
menzili,https://www.menzili.tn/annonce/a-vendre-chez-notre-agence-leaders_immo-un-appartement-s-3-situe-a-la-sokra-ariana-lasoukra-99728,Appartement,435000.0,2022-10-17,Ariana,La Soukra,La Soukra,2036.0,,Non,Non,Non précisé,Non précisé,,,Non,Non,Oui,Non,Non,Non,,Non,Non,Non
menzili,https://www.menzili.tn/annonce/ventre-appartement-centre-urbain-nord-tunis-centreurbainnord-99726,Appartement,400000.0,2022-10-17,Tunis,Centre Urbain Nord,Centre Urbain Nord,1000.0,105.0,Non,Non,Non précisé,Haut standing,2.0,1.0,Non,Oui,Oui,Non,Oui,Non,2.0,Oui,Non,Non
menzili,https://www.menzili.tn/annonce/a-vendre-chez-notre-agence-leaders_immo-un-appartement-s-3-situe-a-l-aouina-cite-el-wahat-tunis-laouina-99683,Appartement,350000.0,2022-10-17,Tunis,L'aouina,L'aouina,1000.0,142.0,Non,Non,Non précisé,Non précisé,,,Non,Non,Oui,Non,Non,Non,,Non,Non,Non
menzili,https://www.menzili.tn/annonce/appart-lumineux-s4-200m-cite-carrefour-tunis-citeelkhadra-99428,Appartement,415000.0,2022-10-15,Tunis,Cité El Khadra,Cité Carrefour,1003.0,200.0,Non,Non,Non précisé,Haut standing,5.0,2.0,Oui,Oui,Oui,Non,Oui,Oui,3.0,Oui,Non,Oui
menzili,https://www.menzili.tn/annonce/A-vendre-s-3-a-el-mourouj-1-benarous-elmourouj-99352,Appartement,150000.0,2022-10-15,Ben Arous,El Mourouj,résidence ibn jazzar el mourouj 1,2074.0,110.0,Non,Non,Non précisé,Moyen standing,3.0,1.0,Non,Non,Oui,Non,Non,Oui,1.0,Oui,Non,Oui
menzili,https://www.menzili.tn/annonce/avendre-appartement-s-3-mourouj-5-benarous-elmourouj-99128,Appartement,150000.0,2022-10-13,Ben Arous,El Mourouj,mourouj 5,2074.0,,Non,Non,Non précisé,Non précisé,4.0,1.0,Non,Non,Oui,Non,Non,Non,1.0,Non,Non,Non
menzili,https://www.menzili.tn/annonce/appart-sedrata-a-vendre-d-ennasr-ariana-ennasr-99124,Appartement,275000.0,2022-10-13,Ariana,Ennasr,Ennasr,2037.0,142.0,Non,Non,Non précisé,Haut standing,3.0,2.0,Non,Oui,Oui,Non,Non,Non,6.0,Non,Non,Non
menzili,https://www.menzili.tn/annonce/appart-hllary-a-vendre-d-el-manzah-ariana-menzah-99117,Appartement,230000.0,2022-10-13,Ariana,Menzah,Menzah,1004.0,100.0,Non,Non,Non précisé,Non précisé,2.0,1.0,Non,Oui,Oui,Non,Non,Non,1.0,Oui,Non,Non
menzili,https://www.menzili.tn/annonce/appart-relizane-a-vendre-d-ennasr-ariana-ennasr-99113,Appartement,259000.0,2022-10-13,Ariana,Ennasr,Ennasr,2037.0,81.0,Non,Non,Non précisé,Haut standing,1.0,1.0,Non,Oui,Oui,Non,Non,Non,,Non,Non,Non
menzili,https://www.menzili.tn/annonce/appart-mesra-a-vendre-d-ennasr-ariana-ennasr-99110,Appartement,320000.0,2022-10-13,Ariana,Ennasr,Ennasr,2037.0,96.0,Non,Non,Non précisé,Haut standing,2.0,2.0,Non,Non,Oui,Non,Non,Non,0.0,Non,Non,Non
menzili,https://www.menzili.tn/annonce/joli-appartement-s-3-situe-a-soukra-ariana-lasoukra-99014,Appartement,350000.0,2022-10-13,Ariana,La Soukra,Soukra,2036.0,140.0,Non,Non,Non précisé,Haut standing,3.0,2.0,Oui,Oui,Oui,Non,Oui,Oui,1.0,Oui,Non,Oui
menzili,https://www.menzili.tn/annonce/a-vendre-appartement-s-1-au-c-ur-du-zone-touristique-mahdia-mahdia-mahdia-98956,Appartement,185000.0,2022-10-12,Mahdia,Mahdia,zone touristique mahdia,5100.0,83.0,Non,Non,Non précisé,Non précisé,1.0,1.0,Non,Oui,Oui,Non,Non,Non,,Oui,Non,Non
menzili,https://www.menzili.tn/annonce/a-vendre-appartement-s-2-el-agba-monastir-monastir-monastir-98954,Appartement,250000.0,2022-10-12,Monastir,Monastir,agba,5000.0,112.0,Non,Non,Neuf,Haut standing,2.0,1.0,Non,Oui,Oui,Non,Non,Non,,Non,Non,Non
menzili,https://www.menzili.tn/annonce/appartement-A-vendre-A-rejiche-mahdia-mahdia-mahdia-98950,Appartement,140000.0,2022-10-12,Mahdia,Mahdia,rejiche mahdia,5100.0,85.0,Non,Non,Non précisé,Moyen standing,2.0,1.0,Non,Oui,Oui,Non,Non,Non,,Non,Non,Non
menzili,https://www.menzili.tn/annonce/appartement-s-3-ariana-arianaville-98886,Appartement,300000.0,2022-10-12,Ariana,Ariana Ville,Ariana Ville,2080.0,90.0,Non,Non,Non précisé,Non précisé,4.0,1.0,Non,Non,Oui,Non,Oui,Non,2.0,Non,Non,Non
menzili,https://www.menzili.tn/annonce/appart-moalla-a-vendre-a-tunis-tunis-medina-98845,Appartement,340000.0,2022-10-11,Tunis,Médina,54670670,1008.0,207.0,Non,Non,Non précisé,Non précisé,6.0,2.0,Non,Oui,Oui,Non,Non,Non,2.0,Non,Non,Non
menzili,https://www.menzili.tn/annonce/appartement-s-2-a-vendre-aux-jardins-d-el-menzah-2-ariana-jardinsdelmenzah-98835,Appartement,229000.0,2022-10-11,Ariana,Jardins D'el Menzah,Jardins D'el Menzah,1004.0,86.0,Oui,Non,Non précisé,Moyen standing,2.0,1.0,Non,Non,Oui,Non,Oui,Non,,Non,Non,Non
menzili,https://www.menzili.tn/annonce/appartement-s-2-de-128-m-a-hammamet-nord-916a-nabeul-hammametnord-98827,Appartement,,2022-10-11,Nabeul,Hammamet Nord,Hammamet Nord,8050.0,128.0,Non,Non,Non précisé,Haut standing,2.0,2.0,Oui,Non,Oui,Non,Oui,Non,,Oui,Non,Oui
menzili,https://www.menzili.tn/annonce/appart-senyara-a-vendre-a-centre-urbain-nord-tunis-citeelkhadra-98778,Appartement,400000.0,2022-10-11,Tunis,Cité El Khadra,Cité El Khadra,1003.0,105.0,Non,Non,Non précisé,Haut standing,2.0,1.0,Non,Oui,Oui,Non,Non,Non,3.0,Non,Non,Non
menzili,https://www.menzili.tn/annonce/appartement-s-2-nabeul-korba-84393,Appartement,185000.0,2022-04-18,Nabeul,Korba,Korba,8070.0,130.0,Non,Non,Non précisé,Non précisé,,1.0,Non,Non,Oui,Non,Non,Non,,Non,Non,Non
menzili,https://www.menzili.tn/annonce/appart-guelma-a-vendre-a-bardo-tunis-lebardo-98701,Appartement,170000.0,2022-10-10,Tunis,Le Bardo,Le Bardo,2000.0,85.0,Non,Non,Non précisé,Non précisé,3.0,2.0,Non,Non,Oui,Non,Non,Non,0.0,Non,Non,Non
menzili,https://www.menzili.tn/annonce/appart-rocinha-a-vendre-d-el-mourouj-benarous-elmourouj-98672,Appartement,140000.0,2022-10-10,Ben Arous,El Mourouj,54670670,2074.0,78.0,Non,Non,Non précisé,Non précisé,2.0,1.0,Non,Oui,Oui,Non,Non,Non,2.0,Non,Non,Non
menzili,https://www.menzili.tn/annonce/appart-nilufer-a-vendre-a-bardo-tunis-lebardo-98606,Appartement,360000.0,2022-10-10,Tunis,Le Bardo,Le Bardo,2000.0,115.0,Non,Non,Non précisé,Haut standing,3.0,2.0,Non,Oui,Oui,Non,Non,Non,1.0,Non,Non,Non
menzili,https://www.menzili.tn/annonce/appartement-au-centre-ville-bizerte-bizerte-bizertenord-98602,Appartement,,2022-10-10,Bizerte,Bizerte Nord,bizerte centre ville,7000.0,230.0,Non,Non,Non précisé,Moyen standing,4.0,2.0,Non,Oui,Oui,Non,Non,Non,2.0,Non,Non,Non
menzili,https://www.menzili.tn/annonce/A-vendre-un-appartement-s-3-situe-a-l-aouina-avec-un-superficie-totale-de-135-m-tunis-laouina-98555,Appartement,360000.0,2022-10-09,Tunis,L'aouina,L'aouina,1000.0,,Non,Non,Non précisé,Non précisé,,,Non,Non,Oui,Non,Non,Non,,Non,Non,Non
menzili,https://www.menzili.tn/annonce/appartement-s-2-route-sidi-mansour-km4-sfax-sakieteddaier-98551,Appartement,58000.0,2022-10-09,Sfax,Sakiet Eddaïer,Route Sidi Mansour km4 cité Bourguiba,3011.0,54.0,Non,Non,Non précisé,Non précisé,2.0,1.0,Non,Non,Oui,Non,Non,Non,2.0,Non,Non,Non
menzili,https://www.menzili.tn/annonce/s-1-zone-afh-mrezga-nabeul-mrezga-98524,Appartement,190000.0,2022-10-09,Nabeul,Mrezga,Cite afh,8058.0,88.0,Non,Non,Neuf,Haut standing,1.0,1.0,Non,Non,Oui,Non,Oui,Non,3.0,Oui,Non,Oui
menzili,https://www.menzili.tn/annonce/s-3-de-180m-a-el-menzah-7-bis-proche-ecole-la-fontaine-ariana-arianaville-98482,Appartement,405000.0,2022-10-08,Ariana,Ariana Ville,El Menzah 7 bis,2080.0,180.0,Non,Non,Non précisé,Haut standing,3.0,2.0,Oui,Non,Oui,Non,Oui,Non,6.0,Oui,Non,Oui
menzili,https://www.menzili.tn/annonce/a-vendre-chez-notre-agence-leaders_immo-un-appartement-s-2-tunis-gammarth-98005,Appartement,480000.0,2022-10-05,Tunis,Gammarth,benslimennadia88n@gmail.com,2078.0,130.0,Non,Non,Non précisé,Non précisé,,,Non,Non,Oui,Non,Non,Non,,Non,Non,Non
menzili,https://www.menzili.tn/annonce/-a-vendre-chez-notre-agence-leaders_immo-un-appartement-s-2-tunis-laouina-97969,Appartement,532000.0,2022-10-05,Tunis,L'aouina,benslimennadia88n@gmail.com,1000.0,122.0,Non,Non,Non précisé,Non précisé,,,Non,Non,Oui,Non,Non,Non,,Non,Non,Non
menzili,https://www.menzili.tn/annonce/a-vendre-un-appartement-s-3-situe-a-ariana-ghazela-ariana-ghazela-97878,Appartement,215000.0,2022-10-05,Ariana,Ghazela,Ghazela,2080.0,,Non,Non,Non précisé,Non précisé,,,Non,Non,Oui,Non,Non,Non,,Non,Non,Non
menzili,https://www.menzili.tn/annonce/appart-bououn-a-vendre-a-riadh-andalous-ariana-arianaville-97641,Appartement,320000.0,2022-10-03,Ariana,Ariana Ville,Ariana Ville,2080.0,95.0,Non,Non,Non précisé,Haut standing,3.0,2.0,Non,Non,Oui,Non,Non,Non,0.0,Non,Non,Non
menzili,https://www.menzili.tn/annonce/appart-bohdana-a-vendre-a-riadh-andalous-ariana-arianaville-97638,Appartement,360000.0,2022-10-03,Ariana,Ariana Ville,Ariana Ville,2080.0,167.0,Non,Non,Non précisé,Haut standing,3.0,2.0,Non,Non,Oui,Non,Non,Non,0.0,Non,Non,Non
menzili,https://www.menzili.tn/annonce/appart-chahdouda-a-vendre-d-el-mourouj-benarous-elmourouj-97633,Appartement,156000.0,2022-10-03,Ben Arous,El Mourouj,El Mourouj,2074.0,80.0,Non,Non,Non précisé,Non précisé,3.0,1.0,Non,Oui,Oui,Non,Non,Non,3.0,Non,Non,Non
menzili,https://www.menzili.tn/annonce/appartement-a-cite-erriadh-5-sousse-sousse-sousseriadh-97517,Appartement,100000.0,2022-10-02,Sousse,Sousse Riadh,Cité Erriadh 5,4000.0,75.0,Non,Non,Non précisé,Non précisé,2.0,1.0,Non,Non,Oui,Non,Oui,Non,1.0,Non,Non,Non
menzili,https://www.menzili.tn/annonce/vendre-un-appartement-tunis-ezzouhour-97479,Appartement,90000.0,2022-10-01,Tunis,Ezzouhour,Ezzouhour1,1010.0,80.0,Non,Non,Bon état,Non précisé,2.0,1.0,Non,Oui,Oui,Non,Non,Non,1.0,Non,Non,Non
menzili,https://www.menzili.tn/annonce/A-vendre-villa-s-4-situe-a-l-aouina-tunis-laouina-97469,Appartement,675000.0,2022-10-01,Tunis,L'aouina,L'aouina,1000.0,305.0,Non,Non,Non précisé,Non précisé,1.0,2.0,Oui,Non,Oui,Non,Non,Non,,Non,Non,Non
menzili,https://www.menzili.tn/annonce/A-vendre-un-appartement-s-4-situe-au-jardins-de-carthage-tunis-lesbergesdulac-97439,Appartement,1525000.0,2022-10-01,Tunis,Les Berges Du Lac,Les Berges Du Lac,1053.0,465.0,Non,Non,Non précisé,Non précisé,,,Non,Non,Oui,Non,Non,Non,,Non,Non,Non
menzili,https://www.menzili.tn/annonce/A-vendre-un-appartement-s-3-situe-a-lac-2-tunis-lesbergesdulac-97435,Appartement,1400000.0,2022-10-01,Tunis,Les Berges Du Lac,Les Berges Du Lac,1053.0,314.0,Non,Non,Non précisé,Non précisé,,,Non,Non,Oui,Non,Non,Non,,Non,Non,Non
menzili,https://www.menzili.tn/annonce/agreable-s-2-avec-place-de-parking-et-cellier-tunis-lamarsa-97282,Appartement,250000.0,2022-09-29,Tunis,La Marsa,résidence le fatimide bloc fill 4 appartement 1-1,2070.0,115.0,Non,Non,Non précisé,Haut standing,2.0,1.0,Non,Oui,Oui,Non,Oui,Oui,1.0,Oui,Non,Oui
menzili,https://www.menzili.tn/annonce/appart-zaine-a-vendre-d-el-mourouj-benarous-elmourouj-97211,Appartement,200000.0,2022-09-29,Ben Arous,El Mourouj,54670670,2074.0,136.0,Non,Non,Non précisé,Non précisé,3.0,1.0,Non,Oui,Oui,Non,Non,Non,3.0,Non,Non,Non
menzili,https://www.menzili.tn/annonce/appartement-s2-rue-de-kairouan-tunis-tunis-centrevillelafayette-97169,Appartement,190000.0,2022-09-28,Tunis,Tunis,Rue de kairouan,1000.0,96.0,Non,Non,Non précisé,Haut standing,2.0,1.0,Oui,Oui,Oui,Non,Oui,Non,1.0,Oui,Non,Non
menzili,https://www.menzili.tn/annonce/agreable-studio-benarous-borjcedria-97168,Appartement,,2022-09-28,Ben Arous,Borj Cedria,Borj Cedria,2013.0,55.0,Non,Non,Non précisé,Non précisé,2.0,1.0,Non,Non,Oui,Non,Non,Non,,Non,Non,Non
menzili,https://www.menzili.tn/annonce/particulier-vends-appartement-s-2-avec-place-de-parking-ariana-lasoukra-96690,Appartement,130000.0,2022-09-24,Ariana,La Soukra,Cité Essaha - Borj Louzir,2036.0,80.0,Non,Non,Non précisé,Non précisé,3.0,1.0,Oui,Non,Oui,Non,Non,Non,3.0,Non,Oui,Non
menzili,https://www.menzili.tn/annonce/a-vendre-appartement-s2-avec-piscine-et-jardin-5mn-de-la-mer-la-marsa-tunis-lamarsa-97140,Appartement,850000.0,2022-09-28,Tunis,La Marsa,lamarsa.immo@hotmail.com,2070.0,165.0,Non,Non,Non précisé,Haut standing,2.0,2.0,Non,Non,Oui,Oui,Oui,Oui,,Non,Non,Oui
menzili,https://www.menzili.tn/annonce/appart-mael-a-vendre-d-el-mourouj-benarous-elmourouj-97139,Appartement,145000.0,2022-09-28,Ben Arous,El Mourouj,El Mourouj,2074.0,106.0,Non,Non,Non précisé,Non précisé,3.0,1.0,Non,Oui,Oui,Non,Non,Non,1.0,Non,Non,Non
menzili,https://www.menzili.tn/annonce/appart-jules-a-vendre-d-el-mourouj-benarous-elmourouj-97135,Appartement,130000.0,2022-09-28,Ben Arous,El Mourouj,54670670,2074.0,78.0,Non,Non,Non précisé,Non précisé,2.0,1.0,Non,Oui,Oui,Non,Non,Non,4.0,Non,Non,Non
menzili,https://www.menzili.tn/annonce/appart-raphael-a-vendre-d-ennasr-ariana-ennasr-97126,Appartement,135000.0,2022-09-28,Ariana,Ennasr,54670670,2037.0,35.0,Non,Non,Non précisé,Non précisé,1.0,1.0,Non,Non,Oui,Non,Non,Non,4.0,Oui,Non,Non
menzili,https://www.menzili.tn/annonce/a-vendre-bel-appartement-s2-avec-une-belle-terrasse-a-5mn-de-la-soukra-ariana-lasoukra-97056,Appartement,570000.0,2022-09-27,Ariana,La Soukra,lamarsa.immo@hotmail.com,2036.0,164.0,Non,Non,Non précisé,Haut standing,2.0,2.0,Non,Non,Oui,Oui,Oui,Oui,,Non,Non,Oui
menzili,https://www.menzili.tn/annonce/appartement-sidi-salem-bizerte-bizertenord-97020,Appartement,,2022-09-27,Bizerte,Bizerte Nord,sidi salem prés la route 14 janvier,7000.0,90.0,Non,Non,Non précisé,Moyen standing,3.0,1.0,Non,Oui,Oui,Non,Non,Non,2.0,Non,Oui,Non
menzili,https://www.menzili.tn/annonce/appartement-haut-standing-sidi-salem-bizerte-bizertenord-97018,Appartement,,2022-09-27,Bizerte,Bizerte Nord,sidi salem prés marina Bizerte,7000.0,126.0,Non,Oui,Non précisé,Haut standing,3.0,1.0,Non,Oui,Oui,Non,Oui,Non,2.0,Non,Non,Non
menzili,https://www.menzili.tn/annonce/A-vendre-un-magnifique-appartement-au-berges-du-lac2-tunis-lesbergesdulac-96586,Appartement,1500000.0,2022-09-24,Tunis,Les Berges Du Lac,commercial@plaza-immo.com,1053.0,183.0,Non,Non,Rénové,Haut standing,3.0,3.0,Oui,Oui,Oui,Non,Oui,Non,4.0,Oui,Non,Oui
menzili,https://www.menzili.tn/annonce/A-vendre-un-bel-et-coquette-appartement-a-rades-benarous-rades-96580,Appartement,135000.0,2022-09-24,Ben Arous,Radès,commercial@plaza-immo.com,2013.0,80.0,Non,Non,Non précisé,Moyen standing,2.0,1.0,Non,Oui,Oui,Non,Non,Non,0.0,Oui,Non,Oui
menzili,https://www.menzili.tn/annonce/s-2-de-83m-a-cite-el-wafa-nabeul-nabeul-nabeul-96515,Appartement,253000.0,2022-09-23,Nabeul,Nabeul,Cité el Wafa,8000.0,83.0,Non,Non,Neuf,Haut standing,2.0,1.0,Non,Oui,Oui,Oui,Oui,Non,0.0,Oui,Non,Oui
menzili,https://www.menzili.tn/annonce/s-1-de-63m-a-cite-el-wafa-nabeul-nabeul-nabeul-96514,Appartement,189000.0,2022-09-23,Nabeul,Nabeul,Cité el Wafa,8000.0,62.0,Non,Non,Neuf,Haut standing,1.0,1.0,Non,Oui,Oui,Oui,Oui,Non,0.0,Oui,Non,Oui
menzili,https://www.menzili.tn/annonce/a-vendre-appartement-s1-a-la-soukra-tunis-lamarsa-96484,Appartement,190000.0,2022-09-23,Tunis,La Marsa,lamarsa.immo@hotmail.com,2070.0,,Non,Non,Non précisé,Moyen standing,1.0,1.0,Non,Non,Oui,Non,Oui,Non,1.0,Non,Non,Oui
menzili,https://www.menzili.tn/annonce/appartement-route-mharza-klm3-telephone-29235025-sfax-routesoukra-77272,Appartement,90000.0,2022-01-09,Sfax,Route Soukra,Route mharza klm 3,2036.0,110.0,Non,Non,Non précisé,Moyen standing,2.0,1.0,Non,Non,Oui,Non,Non,Non,2.0,Non,Non,Non
menzili,https://www.menzili.tn/annonce/s-3-a-vendre-a-beja-sud-beja-bejasud-96447,Appartement,135000.0,2022-09-22,Béja,Béja Sud,Béja Sud,9000.0,116.0,Non,Non,Non précisé,Non précisé,3.0,1.0,Non,Non,Oui,Non,Non,Non,1.0,Non,Non,Non
menzili,https://www.menzili.tn/annonce/appart-iole-a-vendre-d-el-manar-ariana-manar-96435,Appartement,250000.0,2022-09-22,Ariana,Manar,Manar,1004.0,85.0,Non,Non,Non précisé,Non précisé,2.0,1.0,Non,Oui,Oui,Non,Non,Non,1.0,Non,Non,Non
menzili,https://www.menzili.tn/annonce/a-vendre-appartement-s2-avec-jardin-chotrana-ariana-lasoukra-96405,Appartement,445000.0,2022-09-22,Ariana,La Soukra,lamarsa.immo@hotmail.com,2036.0,120.0,Non,Non,Neuf,Moyen standing,2.0,2.0,Non,Non,Oui,Non,Oui,Oui,,Non,Non,Oui
menzili,https://www.menzili.tn/annonce/a-vendre-appartement-s3-avec-jardin-chotrana-1-ariana-lasoukra-96402,Appartement,640000.0,2022-09-22,Ariana,La Soukra,lamarsa.immo@hotmail.com,2036.0,155.0,Non,Non,Neuf,Moyen standing,3.0,2.0,Oui,Non,Oui,Non,Oui,Oui,,Non,Non,Oui
menzili,https://www.menzili.tn/annonce/appartement-a-vendre-a-la-nouvelle-medina-benarous-medinajedida-96367,Appartement,,2022-09-21,Ben Arous,Medina Jedida,medina jedida 1,2013.0,74.0,Non,Non,Non précisé,Non précisé,2.0,2.0,Non,Oui,Oui,Non,Non,Non,2.0,Non,Non,Non
menzili,https://www.menzili.tn/annonce/a-vendre-espace-commercial-tout-usage-en-duplex-de-262m-surface-utile-sousse-hammamsousse-96350,Appartement,,2022-09-21,Sousse,Hammam Sousse,route touristique Kantaoui sousse,4011.0,262.0,Oui,Non,Neuf,Non précisé,,1.0,Non,Non,Oui,Non,Non,Non,1.0,Non,Non,Non
menzili,https://www.menzili.tn/annonce/vente-appart-beja-bejasud-96330,Appartement,,2022-09-21,Béja,Béja Sud,Beja j'adida beja,9000.0,116.0,Non,Non,Non précisé,Non précisé,3.0,1.0,Non,Non,Oui,Non,Non,Non,4.0,Non,Non,Non
menzili,https://www.menzili.tn/annonce/rdc-de-villa-el-ksiba-a-vendre-a-bizerte-bizerte-bizertenord-96265,Appartement,350000.0,2022-09-20,Bizerte,Bizerte Nord,54670670,7000.0,120.0,Non,Oui,Rénové,Non précisé,2.0,1.0,Non,Non,Oui,Non,Non,Non,0.0,Non,Non,Non
menzili,https://www.menzili.tn/annonce/studio-vue-magnifique-sur-le-lac-d-hergla-et-mediteranee-sousse-hergla-96172,Appartement,57950.0,2022-09-19,Sousse,Hergla,AFH,4000.0,25.0,Non,Oui,Non précisé,Haut standing,1.0,1.0,Non,Oui,Oui,Non,Oui,Non,1.0,Oui,Oui,Oui
menzili,https://www.menzili.tn/annonce/appart-sisley-a-vendre-d-el-manar-ariana-manar-96150,Appartement,290000.0,2022-09-19,Ariana,Manar,54670670,1004.0,110.0,Non,Non,Non précisé,Non précisé,3.0,2.0,Non,Oui,Oui,Non,Non,Non,1.0,Non,Non,Non
menzili,https://www.menzili.tn/annonce/avendre-une-bel-appartement-de-type-s-3-a-hergla-enface-la-plage-sousse-hergla-96140,Appartement,330000.0,2022-09-19,Sousse,Hergla,Hergla enface la mer,4000.0,130.0,Non,Oui,Non précisé,Haut standing,3.0,1.0,Non,Non,Oui,Non,Oui,Oui,3.0,Oui,Non,Oui
menzili,https://www.menzili.tn/annonce/avendre-appartement-de-type-s-1-a-100metre-de-la-plage-a-chatt-mariem-sousse-kantaoui-96130,Appartement,93000.0,2022-09-19,Sousse,Kantaoui,Chatt mariem tantana,4089.0,62.0,Non,Oui,Non précisé,Moyen standing,1.0,1.0,Non,Non,Oui,Non,Non,Non,2.0,Non,Non,Oui
menzili,https://www.menzili.tn/annonce/un-bel-appartement-s3-dans-une-belle-residence-cloturee-tunis-elomranesuperieur-96031,Appartement,200000.0,2022-09-17,Tunis,El Omrane supérieur,El Omrane supérieur,1091.0,,Non,Non,Bon état,Moyen standing,3.0,,Non,Non,Oui,Non,Oui,Oui,,Non,Non,Oui
menzili,https://www.menzili.tn/annonce/jolie-appartement-a-ne-pas-rater-benarous-hammamlif-96018,Appartement,95000.0,2022-09-17,Ben Arous,Hammam Lif,Hammam Lif,2050.0,40.0,Non,Oui,Non précisé,Non précisé,,1.0,Non,Non,Oui,Non,Non,Non,4.0,Non,Non,Non
menzili,https://www.menzili.tn/annonce/s-3-rdc-a-borj-louzir-ariana-ariana-borjlouzir-95961,Appartement,175000.0,2022-09-17,Ariana,Borj Louzir,Borj louzir,2073.0,90.0,Non,Non,Non précisé,Non précisé,3.0,,Non,Non,Oui,Non,Non,Non,0.0,Non,Non,Non
menzili,https://www.menzili.tn/annonce/s-3-de-130m-a-cite-el-wafa-nabeul-nabeul-95888,Appartement,364000.0,2022-09-16,Nabeul,Nabeul,Cité el Wafa,8000.0,130.0,Non,Non,Neuf,Haut standing,3.0,2.0,Oui,Oui,Oui,Oui,Oui,Non,0.0,Oui,Non,Oui
menzili,https://www.menzili.tn/annonce/s-3-de-110m-avec-un-jardin-de-130m-a-sidi-mahrsi-nabeul-nabeul-95885,Appartement,690000.0,2022-09-16,Nabeul,Nabeul,Nabeul,8000.0,110.0,Non,Non,Bon état,Moyen standing,3.0,2.0,Non,Non,Oui,Non,Oui,Oui,0.0,Non,Non,Oui
menzili,https://www.menzili.tn/annonce/a-vendre-un-appartement-s-4-situe-a-chotrana-1-ariana-chotrana-95860,Appartement,560000.0,2022-09-15,Ariana,Chotrana,benslimennadia88n@gmail.com,2086.0,221.0,Non,Non,Non précisé,Non précisé,,,Non,Non,Oui,Non,Non,Non,,Non,Non,Non
menzili,https://www.menzili.tn/annonce/a-vendre-un-appartement-s-2-avec-situe-a-ain-zaghouan-nord-tunis-lamarsa-95842,Appartement,295000.0,2022-09-15,Tunis,La Marsa,benslimennadia88n@gmail.com,2070.0,101.0,Non,Non,Non précisé,Non précisé,2.0,1.0,Non,Non,Oui,Non,Non,Non,,Non,Non,Non
menzili,https://www.menzili.tn/annonce/A-vendre-un-appartement-s-1-situe-a-raoued-plage-ariana-raoued-95751,Appartement,262000.0,2022-09-14,Ariana,Raoued,Raoued,2083.0,75.0,Non,Non,Non précisé,Non précisé,,,Non,Non,Oui,Non,Non,Non,,Non,Non,Non
menzili,https://www.menzili.tn/annonce/appartement-dans-la-residence-diar-el-melek-manouba-ouedellil-95746,Appartement,,2022-09-14,Manouba,Rue d'Arabie Sao,Appt D3/3 Centre Galaxie 2000 20,2010.0,8633.0,Non,Non,Non précisé,Haut standing,3.0,,Non,Non,Oui,Non,Oui,Oui,,Non,Non,Oui
menzili,https://www.menzili.tn/annonce/avendre-des-appartement-s-3-a-sahloul-3-et-4-sousse-sahloul-95742,Appartement,350000.0,2022-09-14,Sousse,Sahloul,Sahloul 3 et 4,4054.0,140.0,Non,Non,Non précisé,Haut standing,3.0,2.0,Non,Non,Oui,Non,Oui,Oui,2.0,Oui,Non,Oui
menzili,https://www.menzili.tn/annonce/a-vendre-un-appartement-s-3-situe-a-ennaser-ariana-ennasr-95738,Appartement,467000.0,2022-09-14,Ariana,Ennasr,Ennasr,2037.0,170.0,Non,Non,Non précisé,Non précisé,3.0,1.0,Non,Non,Oui,Non,Non,Non,,Oui,Non,Non
menzili,https://www.menzili.tn/annonce/a-vendre-appartement-s3-a-la-soukra-ariana-lasoukra-95716,Appartement,728000.0,2022-09-14,Ariana,La Soukra,lamarsa.immo@hotmail.com,2036.0,200.0,Non,Non,Non précisé,Moyen standing,4.0,3.0,Oui,Oui,Oui,Non,Oui,Non,,Non,Non,Oui
menzili,https://www.menzili.tn/annonce/a-vendre-appartement-s2-a-cite-essalama-el-aouina-tunis-laouina-95657,Appartement,180000.0,2022-09-13,Tunis,L'aouina,L'aouina,1000.0,,Non,Non,Non précisé,Non précisé,2.0,1.0,Non,Non,Oui,Non,Oui,Non,0.0,Non,Non,Non
menzili,https://www.menzili.tn/annonce/a-vendre-chez-notre-agence-leaders_immo-un-appartement-s-2-situe-a-chotrana1-ariana-chotrana-95586,Appartement,353700.0,2022-09-12,Ariana,Chotrana,Chotrana,2086.0,153.0,Non,Non,Non précisé,Non précisé,,,Non,Non,Oui,Non,Non,Non,,Non,Non,Non
menzili,https://www.menzili.tn/annonce/appartement-a-sidi-abedlehmide-sousse-soussesidiabdelhamid-95505,Appartement,95000.0,2022-09-11,Sousse,Sousse Sidi Abdelhamid,Sidi abedlehmid,4000.0,72.0,Non,Oui,Non précisé,Non précisé,2.0,1.0,Non,Oui,Oui,Non,Non,Non,3.0,Non,Non,Non
menzili,https://www.menzili.tn/annonce/appartement-plus-deux-dans-un-immeuble-tunis-ettahrir-95433,Appartement,,2022-09-09,Tunis,Ettahrir,نهج بو عطور حي التحرير قبالة محطة المترو,1008.0,72.0,Non,Non,Non précisé,Non précisé,2.0,1.0,Non,Non,Oui,Non,Non,Non,,Non,Non,Non
menzili,https://www.menzili.tn/annonce/a-vendre-chez-notre-agence-leaders_immo-un-appartement-s-2-situe-a-ain-zaghouan-tunis-laouina-95395,Appartement,240000.0,2022-09-09,Tunis,L'aouina,L'aouina,1000.0,90.0,Non,Non,Non précisé,Non précisé,,,Non,Non,Oui,Non,Non,Non,,Non,Non,Non
menzili,https://www.menzili.tn/annonce/appart-victoric-a-vendre-d-el-mourouj-benarous-elmourouj-95356,Appartement,120000.0,2022-09-08,Ben Arous,El Mourouj,El Mourouj,2074.0,80.0,Non,Non,Non précisé,Non précisé,2.0,1.0,Non,Non,Oui,Non,Non,Non,2.0,Non,Non,Non
menzili,https://www.menzili.tn/annonce/appartement-haut-standing-s-2-tunis-carthage-95321,Appartement,260000.0,2022-09-08,Tunis,Carthage,residence ettalok carthage mohamed ali,2016.0,105.0,Non,Non,Non précisé,Haut standing,2.0,2.0,Oui,Oui,Oui,Non,Oui,Non,4.0,Oui,Non,Oui
menzili,https://www.menzili.tn/annonce/avendre-le-deriniere-appartement-de-type-s-3-pied-dans-leau-a-zone-touristique-sousse-sousse-soussejawhara-95320,Appartement,420000.0,2022-09-08,Sousse,Sousse Jawhara,Pré hôtel Movempic sousse,4000.0,145.0,Non,Oui,Non précisé,Haut standing,3.0,2.0,Oui,Oui,Oui,Non,Oui,Oui,1.0,Oui,Non,Oui
menzili,https://www.menzili.tn/annonce/appart-else-A-vendre-A-menzah-4-tunis-centreurbainnord-95271,Appartement,325000.0,2022-09-07,Tunis,Centre Urbain Nord,Centre Urbain Nord,1000.0,,Non,Non,Non précisé,Non précisé,3.0,1.0,Non,Non,Oui,Non,Non,Non,,Oui,Non,Non
menzili,https://www.menzili.tn/annonce/a-vendre-appartement-s2-avec-jardin-la-soukra-ariana-lasoukra-95268,Appartement,460000.0,2022-09-07,Ariana,La Soukra,lamarsa.immo@hotmail.com,2036.0,,Non,Non,Non précisé,Haut standing,2.0,2.0,Non,Non,Oui,Oui,Oui,Oui,,Non,Non,Oui
menzili,https://www.menzili.tn/annonce/appart-screen-a-vendre-a-morouj-1-benarous-elmourouj-95188,Appartement,140000.0,2022-09-06,Ben Arous,El Mourouj,54670670,2074.0,104.0,Non,Non,Non précisé,Non précisé,3.0,1.0,Non,Non,Oui,Non,Non,Non,0.0,Non,Non,Non
menzili,https://www.menzili.tn/annonce/appart-podacst-a-vendre-d-ennasr-ariana-manar-95121,Appartement,295000.0,2022-09-05,Ariana,Manar,54670670,1004.0,69.0,Non,Non,Non précisé,Haut standing,2.0,2.0,Non,Non,Oui,Non,Non,Non,,Oui,Non,Non
menzili,https://www.menzili.tn/annonce/a-vendre-un-appartement-s-3-avec-un-petit-jardin-situe-a-ain-zaghouan-tunis-ainzaghouan-95102,Appartement,387000.0,2022-09-05,Tunis,Aïn Zaghouan,Aïn Zaghouan,1100.0,149.0,Non,Non,Non précisé,Non précisé,,,Non,Non,Oui,Non,Non,Oui,,Non,Non,Oui
menzili,https://www.menzili.tn/annonce/appartement-a-2-etages-a-l-avenue-kheireddine-bacha-tunis-centrevillelafayette-95101,Appartement,,2022-09-05,Tunis,Centre Ville - Lafayette,2 rue Mohamed Ali Annabi le Belvédère Tunis,1000.0,68.0,Non,Non,Non précisé,Non précisé,,,Non,Non,Oui,Non,Non,Non,2.0,Non,Non,Non
menzili,https://www.menzili.tn/annonce/appartement-s-2-et-s-3-a-ennassr-2-ariana-ennasr-76978,Appartement,353000.0,2022-01-05,Ariana,Ennasr,Ennassr 2,2037.0,150.0,Non,Non,Non précisé,Haut standing,3.0,2.0,Non,Non,Oui,Non,Oui,Oui,,Non,Non,Oui
menzili,https://www.menzili.tn/annonce/appartement-s-1-s-2-a-ennassr-ariana-ennasr-79665,Appartement,235000.0,2022-02-06,Ariana,Ennasr,Ennassr 2,2037.0,104.0,Non,Non,Neuf,Haut standing,,,Non,Non,Oui,Non,Oui,Non,,Non,Non,Oui
menzili,https://www.menzili.tn/annonce/appartement-s-3-a-ennassr-2-ariana-ennasr-57226,Appartement,472000.0,2021-04-17,Ariana,Ennasr,ENNASSR 2,2037.0,148.0,Non,Non,Non précisé,Haut standing,3.0,2.0,Non,Non,Oui,Non,Oui,Oui,,Non,Non,Oui
menzili,https://www.menzili.tn/annonce/appartement-s-2-et-s-3-a-ennasr-ariana-ennasr-64824,Appartement,310000.0,2021-08-16,Ariana,Ennasr,Ennasr,2037.0,125.0,Non,Non,Non précisé,Haut standing,2.0,2.0,Non,Non,Oui,Non,Oui,Non,,Non,Non,Oui
menzili,https://www.menzili.tn/annonce/appartement-de-2-etages-a-centre-ville-tunis-centrevillelafayette-95093,Appartement,1300.0,2022-09-05,Tunis,Centre Ville - Lafayette,2 rue MOHAMED ALI ANNABI le belvédère Tunis,1000.0,68.0,Non,Non,Non précisé,Non précisé,,,Non,Non,Oui,Non,Non,Non,3.0,Non,Non,Non
menzili,https://www.menzili.tn/annonce/s-2-vue-mer-a-une-residence-chic-et-pied-dans-leau-a-chatt-mariem-sousse-akouda-95082,Appartement,285000.0,2022-09-04,Sousse,Akouda,Chatt mariem,4022.0,70.0,Non,Oui,Non précisé,Luxe,2.0,2.0,Oui,Oui,Oui,Oui,Oui,Oui,1.0,Oui,Non,Oui
menzili,https://www.menzili.tn/annonce/appartement-2piece-tunis-centrevillelafayette-94916,Appartement,110000.0,2022-09-02,Tunis,Centre Ville - Lafayette,TUNIS CENTRE VILLE RUE HABIB BOURGHUIBA,1000.0,1147.0,Non,Non,Non précisé,Non précisé,2.0,1.0,Non,Non,Oui,Non,Non,Non,1.0,Non,Non,Non
menzili,https://www.menzili.tn/annonce/appartement-diar-ben-mahmoud-agba-manouba-manoubaville-94885,Appartement,170000.0,2022-09-01,Manouba,Manouba Ville,Diar ben mahmoud agba,2010.0,109.0,Non,Non,Non précisé,Non précisé,3.0,1.0,Non,Oui,Oui,Non,Non,Non,1.0,Non,Non,Non
menzili,https://www.menzili.tn/annonce/appartement-a-corniche-nabeul-nabeul-nabeul-94879,Appartement,395000.0,2022-09-01,Nabeul,Nabeul,le coin immobilier,8000.0,118.0,Non,Non,Non précisé,Moyen standing,2.0,1.0,Non,Non,Oui,Non,Oui,Non,1.0,Non,Non,Oui
menzili,https://www.menzili.tn/annonce/apparemment-s-2-borj-cedria-benarous-borjcedria-94870,Appartement,157000.0,2022-09-01,Ben Arous,Borj Cedria,Borj Cedria,2013.0,99.0,Non,Non,Non précisé,Haut standing,2.0,2.0,Non,Oui,Oui,Non,Oui,Non,1.0,Oui,Non,Oui
menzili,https://www.menzili.tn/annonce/A-vendre-un-appartement-s-2-situe-a-hammamet-centre--nabeul-hammamet-94851,Appartement,270000.0,2022-09-01,Nabeul,Hammamet,Av Moncef Bey 8050 Yasmine Hammamet,8050.0,135.0,Non,Non,Non précisé,Moyen standing,2.0,2.0,Non,Non,Oui,Non,Oui,Oui,1.0,Non,Non,Oui
menzili,https://www.menzili.tn/annonce/appart-paulita-a-vendre-d-el-mourouj-benarous-elmourouj-94846,Appartement,150000.0,2022-09-01,Ben Arous,El Mourouj,El Mourouj,2074.0,105.0,Non,Non,Non précisé,Non précisé,3.0,1.0,Non,Oui,Oui,Non,Non,Non,4.0,Non,Non,Non
menzili,https://www.menzili.tn/annonce/a-vendre-chez-notre-agence-leaders_immo-un-appartement-s-2-situe-a-ariana-borj-louzir-ariana-borjlouzir-94826,Appartement,243057.0,2022-08-31,Ariana,Borj Louzir,Borj Louzir,2073.0,121.0,Non,Non,Non précisé,Non précisé,,,Non,Non,Oui,Non,Non,Non,,Oui,Non,Non
menzili,https://www.menzili.tn/annonce/a-vendre-un-appartement-s-2-avec-un-l-aouina-ariana-lasoukra-94818,Appartement,250000.0,2022-08-31,Ariana,La Soukra,La Soukra,2036.0,100.0,Non,Non,Non précisé,Non précisé,,,Non,Non,Oui,Non,Non,Oui,,Non,Non,Non
menzili,https://www.menzili.tn/annonce/a-vendre-un-appartement-s-2-avec-un-petit-jardin-situe-a-el-ghazela-ariana-ghazela-94796,Appartement,,2022-08-31,Ariana,Ghazela,Ghazela,2080.0,129.0,Non,Non,Non précisé,Non précisé,2.0,1.0,Non,Non,Oui,Non,Non,Oui,,Non,Non,Non
menzili,https://www.menzili.tn/annonce/a-vendre-chez-notre-agence-leaders_immo-un-appartement-s-3-avec-un-petit-jardin-situe-a-la-sokra-ariana-lasoukra-94784,Appartement,,2022-08-31,Ariana,La Soukra,La Soukra,2036.0,128.0,Non,Non,Non précisé,Non précisé,,,Non,Non,Oui,Non,Non,Oui,,Non,Non,Non
menzili,https://www.menzili.tn/annonce/A-vendre-un-appartement-s-2-situe-a-mrezga-avec-un-superficie-totale-de-99-72-m-nabeul-nabeul-94778,Appartement,309927.0,2022-08-31,Nabeul,Nabeul,Afh mrezga,8000.0,9972.0,Non,Non,Non précisé,Haut standing,1.0,1.0,Non,Oui,Oui,Oui,Oui,Oui,1.0,Oui,Non,Oui
menzili,https://www.menzili.tn/annonce/A-vendre-un-appartement-s-1-situe-a-hammamet-nord-avec-un-superficie-totale-de-57-m-nabeul-hammametnord-94777,Appartement,146000.0,2022-08-31,Nabeul,Hammamet Nord,Hammamet,8050.0,57.0,Non,Non,Non précisé,Non précisé,1.0,1.0,Non,Non,Oui,Non,Non,Oui,1.0,Oui,Non,Non
menzili,https://www.menzili.tn/annonce/appartement-s3-de-haut-standing-et-avec-place-parking-sousse-sahloul-94758,Appartement,1300.0,2022-08-30,Sousse,Sahloul,Vicor Hugo,4054.0,,Non,Non,Neuf,Haut standing,3.0,2.0,Non,Oui,Oui,Non,Oui,Non,,Oui,Non,Non
menzili,https://www.menzili.tn/annonce/a-loue-appartement-a-montplaisir-s-0-500-dinar-tunis-citeelkhadra-94717,Appartement,,2022-08-29,Tunis,Montplaisir.,Rue abdelrahmen azzam,1073.0,40.0,Non,Non,Non précisé,Non précisé,1.0,,Non,Oui,Oui,Non,Non,Non,1.0,Non,Non,Non
menzili,https://www.menzili.tn/annonce/2-apartments-s-2-zahra-plage-hammem-el-ghzez-nabeul-kelibia-94716,Appartement,,2022-08-29,Nabeul,Kélibia,Kélibia,8000.0,65.0,Non,Non,Non précisé,Non précisé,2.0,1.0,Non,Non,Oui,Non,Non,Oui,1.0,Non,Non,Non
menzili,https://www.menzili.tn/annonce/a-vendre-villa-avec-jardin-au-lac2-tunis-lesbergesdulac-94539,Appartement,2700000.0,2022-08-27,Tunis,Les Berges Du Lac,les berges du lac 2,1053.0,600.0,Non,Non,Non précisé,Haut standing,4.0,3.0,Oui,Non,Oui,Oui,Oui,Oui,,Non,Non,Oui
menzili,https://www.menzili.tn/annonce/s-2-vue-de-mer-de-125m-a-cite-el-wafa-nabeul-nabeul-mrezga-94533,Appartement,360000.0,2022-08-27,Nabeul,Mrezga,Mrezga,8058.0,125.0,Non,Oui,Non précisé,Haut standing,2.0,2.0,Oui,Oui,Oui,Non,Oui,Non,2.0,Oui,Non,Non
menzili,https://www.menzili.tn/annonce/s-2-de-114m-avec-terrasse-de-37m-a-hammamet-nord-nabeul-hammametnord-94531,Appartement,398000.0,2022-08-27,Nabeul,Hammamet Nord,Mrezga,8050.0,114.0,Non,Oui,Non précisé,Haut standing,2.0,1.0,Non,Non,Oui,Non,Oui,Non,3.0,Oui,Non,Oui
menzili,https://www.menzili.tn/annonce/appartement-haut-standing-s-1-centre-villa-hammamet-a-vendre-nabeul-hammametcentre-94476,Appartement,213000.0,2022-08-26,Nabeul,Hammamet Centre,Av Moncef Bey 8050 Yasmine Hammamet,8050.0,78.0,Non,Non,Non précisé,Haut standing,1.0,1.0,Non,Oui,Oui,Oui,Oui,Oui,,Oui,Non,Oui
menzili,https://www.menzili.tn/annonce/appartement-s-1-neuf-et-pied-dans-l-eau-mahdia-mahdia-94447,Appartement,226000.0,2022-08-25,Mahdia,Mahdia,Mahdia,5100.0,82.0,Non,Non,Neuf,Moyen standing,1.0,1.0,Oui,Oui,Oui,Non,Non,Non,,Non,Non,Non
menzili,https://www.menzili.tn/annonce/appartement-s-3-en-parfait-etat-ariana-borjlouzir-94368,Appartement,250000.0,2022-08-24,Ariana,Borj Louzir,Cité Bahi ladgham,2073.0,103.0,Non,Non,Bon état,Moyen standing,3.0,1.0,Non,Non,Oui,Non,Oui,Non,2.0,Non,Non,Oui
menzili,https://www.menzili.tn/annonce/excellent-etat-s-3-a-khezama-est-sousse-soussejawhara-94337,Appartement,,2022-08-24,Sousse,Sousse Jawhara,20 792 784,4000.0,130.0,Non,Oui,Non précisé,Haut standing,3.0,2.0,Non,Non,Oui,Non,Oui,Non,5.0,Oui,Non,Oui
menzili,https://www.menzili.tn/annonce/appartement-a-vendre-a-centre-ville-kairouan-kairouan-kairouannord-94233,Appartement,100000.0,2022-08-22,Kairouan,Kairouan Nord,riwak rabi3 a cote de radio sabra fm et en face de,3100.0,70.0,Non,Non,Non précisé,Non précisé,1.0,1.0,Non,Non,Oui,Non,Non,Non,3.0,Non,Non,Oui
menzili,https://www.menzili.tn/annonce/appart-aveline-a-vendre-a-boumhal-benarous-boumhel-94228,Appartement,163000.0,2022-08-22,Ben Arous,Boumhel,Boumhel,2013.0,90.0,Non,Non,Non précisé,Non précisé,2.0,2.0,Non,Oui,Oui,Non,Oui,Non,4.0,Non,Non,Non
menzili,https://www.menzili.tn/annonce/appartement-rdc-a-vendre-nabeul-mrezga-94188,Appartement,150000.0,2022-08-21,Nabeul,Mrezga,Av Moncef Bey 8050 Yasmine Hammamet,8058.0,58.0,Non,Non,Non précisé,Non précisé,2.0,1.0,Non,Non,Oui,Non,Non,Non,0.0,Non,Non,Non
menzili,https://www.menzili.tn/annonce/2-appartement-a-akouda-a-5mn-d-el-kantaoui-sousse-akouda-91648,Appartement,200000.0,2022-07-11,Sousse,Akouda,Akouda,4022.0,170.0,Non,Non,Non précisé,Non précisé,3.0,1.0,Non,Non,Oui,Non,Non,Non,1.0,Non,Non,Non
menzili,https://www.menzili.tn/annonce/s-2-a-vendre-tunis-ettahrir-94177,Appartement,,2022-08-21,Tunis,Ettahrir,En face de station métro omrane sup,1008.0,70.0,Non,Non,Non précisé,Non précisé,2.0,1.0,Non,Non,Oui,Non,Non,Non,,Non,Non,Non
menzili,https://www.menzili.tn/annonce/a-vendre-un-appartement-haut-standing-s-2-situe-a-mrezga-nabeul-hammametnord-94159,Appartement,323618.0,2022-08-20,Nabeul,Hammamet Nord,Hammamet Nord,8050.0,10438.0,Non,Non,Non précisé,Haut standing,2.0,1.0,Non,Non,Oui,Non,Non,Non,,Non,Non,Non
menzili,https://www.menzili.tn/annonce/un-appartement-rdc-a-vendre-hammamet-nabeul-hammamet-94149,Appartement,150000.0,2022-08-20,Nabeul,Hammamet,Av Moncef Bey 8050 Yasmine Hammamet,8050.0,58.0,Non,Non,Non précisé,Non précisé,1.0,1.0,Non,Non,Oui,Non,Non,Non,0.0,Non,Non,Non
menzili,https://www.menzili.tn/annonce/appartement-luxe-a-vendre-hammamet-nord-nabeul-hammametnord-94141,Appartement,200000.0,2022-08-20,Nabeul,Hammamet Nord,Av Moncef Bey 8050 Yasmine Hammamet,8050.0,83.0,Non,Non,Neuf,Luxe,2.0,1.0,Non,Non,Oui,Non,Non,Non,2.0,Oui,Non,Non
menzili,https://www.menzili.tn/annonce/a-vendre-un-appartement-s3-a-chotrana-1-ariana-chotrana-94126,Appartement,405035.0,2022-08-20,Ariana,Chotrana,Chotrana 1,2086.0,1702.0,Non,Non,Non précisé,Non précisé,3.0,1.0,Non,Non,Oui,Non,Non,Non,1.0,Non,Non,Non
menzili,https://www.menzili.tn/annonce/a-vendre-appartement-benarous-medinajedida-94120,Appartement,56000000.0,2022-08-19,Ben Arous,Medina Jedida,Madina jadida pres cafe mosaique,2013.0,,Non,Non,Non précisé,Non précisé,3.0,2.0,Non,Non,Oui,Non,Oui,Oui,1.0,Non,Non,Oui
menzili,https://www.menzili.tn/annonce/appartement-s-0-au-rdc-neuf-et-proche-de-la-plage-mahdia-mahdia-94089,Appartement,110000.0,2022-08-19,Mahdia,Mahdia,Mahdia,5100.0,42.0,Non,Non,Neuf,Moyen standing,1.0,1.0,Non,Non,Oui,Non,Non,Non,0.0,Non,Non,Non
menzili,https://www.menzili.tn/annonce/a-vendre-s-3-neuf-sur-falaise-monastir-monastir-monastir-94083,Appartement,490000.0,2022-08-19,Monastir,Monastir,Monastir,5000.0,130.0,Non,Non,Neuf,Moyen standing,3.0,2.0,Oui,Non,Oui,Non,Non,Non,,Non,Non,Non
menzili,https://www.menzili.tn/annonce/a-vendre-appartement-s3-a-lafayette-tunis-centrevillelafayette-94063,Appartement,160000.0,2022-08-19,Tunis,Centre Ville - Lafayette,Lafayette,1000.0,100.0,Non,Non,Non précisé,Non précisé,3.0,1.0,Non,Oui,Oui,Non,Non,Non,,Non,Non,Oui
menzili,https://www.menzili.tn/annonce/a-vendre-appartement-s3-avec-jardin-a-chotrana1-ariana-lasoukra-94037,Appartement,590000.0,2022-08-18,Ariana,La Soukra,Chotrana 1,2036.0,175.0,Non,Non,Non précisé,Moyen standing,3.0,3.0,Oui,Non,Oui,Non,Oui,Oui,,Non,Non,Oui
menzili,https://www.menzili.tn/annonce/appartement-dans-un-emplacement-bien-demande-a-nabeul-nabeul-nabeul-94000,Appartement,,2022-08-18,Nabeul,Nabeul,Av Moncef Bey 8050 Yasmine Hammamet,8000.0,94.0,Non,Non,Non précisé,Luxe,2.0,1.0,Non,Oui,Oui,Non,Oui,Non,,Oui,Non,Oui
menzili,https://www.menzili.tn/annonce/appartement-de-type-s-3-a-sousse-khezama-sousse-soussejawhara-93996,Appartement,300000.0,2022-08-18,Sousse,Sousse Jawhara,20 792 784,4000.0,120.0,Non,Oui,Non précisé,Haut standing,3.0,1.0,Non,Non,Oui,Non,Oui,Oui,5.0,Oui,Non,Oui
menzili,https://www.menzili.tn/annonce/appartement-vue-sur-mer-a-nabeul-nabeul-nabeul-93971,Appartement,,2022-08-17,Nabeul,Nabeul,Av Moncef Bey 8050 Yasmine Hammamet,8000.0,156.0,Non,Oui,Non précisé,Haut standing,1.0,,Non,Non,Oui,Non,Oui,Non,,Oui,Non,Oui
menzili,https://www.menzili.tn/annonce/appart-gladys-a-vendre-d-ezzahra-benarous-ezzahra-93954,Appartement,249000.0,2022-08-17,Ben Arous,Ezzahra,Ezzahra,2034.0,104.0,Non,Non,Non précisé,Haut standing,3.0,2.0,Non,Oui,Oui,Non,Non,Non,4.0,Oui,Non,Non
menzili,https://www.menzili.tn/annonce/appartement-ezzahrouni-tunis-hrairia-91970,Appartement,60000.0,2022-07-14,Tunis,Hraïria,Ezzahrouni Tunis,1000.0,48.0,Non,Non,Non précisé,Non précisé,3.0,1.0,Non,Non,Oui,Non,Non,Non,4.0,Non,Non,Non
menzili,https://www.menzili.tn/annonce/s-2-a-vendre-tunis-jardindecarthage-93937,Appartement,470000.0,2022-08-17,Tunis,Jardin De Carthage,jardins de carthage,2016.0,127.0,Non,Non,Non précisé,Haut standing,2.0,2.0,Oui,Non,Oui,Non,Oui,Oui,1.0,Oui,Non,Oui
menzili,https://www.menzili.tn/annonce/vendre-appartement-rdc-appartement-1er-etage-kairouan-kairouansud-93936,Appartement,99559600.0,2022-08-17,Kairouan,Kairouan Sud,kairouan,3100.0,380.0,Non,Non,Non précisé,Non précisé,7.0,2.0,Non,Oui,Oui,Non,Non,Non,0.0,Non,Non,Non
menzili,https://www.menzili.tn/annonce/tres-bel-appartement-s2-a-5-minutes-de-l-aeroport-ariana-borjlouzir-93934,Appartement,180000.0,2022-08-16,Ariana,Borj Louzir,Borj Louzir,2073.0,100.0,Non,Non,Non précisé,Moyen standing,2.0,1.0,Non,Non,Oui,Non,Oui,Non,5.0,Oui,Non,Non
menzili,https://www.menzili.tn/annonce/appartement-a-afrane-city-4-sfax-routeelafrane-93875,Appartement,320000.0,2022-08-15,Sfax,Route el Afrane,Route l'Afrane km 4 Sfax,3000.0,128.0,Non,Non,Non précisé,Haut standing,3.0,1.0,Non,Non,Oui,Non,Oui,Non,1.0,Oui,Non,Non
menzili,https://www.menzili.tn/annonce/appart-christelle-a-vendre-a-la-marsa-tunis-lamarsa-93856,Appartement,300000.0,2022-08-15,Tunis,La Marsa,La Marsa,2070.0,107.0,Non,Non,Non précisé,Non précisé,3.0,2.0,Non,Non,Oui,Non,Non,Non,1.0,Non,Non,Non
menzili,https://www.menzili.tn/annonce/appartement-luxe-a-vendre-a-afh-mrezga-nabeul-mrezga-93780,Appartement,,2022-08-13,Nabeul,Mrezga,Av Moncef Bey 8050 Yasmine Hammamet,8058.0,366.0,Non,Oui,Non précisé,Luxe,2.0,1.0,Oui,Non,Oui,Oui,Oui,Oui,6.0,Oui,Non,Oui
menzili,https://www.menzili.tn/annonce/appartement-s-1-a-vendre-vue-sur-mer-nabeul-mrezga-93759,Appartement,295000.0,2022-08-13,Nabeul,Mrezga,avenue Moncef bey 8050yasmine Hammamet,8058.0,122.0,Non,Oui,Non précisé,Haut standing,2.0,,Non,Oui,Oui,Non,Oui,Oui,6.0,Oui,Non,Oui
menzili,https://www.menzili.tn/annonce/appart-lucas-a-vendre-d-ennasr-ariana-ennasr-93753,Appartement,125000.0,2022-08-13,Ariana,Ennasr,Ennasr,2037.0,47.0,Non,Non,Non précisé,Non précisé,1.0,1.0,Non,Non,Oui,Non,Non,Non,,Non,Non,Non
menzili,https://www.menzili.tn/annonce/a-vendre-appartement-centre-ville-av-h-bourguiba-a-20m-de-la-mairie-et-5min-de-la-mer-convient-parfaitement-a-une-profession-liberale-mahdia-mahdia-93722,Appartement,98000.0,2022-08-12,Mahdia,Mahdia,Av. Habib Bourguiba,5100.0,73.0,Non,Non,Non précisé,Non précisé,2.0,1.0,Non,Non,Oui,Non,Non,Non,1.0,Non,Non,Non
menzili,https://www.menzili.tn/annonce/terrain-constructible-a-hammamet-nabeul-hammametnord-93659,Appartement,195000.0,2022-08-11,Nabeul,Hammamet Nord,Av Moncef Bey 8050 Yasmine Hammamet,8050.0,50.0,Non,Non,Non précisé,Moyen standing,1.0,1.0,Non,Non,Oui,Non,Oui,Oui,,Non,Non,Oui
menzili,https://www.menzili.tn/annonce/appart-francine-a-vendre-a-ben-arous-benarous-medinajedida-93651,Appartement,230000.0,2022-08-11,Ben Arous,Medina Jedida,Medina Jedida,2013.0,140.0,Non,Non,Non précisé,Haut standing,3.0,2.0,Non,Oui,Oui,Non,Non,Non,4.0,Oui,Non,Non
menzili,https://www.menzili.tn/annonce/a-vendre-un-appartement-s3-a-la-soukra-ariana-lasoukra-93564,Appartement,390000.0,2022-08-10,Ariana,La Soukra,La Soukra,2036.0,142.0,Non,Non,Non précisé,Haut standing,3.0,3.0,Oui,Oui,Oui,Non,Oui,Non,6.0,Oui,Non,Oui
menzili,https://www.menzili.tn/annonce/a-vendre-appartement-s3-a-la-soukra-ariana-lasoukra-93481,Appartement,390000.0,2022-08-08,Ariana,La Soukra,La Soukra,2036.0,,Non,Non,Non précisé,Haut standing,4.0,3.0,Oui,Oui,Oui,Non,Oui,Non,,Oui,Non,Oui
menzili,https://www.menzili.tn/annonce/appartement-borja-cedria-benarous-borjcedria-93420,Appartement,,2022-08-07,Ben Arous,Borj Cedria,Borj Cedria,2013.0,76.0,Non,Non,Bon état,Moyen standing,2.0,1.0,Non,Non,Oui,Non,Oui,Non,2.0,Oui,Non,Non
menzili,https://www.menzili.tn/annonce/a-vendre-un-appartement-rdc-riadh-5-sousse-sousseriadh-93415,Appartement,89000.0,2022-08-07,Sousse,Sousse Riadh,yasso.kimmo@gmail.com,4000.0,75.0,Non,Non,Non précisé,Non précisé,2.0,1.0,Non,Non,Oui,Non,Non,Non,1.0,Non,Non,Non
menzili,https://www.menzili.tn/annonce/a-vendre-s-3-borj-louzir-ariana-borjlouzir-93413,Appartement,,2022-08-06,Ariana,Borj Louzir,99641300,2073.0,96.0,Non,Non,Non précisé,Moyen standing,3.0,,Non,Non,Oui,Non,Oui,Non,0.0,Oui,Non,Non
menzili,https://www.menzili.tn/annonce/A-vendre-un-luxueux-duplex-avec-un-grand-jardin-tunis-jardindecarthage-93401,Appartement,1400.0,2022-08-06,Tunis,Jardin De Carthage,Jardin De Carthage,2016.0,300.0,Non,Non,Non précisé,Haut standing,4.0,3.0,Oui,Non,Oui,Non,Oui,Oui,2.0,Non,Non,Oui
menzili,https://www.menzili.tn/annonce/a-vendre-appartement-s-4-avec-chambre-de-service-au-lac2-tunis-lesbergesdulac-93306,Appartement,950000.0,2022-08-05,Tunis,Les Berges Du Lac,arcane.menzili@gmail.com,1053.0,200.0,Non,Non,Non précisé,Haut standing,4.0,3.0,Oui,Oui,Oui,Non,Oui,Non,,Oui,Non,Oui
menzili,https://www.menzili.tn/annonce/appart-amandine-a-vendre-d-ennasr-ariana-ennasr-93293,Appartement,175000.0,2022-08-05,Ariana,Ennasr,54670670,2037.0,73.0,Non,Non,Non précisé,Non précisé,2.0,1.0,Non,Non,Oui,Non,Non,Non,4.0,Oui,Non,Non
menzili,https://www.menzili.tn/annonce/appartement-sur-plan-a-vendre-nabeul-mrezga-93279,Appartement,,2022-08-05,Nabeul,Mrezga,Mrezga,8058.0,10438.0,Non,Oui,Non précisé,Haut standing,2.0,1.0,Non,Non,Oui,Oui,Oui,Oui,3.0,Oui,Non,Oui
menzili,https://www.menzili.tn/annonce/a-vendre-un-joli-appartement-benarous-borjcedria-93239,Appartement,,2022-08-04,Ben Arous,Borj Cedria,Borj Cedria,2013.0,85.0,Non,Oui,Rénové,Haut standing,2.0,1.0,Non,Non,Oui,Non,Oui,Non,,Oui,Non,Non
menzili,https://www.menzili.tn/annonce/a-vendre-un-appartement-s3-avec-piscine-et-jardin-a-5mn-de-carrefour-la-marsa-ariana-lasoukra-93232,Appartement,540000.0,2022-08-04,Ariana,La Soukra,à 5mn de Carrefour La Marsa,2036.0,170.0,Non,Non,Non précisé,Haut standing,3.0,3.0,Oui,Non,Oui,Oui,Oui,Oui,0.0,Non,Non,Oui
menzili,https://www.menzili.tn/annonce/A-vendre-deux-appartement-dans-une-residence-r-2-tunis-lagoulette-93226,Appartement,,2022-08-04,Tunis,La Goulette,Kheireddine,2060.0,,Non,Non,Non précisé,Haut standing,,,Non,Non,Oui,Non,Non,Non,,Non,Non,Non
menzili,https://www.menzili.tn/annonce/A-vendre-un-appartement-propre-tunis-lamarsa-93225,Appartement,,2022-08-04,Tunis,La Marsa,La Marsa,2070.0,,Non,Non,Non précisé,Haut standing,2.0,1.0,Non,Oui,Oui,Non,Oui,Non,,Oui,Non,Oui
menzili,https://www.menzili.tn/annonce/A-vendre-un-bel-appartement-vues-mer-tunis-lagoulette-93222,Appartement,,2022-08-04,Tunis,La Goulette,Kheireddine,2060.0,140.0,Non,Oui,Non précisé,Haut standing,3.0,3.0,Non,Non,Oui,Non,Oui,Non,,Non,Non,Oui
menzili,https://www.menzili.tn/annonce/s-4-du-cote-de-carrefour-market-ghazella-ariana-ghazela-93174,Appartement,426000.0,2022-08-03,Ariana,Ghazela,Cité Ghazela,2080.0,182.0,Non,Non,Bon état,Haut standing,5.0,2.0,Oui,Non,Oui,Non,Oui,Non,,Oui,Non,Oui
menzili,https://www.menzili.tn/annonce/A-vendre-un-appartement-s-3-ariana-borjlouzir-93152,Appartement,150000.0,2022-08-02,Ariana,Borj Louzir,ariana,2073.0,90.0,Titre Bleu,Non,Non précisé,Non précisé,3.0,1.0,Non,Oui,Oui,Non,Non,Non,3.0,Oui,Non,Non
menzili,https://www.menzili.tn/annonce/appart-gaspar-a-vendre-a-la-goulette-tunis-lagoulette-93135,Appartement,165000.0,2022-08-01,Tunis,La Goulette,La Goulette,2060.0,69.0,Non,Non,Non précisé,Non précisé,2.0,1.0,Non,Non,Oui,Non,Non,Non,1.0,Non,Non,Non
menzili,https://www.menzili.tn/annonce/a-vendre-un-spacieux-appartement-s-3-au-centre-ville-tunis-centrevillelafayette-93060,Appartement,250000.0,2022-07-29,Tunis,Centre Ville - Lafayette,Rue d'Angleterre,1000.0,150.0,Non,Non,Non précisé,Non précisé,5.0,1.0,Non,Oui,Oui,Non,Non,Non,3.0,Non,Non,Non
menzili,https://www.menzili.tn/annonce/appart-vancouver-a-vendre-a-bizerte-bizerte-bizertenord-93035,Appartement,140000.0,2022-07-29,Bizerte,Bizerte Nord,Bizerte Nord,7000.0,100.0,Non,Non,Non précisé,Non précisé,3.0,1.0,Non,Non,Oui,Non,Non,Non,3.0,Non,Non,Non
menzili,https://www.menzili.tn/annonce/duplexe-s-2-a-vendre-a-la-marsa-tunis-lamarsa-92953,Appartement,700000.0,2022-07-27,Tunis,La Marsa,La Marsa,2070.0,120.0,Non,Non,Non précisé,Non précisé,2.0,1.0,Non,Non,Oui,Non,Non,Oui,2.0,Non,Non,Non
menzili,https://www.menzili.tn/annonce/s-3-neuf-a-vendre-tunis-lamarsa-92946,Appartement,460000.0,2022-07-27,Tunis,La Marsa,jardins de carthage,2070.0,147.0,Non,Non,Neuf,Haut standing,3.0,2.0,Oui,Non,Oui,Non,Oui,Non,6.0,Oui,Non,Oui
menzili,https://www.menzili.tn/annonce/appartement-a-vendre-centre-ville-sfax-sfax-sfaxville-92887,Appartement,,2022-07-26,Sfax,nasreya,Sfax,3000.0,90.0,Non,Non,Non précisé,Non précisé,3.0,2.0,Non,Non,Oui,Non,Non,Non,5.0,Non,Non,Non
menzili,https://www.menzili.tn/annonce/appartement-s-1-a-riadh-andalos-ariana-arianaville-90972,Appartement,185000.0,2022-07-03,Ariana,Ariana Ville,Riadh Andalos,2080.0,95.0,Non,Non,Non précisé,Haut standing,3.0,1.0,Non,Non,Oui,Non,Oui,Non,,Non,Non,Oui
menzili,https://www.menzili.tn/annonce/appartement-s-1-a-ennassr-directe-promoteur-ariana-ennasr-78653,Appartement,200000.0,2022-01-25,Ariana,Ennasr,Ennassr,2037.0,69.0,Non,Non,Non précisé,Haut standing,1.0,1.0,Non,Non,Oui,Non,Oui,Non,,Non,Non,Oui
menzili,https://www.menzili.tn/annonce/appartement-s-1-riadh-andalos-ariana-arianaville-92252,Appartement,185000.0,2022-07-17,Ariana,Ariana Ville,Riadh Andalos,2080.0,92.0,Non,Non,Non précisé,Haut standing,1.0,1.0,Non,Non,Oui,Non,Oui,Non,,Non,Non,Oui
menzili,https://www.menzili.tn/annonce/appartement-s3-a-vendre-a-raoued-ariana-raoued-92834,Appartement,330000.0,2022-07-26,Ariana,Raoued,RAOUED,2083.0,136.0,Non,Non,Non précisé,Haut standing,3.0,2.0,Oui,Non,Oui,Non,Oui,Non,5.0,Oui,Non,Oui
menzili,https://www.menzili.tn/annonce/appartement-s-1-a-vendre-en-plein-zone-touristique-mahdia-mahdia-92815,Appartement,200000.0,2022-07-25,Mahdia,Mahdia,Mahdia,5100.0,,Non,Non,Non précisé,Moyen standing,1.0,1.0,Non,Non,Oui,Non,Non,Non,,Non,Non,Non
menzili,https://www.menzili.tn/annonce/deux-apparts-jumaux-a-vendre-nabeul-hammamet-92799,Appartement,410000.0,2022-07-24,Nabeul,Hammamet,Hammamet,8050.0,130.0,Non,Non,Non précisé,Non précisé,2.0,1.0,Non,Non,Oui,Non,Oui,Non,2.0,Non,Non,Oui
menzili,https://www.menzili.tn/annonce/a-vendre-un-appartement-s2-dans-un-emplacement-strategique-proche-de-toute-commodites-nabeul-hammametcentre-92798,Appartement,270000.0,2022-07-24,Nabeul,Hammamet Centre,Hammamet centre,8050.0,135.0,Non,Non,Non précisé,Moyen standing,2.0,1.0,Non,Oui,Oui,Non,Oui,Oui,,Non,Non,Oui
menzili,https://www.menzili.tn/annonce/a-vendre-un-appartement-s2-vue-de-mer-dans-un-emplacement-strategique-nabeul-hammametcentre-92789,Appartement,200000.0,2022-07-24,Nabeul,Hammamet Centre,Hammamet centre ceinture Hammamet,8050.0,180.0,Non,Oui,Non précisé,Non précisé,1.0,1.0,Non,Non,Oui,Non,Non,Non,1.0,Non,Non,Non
menzili,https://www.menzili.tn/annonce/appartement-s-4-a-vendre-a-yasmine-hammamet-nabeul-hammametsud-92780,Appartement,,2022-07-24,Nabeul,Hammamet Sud,Hammamet Sud,8050.0,195.0,Non,Non,Non précisé,Non précisé,4.0,,Non,Non,Oui,Non,Non,Non,,Non,Non,Non
menzili,https://www.menzili.tn/annonce/a-vendre-un-appartement-s-1-vue-de-mer-nabeul-hammamet-92751,Appartement,270000.0,2022-07-23,Nabeul,Hammamet,tejouryamal10@gmail.com,8050.0,75.0,Non,Oui,Non précisé,Haut standing,1.0,1.0,Non,Non,Oui,Non,Oui,Non,,Oui,Non,Non
menzili,https://www.menzili.tn/annonce/a-vendre-un-appartement-s-1-haut-standing-a-mrezga-nabeul-hammametnord-92728,Appartement,196000.0,2022-07-23,Nabeul,Hammamet Nord,AFH Mrezga,8050.0,,Non,Non,Non précisé,Haut standing,1.0,1.0,Non,Non,Oui,Oui,Oui,Oui,,Oui,Non,Oui
menzili,https://www.menzili.tn/annonce/a-vendre-appartement-s-2-nabeul-hammametsud-92727,Appartement,,2022-07-23,Nabeul,Hammamet Sud,Hammamet Sud,8050.0,,Non,Non,Non précisé,Non précisé,,,Non,Non,Oui,Non,Non,Non,,Non,Non,Non
menzili,https://www.menzili.tn/annonce/appartement-s-2-a-vendre-a-hammamet-sud-nabeul-hammametsud-92726,Appartement,,2022-07-23,Nabeul,Hammamet Sud,Hammamet Sud,8050.0,90.0,Non,Non,Non précisé,Non précisé,,,Non,Non,Oui,Non,Non,Non,0.0,Non,Non,Non
menzili,https://www.menzili.tn/annonce/un-appartement-s-2-a-vendre-a-hammamet-nabeul-hammamet-92707,Appartement,145000.0,2022-07-23,Nabeul,Hammamet,Hammamet,8050.0,130.0,Non,Non,Non précisé,Non précisé,2.0,1.0,Non,Non,Oui,Non,Non,Non,,Non,Non,Non
menzili,https://www.menzili.tn/annonce/magnifique-appartement-s-3-a-vendre-sousse-sahloul-92705,Appartement,,2022-07-23,Sousse,Sahloul,hamidbensaad@live.fr,4054.0,128.0,Non,Non,Neuf,Haut standing,3.0,1.0,Non,Oui,Oui,Non,Oui,Non,4.0,Oui,Non,Oui
menzili,https://www.menzili.tn/annonce/a-vendre-un-appartement-s-2-a-vendre-nabeul-hammamet-92695,Appartement,300000.0,2022-07-23,Nabeul,Hammamet,Hammamet,8050.0,100.0,Non,Non,Non précisé,Haut standing,2.0,2.0,Non,Non,Oui,Non,Oui,Non,1.0,Non,Non,Non
menzili,https://www.menzili.tn/annonce/appartement-position-strategique-benarous-medinajedida-92686,Appartement,190000.0,2022-07-22,Ben Arous,Medina Jedida,Medina Jedida 3,2013.0,105.0,Non,Non,Non précisé,Haut standing,2.0,1.0,Non,Non,Oui,Oui,Oui,Non,2.0,Oui,Non,Non
menzili,https://www.menzili.tn/annonce/s-3-el-manar-ariana-manar-92443,Appartement,290000.0,2022-07-19,Ariana,Manar,Manar,1004.0,135.0,Non,Non,Non précisé,Moyen standing,3.0,2.0,Non,Oui,Oui,Non,Oui,Non,,Non,Non,Oui
menzili,https://www.menzili.tn/annonce/vente-d-un-appartement-s-4-aux-jardins-de-carthage-tunis-jardindecarthage-92463,Appartement,900000.0,2022-07-20,Tunis,Jardin De Carthage,jardins de Carthage,2016.0,234.0,Non,Non,Non précisé,Haut standing,4.0,3.0,Oui,Non,Oui,Non,Oui,Oui,,Oui,Non,Oui
menzili,https://www.menzili.tn/annonce/location-d-un-appartement-meuble-vue-mer-tunis-lamarsa-92458,Appartement,,2022-07-20,Tunis,La Marsa,marsa corniche,2070.0,,Non,Oui,Non précisé,Moyen standing,3.0,1.0,Non,Non,Oui,Non,Non,Oui,,Non,Non,Non
menzili,https://www.menzili.tn/annonce/vente-d-un-superbe-appartement-s-4-aux-berges-du-lac-2-tunis-lesbergesdulac-92442,Appartement,1050000.0,2022-07-19,Tunis,Les Berges Du Lac,les berges du lac 2,1053.0,290.0,Non,Non,Non précisé,Haut standing,4.0,1.0,Oui,Oui,Oui,Non,Oui,Non,,Oui,Non,Oui
menzili,https://www.menzili.tn/annonce/vendre-appartement-a-gabes-medina-80m-gabes-matmata-50344,Appartement,63000.0,2021-01-15,Gabès,Matmata,Cité el hana gabes medina,6015.0,80.0,Non,Oui,Non précisé,Moyen standing,2.0,1.0,Non,Oui,Oui,Non,Non,Non,4.0,Non,Non,Oui
menzili,https://www.menzili.tn/annonce/appartement-s-3-4-a-ennassr-2-ariana-ennasr-58083,Appartement,399000.0,2021-05-02,Ariana,Ennasr,Ennassr 2,2037.0,148.0,Non,Non,Non précisé,Haut standing,3.0,2.0,Non,Non,Oui,Non,Oui,Oui,,Non,Non,Oui
menzili,https://www.menzili.tn/annonce/appartement-2-pieces-a-mharza-sfax-routesoukra-92248,Appartement,,2022-07-17,Sfax,Apres Cdeinture Bourguiba,Rte Mharza,3000.0,100.0,Non,Non,Non précisé,Non précisé,2.0,1.0,Oui,Oui,Oui,Non,Non,Non,1.0,Non,Non,Non
menzili,https://www.menzili.tn/annonce/app-s-3-residence-mabrouka-ariana-borjlouzir-92067,Appartement,200000.0,2022-07-15,Ariana,Borj Louzir,app A4 résidence mabrouka borj louzir,2073.0,120.0,Non,Non,Non précisé,Haut standing,3.0,1.0,Oui,Non,Oui,Non,Oui,Non,1.0,Non,Non,Oui
menzili,https://www.menzili.tn/annonce/vente-d-un-luxueux-appartement-s-3-au-lac-2-tunis-lesbergesdulac-91913,Appartement,1150000.0,2022-07-13,Tunis,Les Berges Du Lac,lac II,1053.0,273.0,Non,Non,Non précisé,Haut standing,4.0,3.0,Oui,Non,Oui,Non,Oui,Non,,Oui,Non,Oui
diarkoum,https://diarkoum.tn/details.php?id_annonce=15192,Appartement,1580000.0,2026-01-30,Tunis,La Marsa,La Marsa,2070,155.0,Non,Oui,Neuf,Moyen standing,3.0,3.0,Oui,Non,Non,Oui,Non,Oui,1.0,Non,Non,Oui
diarkoum,https://diarkoum.tn/details.php?id_annonce=15191,Appartement,820000.0,2026-01-28,Tunis,La Marsa,La Marsa,2070,140.0,Non,Oui,Neuf,Haut standing,2.0,1.0,Oui,Non,Oui,Non,Non,Non,1.0,Non,Non,Oui
diarkoum,https://diarkoum.tn/details.php?id_annonce=15178,Appartement,380000.0,2025-11-13,Tunis,El aouina,El aouina,2045,107.0,Non,Non,Neuf,Moyen standing,3.0,1.0,Non,Oui,Oui,Non,Oui,Non,1.0,Non,Non,Oui
diarkoum,https://diarkoum.tn/details.php?id_annonce=15175,Appartement,490000.0,2025-10-29,Ariana,Ariana Ville,Ariana Ville,2080,170.0,Non,Non,Neuf,Non précisé,3.0,1.0,Non,Non,Non,Non,Oui,Non,2.0,Non,Non,Non
diarkoum,https://diarkoum.tn/details.php?id_annonce=15176,Appartement,267000.0,2025-10-29,Tunis,Cité El Khadra,Cité El Khadra,1000,67.0,Non,Non,Neuf,Non précisé,1.0,1.0,Non,Non,Non,Non,Oui,Oui,2.0,Non,Non,Non
diarkoum,https://diarkoum.tn/details.php?id_annonce=8948,Appartement,285000.0,2025-08-22,Sousse,Sousse Jawhara,Sousse Jawhara,4000,112.0,Non,Non,Neuf,Haut standing,2.0,1.0,Oui,Oui,Oui,Non,Oui,Non,,Oui,Non,Oui
diarkoum,https://diarkoum.tn/details.php?id_annonce=15173,Appartement,125000.0,2025-08-04,Ben Arous,El Mourouj,El Mourouj,2074,82.0,Non,Non,Neuf,Non précisé,2.0,1.0,Non,Oui,Non,Non,Non,Non,2.0,Non,Non,Non
diarkoum,https://diarkoum.tn/details.php?id_annonce=15170,Appartement,320000.0,2025-06-17,Tunis,El aouina,El aouina,2045,122.0,Oui,Non,Neuf,Haut standing,3.0,2.0,Oui,Oui,Oui,Non,Oui,Non,5.0,Oui,Oui,Oui
diarkoum,https://diarkoum.tn/details.php?id_annonce=15107,Appartement,363000.0,2025-02-27,Tunis,Cité El Khadra,Cité El Khadra,1000,88.0,Non,Non,Neuf,Haut standing,2.0,1.0,Non,Non,Non,Non,Oui,Non,1.0,Oui,Non,Oui
diarkoum,https://diarkoum.tn/details.php?id_annonce=15076,Appartement,260000.0,2025-02-21,Ariana,Ariana Ville,Ariana Ville,2080,59.0,Non,Non,Neuf,Haut standing,1.0,1.0,Oui,Non,Non,Non,Oui,Non,1.0,Non,Non,Oui
diarkoum,https://diarkoum.tn/details.php?id_annonce=14998,Appartement,265000.0,2025-01-29,Tunis,Cité El Khadra,Cité El Khadra,1000,67.0,Non,Non,Neuf,Non précisé,2.0,1.0,Non,Non,Non,Non,Non,Oui,1.0,Non,Non,Non
diarkoum,https://diarkoum.tn/details.php?id_annonce=14656,Appartement,389000.0,2024-11-27,Ariana,Ariana Ville,Ariana Ville,2080,125.0,Non,Non,Neuf,Haut standing,3.0,2.0,Non,Non,Oui,Non,Oui,Non,1.0,Oui,Non,Oui
diarkoum,https://diarkoum.tn/details.php?id_annonce=14727,Appartement,370000.0,2024-11-13,Tunis,La Marsa,La Marsa,2070,147.0,Oui,Non,Neuf,Haut standing,3.0,1.0,Oui,Oui,Oui,Non,Oui,Oui,5.0,Oui,Non,Oui
diarkoum,https://diarkoum.tn/details.php?id_annonce=14690,Appartement,486000.0,2024-11-11,Tunis,Ain zaghouan,Ain zaghouan,1100,486.0,Non,Non,Neuf,Moyen standing,2.0,2.0,Oui,Non,Non,Non,Oui,Non,1.0,Non,Non,Oui
diarkoum,https://diarkoum.tn/details.php?id_annonce=14666,Appartement,385000.0,2024-10-31,Tunis,Cité El Khadra,Cité El Khadra,1000,165.0,Non,Non,Neuf,Moyen standing,4.0,2.0,Non,Oui,Oui,Non,Oui,Non,6.0,Oui,Non,Non
diarkoum,https://diarkoum.tn/details.php?id_annonce=11223,Appartement,500000.0,2024-10-01,Nabeul,Hammamet,Hammamet,8050,108.0,Non,Non,Neuf,Haut standing,3.0,2.0,Oui,Non,Oui,Oui,Oui,Oui,2.0,Non,Non,Oui
diarkoum,https://diarkoum.tn/details.php?id_annonce=9023,Appartement,385000.0,2024-09-17,Nabeul,Hammamet,Hammamet,8050,87.0,Non,Non,Neuf,Haut standing,2.0,2.0,Non,Non,Non,Non,Non,Non,,Non,Non,Non
diarkoum,https://diarkoum.tn/details.php?id_annonce=9355,Appartement,390000.0,2024-09-17,Nabeul,Hammamet,Hammamet,8050,88.0,Non,Non,Neuf,Haut standing,2.0,1.0,Non,Non,Non,Non,Non,Non,,Non,Non,Non
diarkoum,https://diarkoum.tn/details.php?id_annonce=10505,Appartement,350000.0,2024-08-26,Tunis,La Marsa,La Marsa,2070,144.0,Non,Non,Neuf,Non précisé,3.0,2.0,Oui,Non,Non,Non,Non,Oui,0.0,Non,Non,Non
diarkoum,https://diarkoum.tn/details.php?id_annonce=9006,Appartement,255000.0,2024-07-01,Ariana,Ariana Ville,Ariana Ville,2080,156.0,Oui,Non,Neuf,Haut standing,3.0,2.0,Oui,Oui,Non,Non,Oui,Non,5.0,Oui,Non,Non
diarkoum,https://diarkoum.tn/details.php?id_annonce=13757,Appartement,1100000.0,2024-06-25,Tunis,Ain zaghouan,Ain zaghouan,1100,234.0,Non,Non,Neuf,Haut standing,4.0,2.0,Oui,Oui,Non,Oui,Non,Non,1.0,Non,Non,Non
diarkoum,https://diarkoum.tn/details.php?id_annonce=13756,Appartement,330000.0,2024-06-25,Tunis,Ain zaghouan,Ain zaghouan,1100,63.0,Non,Non,Neuf,Non précisé,1.0,1.0,Non,Non,Non,Oui,Non,Non,3.0,Non,Non,Non
diarkoum,https://diarkoum.tn/details.php?id_annonce=13588,Appartement,139000.0,2024-06-06,Ben Arous,El Mourouj,El Mourouj,2074,90.0,Non,Non,Neuf,Non précisé,3.0,1.0,Non,Non,Non,Non,Non,Non,1.0,Non,Non,Non
diarkoum,https://diarkoum.tn/details.php?id_annonce=13587,Appartement,1500000.0,2024-06-06,Tunis,La Marsa,La Marsa,2070,259.0,Non,Non,Neuf,Non précisé,3.0,2.0,Oui,Non,Oui,Non,Non,Non,3.0,Non,Non,Non
diarkoum,https://diarkoum.tn/details.php?id_annonce=13581,Appartement,1200000.0,2024-06-06,Tunis,La Marsa,La Marsa,2070,219.0,Non,Non,Neuf,Non précisé,3.0,2.0,Non,Non,Oui,Non,Non,Non,5.0,Non,Non,Non
diarkoum,https://diarkoum.tn/details.php?id_annonce=13580,Appartement,1800000.0,2024-06-06,Tunis,La Marsa,La Marsa,2070,240.0,Non,Non,Neuf,Haut standing,3.0,2.0,Oui,Non,Oui,Non,Non,Non,3.0,Non,Non,Non
diarkoum,https://diarkoum.tn/details.php?id_annonce=13471,Appartement,270000.0,2024-05-28,Ben Arous,Medina Jedida,Medina Jedida,2013,125.0,Non,Non,Neuf,Moyen standing,3.0,2.0,Non,Non,Oui,Non,Non,Non,,Non,Non,Non
diarkoum,https://diarkoum.tn/details.php?id_annonce=13238,Appartement,185000.0,2024-05-06,Nabeul,Kélibia,Kélibia,8000,110.0,Titre Bleu,Non,Neuf,Luxe,2.0,1.0,Non,Non,Non,Non,Non,Non,2.0,Non,Non,Non
diarkoum,https://diarkoum.tn/details.php?id_annonce=13010,Appartement,145000.0,2024-05-05,Nabeul,Kélibia,Kélibia,8000,102.0,Non,Oui,Neuf,Non précisé,2.0,1.0,Oui,Non,Non,Non,Non,Non,1.0,Non,Non,Non
diarkoum,https://diarkoum.tn/details.php?id_annonce=13185,Appartement,20240.0,2024-05-02,Tunis,La Marsa,La Marsa,2070,240.0,Non,Non,Neuf,Haut standing,3.0,1.0,Oui,Non,Oui,Non,Non,Non,3.0,Non,Non,Non
diarkoum,https://diarkoum.tn/details.php?id_annonce=12860,Appartement,195000.0,2024-04-06,Nabeul,Kélibia,Kélibia,8000,89.0,Non,Non,Neuf,Non précisé,2.0,1.0,Non,Non,Non,Non,Non,Non,2.0,Non,Non,Non
diarkoum,https://diarkoum.tn/details.php?id_annonce=12568,Appartement,470000.0,2024-03-07,Tunis,Ain zaghouan,Ain zaghouan,1100,117.0,Non,Non,Neuf,Haut standing,2.0,2.0,Non,Non,Oui,Non,Oui,Non,1.0,Oui,Non,Oui
diarkoum,https://diarkoum.tn/details.php?id_annonce=12530,Appartement,450000.0,2024-03-01,Tunis,La Marsa,La Marsa,2070,112.0,Non,Non,Neuf,Moyen standing,2.0,1.0,Non,Non,Non,Non,Oui,Oui,0.0,Non,Non,Oui
diarkoum,https://diarkoum.tn/details.php?id_annonce=12486,Appartement,235000.0,2024-02-23,Mahdia,Mahdia,Mahdia,5100,105.0,Non,Non,Neuf,Non précisé,2.0,1.0,Non,Non,Non,Non,Non,Non,0.0,Non,Non,Oui
diarkoum,https://diarkoum.tn/details.php?id_annonce=12485,Appartement,420000.0,2024-02-23,Mahdia,Mahdia,Mahdia,5100,156.0,Non,Non,Neuf,Haut standing,3.0,1.0,Non,Non,Oui,Non,Non,Non,2.0,Oui,Non,Non
diarkoum,https://diarkoum.tn/details.php?id_annonce=12484,Appartement,520000.0,2024-02-23,Mahdia,Mahdia,Mahdia,5100,130.0,Non,Oui,Neuf,Haut standing,3.0,2.0,Oui,Non,Oui,Non,Non,Non,3.0,Oui,Non,Non
diarkoum,https://diarkoum.tn/details.php?id_annonce=12483,Appartement,315000.0,2024-02-23,Mahdia,Mahdia,Mahdia,5100,128.0,Non,Non,Neuf,Haut standing,3.0,1.0,Oui,Oui,Non,Non,Oui,Non,4.0,Oui,Non,Non
diarkoum,https://diarkoum.tn/details.php?id_annonce=12461,Appartement,380000.0,2024-02-22,Tunis,La Marsa,La Marsa,2070,84.0,Non,Non,Neuf,Haut standing,2.0,1.0,Oui,Oui,Oui,Non,Oui,Non,0.0,Non,Non,Oui
diarkoum,https://diarkoum.tn/details.php?id_annonce=12426,Appartement,890000.0,2024-02-19,Tunis,La Marsa,La Marsa,2070,200.0,Non,Non,Neuf,Moyen standing,3.0,2.0,Oui,Non,Non,Non,Oui,Oui,0.0,Non,Non,Oui
diarkoum,https://diarkoum.tn/details.php?id_annonce=12415,Appartement,1200000.0,2024-02-19,Médenine,Djerba - Houmt Souk,Djerba - Houmt Souk,4180,600.0,Non,Non,Neuf,Non précisé,10.0,5.0,Non,Oui,Oui,Non,Non,Oui,0.0,Non,Non,Non
diarkoum,https://diarkoum.tn/details.php?id_annonce=12385,Appartement,1900000.0,2024-02-16,Tunis,La Marsa,La Marsa,2070,115.0,Non,Oui,Neuf,Moyen standing,3.0,2.0,Oui,Oui,Oui,Non,Oui,Non,0.0,Non,Non,Oui
diarkoum,https://diarkoum.tn/details.php?id_annonce=12384,Appartement,1900000.0,2024-02-16,Tunis,La Marsa,La Marsa,2070,115.0,Non,Oui,Neuf,Moyen standing,3.0,2.0,Oui,Oui,Oui,Non,Oui,Non,0.0,Non,Non,Oui
diarkoum,https://diarkoum.tn/details.php?id_annonce=12382,Appartement,1100000.0,2024-02-16,Ariana,La Soukra,La Soukra,2036,279.0,Non,Non,Neuf,Haut standing,4.0,2.0,Oui,Non,Oui,Oui,Oui,Oui,0.0,Non,Non,Oui
diarkoum,https://diarkoum.tn/details.php?id_annonce=12362,Appartement,350000.0,2024-02-15,Tunis,La Marsa,La Marsa,2070,159.0,Non,Non,Neuf,Haut standing,2.0,1.0,Oui,Non,Non,Non,Oui,Non,,Non,Non,Oui
diarkoum,https://diarkoum.tn/details.php?id_annonce=12336,Appartement,275000.0,2024-02-14,Tunis,La Marsa,La Marsa,2070,67.0,Non,Non,Neuf,Moyen standing,1.0,1.0,Non,Oui,Non,Non,Oui,Oui,,Non,Non,Oui
diarkoum,https://diarkoum.tn/details.php?id_annonce=12313,Appartement,400000.0,2024-02-13,Tunis,La Marsa,La Marsa,2070,90.0,Non,Non,Neuf,Haut standing,2.0,1.0,Oui,Oui,Oui,Non,Oui,Non,,Non,Non,Oui
diarkoum,https://diarkoum.tn/details.php?id_annonce=12167,Appartement,650000.0,2024-01-31,Tunis,La Marsa,La Marsa,2070,154.0,Non,Non,Neuf,Moyen standing,2.0,1.0,Non,Non,Oui,Non,Oui,Oui,,Non,Non,Oui
diarkoum,https://diarkoum.tn/details.php?id_annonce=12163,Appartement,900000.0,2024-01-31,Tunis,La Marsa,La Marsa,2070,351.0,Non,Non,Neuf,Moyen standing,4.0,2.0,Oui,Non,Oui,Non,Oui,Oui,0.0,Non,Non,Oui
diarkoum,https://diarkoum.tn/details.php?id_annonce=12080,Appartement,1250000.0,2024-01-24,Ariana,La Soukra,La Soukra,2036,230.0,Non,Non,Neuf,Haut standing,5.0,4.0,Oui,Oui,Oui,Oui,Oui,Non,0.0,Non,Non,Oui
diarkoum,https://diarkoum.tn/details.php?id_annonce=11666,Appartement,460000.0,2024-01-24,Tunis,La Marsa,La Marsa,2070,144.0,Non,Non,Neuf,Haut standing,2.0,2.0,Non,Non,Oui,Non,Non,Non,3.0,Oui,Non,Non
diarkoum,https://diarkoum.tn/details.php?id_annonce=12019,Appartement,2200000.0,2024-01-19,Tunis,La Marsa,La Marsa,2070,157.0,Non,Non,Neuf,Haut standing,2.0,2.0,Oui,Non,Oui,Oui,Oui,Oui,0.0,Non,Non,Oui
diarkoum,https://diarkoum.tn/details.php?id_annonce=11918,Appartement,320000.0,2024-01-11,Tunis,La Marsa,La Marsa,2070,53.0,Non,Non,Neuf,Moyen standing,1.0,1.0,Non,Non,Oui,Non,Oui,Non,,Non,Non,Oui
diarkoum,https://diarkoum.tn/details.php?id_annonce=11901,Appartement,380000.0,2024-01-09,Tunis,La Marsa,La Marsa,2070,117.0,Non,Non,Neuf,Haut standing,2.0,1.0,Oui,Oui,Oui,Non,Oui,Non,,Non,Non,Oui
diarkoum,https://diarkoum.tn/details.php?id_annonce=11900,Appartement,1650000.0,2024-01-09,Tunis,La Marsa,La Marsa,2070,380.0,Non,Non,Neuf,Haut standing,3.0,2.0,Oui,Non,Oui,Oui,Oui,Oui,0.0,Non,Non,Oui
diarkoum,https://diarkoum.tn/details.php?id_annonce=11898,Appartement,2300000.0,2024-01-09,Tunis,La Marsa,La Marsa,2070,360.0,Non,Non,Neuf,Haut standing,3.0,3.0,Oui,Non,Non,Oui,Oui,Oui,0.0,Non,Non,Oui
diarkoum,https://diarkoum.tn/details.php?id_annonce=11884,Appartement,1200000.0,2024-01-08,Tunis,La Marsa,La Marsa,2070,1.0,Non,Non,Neuf,Moyen standing,4.0,3.0,Oui,Non,Oui,Non,Oui,Oui,,Non,Non,Oui
diarkoum,https://diarkoum.tn/details.php?id_annonce=11858,Appartement,550000.0,2024-01-05,Tunis,La Marsa,La Marsa,2070,159.0,Non,Non,Neuf,Moyen standing,3.0,1.0,Non,Non,Non,Non,Oui,Oui,0.0,Non,Non,Oui
diarkoum,https://diarkoum.tn/details.php?id_annonce=11807,Appartement,275000.0,2023-12-30,Tunis,La Marsa,La Marsa,2070,76.0,Non,Non,Neuf,Moyen standing,1.0,1.0,Non,Oui,Oui,Non,Oui,Non,,Non,Non,Oui
diarkoum,https://diarkoum.tn/details.php?id_annonce=11806,Appartement,500000.0,2023-12-29,Tunis,La Marsa,La Marsa,2070,127.0,Non,Non,Neuf,Haut standing,2.0,1.0,Oui,Oui,Oui,Non,Oui,Non,0.0,Non,Non,Oui
diarkoum,https://diarkoum.tn/details.php?id_annonce=11805,Appartement,1350000.0,2023-12-29,Ariana,La Soukra,La Soukra,2036,380.0,Non,Non,Neuf,Haut standing,5.0,2.0,Oui,Non,Oui,Oui,Oui,Non,,Non,Non,Oui
diarkoum,https://diarkoum.tn/details.php?id_annonce=11802,Appartement,430000.0,2023-12-29,Tunis,La Marsa,La Marsa,2070,1.0,Non,Non,Neuf,Non précisé,1.0,,Non,Non,Non,Non,Non,Oui,0.0,Non,Non,Oui
diarkoum,https://diarkoum.tn/details.php?id_annonce=11799,Appartement,280000.0,2023-12-29,Tunis,La Marsa,La Marsa,2070,71.0,Non,Non,Neuf,Moyen standing,1.0,,Non,Oui,Oui,Non,Oui,Non,,Non,Non,Oui
diarkoum,https://diarkoum.tn/details.php?id_annonce=11797,Appartement,1200000.0,2023-12-29,Tunis,La Marsa,La Marsa,2070,440.0,Non,Non,Neuf,Moyen standing,3.0,3.0,Oui,Non,Oui,Non,Oui,Oui,0.0,Non,Non,Oui
diarkoum,https://diarkoum.tn/details.php?id_annonce=11796,Appartement,270000.0,2023-12-29,Tunis,La Marsa,La Marsa,2070,117.0,Non,Non,Neuf,Haut standing,2.0,1.0,Oui,Oui,Oui,Non,Oui,Non,,Non,Non,Oui
diarkoum,https://diarkoum.tn/details.php?id_annonce=11790,Appartement,430000.0,2023-12-28,Tunis,La Marsa,La Marsa,2070,174.0,Non,Non,Neuf,Non précisé,4.0,2.0,Non,Non,Non,Non,Non,Non,0.0,Non,Non,Non
diarkoum,https://diarkoum.tn/details.php?id_annonce=11789,Appartement,450000.0,2023-12-28,Tunis,La Marsa,La Marsa,2070,1.0,Non,Non,Neuf,Moyen standing,2.0,2.0,Oui,Oui,Oui,Non,Oui,Oui,,Non,Non,Oui
diarkoum,https://diarkoum.tn/details.php?id_annonce=11782,Appartement,3500.0,2023-12-28,Tunis,La Marsa,La Marsa,2070,1.0,Non,Non,Neuf,Haut standing,3.0,2.0,Oui,Non,Oui,Oui,Oui,Oui,0.0,Non,Non,Oui
diarkoum,https://diarkoum.tn/details.php?id_annonce=11759,Appartement,600000.0,2023-12-26,Tunis,Ain zaghouan,Ain zaghouan,1100,120.0,Non,Non,Neuf,Haut standing,2.0,1.0,Oui,Non,Oui,Non,Oui,Oui,,Non,Non,Oui
diarkoum,https://diarkoum.tn/details.php?id_annonce=11757,Appartement,550000.0,2023-12-26,Tunis,Ain zaghouan,Ain zaghouan,1100,1.0,Non,Non,Neuf,Moyen standing,3.0,1.0,Non,Non,Non,Non,Oui,Oui,0.0,Non,Non,Oui
diarkoum,https://diarkoum.tn/details.php?id_annonce=11752,Appartement,720000.0,2023-12-26,Tunis,Ain zaghouan,Ain zaghouan,1100,198.0,Non,Non,Neuf,Haut standing,2.0,1.0,Oui,Non,Oui,Oui,Oui,Non,1.0,Non,Non,Oui
diarkoum,https://diarkoum.tn/details.php?id_annonce=11753,Appartement,1200000.0,2023-12-26,Tunis,La Marsa,La Marsa,2070,232.0,Non,Non,Neuf,Moyen standing,4.0,2.0,Oui,Non,Oui,Non,Oui,Non,1.0,Non,Non,Oui
diarkoum,https://diarkoum.tn/details.php?id_annonce=11720,Appartement,647500.0,2023-12-23,Tunis,Ain zaghouan,Ain zaghouan,1100,177.0,Non,Non,Neuf,Haut standing,2.0,2.0,Oui,Non,Oui,Oui,Oui,Non,3.0,Non,Non,Oui
diarkoum,https://diarkoum.tn/details.php?id_annonce=11696,Appartement,670000.0,2023-12-23,Nabeul,Hammamet,Hammamet,8050,60.0,Non,Non,Neuf,Non précisé,1.0,1.0,Non,Non,Non,Non,Non,Non,,Non,Non,Non
diarkoum,https://diarkoum.tn/details.php?id_annonce=11675,Appartement,210.0,2023-12-19,Nabeul,Kélibia,Kélibia,8000,140.0,Non,Non,Neuf,Non précisé,1.0,,Non,Non,Non,Non,Non,Non,,Non,Non,Non
diarkoum,https://diarkoum.tn/details.php?id_annonce=11651,Appartement,120.0,2023-12-17,Nabeul,Kélibia,Kélibia,8000,73.0,Non,Non,Neuf,Non précisé,2.0,1.0,Non,Non,Non,Non,Non,Non,,Non,Non,Non
diarkoum,https://diarkoum.tn/details.php?id_annonce=11648,Appartement,170.0,2023-12-16,Nabeul,Kélibia,Kélibia,8000,119.0,Non,Non,Neuf,Non précisé,1.0,,Non,Non,Non,Non,Non,Non,,Non,Non,Non
diarkoum,https://diarkoum.tn/details.php?id_annonce=11631,Appartement,760000.0,2023-12-15,Tunis,Ain zaghouan,Ain zaghouan,1100,170.0,Non,Non,Neuf,Haut standing,3.0,3.0,Oui,Non,Oui,Non,Oui,Non,2.0,Oui,Non,Oui
diarkoum,https://diarkoum.tn/details.php?id_annonce=11391,Appartement,305000.0,2023-12-12,Ariana,Ariana Ville,Ariana Ville,2080,114.0,Non,Non,Neuf,Haut standing,2.0,1.0,Non,Non,Non,Non,Oui,Non,1.0,Oui,Non,Oui
diarkoum,https://diarkoum.tn/details.php?id_annonce=11598,Appartement,290000.0,2023-12-12,Tunis,Ain zaghouan,Ain zaghouan,1100,100.0,Non,Non,Neuf,Haut standing,1.0,1.0,Oui,Oui,Oui,Non,Oui,Non,2.0,Oui,Non,Oui
diarkoum,https://diarkoum.tn/details.php?id_annonce=11596,Appartement,260.0,2023-12-12,Nabeul,Kélibia,Kélibia,8000,140.0,Non,Non,Neuf,Non précisé,2.0,,Non,Non,Non,Non,Non,Non,2.0,Non,Non,Non
diarkoum,https://diarkoum.tn/details.php?id_annonce=11594,Appartement,265.0,2023-12-11,Nabeul,Kélibia,Kélibia,8000,119.0,Non,Non,Neuf,Non précisé,2.0,1.0,Non,Non,Non,Non,Non,Non,,Non,Non,Non
diarkoum,https://diarkoum.tn/details.php?id_annonce=11459,Appartement,500000.0,2023-11-28,Tunis,Ain zaghouan,Ain zaghouan,1100,109.0,Non,Non,Neuf,Haut standing,2.0,2.0,Oui,Oui,Oui,Non,Oui,Non,1.0,Oui,Non,Oui
diarkoum,https://diarkoum.tn/details.php?id_annonce=11392,Appartement,305000.0,2023-11-21,Ariana,Ariana Ville,Ariana Ville,2080,112.0,Non,Non,Neuf,Haut standing,2.0,2.0,Non,Non,Non,Non,Oui,Non,1.0,Oui,Non,Oui
diarkoum,https://diarkoum.tn/details.php?id_annonce=11165,Appartement,305000.0,2023-10-27,Ariana,Ariana Ville,Ariana Ville,2080,125.0,Non,Non,Neuf,Haut standing,2.0,1.0,Non,Non,Oui,Non,Oui,Non,4.0,Oui,Non,Oui
diarkoum,https://diarkoum.tn/details.php?id_annonce=11176,Appartement,1800000.0,2023-10-26,Tunis,La Marsa,La Marsa,2070,1.0,Non,Non,Neuf,Haut standing,4.0,2.0,Oui,Non,Oui,Oui,Oui,Oui,0.0,Non,Non,Oui
diarkoum,https://diarkoum.tn/details.php?id_annonce=11174,Appartement,840000.0,2023-10-26,Tunis,La Marsa,La Marsa,2070,227.0,Non,Non,Neuf,Haut standing,2.0,2.0,Oui,Non,Oui,Oui,Oui,Oui,,Non,Non,Oui
diarkoum,https://diarkoum.tn/details.php?id_annonce=11164,Appartement,250000.0,2023-10-25,Tunis,Le Bardo,Le Bardo,2000,80.0,Non,Non,Neuf,Non précisé,3.0,1.0,Non,Non,Non,Non,Non,Non,,Non,Non,Non
diarkoum,https://diarkoum.tn/details.php?id_annonce=11159,Appartement,584000.0,2023-10-17,Tunis,La Marsa,La Marsa,2070,1.0,Non,Non,Neuf,Moyen standing,2.0,1.0,Non,Non,Oui,Non,Oui,Oui,,Non,Non,Oui
diarkoum,https://diarkoum.tn/details.php?id_annonce=11154,Appartement,2.0,2023-10-16,Tunis,Ain zaghouan,Ain zaghouan,1100,133.0,Non,Non,Neuf,Haut standing,2.0,2.0,Non,Oui,Oui,Non,Oui,Oui,1.0,Oui,Non,Oui
diarkoum,https://diarkoum.tn/details.php?id_annonce=11146,Appartement,460000.0,2023-10-16,Tunis,La Marsa,La Marsa,2070,155.0,Non,Non,Neuf,Haut standing,3.0,2.0,Oui,Oui,Oui,Non,Oui,Non,,Non,Non,Oui
diarkoum,https://diarkoum.tn/details.php?id_annonce=11133,Appartement,850000.0,2023-10-13,Tunis,La Marsa,La Marsa,2070,240.0,Non,Non,Neuf,Haut standing,3.0,2.0,Oui,Oui,Oui,Non,Oui,Oui,,Non,Non,Oui
diarkoum,https://diarkoum.tn/details.php?id_annonce=11132,Appartement,360000.0,2023-10-13,Tunis,Ain zaghouan,Ain zaghouan,1100,1.0,Non,Non,Neuf,Haut standing,3.0,2.0,Oui,Oui,Oui,Non,Oui,Non,,Non,Non,Oui
diarkoum,https://diarkoum.tn/details.php?id_annonce=11131,Appartement,420000.0,2023-10-13,Tunis,Ain zaghouan,Ain zaghouan,1100,1.0,Non,Non,Neuf,Haut standing,3.0,2.0,Oui,Oui,Oui,Non,Oui,Non,1.0,Non,Non,Oui
diarkoum,https://diarkoum.tn/details.php?id_annonce=11119,Appartement,380000.0,2023-10-12,Tunis,El Menzah,El Menzah,1000,128.0,Non,Non,Neuf,Moyen standing,2.0,2.0,Non,Non,Oui,Non,Oui,Non,,Oui,Non,Non
diarkoum,https://diarkoum.tn/details.php?id_annonce=11118,Appartement,460000.0,2023-10-12,Tunis,Ain zaghouan,Ain zaghouan,1100,151.0,Non,Non,Neuf,Haut standing,3.0,2.0,Oui,Oui,Oui,Non,Oui,Non,1.0,Oui,Non,Oui
diarkoum,https://diarkoum.tn/details.php?id_annonce=11112,Appartement,565000.0,2023-10-12,Tunis,La Marsa,La Marsa,2070,1.0,Non,Non,Neuf,Moyen standing,3.0,2.0,Oui,Non,Oui,Non,Oui,Non,,Non,Non,Oui
diarkoum,https://diarkoum.tn/details.php?id_annonce=11111,Appartement,720000.0,2023-10-12,Tunis,Ain zaghouan,Ain zaghouan,1100,170.0,Non,Non,Neuf,Haut standing,2.0,2.0,Oui,Oui,Oui,Oui,Oui,Non,,Non,Non,Oui
diarkoum,https://diarkoum.tn/details.php?id_annonce=11110,Appartement,355000.0,2023-10-12,Tunis,Ain zaghouan,Ain zaghouan,1100,110.0,Non,Non,Neuf,Haut standing,2.0,1.0,Oui,Non,Oui,Non,Oui,Non,,Non,Non,Oui
diarkoum,https://diarkoum.tn/details.php?id_annonce=11098,Appartement,490000.0,2023-10-11,Tunis,Ain zaghouan,Ain zaghouan,1100,167.0,Non,Non,Neuf,Haut standing,3.0,1.0,Oui,Oui,Oui,Non,Oui,Non,,Non,Non,Oui
diarkoum,https://diarkoum.tn/details.php?id_annonce=11097,Appartement,630000.0,2023-10-11,Tunis,La Marsa,La Marsa,2070,160.0,Non,Non,Neuf,Moyen standing,3.0,2.0,Oui,Oui,Oui,Non,Oui,Oui,,Non,Non,Oui
diarkoum,https://diarkoum.tn/details.php?id_annonce=11006,Appartement,190000.0,2023-09-22,Ariana,Ariana Ville,Ariana Ville,2080,111.0,Non,Non,Neuf,Moyen standing,4.0,1.0,Non,Oui,Non,Non,Oui,Non,0.0,Non,Non,Oui
diarkoum,https://diarkoum.tn/details.php?id_annonce=10939,Appartement,495000.0,2023-09-08,Ariana,La Soukra,La Soukra,2036,0.0,Non,Non,Neuf,Moyen standing,2.0,2.0,Oui,Oui,Oui,Non,Oui,Non,,Non,Non,Oui
diarkoum,https://diarkoum.tn/details.php?id_annonce=10915,Appartement,750000.0,2023-09-07,Tunis,Ain zaghouan,Ain zaghouan,1100,260.0,Non,Non,Neuf,Haut standing,2.0,1.0,Oui,Non,Oui,Non,Oui,Non,,Non,Non,Oui
diarkoum,https://diarkoum.tn/details.php?id_annonce=10871,Appartement,340000.0,2023-08-31,Tunis,La Marsa,La Marsa,2070,61.0,Non,Non,Neuf,Haut standing,1.0,1.0,Non,Oui,Oui,Oui,Oui,Oui,,Non,Non,Oui
diarkoum,https://diarkoum.tn/details.php?id_annonce=10858,Appartement,280000.0,2023-08-29,Tunis,Ain zaghouan,Ain zaghouan,1100,100.0,Non,Non,Neuf,Haut standing,2.0,1.0,Oui,Non,Oui,Non,Oui,Non,0.0,Non,Non,Oui
diarkoum,https://diarkoum.tn/details.php?id_annonce=10834,Appartement,200000.0,2023-08-28,Tunis,La Goulette,La Goulette,2060,50.0,Non,Non,Neuf,Moyen standing,1.0,1.0,Non,Oui,Non,Non,Oui,Non,,Non,Non,Oui
diarkoum,https://diarkoum.tn/details.php?id_annonce=10833,Appartement,760000.0,2023-08-28,Tunis,La Goulette,La Goulette,2060,160.0,Non,Oui,Neuf,Moyen standing,3.0,2.0,Oui,Oui,Oui,Non,Oui,Non,0.0,Non,Non,Oui
diarkoum,https://diarkoum.tn/details.php?id_annonce=10794,Appartement,290000.0,2023-08-22,Tunis,La Marsa,La Marsa,2070,1.0,Non,Non,Neuf,Moyen standing,1.0,1.0,Non,Non,Oui,Non,Oui,Oui,,Non,Non,Oui
diarkoum,https://diarkoum.tn/details.php?id_annonce=10722,Appartement,1450000.0,2023-08-09,Tunis,La Marsa,La Marsa,2070,0.0,Non,Non,Neuf,Non précisé,2.0,2.0,Oui,Non,Oui,Non,Non,Oui,0.0,Non,Non,Oui
diarkoum,https://diarkoum.tn/details.php?id_annonce=10663,Appartement,600000.0,2023-08-07,Tunis,La Marsa,La Marsa,2070,1.0,Non,Non,Neuf,Moyen standing,2.0,1.0,Non,Non,Non,Non,Oui,Non,,Non,Non,Oui
diarkoum,https://diarkoum.tn/details.php?id_annonce=8932,Appartement,245000.0,2023-08-05,Sousse,Akouda,Akouda,4022,64.0,Non,Non,Neuf,Luxe,1.0,1.0,Non,Non,Non,Non,Non,Non,1.0,Non,Non,Non
diarkoum,https://diarkoum.tn/details.php?id_annonce=10639,Appartement,780000.0,2023-08-02,Tunis,Ain zaghouan,Ain zaghouan,1100,1.0,Non,Non,Neuf,Haut standing,4.0,2.0,Oui,Non,Oui,Non,Oui,Oui,0.0,Non,Non,Oui
diarkoum,https://diarkoum.tn/details.php?id_annonce=10629,Appartement,550000.0,2023-08-01,Tunis,La Marsa,La Marsa,2070,145.0,Non,Non,Neuf,Non précisé,4.0,1.0,Non,Oui,Oui,Non,Oui,Oui,,Non,Non,Non
diarkoum,https://diarkoum.tn/details.php?id_annonce=10628,Appartement,800000.0,2023-07-31,Tunis,La Marsa,La Marsa,2070,114.0,Non,Non,Neuf,Haut standing,2.0,1.0,Oui,Non,Non,Non,Oui,Oui,0.0,Non,Non,Oui
diarkoum,https://diarkoum.tn/details.php?id_annonce=10610,Appartement,440000.0,2023-07-29,Tunis,Ain zaghouan,Ain zaghouan,1100,127.0,Non,Non,Neuf,Moyen standing,2.0,1.0,Non,Oui,Oui,Non,Oui,Non,,Non,Non,Oui
diarkoum,https://diarkoum.tn/details.php?id_annonce=10581,Appartement,360000.0,2023-07-22,Tunis,Ain zaghouan,Ain zaghouan,1100,105.0,Non,Non,Neuf,Moyen standing,1.0,1.0,Non,Non,Oui,Non,Oui,Non,0.0,Non,Non,Oui
diarkoum,https://diarkoum.tn/details.php?id_annonce=10521,Appartement,295000.0,2023-07-13,Ariana,Ariana Ville,Ariana Ville,2080,115.0,Non,Non,Neuf,Moyen standing,3.0,1.0,Non,Non,Non,Non,Oui,Non,3.0,Oui,Non,Non
diarkoum,https://diarkoum.tn/details.php?id_annonce=10514,Appartement,365000.0,2023-07-12,Tunis,Cité El Khadra,Cité El Khadra,1000,132.0,Non,Non,Neuf,Haut standing,2.0,1.0,Non,Non,Oui,Non,Oui,Non,7.0,Oui,Non,Oui
diarkoum,https://diarkoum.tn/details.php?id_annonce=10483,Appartement,400000000.0,2023-07-10,Tunis,Cité El Khadra,Cité El Khadra,1000,100.0,Titre Individuel,Non,Neuf,Non précisé,3.0,1.0,Non,Non,Non,Non,Non,Oui,,Non,Non,Non
diarkoum,https://diarkoum.tn/details.php?id_annonce=9953,Appartement,3500.0,2023-06-21,Nabeul,Kélibia,Kélibia,8000,150.0,Non,Non,Neuf,Non précisé,3.0,2.0,Oui,Non,Non,Non,Non,Oui,0.0,Non,Non,Non
diarkoum,https://diarkoum.tn/details.php?id_annonce=10322,Appartement,270000.0,2023-06-14,Ariana,Ariana Ville,Ariana Ville,2080,84.0,Non,Non,Neuf,Moyen standing,2.0,1.0,Non,Oui,Non,Non,Oui,Non,2.0,Non,Non,Oui
diarkoum,https://diarkoum.tn/details.php?id_annonce=10291,Appartement,340000.0,2023-06-09,Ariana,La Soukra,La Soukra,2036,100.0,Non,Non,Neuf,Moyen standing,2.0,1.0,Non,Oui,Oui,Non,Oui,Non,0.0,Non,Non,Oui
diarkoum,https://diarkoum.tn/details.php?id_annonce=10261,Appartement,680000.0,2023-06-07,Tunis,La Marsa,La Marsa,2070,0.0,Non,Non,Neuf,Moyen standing,3.0,2.0,Oui,Non,Oui,Non,Oui,Non,,Non,Non,Oui
diarkoum,https://diarkoum.tn/details.php?id_annonce=10223,Appartement,385000.0,2023-06-05,Tunis,Le Kram,Le Kram,2015,90.0,Non,Non,Neuf,Moyen standing,2.0,1.0,Non,Oui,Oui,Non,Oui,Oui,,Non,Non,Oui
diarkoum,https://diarkoum.tn/details.php?id_annonce=10210,Appartement,550000.0,2023-06-03,Tunis,La Marsa,La Marsa,2070,0.0,Non,Non,Neuf,Haut standing,3.0,1.0,Oui,Oui,Oui,Non,Oui,Non,,Non,Non,Oui
diarkoum,https://diarkoum.tn/details.php?id_annonce=10205,Appartement,180000.0,2023-06-02,Tunis,Ain zaghouan,Ain zaghouan,1100,40.0,Non,Non,Neuf,Moyen standing,,1.0,Non,Non,Non,Non,Oui,Non,,Non,Non,Oui
diarkoum,https://diarkoum.tn/details.php?id_annonce=10204,Appartement,450000.0,2023-06-02,Ariana,La Soukra,La Soukra,2036,124.0,Non,Non,Neuf,Haut standing,3.0,1.0,Oui,Oui,Oui,Non,Oui,Non,0.0,Non,Non,Oui
diarkoum,https://diarkoum.tn/details.php?id_annonce=10182,Appartement,275000.0,2023-06-01,Ariana,Ariana Ville,Ariana Ville,2080,115.0,Non,Non,Neuf,Moyen standing,2.0,2.0,Non,Non,Non,Non,Oui,Non,7.0,Oui,Non,Non
diarkoum,https://diarkoum.tn/details.php?id_annonce=10177,Appartement,420000.0,2023-05-31,Ariana,Ariana Ville,Ariana Ville,2080,148.0,Non,Non,Neuf,Moyen standing,4.0,1.0,Non,Non,Oui,Non,Oui,Non,1.0,Non,Non,Oui
diarkoum,https://diarkoum.tn/details.php?id_annonce=10169,Appartement,448000.0,2023-05-29,Ariana,La Soukra,La Soukra,2036,370.0,Non,Non,Neuf,Non précisé,3.0,2.0,Oui,Non,Oui,Non,Non,Oui,,Non,Non,Non
diarkoum,https://diarkoum.tn/details.php?id_annonce=10162,Appartement,280000.0,2023-05-28,Ariana,Ariana Ville,Ariana Ville,2080,118.0,Non,Non,Neuf,Moyen standing,2.0,1.0,Oui,Oui,Oui,Non,Non,Non,5.0,Oui,Non,Non
diarkoum,https://diarkoum.tn/details.php?id_annonce=10151,Appartement,270000.0,2023-05-27,Nabeul,Hammamet,Hammamet,8050,100.0,Non,Non,Neuf,Moyen standing,2.0,1.0,Non,Non,Non,Non,Oui,Non,2.0,Non,Non,Oui
diarkoum,https://diarkoum.tn/details.php?id_annonce=10134,Appartement,250000.0,2023-05-24,Nabeul,Hammamet,Hammamet,8050,90.0,Non,Non,Neuf,Non précisé,2.0,1.0,Non,Non,Non,Non,Non,Non,1.0,Non,Non,Non
diarkoum,https://diarkoum.tn/details.php?id_annonce=10071,Appartement,120000.0,2023-05-15,Tunis,El Kabaria,El Kabaria,1000,98.0,Non,Non,Neuf,Non précisé,2.0,1.0,Non,Non,Oui,Non,Non,Non,4.0,Oui,Non,Non
diarkoum,https://diarkoum.tn/details.php?id_annonce=10024,Appartement,449000.0,2023-05-13,Sousse,Sousse Jawhara,Sousse Jawhara,4000,160.0,Non,Non,Neuf,Luxe,3.0,1.0,Non,Non,Oui,Non,Non,Non,6.0,Oui,Oui,Oui
diarkoum,https://diarkoum.tn/details.php?id_annonce=10035,Appartement,270000.0,2023-05-12,Tunis,El Menzah,El Menzah,1000,125.0,Non,Non,Neuf,Non précisé,2.0,1.0,Oui,Oui,Non,Non,Non,Non,1.0,Non,Non,Non
diarkoum,https://diarkoum.tn/details.php?id_annonce=10031,Appartement,320000.0,2023-05-12,Ariana,Mnihla,Mnihla,2080,115.0,Non,Non,Neuf,Haut standing,2.0,1.0,Oui,Non,Non,Non,Oui,Oui,1.0,Oui,Non,Non
diarkoum,https://diarkoum.tn/details.php?id_annonce=10018,Appartement,420000.0,2023-05-10,Tunis,La Marsa,La Marsa,2070,130.0,Non,Non,Neuf,Haut standing,2.0,2.0,Oui,Non,Oui,Non,Oui,Non,,Non,Non,Oui
diarkoum,https://diarkoum.tn/details.php?id_annonce=10017,Appartement,375000.0,2023-05-10,Tunis,Ain zaghouan,Ain zaghouan,1100,83.0,Non,Non,Neuf,Haut standing,1.0,1.0,Oui,Oui,Oui,Non,Oui,Non,,Non,Non,Oui
diarkoum,https://diarkoum.tn/details.php?id_annonce=10016,Appartement,400000.0,2023-05-10,Ariana,La Soukra,La Soukra,2036,170.0,Non,Non,Neuf,Non précisé,3.0,2.0,Oui,Non,Oui,Non,Oui,Non,,Non,Non,Non
diarkoum,https://diarkoum.tn/details.php?id_annonce=9990,Appartement,450000.0,2023-05-09,Tunis,La Marsa,La Marsa,2070,165.0,Non,Non,Neuf,Haut standing,3.0,2.0,Oui,Non,Non,Non,Oui,Non,,Non,Non,Oui
diarkoum,https://diarkoum.tn/details.php?id_annonce=9993,Appartement,210000.0,2023-05-08,Ariana,La Soukra,La Soukra,2036,52.0,Non,Non,Neuf,Haut standing,1.0,1.0,Oui,Oui,Non,Non,Oui,Non,,Non,Non,Oui
diarkoum,https://diarkoum.tn/details.php?id_annonce=9994,Appartement,105000.0,2023-05-08,Tunis,Le Kram,Le Kram,2015,65.0,Non,Non,Neuf,Haut standing,1.0,,Oui,Oui,Oui,Non,Oui,Non,,Non,Non,Oui
diarkoum,https://diarkoum.tn/details.php?id_annonce=9997,Appartement,270000.0,2023-05-08,Tunis,La Marsa,La Marsa,2070,130.0,Non,Non,Neuf,Moyen standing,2.0,1.0,Non,Non,Oui,Non,Oui,Non,,Non,Non,Oui
diarkoum,https://diarkoum.tn/details.php?id_annonce=9944,Appartement,220000.0,2023-05-08,Tunis,Le Bardo,Le Bardo,2000,83.0,Non,Non,Neuf,Moyen standing,1.0,1.0,Non,Non,Non,Non,Oui,Non,4.0,Oui,Non,Non
diarkoum,https://diarkoum.tn/details.php?id_annonce=9999,Appartement,500000.0,2023-05-08,Tunis,Ain zaghouan,Ain zaghouan,1100,200.0,Non,Non,Neuf,Haut standing,2.0,1.0,Oui,Non,Oui,Non,Oui,Oui,0.0,Non,Non,Oui
diarkoum,https://diarkoum.tn/details.php?id_annonce=9992,Appartement,850000.0,2023-05-05,Tunis,La Marsa,La Marsa,2070,186.0,Non,Non,Neuf,Haut standing,3.0,2.0,Oui,Non,Non,Non,Oui,Non,,Non,Non,Oui
diarkoum,https://diarkoum.tn/details.php?id_annonce=9989,Appartement,550000.0,2023-05-05,Ariana,La Soukra,La Soukra,2036,175.0,Non,Non,Neuf,Moyen standing,3.0,3.0,Oui,Oui,Oui,Non,Oui,Non,,Non,Non,Oui
diarkoum,https://diarkoum.tn/details.php?id_annonce=9991,Appartement,550000.0,2023-05-05,Tunis,La Marsa,La Marsa,2070,136.0,Non,Non,Neuf,Non précisé,2.0,2.0,Non,Non,Oui,Non,Oui,Oui,,Non,Non,Non
diarkoum,https://diarkoum.tn/details.php?id_annonce=9984,Appartement,220000.0,2023-05-04,Nabeul,Hammamet,Hammamet,8050,80.0,Non,Non,Neuf,Moyen standing,1.0,1.0,Non,Non,Non,Non,Oui,Non,,Non,Non,Oui
diarkoum,https://diarkoum.tn/details.php?id_annonce=9962,Appartement,378000.0,2023-05-03,Ariana,La Soukra,La Soukra,2036,160.0,Non,Non,Neuf,Haut standing,2.0,1.0,Oui,Non,Oui,Non,Oui,Oui,0.0,Non,Non,Oui
diarkoum,https://diarkoum.tn/details.php?id_annonce=9968,Appartement,499998.0,2023-05-03,Ariana,La Soukra,La Soukra,2036,169.0,Non,Non,Neuf,Moyen standing,3.0,1.0,Non,Oui,Oui,Non,Oui,Non,,Non,Non,Oui
diarkoum,https://diarkoum.tn/details.php?id_annonce=9965,Appartement,310000.0,2023-05-03,Tunis,Le Kram,Le Kram,2015,99.0,Non,Non,Neuf,Moyen standing,1.0,,Non,Non,Oui,Non,Oui,Oui,,Non,Non,Oui
diarkoum,https://diarkoum.tn/details.php?id_annonce=9964,Appartement,310000.0,2023-05-02,Ariana,Ariana Ville,Ariana Ville,2080,127.0,Non,Non,Neuf,Moyen standing,3.0,1.0,Non,Non,Oui,Non,Oui,Non,1.0,Oui,Non,Non
diarkoum,https://diarkoum.tn/details.php?id_annonce=9963,Appartement,419999.0,2023-05-02,Tunis,La Marsa,La Marsa,2070,99.0,Non,Non,Neuf,Moyen standing,2.0,1.0,Non,Non,Oui,Non,Oui,Oui,,Non,Non,Oui
diarkoum,https://diarkoum.tn/details.php?id_annonce=9961,Appartement,680000.0,2023-05-02,Tunis,La Marsa,La Marsa,2070,156.0,Non,Non,Neuf,Moyen standing,2.0,1.0,Non,Oui,Oui,Non,Oui,Oui,,Non,Non,Oui
diarkoum,https://diarkoum.tn/details.php?id_annonce=9959,Appartement,560000.0,2023-05-02,Tunis,La Marsa,La Marsa,2070,156.0,Non,Non,Neuf,Haut standing,3.0,1.0,Oui,Non,Oui,Non,Non,Oui,1.0,Non,Non,Non
diarkoum,https://diarkoum.tn/details.php?id_annonce=9952,Appartement,750.0,2023-04-28,Nabeul,Kélibia,Kélibia,8000,130.0,Non,Non,Neuf,Non précisé,3.0,1.0,Non,Non,Oui,Non,Non,Non,,Non,Non,Non
diarkoum,https://diarkoum.tn/details.php?id_annonce=9940,Appartement,420000.0,2023-04-28,Tunis,Cité El Khadra,Cité El Khadra,1000,100.0,Non,Non,Neuf,Non précisé,3.0,1.0,Non,Non,Non,Non,Non,Oui,0.0,Non,Non,Non
diarkoum,https://diarkoum.tn/details.php?id_annonce=9934,Appartement,220000.0,2023-04-27,Ben Arous,El Mourouj,El Mourouj,2074,97.0,Non,Non,Neuf,Moyen standing,2.0,1.0,Non,Oui,Oui,Non,Oui,Non,3.0,Oui,Non,Non
diarkoum,https://diarkoum.tn/details.php?id_annonce=9933,Appartement,200000.0,2023-04-27,Ben Arous,El Mourouj,El Mourouj,2074,107.0,Non,Non,Neuf,Moyen standing,2.0,1.0,Non,Non,Non,Non,Oui,Non,2.0,Oui,Non,Non
diarkoum,https://diarkoum.tn/details.php?id_annonce=9922,Appartement,275000.0,2023-04-25,Tunis,Ain zaghouan,Ain zaghouan,1100,126.0,Oui,Non,Neuf,Non précisé,3.0,1.0,Non,Oui,Non,Non,Oui,Non,5.0,Non,Non,Non
diarkoum,https://diarkoum.tn/details.php?id_annonce=9912,Appartement,100000.0,2023-04-18,Nabeul,Hammamet,Hammamet,8050,38.0,Non,Non,Neuf,Non précisé,1.0,1.0,Non,Non,Non,Non,Non,Non,,Non,Non,Non
diarkoum,https://diarkoum.tn/details.php?id_annonce=9889,Appartement,340000.0,2023-04-14,Bizerte,Bizerte Nord,Bizerte Nord,7000,129.0,Oui,Non,Neuf,Luxe,3.0,1.0,Non,Non,Non,Non,Non,Non,,Non,Non,Non
diarkoum,https://diarkoum.tn/details.php?id_annonce=9887,Appartement,105000.0,2023-04-14,Manouba,Mornaguia,Mornaguia,2010,72.0,Non,Non,Neuf,Non précisé,3.0,1.0,Non,Non,Oui,Non,Non,Non,,Non,Non,Non
diarkoum,https://diarkoum.tn/details.php?id_annonce=9882,Appartement,315000.0,2023-04-14,Ariana,La Soukra,La Soukra,2036,110.0,Non,Non,Neuf,Moyen standing,2.0,1.0,Oui,Oui,Oui,Non,Non,Non,1.0,Oui,Non,Non
diarkoum,https://diarkoum.tn/details.php?id_annonce=9869,Appartement,528000.0,2023-04-12,Sousse,Sousse Médina,Sousse Médina,4000,172.0,Non,Oui,Neuf,Non précisé,2.0,1.0,Oui,Oui,Non,Non,Non,Non,,Non,Non,Non
diarkoum,https://diarkoum.tn/details.php?id_annonce=9868,Appartement,140000.0,2023-04-12,Sousse,Sousse Médina,Sousse Médina,4000,33.0,Non,Non,Neuf,Non précisé,,1.0,Non,Non,Non,Non,Non,Non,5.0,Non,Non,Non
diarkoum,https://diarkoum.tn/details.php?id_annonce=9843,Appartement,343000.0,2023-04-10,Sousse,Sousse Médina,Sousse Médina,4000,93.0,Non,Non,Neuf,Non précisé,2.0,1.0,Oui,Non,Non,Non,Non,Non,4.0,Non,Non,Non
diarkoum,https://diarkoum.tn/details.php?id_annonce=9841,Appartement,310000.0,2023-04-10,Sousse,Sousse Médina,Sousse Médina,4000,138.0,Non,Non,Neuf,Haut standing,2.0,1.0,Oui,Non,Non,Non,Non,Non,0.0,Non,Non,Non
diarkoum,https://diarkoum.tn/details.php?id_annonce=9840,Appartement,285000.0,2023-04-10,Sousse,Sousse Médina,Sousse Médina,4000,70.0,Non,Oui,Neuf,Non précisé,1.0,1.0,Non,Non,Non,Non,Non,Non,6.0,Non,Non,Non
diarkoum,https://diarkoum.tn/details.php?id_annonce=9842,Appartement,826000.0,2023-04-10,Sousse,Sousse Médina,Sousse Médina,4000,287.0,Non,Oui,Neuf,Non précisé,3.0,1.0,Oui,Oui,Non,Non,Non,Non,,Non,Non,Non
diarkoum,https://diarkoum.tn/details.php?id_annonce=9835,Appartement,2023.0,2023-04-06,Bizerte,Ras Jebel,Ras Jebel,7000,2.0,Non,Non,Neuf,Non précisé,,,Non,Non,Non,Non,Non,Non,,Non,Non,Non
diarkoum,https://diarkoum.tn/details.php?id_annonce=9830,Appartement,160000.0,2023-04-03,Bizerte,Ras Jebel,Ras Jebel,7000,50.0,Oui,Non,Neuf,Non précisé,2.0,1.0,Non,Non,Non,Non,Non,Non,2.0,Non,Non,Non
diarkoum,https://diarkoum.tn/details.php?id_annonce=9828,Appartement,170000.0,2023-04-03,Bizerte,Ras Jebel,Ras Jebel,7000,100.0,Non,Non,Neuf,Non précisé,2.0,1.0,Non,Non,Non,Non,Non,Non,1.0,Non,Non,Non
diarkoum,https://diarkoum.tn/details.php?id_annonce=9821,Appartement,690000.0,2023-04-03,Tunis,El Menzah,El Menzah,1000,360.0,Non,Non,Neuf,Haut standing,3.0,1.0,Oui,Oui,Oui,Non,Oui,Non,6.0,Oui,Non,Oui
diarkoum,https://diarkoum.tn/details.php?id_annonce=9791,Appartement,420000.0,2023-03-29,Sousse,Sousse Médina,Sousse Médina,4000,170.0,Non,Non,Neuf,Haut standing,3.0,1.0,Non,Non,Oui,Oui,Oui,Non,,Non,Non,Oui
diarkoum,https://diarkoum.tn/details.php?id_annonce=9790,Appartement,472500.0,2023-03-29,Sousse,Sousse Médina,Sousse Médina,4000,137.0,Non,Non,Neuf,Non précisé,2.0,1.0,Non,Non,Non,Non,Non,Non,,Non,Non,Non
diarkoum,https://diarkoum.tn/details.php?id_annonce=9789,Appartement,350000.0,2023-03-29,Sousse,Sousse Médina,Sousse Médina,4000,102.0,Non,Non,Neuf,Non précisé,2.0,1.0,Non,Oui,Non,Non,Non,Non,,Non,Non,Non
diarkoum,https://diarkoum.tn/details.php?id_annonce=9788,Appartement,350000.0,2023-03-29,Sousse,Sousse Médina,Sousse Médina,4000,115.0,Non,Non,Neuf,Non précisé,2.0,1.0,Non,Oui,Non,Non,Non,Non,2.0,Non,Non,Non
diarkoum,https://diarkoum.tn/details.php?id_annonce=9787,Appartement,310000.0,2023-03-29,Sousse,Sousse Médina,Sousse Médina,4000,138.0,Non,Non,Neuf,Haut standing,2.0,1.0,Oui,Non,Non,Non,Non,Non,0.0,Non,Non,Non
diarkoum,https://diarkoum.tn/details.php?id_annonce=9675,Appartement,2500.0,2023-03-27,Ben Arous,El Mourouj,El Mourouj,2074,140.0,Non,Non,Neuf,Non précisé,2.0,1.0,Non,Non,Non,Non,Non,Non,,Non,Non,Non
diarkoum,https://diarkoum.tn/details.php?id_annonce=9670,Appartement,8000.0,2023-03-27,Tunis,La Marsa,La Marsa,2070,132.0,Non,Non,Neuf,Haut standing,2.0,2.0,Non,Non,Non,Non,Non,Non,,Non,Non,Non
diarkoum,https://diarkoum.tn/details.php?id_annonce=9764,Appartement,310000.0,2023-03-25,Nabeul,Hammamet,Hammamet,8050,131.0,Non,Non,Neuf,Moyen standing,3.0,2.0,Non,Oui,Non,Non,Oui,Non,,Non,Non,Oui
diarkoum,https://diarkoum.tn/details.php?id_annonce=9763,Appartement,580000.0,2023-03-25,Nabeul,Hammamet,Hammamet,8050,220.0,Non,Non,Neuf,Luxe,4.0,4.0,Non,Non,Non,Non,Non,Non,,Non,Non,Non
diarkoum,https://diarkoum.tn/details.php?id_annonce=9754,Appartement,225.0,2023-03-23,Nabeul,Hammamet,Hammamet,8050,100.0,Non,Non,Neuf,Non précisé,2.0,,Non,Non,Non,Non,Non,Non,,Non,Non,Non
diarkoum,https://diarkoum.tn/details.php?id_annonce=9753,Appartement,225.0,2023-03-23,Nabeul,Hammamet,Hammamet,8050,100.0,Non,Non,Neuf,Non précisé,2.0,1.0,Non,Non,Non,Non,Non,Non,2.0,Non,Non,Non
diarkoum,https://diarkoum.tn/details.php?id_annonce=9739,Appartement,890000.0,2023-03-21,Nabeul,Hammamet,Hammamet,8050,190.0,Non,Non,Neuf,Non précisé,2.0,2.0,Non,Non,Oui,Oui,Non,Non,,Non,Non,Non
diarkoum,https://diarkoum.tn/details.php?id_annonce=9723,Appartement,185000.0,2023-03-21,Nabeul,Kélibia,Kélibia,8000,95.0,Non,Non,Neuf,Non précisé,2.0,1.0,Oui,Oui,Non,Non,Non,Non,1.0,Non,Non,Non
diarkoum,https://diarkoum.tn/details.php?id_annonce=9737,Appartement,185000.0,2023-03-21,Nabeul,Kélibia,Kélibia,8000,100.0,Non,Non,Neuf,Non précisé,2.0,1.0,Non,Non,Non,Non,Non,Non,4.0,Non,Non,Non
diarkoum,https://diarkoum.tn/details.php?id_annonce=9738,Appartement,220000.0,2023-03-21,Nabeul,Kélibia,Kélibia,8000,120.0,Non,Non,Neuf,Luxe,2.0,1.0,Oui,Non,Non,Non,Non,Non,1.0,Non,Non,Oui
diarkoum,https://diarkoum.tn/details.php?id_annonce=9733,Appartement,340000.0,2023-03-21,Nabeul,Hammamet,Hammamet,8050,114.0,Non,Non,Neuf,Haut standing,2.0,1.0,Oui,Non,Non,Oui,Non,Non,,Non,Non,Oui
diarkoum,https://diarkoum.tn/details.php?id_annonce=9727,Appartement,220000.0,2023-03-21,Nabeul,Kélibia,Kélibia,8000,109.0,Non,Oui,Neuf,Non précisé,2.0,1.0,Oui,Non,Non,Non,Non,Non,1.0,Non,Non,Non
diarkoum,https://diarkoum.tn/details.php?id_annonce=9715,Appartement,450000.0,2023-03-19,Sousse,Hammam Sousse,Hammam Sousse,4011,200.0,Non,Non,Neuf,Haut standing,4.0,3.0,Oui,Non,Oui,Non,Oui,Oui,,Non,Non,Oui
diarkoum,https://diarkoum.tn/details.php?id_annonce=9705,Appartement,520000.0,2023-03-18,Bizerte,Ras Jebel,Ras Jebel,7000,220.0,Oui,Non,Neuf,Luxe,6.0,3.0,Non,Non,Non,Non,Non,Non,3.0,Non,Non,Non
diarkoum,https://diarkoum.tn/details.php?id_annonce=9666,Appartement,140000.0,2023-03-08,Nabeul,Kélibia,Kélibia,8000,85.0,Titre Bleu,Non,Neuf,Non précisé,2.0,1.0,Non,Non,Non,Non,Non,Non,1.0,Non,Non,Non
diarkoum,https://diarkoum.tn/details.php?id_annonce=9667,Appartement,220000.0,2023-03-08,Nabeul,Kélibia,Kélibia,8000,119.0,Titre Bleu,Non,Neuf,Non précisé,2.0,1.0,Non,Non,Non,Non,Non,Oui,,Non,Non,Non
diarkoum,https://diarkoum.tn/details.php?id_annonce=9665,Appartement,145000.0,2023-03-08,Nabeul,Kélibia,Kélibia,8000,110.0,Titre Bleu,Non,Neuf,Non précisé,2.0,1.0,Non,Non,Non,Non,Non,Non,2.0,Non,Non,Non
diarkoum,https://diarkoum.tn/details.php?id_annonce=9612,Appartement,170000.0,2023-03-01,Nabeul,Kélibia,Kélibia,8000,108.0,Non,Non,Neuf,Non précisé,,,Non,Non,Non,Non,Non,Non,,Non,Non,Non
diarkoum,https://diarkoum.tn/details.php?id_annonce=9580,Appartement,825000.0,2023-02-27,Tunis,Le Kram,Le Kram,2015,165.0,Non,Non,Neuf,Moyen standing,3.0,2.0,Oui,Oui,Oui,Non,Oui,Oui,2.0,Non,Non,Oui
diarkoum,https://diarkoum.tn/details.php?id_annonce=9387,Appartement,360000.0,2023-02-27,Tunis,El aouina,El aouina,2045,119.0,Non,Non,Neuf,Non précisé,1.0,1.0,Non,Non,Oui,Non,Oui,Non,2.0,Non,Non,Non
diarkoum,https://diarkoum.tn/details.php?id_annonce=9391,Appartement,210000.0,2023-02-27,Ariana,Ariana Ville,Ariana Ville,2080,126.0,Non,Non,Neuf,Non précisé,3.0,1.0,Non,Oui,Oui,Non,Oui,Non,2.0,Non,Non,Non
diarkoum,https://diarkoum.tn/details.php?id_annonce=9534,Appartement,180000.0,2023-02-22,Tunis,La Marsa,La Marsa,2070,70.0,Non,Non,Neuf,Moyen standing,1.0,1.0,Non,Non,Oui,Non,Oui,Oui,0.0,Non,Non,Oui
diarkoum,https://diarkoum.tn/details.php?id_annonce=9533,Appartement,1300.0,2023-02-22,Tunis,La Marsa,La Marsa,2070,40.0,Non,Non,Neuf,Moyen standing,,,Non,Non,Non,Non,Oui,Non,,Non,Non,Oui
diarkoum,https://diarkoum.tn/details.php?id_annonce=9507,Appartement,550000.0,2023-02-17,Tunis,Le Kram,Le Kram,2015,153.0,Non,Non,Neuf,Moyen standing,3.0,2.0,Oui,Non,Oui,Non,Oui,Oui,,Non,Non,Oui
diarkoum,https://diarkoum.tn/details.php?id_annonce=9492,Appartement,770000.0,2023-02-17,Tunis,Le Kram,Le Kram,2015,220.0,Non,Non,Neuf,Moyen standing,3.0,2.0,Oui,Non,Oui,Non,Oui,Oui,0.0,Non,Non,Oui
diarkoum,https://diarkoum.tn/details.php?id_annonce=9486,Appartement,850000.0,2023-02-16,Tunis,Carthage,Carthage,2016,150.0,Non,Non,Neuf,Non précisé,3.0,2.0,Oui,Non,Non,Non,Oui,Oui,0.0,Non,Non,Non
diarkoum,https://diarkoum.tn/details.php?id_annonce=9482,Appartement,450000.0,2023-02-15,Tunis,La Marsa,La Marsa,2070,100.0,Non,Non,Neuf,Moyen standing,3.0,1.0,Non,Non,Oui,Non,Oui,Oui,0.0,Non,Non,Oui
diarkoum,https://diarkoum.tn/details.php?id_annonce=9462,Appartement,590000.0,2023-02-15,Ariana,La Soukra,La Soukra,2036,143.0,Non,Non,Neuf,Non précisé,4.0,2.0,Oui,Non,Non,Non,Non,Oui,0.0,Non,Non,Non
diarkoum,https://diarkoum.tn/details.php?id_annonce=9403,Appartement,335000.0,2023-02-02,Ariana,Ariana Ville,Ariana Ville,2080,147.0,Non,Non,Neuf,Moyen standing,3.0,1.0,Non,Non,Oui,Non,Oui,Non,1.0,Oui,Non,Non
diarkoum,https://diarkoum.tn/details.php?id_annonce=9402,Appartement,285000.0,2023-02-02,Tunis,El Menzah,El Menzah,1000,125.0,Non,Non,Neuf,Moyen standing,4.0,1.0,Oui,Non,Non,Non,Oui,Non,2.0,Oui,Non,Non
diarkoum,https://diarkoum.tn/details.php?id_annonce=9361,Appartement,405000.0,2023-02-02,Ariana,Ariana Ville,Ariana Ville,2080,180.0,Non,Non,Neuf,Haut standing,3.0,2.0,Oui,Non,Oui,Non,Oui,Non,5.0,Non,Non,Oui
diarkoum,https://diarkoum.tn/details.php?id_annonce=9362,Appartement,320000.0,2023-02-02,Ariana,Ariana Ville,Ariana Ville,2080,135.0,Non,Non,Neuf,Haut standing,3.0,2.0,Oui,Non,Oui,Non,Oui,Non,1.0,Non,Non,Oui
diarkoum,https://diarkoum.tn/details.php?id_annonce=9388,Appartement,240000.0,2023-01-31,Tunis,Cité El Khadra,Cité El Khadra,1000,120.0,Non,Non,Neuf,Non précisé,3.0,2.0,Non,Non,Non,Non,Oui,Non,2.0,Non,Non,Non
diarkoum,https://diarkoum.tn/details.php?id_annonce=9386,Appartement,450000.0,2023-01-30,Tunis,La Marsa,La Marsa,2070,200.0,Non,Non,Neuf,Non précisé,3.0,2.0,Non,Non,Oui,Non,Non,Non,3.0,Non,Non,Non
diarkoum,https://diarkoum.tn/details.php?id_annonce=9373,Appartement,185000.0,2023-01-25,Nabeul,Hammamet,Hammamet,8050,1.0,Non,Non,Neuf,Non précisé,1.0,2.0,Non,Non,Non,Oui,Non,Non,,Non,Non,Non
diarkoum,https://diarkoum.tn/details.php?id_annonce=9368,Appartement,288000.0,2023-01-23,Nabeul,Hammamet,Hammamet,8050,120.0,Non,Non,Neuf,Moyen standing,2.0,1.0,Non,Non,Non,Non,Oui,Non,,Non,Non,Oui
diarkoum,https://diarkoum.tn/details.php?id_annonce=9366,Appartement,275000.0,2023-01-23,Nabeul,Hammamet,Hammamet,8050,102.0,Non,Non,Neuf,Moyen standing,2.0,1.0,Non,Non,Non,Non,Oui,Non,,Non,Non,Oui
diarkoum,https://diarkoum.tn/details.php?id_annonce=8935,Appartement,350000.0,2023-01-20,Nabeul,Hammamet,Hammamet,8050,81.0,Non,Non,Neuf,Haut standing,2.0,1.0,Non,Non,Non,Non,Non,Non,,Non,Non,Non
diarkoum,https://diarkoum.tn/details.php?id_annonce=8894,Appartement,20230.0,2023-01-09,Sousse,Sousse Médina,Sousse Médina,4000,0.0,Non,Non,Neuf,Moyen standing,,,Oui,Non,Non,Non,Oui,Non,0.0,Non,Non,Non
diarkoum,https://diarkoum.tn/details.php?id_annonce=9239,Appartement,140000.0,2023-01-06,Nabeul,Hammamet,Hammamet,8050,45.0,Non,Non,Neuf,Moyen standing,1.0,1.0,Non,Non,Non,Non,Oui,Non,1.0,Non,Non,Oui
diarkoum,https://diarkoum.tn/details.php?id_annonce=9236,Appartement,280000.0,2023-01-05,Nabeul,Hammamet,Hammamet,8050,120.0,Non,Non,Neuf,Haut standing,2.0,1.0,Non,Oui,Oui,Oui,Non,Non,0.0,Non,Non,Oui
diarkoum,https://diarkoum.tn/details.php?id_annonce=9234,Appartement,310000.0,2023-01-05,Nabeul,Hammamet,Hammamet,8050,114.0,Non,Non,Neuf,Moyen standing,1.0,1.0,Non,Non,Oui,Non,Oui,Non,1.0,Non,Non,Oui
diarkoum,https://diarkoum.tn/details.php?id_annonce=9191,Appartement,400000.0,2023-01-05,Nabeul,Hammamet,Hammamet,8050,90.0,Non,Non,Neuf,Haut standing,2.0,1.0,Non,Non,Oui,Oui,Oui,Non,4.0,Oui,Non,Oui
diarkoum,https://diarkoum.tn/details.php?id_annonce=9204,Appartement,270000.0,2023-01-05,Nabeul,Hammamet,Hammamet,8050,80.0,Non,Non,Neuf,Haut standing,1.0,1.0,Non,Non,Oui,Non,Oui,Non,,Oui,Non,Oui
diarkoum,https://diarkoum.tn/details.php?id_annonce=9209,Appartement,150000.0,2023-01-05,Nabeul,Hammamet,Hammamet,8050,90.0,Non,Non,Neuf,Non précisé,2.0,1.0,Non,Non,Non,Non,Non,Non,0.0,Non,Non,Non
diarkoum,https://diarkoum.tn/details.php?id_annonce=9232,Appartement,302400.0,2023-01-05,Nabeul,Hammamet,Hammamet,8050,126.0,Non,Non,Neuf,Haut standing,2.0,1.0,Non,Oui,Non,Non,Non,Non,,Non,Non,Non
diarkoum,https://diarkoum.tn/details.php?id_annonce=9226,Appartement,200000.0,2023-01-05,Nabeul,Hammamet,Hammamet,8050,75.0,Non,Non,Neuf,Moyen standing,1.0,1.0,Non,Oui,Non,Non,Oui,Non,1.0,Non,Non,Oui
diarkoum,https://diarkoum.tn/details.php?id_annonce=9211,Appartement,250000.0,2023-01-04,Nabeul,Hammamet,Hammamet,8050,100.0,Non,Non,Neuf,Haut standing,2.0,1.0,Oui,Oui,Oui,Non,Oui,Non,2.0,Non,Oui,Oui
diarkoum,https://diarkoum.tn/details.php?id_annonce=9208,Appartement,460000.0,2023-01-04,Nabeul,Hammamet,Hammamet,8050,92.0,Non,Non,Neuf,Haut standing,2.0,1.0,Non,Non,Oui,Oui,Oui,Non,2.0,Non,Non,Oui
diarkoum,https://diarkoum.tn/details.php?id_annonce=9207,Appartement,380000.0,2023-01-04,Nabeul,Hammamet,Hammamet,8050,107.0,Non,Non,Neuf,Haut standing,2.0,1.0,Non,Oui,Oui,Oui,Oui,Non,2.0,Non,Non,Oui
diarkoum,https://diarkoum.tn/details.php?id_annonce=9206,Appartement,270000.0,2023-01-04,Nabeul,Hammamet,Hammamet,8050,145.0,Non,Non,Neuf,Moyen standing,3.0,1.0,Non,Oui,Non,Non,Oui,Non,1.0,Non,Non,Oui
diarkoum,https://diarkoum.tn/details.php?id_annonce=9192,Appartement,260000.0,2023-01-03,Nabeul,Hammamet,Hammamet,8050,100.0,Non,Non,Neuf,Moyen standing,2.0,1.0,Non,Oui,Non,Non,Oui,Non,2.0,Non,Non,Oui
diarkoum,https://diarkoum.tn/details.php?id_annonce=9189,Appartement,190000.0,2023-01-03,Nabeul,Hammamet,Hammamet,8050,55.0,Non,Non,Neuf,Non précisé,1.0,1.0,Non,Oui,Non,Non,Non,Non,,Non,Non,Non
diarkoum,https://diarkoum.tn/details.php?id_annonce=9188,Appartement,450000.0,2023-01-03,Nabeul,Hammamet,Hammamet,8050,175.0,Non,Non,Neuf,Non précisé,1.0,1.0,Non,Non,Non,Oui,Non,Oui,0.0,Non,Non,Non
diarkoum,https://diarkoum.tn/details.php?id_annonce=9143,Appartement,180000.0,2022-12-24,Nabeul,Nabeul,Nabeul,8000,99.0,Non,Non,Neuf,Non précisé,2.0,1.0,Non,Oui,Non,Non,Non,Non,5.0,Non,Non,Non
diarkoum,https://diarkoum.tn/details.php?id_annonce=9134,Appartement,650000.0,2022-12-21,Nabeul,Hammamet,Hammamet,8050,185.0,Non,Non,Neuf,Non précisé,3.0,2.0,Oui,Oui,Oui,Non,Non,Non,3.0,Non,Non,Non
diarkoum,https://diarkoum.tn/details.php?id_annonce=9108,Appartement,200000.0,2022-12-16,Ben Arous,Ezzahra,Ezzahra,2034,105.0,Non,Non,Neuf,Haut standing,2.0,1.0,Oui,Oui,Oui,Non,Oui,Non,2.0,Non,Non,Oui
diarkoum,https://diarkoum.tn/details.php?id_annonce=9062,Appartement,285000.0,2022-12-02,Tunis,Le Kram,Le Kram,2015,72.0,Non,Non,Neuf,Haut standing,1.0,1.0,Oui,Oui,Oui,Non,Non,Oui,4.0,Non,Non,Non
diarkoum,https://diarkoum.tn/details.php?id_annonce=9017,Appartement,135000.0,2022-11-24,Nabeul,Kélibia,Kélibia,8000,125.0,Non,Non,Neuf,Non précisé,2.0,1.0,Non,Non,Non,Non,Non,Non,2.0,Non,Non,Non
diarkoum,https://diarkoum.tn/details.php?id_annonce=8973,Appartement,325000.0,2022-11-16,Tunis,Le Kram,Le Kram,2015,77.0,Non,Non,Neuf,Moyen standing,1.0,1.0,Oui,Non,Oui,Non,Non,Oui,,Non,Non,Oui
diarkoum,https://diarkoum.tn/details.php?id_annonce=8974,Appartement,385000.0,2022-11-16,Ariana,La Soukra,La Soukra,2036,127.0,Non,Non,Neuf,Non précisé,2.0,2.0,Oui,Oui,Oui,Non,Non,Oui,2.0,Non,Non,Non
diarkoum,https://diarkoum.tn/details.php?id_annonce=8956,Appartement,210000.0,2022-11-05,Nabeul,Hammamet,Hammamet,8050,80.0,Non,Non,Neuf,Non précisé,1.0,1.0,Non,Non,Non,Non,Non,Non,2.0,Non,Non,Non
diarkoum,https://diarkoum.tn/details.php?id_annonce=8947,Appartement,220000.0,2022-10-29,Sousse,Hammam Sousse,Hammam Sousse,4011,110.0,Non,Non,Neuf,Haut standing,3.0,1.0,Oui,Non,Non,Non,Oui,Non,,Non,Non,Oui
diarkoum,https://diarkoum.tn/details.php?id_annonce=8903,Appartement,340000.0,2022-10-12,Mahdia,Mahdia,Mahdia,5100,116.0,Non,Oui,Neuf,Moyen standing,2.0,1.0,Non,Oui,Oui,Non,Non,Non,3.0,Oui,Non,Non
diarkoum,https://diarkoum.tn/details.php?id_annonce=8902,Appartement,435000.0,2022-10-11,Mahdia,Mahdia,Mahdia,5100,349.0,Non,Non,Neuf,Non précisé,6.0,2.0,Non,Oui,Non,Non,Non,Non,2.0,Non,Non,Non
diarkoum,https://diarkoum.tn/details.php?id_annonce=8881,Appartement,85000.0,2022-09-27,Nabeul,Hammamet,Hammamet,8050,70.0,Non,Non,Neuf,Non précisé,2.0,1.0,Non,Non,Non,Non,Non,Non,1.0,Non,Non,Non
diarkoum,https://diarkoum.tn/details.php?id_annonce=8875,Appartement,145000.0,2022-09-25,Nabeul,Hammamet,Hammamet,8050,75.0,Titre Bleu,Non,Neuf,Non précisé,2.0,1.0,Non,Non,Oui,Non,Non,Non,1.0,Non,Non,Non
diarkoum,https://diarkoum.tn/details.php?id_annonce=8872,Appartement,115000.0,2022-09-25,Nabeul,Hammamet,Hammamet,8050,50.0,Non,Non,Neuf,Non précisé,1.0,1.0,Non,Non,Non,Non,Non,Non,2.0,Non,Non,Non
diarkoum,https://diarkoum.tn/details.php?id_annonce=8869,Appartement,185000.0,2022-09-25,Nabeul,Hammamet,Hammamet,8050,70.0,Titre Bleu,Non,Neuf,Non précisé,4.0,2.0,Non,Non,Non,Non,Non,Non,2.0,Non,Non,Non
diarkoum,https://diarkoum.tn/details.php?id_annonce=8866,Appartement,410000.0,2022-09-25,Nabeul,Hammamet,Hammamet,8050,190.0,Non,Oui,Neuf,Haut standing,3.0,2.0,Oui,Oui,Non,Non,Non,Non,1.0,Non,Non,Non
diarkoum,https://diarkoum.tn/details.php?id_annonce=8865,Appartement,540000.0,2022-09-25,Nabeul,Hammamet,Hammamet,8050,185.0,Non,Non,Neuf,Non précisé,3.0,2.0,Non,Non,Oui,Oui,Non,Non,2.0,Non,Non,Non
diarkoum,https://diarkoum.tn/details.php?id_annonce=8862,Appartement,240000.0,2022-09-24,Nabeul,Hammamet,Hammamet,8050,80.0,Non,Non,Neuf,Non précisé,2.0,1.0,Non,Non,Non,Non,Oui,Non,0.0,Non,Non,Non
diarkoum,https://diarkoum.tn/details.php?id_annonce=8858,Appartement,240000.0,2022-09-24,Nabeul,Hammamet,Hammamet,8050,90.0,Non,Non,Neuf,Non précisé,2.0,1.0,Non,Oui,Non,Non,Non,Non,1.0,Non,Non,Non
diarkoum,https://diarkoum.tn/details.php?id_annonce=8847,Appartement,280000.0,2022-09-23,Nabeul,Korba,Korba,8070,216.0,Titre Individuel,Non,Neuf,Non précisé,4.0,2.0,Non,Non,Oui,Non,Non,Non,2.0,Non,Non,Non
diarkoum,https://diarkoum.tn/details.php?id_annonce=8840,Appartement,160000.0,2022-09-23,Nabeul,Hammamet,Hammamet,8050,110.0,Non,Non,Neuf,Non précisé,2.0,1.0,Non,Non,Non,Non,Non,Non,1.0,Non,Non,Non
diarkoum,https://diarkoum.tn/details.php?id_annonce=8836,Appartement,190000.0,2022-09-23,Nabeul,Hammamet,Hammamet,8050,70.0,Titre Bleu,Non,Neuf,Non précisé,4.0,2.0,Non,Non,Non,Non,Non,Non,,Non,Non,Non
diarkoum,https://diarkoum.tn/details.php?id_annonce=8829,Appartement,205000.0,2022-09-22,Nabeul,Hammamet,Hammamet,8050,87.0,Non,Non,Neuf,Haut standing,1.0,1.0,Oui,Non,Oui,Non,Non,Non,4.0,Oui,Non,Oui
diarkoum,https://diarkoum.tn/details.php?id_annonce=8826,Appartement,20220.0,2022-09-22,Nabeul,Hammamet,Hammamet,8050,70.0,Non,Non,Neuf,Non précisé,2.0,1.0,Non,Non,Non,Non,Non,Non,,Non,Non,Non
diarkoum,https://diarkoum.tn/details.php?id_annonce=8817,Appartement,240000.0,2022-09-22,Nabeul,Hammamet,Hammamet,8050,80.0,Non,Non,Neuf,Non précisé,2.0,1.0,Non,Non,Non,Non,Oui,Non,0.0,Non,Non,Non
diarkoum,https://diarkoum.tn/details.php?id_annonce=8816,Appartement,280000.0,2022-09-22,Nabeul,Hammamet,Hammamet,8050,91.0,Non,Non,Neuf,Non précisé,2.0,1.0,Non,Non,Oui,Oui,Non,Oui,,Non,Non,Non
diarkoum,https://diarkoum.tn/details.php?id_annonce=8806,Appartement,450000.0,2022-09-20,Nabeul,Hammamet,Hammamet,8050,450000.0,Non,Non,Neuf,Non précisé,2.0,1.0,Non,Non,Non,Non,Non,Oui,,Non,Non,Non
diarkoum,https://diarkoum.tn/details.php?id_annonce=8804,Appartement,230000.0,2022-09-20,Nabeul,Hammamet,Hammamet,8050,105.0,Non,Non,Neuf,Moyen standing,2.0,2.0,Non,Oui,Oui,Non,Oui,Non,,Non,Non,Oui
diarkoum,https://diarkoum.tn/details.php?id_annonce=8801,Appartement,235000.0,2022-09-20,Nabeul,Hammamet,Hammamet,8050,124.0,Non,Non,Neuf,Haut standing,2.0,1.0,Oui,Non,Oui,Oui,Oui,Non,2.0,Non,Non,Oui
diarkoum,https://diarkoum.tn/details.php?id_annonce=8798,Appartement,175000.0,2022-09-20,Nabeul,Hammamet,Hammamet,8050,85.0,Non,Non,Neuf,Non précisé,1.0,1.0,Non,Non,Non,Non,Non,Non,,Non,Non,Non
diarkoum,https://diarkoum.tn/details.php?id_annonce=8791,Appartement,320000.0,2022-09-18,Nabeul,Nabeul,Nabeul,8000,150.0,Non,Non,Neuf,Non précisé,3.0,2.0,Non,Oui,Non,Non,Non,Non,,Non,Non,Non
diarkoum,https://diarkoum.tn/details.php?id_annonce=8788,Appartement,225000.0,2022-09-18,Nabeul,Hammamet,Hammamet,8050,100.0,Oui,Non,Neuf,Non précisé,2.0,1.0,Non,Non,Non,Non,Oui,Non,0.0,Non,Non,Non
diarkoum,https://diarkoum.tn/details.php?id_annonce=8785,Appartement,20220.0,2022-09-18,Nabeul,Hammamet,Hammamet,8050,70.0,Non,Non,Neuf,Non précisé,2.0,1.0,Non,Non,Non,Non,Non,Non,1.0,Non,Non,Non
diarkoum,https://diarkoum.tn/details.php?id_annonce=8782,Appartement,550000.0,2022-09-18,Nabeul,Hammamet,Hammamet,8050,130.0,Non,Non,Neuf,Non précisé,2.0,1.0,Non,Non,Non,Non,Non,Non,,Non,Non,Non
diarkoum,https://diarkoum.tn/details.php?id_annonce=8776,Appartement,110000.0,2022-09-17,Nabeul,Hammamet,Hammamet,8050,40.0,Non,Non,Neuf,Non précisé,1.0,1.0,Non,Non,Non,Non,Non,Non,,Non,Non,Non
diarkoum,https://diarkoum.tn/details.php?id_annonce=8772,Appartement,250000.0,2022-09-17,Nabeul,Hammamet,Hammamet,8050,82.0,Non,Non,Neuf,Moyen standing,2.0,1.0,Oui,Oui,Oui,Oui,Non,Non,0.0,Non,Non,Non
diarkoum,https://diarkoum.tn/details.php?id_annonce=8769,Appartement,105000.0,2022-09-17,Nabeul,Hammamet,Hammamet,8050,60.0,Non,Non,Neuf,Non précisé,1.0,1.0,Non,Non,Non,Non,Non,Oui,0.0,Non,Non,Non
diarkoum,https://diarkoum.tn/details.php?id_annonce=8764,Appartement,300000.0,2022-09-16,Nabeul,Nabeul,Nabeul,8000,106.0,Non,Non,Neuf,Non précisé,3.0,1.0,Non,Non,Non,Non,Non,Non,,Non,Non,Oui
diarkoum,https://diarkoum.tn/details.php?id_annonce=8750,Appartement,205000.0,2022-09-15,Nabeul,Hammamet,Hammamet,8050,75.0,Non,Non,Neuf,Non précisé,2.0,1.0,Non,Non,Non,Non,Non,Non,0.0,Non,Non,Non
diarkoum,https://diarkoum.tn/details.php?id_annonce=8741,Appartement,95000.0,2022-09-15,Nabeul,Hammamet,Hammamet,8050,70.0,Non,Non,Neuf,Non précisé,2.0,1.0,Non,Non,Non,Non,Oui,Non,1.0,Non,Non,Non
diarkoum,https://diarkoum.tn/details.php?id_annonce=8747,Appartement,515000.0,2022-09-15,Nabeul,Hammamet,Hammamet,8050,133.0,Non,Non,Neuf,Moyen standing,2.0,1.0,Non,Non,Oui,Non,Oui,Non,1.0,Non,Non,Oui
diarkoum,https://diarkoum.tn/details.php?id_annonce=8744,Appartement,295000.0,2022-09-15,Nabeul,Hammamet,Hammamet,8050,90.0,Non,Non,Neuf,Haut standing,2.0,1.0,Oui,Non,Non,Oui,Oui,Non,1.0,Non,Non,Oui
diarkoum,https://diarkoum.tn/details.php?id_annonce=8737,Appartement,160000.0,2022-09-14,Nabeul,Hammamet,Hammamet,8050,100.0,Non,Non,Neuf,Non précisé,2.0,1.0,Non,Non,Non,Non,Non,Oui,1.0,Non,Non,Non
diarkoum,https://diarkoum.tn/details.php?id_annonce=8734,Appartement,280000.0,2022-09-14,Nabeul,Hammamet,Hammamet,8050,114.0,Non,Non,Neuf,Moyen standing,1.0,2.0,Non,Non,Oui,Non,Oui,Non,,Non,Non,Oui
diarkoum,https://diarkoum.tn/details.php?id_annonce=8731,Appartement,95000.0,2022-09-14,Nabeul,Nabeul,Nabeul,8000,70.0,Non,Non,Neuf,Non précisé,2.0,1.0,Non,Non,Non,Non,Non,Non,4.0,Non,Non,Non
diarkoum,https://diarkoum.tn/details.php?id_annonce=8724,Appartement,285000.0,2022-09-13,Nabeul,Hammamet,Hammamet,8050,83.0,Non,Non,Neuf,Non précisé,2.0,1.0,Non,Non,Non,Non,Non,Non,,Non,Non,Non
diarkoum,https://diarkoum.tn/details.php?id_annonce=8719,Appartement,205000.0,2022-09-13,Nabeul,Hammamet,Hammamet,8050,68.0,Non,Non,Neuf,Haut standing,1.0,1.0,Oui,Non,Non,Non,Oui,Non,,Non,Non,Oui
diarkoum,https://diarkoum.tn/details.php?id_annonce=8702,Appartement,260000.0,2022-09-11,Nabeul,Hammamet,Hammamet,8050,87.0,Non,Non,Neuf,Non précisé,2.0,1.0,Oui,Oui,Oui,Non,Non,Non,1.0,Non,Non,Non
diarkoum,https://diarkoum.tn/details.php?id_annonce=8699,Appartement,165000.0,2022-09-11,Nabeul,Nabeul,Nabeul,8000,172.0,Non,Non,Neuf,Non précisé,3.0,2.0,Non,Non,Non,Non,Non,Non,2.0,Non,Non,Non
diarkoum,https://diarkoum.tn/details.php?id_annonce=8696,Appartement,175000.0,2022-09-11,Nabeul,Hammamet,Hammamet,8050,175000.0,Non,Non,Neuf,Non précisé,1.0,1.0,Non,Non,Non,Non,Non,Non,1.0,Non,Non,Non
diarkoum,https://diarkoum.tn/details.php?id_annonce=8692,Appartement,105000.0,2022-09-11,Nabeul,Hammamet,Hammamet,8050,105000.0,Non,Non,Neuf,Non précisé,1.0,1.0,Non,Non,Non,Non,Non,Oui,0.0,Non,Non,Non
diarkoum,https://diarkoum.tn/details.php?id_annonce=8685,Appartement,380000.0,2022-09-10,Nabeul,Hammamet,Hammamet,8050,116.0,Titre Individuel,Non,Neuf,Non précisé,2.0,2.0,Non,Non,Oui,Oui,Non,Non,,Non,Non,Non
diarkoum,https://diarkoum.tn/details.php?id_annonce=8681,Appartement,340000.0,2022-09-10,Nabeul,Hammamet,Hammamet,8050,78.0,Non,Non,Neuf,Non précisé,1.0,1.0,Non,Non,Oui,Non,Non,Non,0.0,Non,Non,Non
diarkoum,https://diarkoum.tn/details.php?id_annonce=8677,Appartement,195000.0,2022-09-10,Nabeul,Hammamet,Hammamet,8050,89.0,Non,Non,Neuf,Moyen standing,2.0,1.0,Non,Non,Non,Non,Oui,Oui,0.0,Non,Non,Oui
diarkoum,https://diarkoum.tn/details.php?id_annonce=8673,Appartement,320000.0,2022-09-09,Nabeul,Hammamet,Hammamet,8050,120.0,Non,Non,Neuf,Non précisé,2.0,1.0,Non,Non,Oui,Non,Oui,Non,1.0,Non,Non,Non
diarkoum,https://diarkoum.tn/details.php?id_annonce=8670,Appartement,250000.0,2022-09-09,Nabeul,Hammamet,Hammamet,8050,120.0,Non,Non,Neuf,Non précisé,,,Non,Non,Non,Non,Non,Non,,Non,Non,Non
diarkoum,https://diarkoum.tn/details.php?id_annonce=8665,Appartement,250000.0,2022-09-09,Nabeul,Hammamet,Hammamet,8050,83.0,Non,Non,Neuf,Non précisé,2.0,1.0,Non,Non,Non,Non,Non,Non,0.0,Non,Non,Non
diarkoum,https://diarkoum.tn/details.php?id_annonce=8660,Appartement,105000.0,2022-09-08,Nabeul,Hammamet,Hammamet,8050,70.0,Non,Non,Neuf,Non précisé,2.0,1.0,Non,Non,Non,Non,Oui,Non,1.0,Non,Non,Non
diarkoum,https://diarkoum.tn/details.php?id_annonce=8656,Appartement,240000.0,2022-09-08,Nabeul,Hammamet,Hammamet,8050,54.0,Non,Non,Neuf,Non précisé,1.0,2.0,Non,Oui,Oui,Oui,Non,Non,1.0,Non,Non,Non
diarkoum,https://diarkoum.tn/details.php?id_annonce=8651,Appartement,80000.0,2022-09-08,Nabeul,Nabeul,Nabeul,8000,80.0,Non,Non,Neuf,Non précisé,2.0,1.0,Non,Non,Non,Non,Non,Non,4.0,Non,Non,Non
diarkoum,https://diarkoum.tn/details.php?id_annonce=8648,Appartement,245000.0,2022-09-08,Nabeul,Hammamet,Hammamet,8050,80.0,Non,Non,Neuf,Moyen standing,2.0,1.0,Non,Non,Non,Non,Oui,Non,,Non,Non,Oui
diarkoum,https://diarkoum.tn/details.php?id_annonce=8647,Appartement,155000.0,2022-09-08,Nabeul,Hammamet,Hammamet,8050,84.0,Non,Non,Neuf,Non précisé,2.0,1.0,Non,Non,Non,Non,Non,Non,,Non,Non,Non
diarkoum,https://diarkoum.tn/details.php?id_annonce=8645,Appartement,110000.0,2022-09-08,Nabeul,Hammamet,Hammamet,8050,40.0,Non,Non,Neuf,Non précisé,1.0,1.0,Non,Non,Non,Non,Non,Non,,Non,Non,Non
diarkoum,https://diarkoum.tn/details.php?id_annonce=8642,Appartement,380000.0,2022-09-07,Nabeul,Hammamet,Hammamet,8050,114.0,Non,Non,Neuf,Non précisé,2.0,2.0,Non,Non,Non,Non,Non,Non,,Non,Non,Oui
diarkoum,https://diarkoum.tn/details.php?id_annonce=8636,Appartement,350000.0,2022-09-07,Nabeul,Hammamet,Hammamet,8050,130.0,Non,Non,Neuf,Non précisé,2.0,2.0,Non,Non,Oui,Non,Non,Oui,2.0,Non,Non,Non
diarkoum,https://diarkoum.tn/details.php?id_annonce=8635,Appartement,570000.0,2022-09-07,Nabeul,Nabeul,Nabeul,8000,360.0,Titre Bleu,Non,Neuf,Non précisé,8.0,4.0,Non,Non,Oui,Non,Non,Non,0.0,Non,Non,Non
diarkoum,https://diarkoum.tn/details.php?id_annonce=8633,Appartement,130000.0,2022-09-07,Nabeul,Hammamet,Hammamet,8050,60.0,Non,Non,Neuf,Non précisé,2.0,1.0,Non,Non,Non,Non,Non,Non,2.0,Non,Non,Non
diarkoum,https://diarkoum.tn/details.php?id_annonce=8629,Appartement,165000.0,2022-09-06,Nabeul,Nabeul,Nabeul,8000,60.0,Non,Non,Neuf,Non précisé,2.0,1.0,Non,Non,Oui,Non,Non,Non,,Non,Non,Non
diarkoum,https://diarkoum.tn/details.php?id_annonce=8625,Appartement,225000.0,2022-09-06,Nabeul,Hammamet,Hammamet,8050,100.0,Oui,Non,Neuf,Non précisé,2.0,1.0,Non,Non,Non,Non,Oui,Non,0.0,Non,Non,Non
diarkoum,https://diarkoum.tn/details.php?id_annonce=8622,Appartement,335000.0,2022-09-06,Nabeul,Hammamet,Hammamet,8050,132.0,Non,Non,Neuf,Haut standing,2.0,2.0,Oui,Oui,Oui,Non,Oui,Oui,1.0,Non,Non,Oui
diarkoum,https://diarkoum.tn/details.php?id_annonce=8614,Appartement,280000.0,2022-09-06,Nabeul,Korba,Korba,8070,216.0,Titre Individuel,Non,Neuf,Non précisé,4.0,2.0,Non,Non,Oui,Non,Non,Non,0.0,Non,Non,Non
diarkoum,https://diarkoum.tn/details.php?id_annonce=8606,Appartement,150000.0,2022-09-04,Nabeul,Hammamet,Hammamet,8050,50.0,Oui,Non,Neuf,Non précisé,1.0,1.0,Non,Non,Non,Non,Non,Non,0.0,Non,Non,Non
diarkoum,https://diarkoum.tn/details.php?id_annonce=8601,Appartement,230000.0,2022-09-04,Nabeul,Hammamet,Hammamet,8050,70.0,Non,Non,Neuf,Non précisé,2.0,1.0,Non,Non,Non,Non,Non,Non,,Non,Non,Non
diarkoum,https://diarkoum.tn/details.php?id_annonce=8597,Appartement,205000.0,2022-09-04,Nabeul,Hammamet,Hammamet,8050,87.0,Non,Non,Neuf,Haut standing,1.0,1.0,Oui,Non,Oui,Non,Non,Non,4.0,Oui,Non,Oui
diarkoum,https://diarkoum.tn/details.php?id_annonce=8594,Appartement,280000.0,2022-09-04,Nabeul,Hammamet,Hammamet,8050,114.0,Non,Non,Neuf,Moyen standing,1.0,2.0,Non,Non,Oui,Non,Oui,Non,1.0,Non,Non,Oui
diarkoum,https://diarkoum.tn/details.php?id_annonce=8590,Appartement,175000.0,2022-09-04,Sousse,Akouda,Akouda,4022,33.0,Non,Non,Neuf,Non précisé,2.0,1.0,Non,Non,Non,Oui,Non,Non,1.0,Non,Non,Non
diarkoum,https://diarkoum.tn/details.php?id_annonce=8587,Appartement,240000.0,2022-09-03,Nabeul,Hammamet,Hammamet,8050,90.0,Non,Non,Neuf,Non précisé,2.0,1.0,Non,Oui,Non,Non,Non,Non,1.0,Non,Non,Non
diarkoum,https://diarkoum.tn/details.php?id_annonce=8583,Appartement,160000.0,2022-09-03,Nabeul,Hammamet,Hammamet,8050,110.0,Non,Non,Neuf,Non précisé,2.0,1.0,Non,Non,Non,Non,Non,Non,1.0,Non,Non,Non
diarkoum,https://diarkoum.tn/details.php?id_annonce=8580,Appartement,105000.0,2022-09-03,Nabeul,Hammamet,Hammamet,8050,70.0,Non,Non,Neuf,Non précisé,2.0,1.0,Non,Non,Non,Non,Oui,Non,1.0,Non,Non,Non
diarkoum,https://diarkoum.tn/details.php?id_annonce=8573,Appartement,145000.0,2022-09-03,Nabeul,Hammamet,Hammamet,8050,75.0,Titre Bleu,Non,Neuf,Non précisé,2.0,1.0,Non,Non,Oui,Non,Non,Non,1.0,Non,Non,Non
diarkoum,https://diarkoum.tn/details.php?id_annonce=8567,Appartement,330000.0,2022-09-02,Nabeul,Hammamet,Hammamet,8050,87.0,Non,Non,Neuf,Haut standing,1.0,1.0,Non,Non,Non,Oui,Non,Non,,Non,Non,Non
diarkoum,https://diarkoum.tn/details.php?id_annonce=8556,Appartement,235000.0,2022-09-02,Nabeul,Hammamet,Hammamet,8050,124.0,Non,Non,Neuf,Haut standing,2.0,1.0,Oui,Non,Oui,Non,Oui,Non,,Non,Non,Oui
diarkoum,https://diarkoum.tn/details.php?id_annonce=8552,Appartement,130000.0,2022-09-02,Nabeul,Hammamet,Hammamet,8050,60.0,Non,Non,Neuf,Non précisé,1.0,1.0,Non,Non,Non,Non,Non,Non,2.0,Non,Non,Non
diarkoum,https://diarkoum.tn/details.php?id_annonce=8524,Appartement,650000.0,2022-08-31,Tunis,El Menzah,El Menzah,1000,259.0,Non,Non,Neuf,Non précisé,3.0,2.0,Oui,Non,Non,Non,Non,Non,5.0,Non,Non,Non
diarkoum,https://diarkoum.tn/details.php?id_annonce=8522,Appartement,455000.0,2022-08-31,Tunis,El Menzah,El Menzah,1000,173.0,Non,Non,Neuf,Non précisé,3.0,1.0,Non,Non,Oui,Non,Oui,Non,1.0,Non,Non,Non
diarkoum,https://diarkoum.tn/details.php?id_annonce=8532,Appartement,185000.0,2022-08-31,Nabeul,Hammamet,Hammamet,8050,80.0,Non,Non,Neuf,Non précisé,1.0,1.0,Non,Non,Non,Non,Non,Non,1.0,Non,Non,Non
diarkoum,https://diarkoum.tn/details.php?id_annonce=8517,Appartement,280000.0,2022-08-28,Nabeul,Korba,Korba,8070,216.0,Titre Individuel,Non,Neuf,Non précisé,4.0,2.0,Non,Non,Oui,Non,Non,Non,0.0,Non,Non,Non
diarkoum,https://diarkoum.tn/details.php?id_annonce=8514,Appartement,432000.0,2022-08-28,Nabeul,Hammamet,Hammamet,8050,116.0,Non,Non,Neuf,Non précisé,3.0,1.0,Non,Non,Non,Oui,Non,Non,,Non,Non,Non
diarkoum,https://diarkoum.tn/details.php?id_annonce=8512,Appartement,360000.0,2022-08-28,Nabeul,Nabeul,Nabeul,8000,208.0,Non,Non,Neuf,Non précisé,3.0,2.0,Non,Non,Non,Non,Non,Non,,Non,Non,Non
diarkoum,https://diarkoum.tn/details.php?id_annonce=8496,Appartement,175000.0,2022-08-26,Nabeul,Hammamet,Hammamet,8050,85.0,Non,Non,Neuf,Non précisé,1.0,1.0,Non,Non,Non,Non,Non,Non,,Non,Non,Non
diarkoum,https://diarkoum.tn/details.php?id_annonce=8492,Appartement,95000.0,2022-08-26,Nabeul,Nabeul,Nabeul,8000,70.0,Non,Non,Neuf,Non précisé,2.0,1.0,Non,Non,Non,Non,Non,Non,4.0,Non,Non,Non
diarkoum,https://diarkoum.tn/details.php?id_annonce=8480,Appartement,290000.0,2022-08-25,Nabeul,Hammamet,Hammamet,8050,140.0,Non,Non,Neuf,Non précisé,2.0,2.0,Non,Non,Non,Non,Non,Non,,Non,Non,Oui
diarkoum,https://diarkoum.tn/details.php?id_annonce=8477,Appartement,165000.0,2022-08-25,Nabeul,Nabeul,Nabeul,8000,172.0,Non,Non,Neuf,Non précisé,3.0,2.0,Non,Non,Non,Non,Non,Non,1.0,Non,Non,Non
diarkoum,https://diarkoum.tn/details.php?id_annonce=8474,Appartement,145000.0,2022-08-25,Nabeul,Hammamet,Hammamet,8050,75.0,Titre Bleu,Non,Neuf,Non précisé,2.0,1.0,Non,Non,Oui,Non,Non,Non,,Non,Non,Non
diarkoum,https://diarkoum.tn/details.php?id_annonce=8471,Appartement,320000.0,2022-08-25,Nabeul,Hammamet,Hammamet,8050,106.0,Non,Non,Neuf,Non précisé,1.0,1.0,Non,Non,Non,Oui,Non,Non,1.0,Non,Non,Non
diarkoum,https://diarkoum.tn/details.php?id_annonce=8468,Appartement,210000.0,2022-08-25,Nabeul,Hammamet,Hammamet,8050,72.0,Non,Non,Neuf,Non précisé,3.0,1.0,Non,Non,Non,Non,Non,Non,,Non,Non,Non
diarkoum,https://diarkoum.tn/details.php?id_annonce=8467,Appartement,140000.0,2022-08-25,Nabeul,Hammamet,Hammamet,8050,100.0,Non,Non,Neuf,Non précisé,2.0,2.0,Non,Non,Non,Non,Non,Non,,Non,Non,Non
diarkoum,https://diarkoum.tn/details.php?id_annonce=8463,Appartement,235000.0,2022-08-24,Nabeul,Hammamet,Hammamet,8050,124.0,Non,Non,Neuf,Haut standing,2.0,1.0,Oui,Non,Oui,Oui,Oui,Non,2.0,Non,Non,Oui
diarkoum,https://diarkoum.tn/details.php?id_annonce=8460,Appartement,110000.0,2022-08-24,Nabeul,Hammamet,Hammamet,8050,40.0,Non,Non,Neuf,Non précisé,1.0,1.0,Non,Non,Non,Non,Non,Non,1.0,Non,Non,Non
diarkoum,https://diarkoum.tn/details.php?id_annonce=8447,Appartement,280000.0,2022-08-23,Nabeul,Korba,Korba,8070,216.0,Titre Individuel,Non,Neuf,Non précisé,4.0,2.0,Non,Non,Oui,Non,Non,Non,0.0,Non,Non,Non
diarkoum,https://diarkoum.tn/details.php?id_annonce=8444,Appartement,250000.0,2022-08-23,Nabeul,Hammamet,Hammamet,8050,120.0,Non,Non,Neuf,Non précisé,3.0,2.0,Non,Non,Non,Non,Non,Non,,Non,Non,Non
diarkoum,https://diarkoum.tn/details.php?id_annonce=8440,Appartement,380000.0,2022-08-23,Nabeul,Hammamet,Hammamet,8050,116.0,Titre Individuel,Non,Neuf,Non précisé,2.0,1.0,Non,Non,Oui,Oui,Non,Non,,Non,Non,Non
diarkoum,https://diarkoum.tn/details.php?id_annonce=8437,Appartement,165000.0,2022-08-23,Nabeul,Nabeul,Nabeul,8000,60.0,Non,Non,Neuf,Non précisé,1.0,1.0,Non,Non,Oui,Non,Non,Non,,Non,Non,Non
diarkoum,https://diarkoum.tn/details.php?id_annonce=8434,Appartement,205000.0,2022-08-23,Nabeul,Hammamet,Hammamet,8050,75.0,Non,Non,Neuf,Non précisé,2.0,1.0,Non,Non,Non,Non,Non,Non,0.0,Non,Non,Non
diarkoum,https://diarkoum.tn/details.php?id_annonce=8429,Appartement,160000.0,2022-08-21,Nabeul,Hammamet,Hammamet,8050,100.0,Non,Non,Neuf,Non précisé,2.0,1.0,Non,Non,Non,Non,Non,Oui,1.0,Non,Non,Non
diarkoum,https://diarkoum.tn/details.php?id_annonce=8427,Appartement,760000.0,2022-08-21,Nabeul,Hammamet,Hammamet,8050,261.0,Non,Non,Neuf,Non précisé,3.0,2.0,Oui,Non,Non,Oui,Non,Oui,,Non,Non,Non
diarkoum,https://diarkoum.tn/details.php?id_annonce=8425,Appartement,160000.0,2022-08-21,Nabeul,Hammamet,Hammamet,8050,115.0,Titre Bleu,Non,Neuf,Non précisé,2.0,1.0,Non,Non,Non,Non,Non,Non,2.0,Non,Non,Non
diarkoum,https://diarkoum.tn/details.php?id_annonce=8417,Appartement,350000.0,2022-08-20,Nabeul,Hammamet,Hammamet,8050,130.0,Non,Non,Neuf,Non précisé,2.0,1.0,Non,Non,Oui,Non,Non,Oui,,Non,Non,Non
diarkoum,https://diarkoum.tn/details.php?id_annonce=8414,Appartement,130000.0,2022-08-20,Nabeul,Hammamet,Hammamet,8050,60.0,Non,Non,Neuf,Non précisé,1.0,1.0,Non,Non,Non,Non,Non,Non,2.0,Non,Non,Non
diarkoum,https://diarkoum.tn/details.php?id_annonce=8411,Appartement,190000.0,2022-08-20,Nabeul,Hammamet,Hammamet,8050,89.0,Non,Non,Neuf,Moyen standing,2.0,1.0,Non,Non,Non,Non,Oui,Oui,0.0,Non,Non,Oui
diarkoum,https://diarkoum.tn/details.php?id_annonce=8407,Appartement,105000.0,2022-08-19,Nabeul,Hammamet,Hammamet,8050,70.0,Non,Non,Neuf,Non précisé,2.0,1.0,Non,Non,Non,Non,Oui,Non,1.0,Non,Non,Non
diarkoum,https://diarkoum.tn/details.php?id_annonce=8401,Appartement,185000.0,2022-08-19,Nabeul,Hammamet,Hammamet,8050,100.0,Non,Non,Neuf,Non précisé,1.0,1.0,Non,Non,Non,Non,Non,Non,1.0,Non,Non,Non
diarkoum,https://diarkoum.tn/details.php?id_annonce=8398,Appartement,320000.0,2022-08-19,Nabeul,Nabeul,Nabeul,8000,150.0,Non,Non,Neuf,Non précisé,3.0,2.0,Non,Oui,Non,Non,Non,Non,,Non,Non,Non
diarkoum,https://diarkoum.tn/details.php?id_annonce=8393,Appartement,380000.0,2022-08-18,Nabeul,Hammamet,Hammamet,8050,1140.0,Non,Non,Neuf,Non précisé,2.0,1.0,Non,Non,Non,Non,Non,Non,,Non,Non,Oui
diarkoum,https://diarkoum.tn/details.php?id_annonce=8389,Appartement,370000.0,2022-08-18,Nabeul,Nabeul,Nabeul,8000,108.0,Non,Non,Neuf,Haut standing,2.0,1.0,Oui,Non,Oui,Non,Oui,Non,,Oui,Non,Oui
diarkoum,https://diarkoum.tn/details.php?id_annonce=8387,Appartement,450000.0,2022-08-18,Nabeul,Hammamet,Hammamet,8050,263.0,Non,Non,Neuf,Non précisé,2.0,1.0,Non,Non,Non,Non,Non,Oui,,Non,Non,Non
diarkoum,https://diarkoum.tn/details.php?id_annonce=8386,Appartement,300000.0,2022-08-18,Nabeul,Hammamet,Hammamet,8050,108.0,Non,Non,Neuf,Haut standing,2.0,1.0,Oui,Oui,Oui,Oui,Oui,Non,,Non,Non,Oui
diarkoum,https://diarkoum.tn/details.php?id_annonce=8376,Appartement,300000.0,2022-08-17,Nabeul,Hammamet,Hammamet,8050,90.0,Non,Non,Neuf,Haut standing,2.0,1.0,Non,Oui,Oui,Oui,Non,Non,1.0,Oui,Non,Oui
diarkoum,https://diarkoum.tn/details.php?id_annonce=8373,Appartement,145000.0,2022-08-17,Nabeul,Hammamet,Hammamet,8050,75.0,Titre Bleu,Non,Neuf,Non précisé,2.0,1.0,Non,Non,Oui,Non,Non,Non,1.0,Non,Non,Oui
diarkoum,https://diarkoum.tn/details.php?id_annonce=8370,Appartement,260000.0,2022-08-16,Nabeul,Hammamet,Hammamet,8050,83.0,Non,Non,Neuf,Non précisé,2.0,1.0,Oui,Oui,Oui,Non,Non,Non,1.0,Non,Non,Non
diarkoum,https://diarkoum.tn/details.php?id_annonce=8367,Appartement,320000.0,2022-08-16,Nabeul,Hammamet,Hammamet,8050,107.0,Non,Non,Neuf,Non précisé,2.0,1.0,Non,Non,Non,Non,Non,Non,2.0,Non,Non,Non
diarkoum,https://diarkoum.tn/details.php?id_annonce=8364,Appartement,320000.0,2022-08-16,Nabeul,Hammamet,Hammamet,8050,120.0,Non,Non,Neuf,Non précisé,2.0,1.0,Non,Non,Oui,Non,Oui,Non,1.0,Non,Non,Non
diarkoum,https://diarkoum.tn/details.php?id_annonce=8358,Appartement,360000.0,2022-08-16,Nabeul,Nabeul,Nabeul,8000,208.0,Non,Non,Neuf,Non précisé,2.0,1.0,Non,Non,Non,Non,Non,Non,2.0,Non,Non,Non
diarkoum,https://diarkoum.tn/details.php?id_annonce=8357,Appartement,80000.0,2022-08-16,Nabeul,Nabeul,Nabeul,8000,80.0,Non,Non,Neuf,Non précisé,2.0,1.0,Non,Non,Non,Non,Non,Non,4.0,Non,Non,Non
diarkoum,https://diarkoum.tn/details.php?id_annonce=8352,Appartement,175000.0,2022-08-14,Nabeul,Hammamet,Hammamet,8050,85.0,Non,Non,Neuf,Non précisé,1.0,1.0,Non,Non,Non,Non,Non,Non,,Non,Non,Non
diarkoum,https://diarkoum.tn/details.php?id_annonce=8349,Appartement,320000.0,2022-08-14,Nabeul,Hammamet,Hammamet,8050,106.0,Non,Non,Neuf,Non précisé,1.0,1.0,Non,Non,Non,Oui,Non,Non,1.0,Non,Non,Non
diarkoum,https://diarkoum.tn/details.php?id_annonce=8346,Appartement,340000.0,2022-08-14,Nabeul,Hammamet,Hammamet,8050,78.0,Non,Non,Neuf,Non précisé,1.0,1.0,Non,Non,Oui,Non,Non,Non,0.0,Non,Non,Non
diarkoum,https://diarkoum.tn/details.php?id_annonce=8341,Appartement,230000.0,2022-08-13,Nabeul,Nabeul,Nabeul,8000,105.0,Non,Non,Neuf,Moyen standing,2.0,1.0,Non,Oui,Oui,Non,Oui,Non,,Non,Non,Oui
diarkoum,https://diarkoum.tn/details.php?id_annonce=8339,Appartement,145000.0,2022-08-13,Nabeul,Hammamet,Hammamet,8050,75.0,Titre Bleu,Non,Neuf,Non précisé,2.0,,Non,Non,Oui,Non,Non,Non,,Non,Non,Non
diarkoum,https://diarkoum.tn/details.php?id_annonce=8336,Appartement,550000.0,2022-08-13,Nabeul,Hammamet,Hammamet,8050,110.0,Non,Non,Neuf,Non précisé,,,Non,Non,Non,Non,Non,Non,,Non,Non,Non
diarkoum,https://diarkoum.tn/details.php?id_annonce=8296,Appartement,780000.0,2022-08-03,Nabeul,Hammamet,Hammamet,8050,111.0,Non,Oui,Neuf,Haut standing,2.0,2.0,Oui,Non,Oui,Non,Non,Non,1.0,Non,Non,Oui
diarkoum,https://diarkoum.tn/details.php?id_annonce=8279,Appartement,90000.0,2022-08-03,Nabeul,Hammamet,Hammamet,8050,120.0,Non,Non,Neuf,Non précisé,1.0,1.0,Non,Non,Non,Non,Non,Non,,Non,Non,Non
diarkoum,https://diarkoum.tn/details.php?id_annonce=8218,Appartement,780000.0,2022-08-01,Nabeul,Hammamet,Hammamet,8050,111.0,Non,Oui,Neuf,Haut standing,2.0,2.0,Oui,Non,Oui,Non,Non,Non,1.0,Non,Non,Oui
diarkoum,https://diarkoum.tn/details.php?id_annonce=8150,Appartement,450000.0,2022-07-29,Nabeul,Hammamet,Hammamet,8050,175.0,Non,Non,Neuf,Non précisé,1.0,1.0,Non,Non,Non,Oui,Non,Oui,0.0,Non,Non,Non
diarkoum,https://diarkoum.tn/details.php?id_annonce=8149,Appartement,950000.0,2022-07-29,Nabeul,Hammamet,Hammamet,8050,108.0,Non,Non,Neuf,Non précisé,2.0,2.0,Non,Non,Non,Oui,Non,Oui,,Non,Non,Non
diarkoum,https://diarkoum.tn/details.php?id_annonce=8148,Appartement,125000.0,2022-07-29,Sfax,Sakiet Eddaier,Sakiet Eddaier,3000,91.0,Oui,Non,Neuf,Non précisé,2.0,1.0,Non,Non,Non,Non,Non,Non,2.0,Non,Non,Non
diarkoum,https://diarkoum.tn/details.php?id_annonce=8147,Appartement,400000.0,2022-07-29,Nabeul,Hammamet,Hammamet,8050,90.0,Non,Non,Neuf,Haut standing,2.0,1.0,Non,Non,Oui,Oui,Oui,Non,4.0,Oui,Non,Oui
diarkoum,https://diarkoum.tn/details.php?id_annonce=8146,Appartement,470000.0,2022-07-29,Nabeul,Hammamet,Hammamet,8050,128.0,Non,Non,Neuf,Haut standing,2.0,1.0,Non,Non,Oui,Non,Oui,Non,1.0,Oui,Non,Oui
diarkoum,https://diarkoum.tn/details.php?id_annonce=8145,Appartement,470000.0,2022-07-29,Nabeul,Hammamet,Hammamet,8050,129.0,Non,Non,Neuf,Haut standing,2.0,2.0,Oui,Non,Oui,Non,Oui,Non,1.0,Oui,Non,Oui
diarkoum,https://diarkoum.tn/details.php?id_annonce=8122,Appartement,780000.0,2022-07-29,Nabeul,Hammamet,Hammamet,8050,111.0,Non,Oui,Neuf,Non précisé,2.0,2.0,Oui,Non,Non,Non,Non,Non,2.0,Non,Non,Non
diarkoum,https://diarkoum.tn/details.php?id_annonce=8097,Appartement,170000.0,2022-07-18,Ariana,Raoued,Raoued,2080,110.0,Non,Non,Neuf,Non précisé,3.0,1.0,Non,Non,Oui,Non,Oui,Oui,1.0,Non,Non,Non
diarkoum,https://diarkoum.tn/details.php?id_annonce=8091,Appartement,340000.0,2022-07-14,Ariana,Ariana Ville,Ariana Ville,2080,130.0,Non,Non,Neuf,Haut standing,2.0,1.0,Oui,Oui,Oui,Non,Oui,Non,5.0,Oui,Non,Oui
diarkoum,https://diarkoum.tn/details.php?id_annonce=8089,Appartement,175000.0,2022-07-13,Ariana,Ariana Ville,Ariana Ville,2080,63.0,Non,Non,Neuf,Haut standing,1.0,1.0,Oui,Oui,Oui,Non,Non,Non,6.0,Oui,Non,Oui
diarkoum,https://diarkoum.tn/details.php?id_annonce=8028,Appartement,450000.0,2022-06-30,Nabeul,Hammamet,Hammamet,8050,116.0,Titre Bleu,Non,Neuf,Moyen standing,2.0,2.0,Oui,Non,Non,Non,Oui,Non,3.0,Non,Non,Oui
diarkoum,https://diarkoum.tn/details.php?id_annonce=8031,Appartement,500000.0,2022-06-20,Nabeul,Hammamet,Hammamet,8050,140.0,Non,Non,Neuf,Non précisé,3.0,2.0,Oui,Non,Oui,Non,Oui,Oui,0.0,Non,Non,Non
diarkoum,https://diarkoum.tn/details.php?id_annonce=8027,Appartement,450000.0,2022-06-20,Nabeul,Hammamet,Hammamet,8050,120.0,Non,Non,Neuf,Moyen standing,3.0,1.0,Non,Oui,Non,Non,Oui,Non,,Non,Non,Oui
diarkoum,https://diarkoum.tn/details.php?id_annonce=8022,Appartement,665000.0,2022-06-20,Nabeul,Hammamet,Hammamet,8050,190.0,Non,Non,Neuf,Luxe,2.0,2.0,Oui,Non,Non,Non,Oui,Non,4.0,Non,Non,Oui
diarkoum,https://diarkoum.tn/details.php?id_annonce=7958,Appartement,270000.0,2022-05-25,Nabeul,Kélibia,Kélibia,8000,100.0,Non,Non,Neuf,Non précisé,2.0,1.0,Non,Non,Non,Non,Non,Non,3.0,Non,Non,Non
diarkoum,https://diarkoum.tn/details.php?id_annonce=7957,Appartement,350000.0,2022-05-25,Nabeul,Kélibia,Kélibia,8000,125.0,Non,Non,Neuf,Non précisé,2.0,1.0,Non,Non,Non,Non,Non,Non,1.0,Non,Non,Non
diarkoum,https://diarkoum.tn/details.php?id_annonce=7891,Appartement,590000.0,2022-04-26,Sousse,Sousse Jawhara,Sousse Jawhara,4000,179.0,Non,Non,Neuf,Moyen standing,3.0,2.0,Oui,Non,Oui,Non,Oui,Non,,Non,Non,Oui
diarkoum,https://diarkoum.tn/details.php?id_annonce=7836,Appartement,260000.0,2022-04-12,Sousse,Sousse Jawhara,Sousse Jawhara,4000,142.0,Non,Non,Neuf,Haut standing,2.0,1.0,Non,Oui,Non,Non,Oui,Non,5.0,Oui,Non,Oui
diarkoum,https://diarkoum.tn/details.php?id_annonce=7827,Appartement,500000.0,2022-04-11,Sousse,Sousse Jawhara,Sousse Jawhara,4000,210.0,Non,Non,Neuf,Haut standing,2.0,2.0,Oui,Non,Oui,Non,Oui,Non,,Non,Non,Oui
diarkoum,https://diarkoum.tn/details.php?id_annonce=7773,Appartement,127000.0,2022-04-03,Ben Arous,Rades,Rades,2040,92.0,Non,Non,Neuf,Non précisé,2.0,1.0,Non,Non,Non,Non,Non,Non,3.0,Oui,Non,Non
diarkoum,https://diarkoum.tn/details.php?id_annonce=7696,Appartement,330000.0,2022-03-25,Tunis,Ain zaghouan,Ain zaghouan,1100,95.0,Non,Non,Neuf,Haut standing,2.0,1.0,Non,Oui,Oui,Non,Oui,Non,4.0,Non,Non,Oui
diarkoum,https://diarkoum.tn/details.php?id_annonce=7698,Appartement,320000.0,2022-03-25,Tunis,Ain zaghouan,Ain zaghouan,1100,165.0,Non,Non,Neuf,Haut standing,2.0,1.0,Oui,Oui,Oui,Non,Oui,Non,1.0,Non,Non,Oui
diarkoum,https://diarkoum.tn/details.php?id_annonce=7710,Appartement,360000.0,2022-03-25,Tunis,Ain zaghouan,Ain zaghouan,1100,97.0,Non,Non,Neuf,Haut standing,2.0,1.0,Oui,Oui,Oui,Non,Oui,Non,,Non,Non,Oui
diarkoum,https://diarkoum.tn/details.php?id_annonce=7711,Appartement,500000.0,2022-03-25,Tunis,Carthage,Carthage,2016,140.0,Non,Non,Neuf,Moyen standing,3.0,1.0,Oui,Oui,Oui,Non,Oui,Oui,2.0,Non,Non,Oui
diarkoum,https://diarkoum.tn/details.php?id_annonce=7663,Appartement,190000.0,2022-03-18,Sousse,Akouda,Akouda,4022,68.0,Non,Non,Neuf,Moyen standing,1.0,1.0,Non,Non,Non,Non,Oui,Non,,Non,Non,Oui
diarkoum,https://diarkoum.tn/details.php?id_annonce=7519,Appartement,210000.0,2022-03-02,Sousse,Sousse Médina,Sousse Médina,4000,108.0,Non,Non,Neuf,Haut standing,2.0,1.0,Non,Non,Non,Non,Oui,Non,,Oui,Non,Oui
diarkoum,https://diarkoum.tn/details.php?id_annonce=7518,Appartement,260000.0,2022-03-02,Sousse,Hammam Sousse,Hammam Sousse,4011,126.0,Non,Non,Neuf,Haut standing,2.0,1.0,Oui,Oui,Non,Non,Oui,Non,,Non,Non,Oui
diarkoum,https://diarkoum.tn/details.php?id_annonce=7504,Appartement,140000.0,2022-03-01,Sousse,Hergla,Hergla,4000,60.0,Non,Non,Neuf,Moyen standing,1.0,1.0,Oui,Oui,Oui,Non,Non,Non,,Non,Non,Oui
diarkoum,https://diarkoum.tn/details.php?id_annonce=7503,Appartement,275000.0,2022-03-01,Sousse,Sousse Jawhara,Sousse Jawhara,4000,129.0,Non,Non,Neuf,Haut standing,3.0,2.0,Oui,Non,Non,Non,Oui,Non,0.0,Non,Non,Oui
diarkoum,https://diarkoum.tn/details.php?id_annonce=7491,Appartement,250000.0,2022-02-27,Sfax,Sfax Ville,Sfax Ville,3000,180.0,Non,Non,Neuf,Non précisé,3.0,2.0,Non,Oui,Non,Non,Non,Non,1.0,Non,Non,Non
behya.tn,https://www.behya.tn/tunisie-annonces/appartement-a-vendre-a-kelibia/,Appartement,85000.0,27 février 2026,Nabeul,kélibia,kélibia,8090,,Bleu,Oui,,,,,,,,,,,,,,
behya.tn,https://www.behya.tn/tunisie-annonces/vente-appartement-2/,Appartement,299999.0,26 février 2026,Tunis,Immeuble N°31 Rue Italie,Immeuble N°31 Rue Italie,1000,,,,,,,,,,,,,,,,,
behya.tn,https://www.behya.tn/tunisie-annonces/appartement-s3-4/,Appartement,350.0,17 février 2026,Ben Arous,ezzahra,ezzahra,2034,,,,,Haut,,,,,Oui,,,,1,Oui,,
behya.tn,https://www.behya.tn/tunisie-annonces/appartement-34/,Appartement,185.0,12 février 2026,Ben Arous,ben arous,ben arous,2013,,,,,Moyen,,,,,,,,,,Oui,,
behya.tn,https://www.behya.tn/tunisie-annonces/a-vendre-s3-aux-5eme-etage-dans-une-residence-calme-et-vue-mer/,Appartement,460000.0,23 janvier 2026,Sousse,chott meriem,chott meriem,4000,,,Oui,,,,,Oui,,,,Oui,,5,Oui,,Oui
behya.tn,https://www.behya.tn/tunisie-annonces/appartement-31/,Appartement,340.0,3 janvier 2026,Ben Arous,EZZAHRA,EZZAHRA,2034,,,,,Haut,,,,,Oui,,,,1,,,
behya.tn,https://www.behya.tn/tunisie-annonces/appartement-30/,Appartement,340.0,1 janvier 2026,Ben Arous,ezzahra,ezzahra,2034,,,,,Haut,,,,,Oui,,,,1,,,
behya.tn,https://www.behya.tn/tunisie-annonces/appartement-29/,Appartement,340.0,1 janvier 2026,Ben Arous,Ezzahra,Ezzahra,2034,,,,,Haut,,,,,Oui,,,,1,,,
behya.tn,https://www.behya.tn/tunisie-annonces/a-vendre-duplex-s2-vue-mer-au-golden-tulip-gammarth/,Appartement,820000.0,5 décembre 2025,Tunis,Gammarth,Gammarth,1000,,,Oui,,,,,Oui,,Oui,,,,RDC,,,Oui
behya.tn,https://www.behya.tn/tunisie-annonces/appartement-s2hst/,Appartement,320000.0,25 septembre 2025,Ben Arous,megrine coteaux,megrine coteaux,2013,,,,,,,,,,,,,,,,,
behya.tn,https://www.behya.tn/tunisie-annonces/appartement-s2-hst-10/,Appartement,320.0,16 septembre 2025,Ben Arous,ezzahra,ezzahra,2034,,,,,,,,,,,,,,,,,
behya.tn,https://www.behya.tn/tunisie-annonces/appartement-s4-sousse-khezama-ennakhil-169m%c2%b2-24m%c2%b2-terrasse/,Appartement,539000.0,28 juillet 2025,Sousse,Ennakhil,Ennakhil,4000,,,,,,,,,,,,,,,,,
behya.tn,https://www.behya.tn/tunisie-annonces/appartement-s4-sousse-khezama-ennakhil-169m%c2%b2-24m%c2%b2-terrasse-2/,Appartement,529000.0,28 juillet 2025,Sousse,Avenue Ennakhil Khézama,Avenue Ennakhil Khézama,4000,,,,,,,,Oui,Oui,,,,,,,,
behya.tn,https://www.behya.tn/tunisie-annonces/appartement-s3-hst-13/,Appartement,320.0,10 juillet 2025,Ben Arous,Rades meliane,Rades meliane,2013,,,,,Haut,,,Oui,Oui,Oui,,Oui,,,Oui,,Oui
behya.tn,https://www.behya.tn/tunisie-annonces/appartement-s3-hst-12/,Appartement,3600000.0,8 juillet 2025,Ben Arous,ezzahra,ezzahra,2034,,,,,Haut,,,,Oui,Oui,,Oui,,,Oui,,Oui
behya.tn,https://www.behya.tn/tunisie-annonces/appartement-28/,Appartement,150000.0,2 juillet 2025,Ben Arous,chouchet rades,chouchet rades,2013,,,,,,,,,,Oui,,,,,,,
behya.tn,https://www.behya.tn/tunisie-annonces/appartement-s1-10/,Appartement,1.0,2 juillet 2025,Ben Arous,chouchet rades,chouchet rades,2013,,,,,,,,,,Oui,,,,,,,
behya.tn,https://www.behya.tn/tunisie-annonces/a-vendre-appartement-s2-vue-mer-nabeul/,Appartement,350000.0,28 juin 2025,Nabeul,RÉSIDENCE LE FORT 1,RÉSIDENCE LE FORT 1,8000,,,Oui,,,,,,,Oui,,,,,,,
behya.tn,https://www.behya.tn/tunisie-annonces/appartement-25/,Appartement,150000.0,20 juin 2025,Ben Arous,rades,rades,2040,,,,,,,,,,Oui,,,,,,,
behya.tn,https://www.behya.tn/tunisie-annonces/appartement-s3-hst-10/,Appartement,360.0,19 juin 2025,Ben Arous,ezzahra,ezzahra,2034,,,,,Haut,,,,Oui,Oui,,Oui,,,Oui,,Oui
behya.tn,https://www.behya.tn/tunisie-annonces/appartement-s4-169m%c2%b2-terrasse-23m%c2%b2-sousse-khezama-ennakhil/,Appartement,559000.0,16 juin 2025,Sousse,Avenue des Palmiers Ennakhil,Avenue des Palmiers Ennakhil,4000,,,,,,,,Oui,Oui,,,,,1,,,
behya.tn,https://www.behya.tn/tunisie-annonces/appartement-a-bizerte/,Appartement,135000.0,16 juin 2025,Bizerte,,,,,,,,,,,,,,,,,RDC,,,
behya.tn,https://www.behya.tn/tunisie-annonces/appartement-24/,Appartement,225000.0,16 juin 2025,Nabeul,hammamet,hammamet,8050,,,,,Haut,,,Oui,Oui,Oui,,Oui,,,,,
behya.tn,https://www.behya.tn/tunisie-annonces/appartement-s3-avec-jardin-aux-jardins-de-carthage-mav1761-2/,Appartement,920000.0,9 juin 2025,Tunis,Jardins de Carthage,Jardins de Carthage,1000,,,,,,,,Oui,,Oui,,Oui,Oui,RDC,,,Oui
behya.tn,https://www.behya.tn/tunisie-annonces/appartement-s2-aux-jardins-de-carthage-mav1828/,Appartement,495000.0,9 juin 2025,Tunis,JARDINS DE CARTHAGE,JARDINS DE CARTHAGE,1000,,,,,,,,,Oui,Oui,,Oui,Oui,,,,Oui
behya.tn,https://www.behya.tn/tunisie-annonces/appartement-s2-a-ain-zaghouan-mav1878/,Appartement,240000.0,9 juin 2025,Tunis,Ain Zaghouan,Ain Zaghouan,1000,,,,,,,,,,,,Oui,,RDC,,,Oui
behya.tn,https://www.behya.tn/tunisie-annonces/appartement-21/,Appartement,225000.0,9 juin 2025,Nabeul,hammamet,hammamet,8050,,,,,Haut,,,Oui,Oui,Oui,,Oui,,,,,
behya.tn,https://www.behya.tn/tunisie-annonces/appartement-20/,Appartement,225000.0,9 juin 2025,Nabeul,hammamet,hammamet,8050,,,,,Haut,,,Oui,Oui,Oui,,Oui,,,,,
behya.tn,https://www.behya.tn/tunisie-annonces/pour-la-vente-appartement-s2-a-renove-au-rades-choucha-2/,Appartement,150000.0,29 mai 2025,Ben Arous,megrine,megrine,2033,,,,,,,,,,Oui,,,,,,,
behya.tn,https://www.behya.tn/tunisie-annonces/pour-la-vente-ezzahra-s3-2/,Appartement,360000.0,29 mai 2025,Ben Arous,ezzahra,ezzahra,2034,,,,,Haut,,,,Oui,Oui,,Oui,,,Oui,,Oui
behya.tn,https://www.behya.tn/tunisie-annonces/pour-la-vente-appartement-s4-a-ezzahra/,Appartement,380000.0,29 mai 2025,Ben Arous,Ezzahra,Ezzahra,2034,,,,,Haut,,,Oui,Oui,Oui,,Oui,,,Oui,,Oui
behya.tn,https://www.behya.tn/tunisie-annonces/appartement-19/,Appartement,360000.0,29 mai 2025,Ben Arous,ezzahra,ezzahra,2034,,,,,Haut,,,,Oui,Oui,,Oui,,,Oui,,Oui
behya.tn,https://www.behya.tn/tunisie-annonces/appartement-s1-a-gammarth-zav1866/,Appartement,450000.0,29 mai 2025,Tunis,gammarth,gammarth,1000,,,,,,,,Oui,,Oui,,Oui,,,,,Oui
behya.tn,https://www.behya.tn/tunisie-annonces/appartement-s1-a-ain-zaghouan-nord-zav1873/,Appartement,265000.0,29 mai 2025,Tunis,Ain Zaghouan nord,Ain Zaghouan nord,1000,,,,,,,,Oui,,,,Oui,,,,,Oui
behya.tn,https://www.behya.tn/tunisie-annonces/appartement-16/,Appartement,360000.0,24 mai 2025,Ben Arous,ezzahra,ezzahra,2034,,,,,Haut,,,,Oui,Oui,,Oui,,,Oui,,Oui
behya.tn,https://www.behya.tn/tunisie-annonces/appartement-17/,Appartement,380000.0,24 mai 2025,Ben Arous,ezzahra,ezzahra,2034,,,,,Haut,,,Oui,Oui,Oui,,Oui,,,Oui,,Oui
behya.tn,https://www.behya.tn/tunisie-annonces/appartement-18/,Appartement,150000.0,24 mai 2025,Ben Arous,rades,rades,2040,,,,,,,,,,Oui,,,,,,,
behya.tn,https://www.behya.tn/tunisie-annonces/appartement-15/,Appartement,225000.0,24 mai 2025,Nabeul,hammamet,hammamet,8050,,,,,Haut,,,Oui,Oui,Oui,,Oui,,,,,
behya.tn,https://www.behya.tn/tunisie-annonces/appartement-s2-a-la-kram-mav1617/,Appartement,380000.0,22 mai 2025,Tunis,kram,kram,1000,,,,,,,,,,,,Oui,,,,,Oui
behya.tn,https://www.behya.tn/tunisie-annonces/pour-la-vente-appartement-s2-a-renove-au-rades-choucha/,Appartement,150000.0,22 mai 2025,Ben Arous,rades choucha,rades choucha,2013,,,,,,,,,,Oui,,,,,,,
behya.tn,https://www.behya.tn/tunisie-annonces/appartement-s4-a-ezzahra/,Appartement,380000.0,22 mai 2025,Ben Arous,Ezzahra,Ezzahra,2034,,,,,Haut,,,Oui,Oui,Oui,,Oui,,,Oui,,Oui
behya.tn,https://www.behya.tn/tunisie-annonces/pour-la-vente-ezzahra-s3/,Appartement,360000.0,22 mai 2025,Ben Arous,Ezzahra,Ezzahra,2034,,,,,Haut,,,,Oui,Oui,,Oui,,,Oui,,Oui
behya.tn,https://www.behya.tn/tunisie-annonces/appartement-s2-a-gammarth-zav1872/,Appartement,650000.0,16 mai 2025,Tunis,gammarth,gammarth,1000,,,,,,,,Oui,Oui,Oui,,Oui,,,,,Oui
behya.tn,https://www.behya.tn/tunisie-annonces/appartement-s2-a-ain-zaghouan-nord-mav1870/,Appartement,485000.0,16 mai 2025,Tunis,ain zaghouan nord,ain zaghouan nord,1000,,,,,,,,,Oui,Oui,,Oui,,,,,Oui
behya.tn,https://www.behya.tn/tunisie-annonces/appartement-s3-aux-jardins-de-carthage-mav1847/,Appartement,765000.0,16 mai 2025,Tunis,jardins de carthage,jardins de carthage,1000,,,,,,,,Oui,Oui,Oui,,Oui,Oui,,,,Oui
behya.tn,https://www.behya.tn/tunisie-annonces/appartement-s2-aux-jardins-de-carthage-mav1725/,Appartement,572000.0,13 mai 2025,Tunis,jardins de carthage,jardins de carthage,1000,,,,,,,,Oui,Oui,Oui,,Oui,Oui,,,,Oui
behya.tn,https://www.behya.tn/tunisie-annonces/appartement-s2-a-ain-zaghouan-el-wahat-mav1855/,Appartement,300000.0,13 mai 2025,Tunis,,,,,,,,,,,,Oui,,,Oui,,,,,
behya.tn,https://www.behya.tn/tunisie-annonces/appartement-s3-avec-jardin-et-piscine-a-la-soukra-mav1556/,Appartement,850000.0,13 mai 2025,Ariana,la soukra,la soukra,ariana,,,,,,,,,,Oui,Oui,Oui,Oui,RDC,,,Oui
behya.tn,https://www.behya.tn/tunisie-annonces/appartement-s4-sousse-khezama-avenue-des-palmiers/,Appartement,559000.0,11 mai 2025,Sousse,Avenue des Palmiers Khézama,Avenue des Palmiers Khézama,4000,,,,,,,,Oui,Oui,,,,,1,,,
behya.tn,https://www.behya.tn/tunisie-annonces/appartement-s1-a-la-soukra-zav1867/,Appartement,260000.0,9 mai 2025,Ariana,la soukra,la soukra,ariana,,,,,,,,Oui,,Oui,,Oui,,,,,Oui
behya.tn,https://www.behya.tn/tunisie-annonces/appartement-s1-a-la-soukra-zav1869/,Appartement,320000.0,9 mai 2025,Ariana,la soukra,la soukra,ariana,,,,,,,,Oui,,,,Oui,Oui,RDC,,,Oui
behya.tn,https://www.behya.tn/tunisie-annonces/appartement-s3-hst-8/,Appartement,360.0,2 mai 2025,Ben Arous,ezzahra,ezzahra,2034,,,,,Haut,,,,Oui,Oui,,Oui,,,Oui,,Oui
behya.tn,https://www.behya.tn/tunisie-annonces/appartement-s2-aux-jardins-de-carthage-mav1861/,Appartement,480000.0,30 avril 2025,Tunis,ain zaghwene nord,ain zaghwene nord,1000,,,,,,,,Oui,Oui,Oui,,Oui,Oui,,,,Oui
behya.tn,https://www.behya.tn/tunisie-annonces/appartement-s2-pres-de-la-mer-a-khair-eddine-mav1742-2/,Appartement,400000.0,28 avril 2025,Tunis,la marsa,la marsa,2070,,,Oui,,,,,,Oui,,,Oui,,,,,Oui
behya.tn,https://www.behya.tn/tunisie-annonces/appartement-s3-aux-jardins-de-carthage-zav1859/,Appartement,750000.0,25 avril 2025,Tunis,la marsa,la marsa,2070,,,,,,,,Oui,Oui,Oui,,Oui,Oui,,,,Oui
behya.tn,https://www.behya.tn/tunisie-annonces/appartement-s1-avec-terrasse-et-piscine-a-gammarth-mav1650/,Appartement,650000.0,24 avril 2025,Tunis,la marsa,la marsa,2070,,,,,,,,Oui,,Oui,Oui,Oui,,RDC,,,Oui
behya.tn,https://www.behya.tn/tunisie-annonces/appartement-s4-a-ain-zaghouan-el-wahat-mav1646-3/,Appartement,430000.0,24 avril 2025,Tunis,la marsa,la marsa,2070,,,,,,,,,Oui,Oui,,Oui,,,,,Oui
behya.tn,https://www.behya.tn/tunisie-annonces/appartement-s2-a-ain-zaghouan-el-wahat-zav1857/,Appartement,250000.0,19 avril 2025,Tunis,la marsa,la marsa,2070,,,,,,,,Oui,Oui,Oui,,Oui,,,,,Oui
behya.tn,https://www.behya.tn/tunisie-annonces/appartement-s2-a-laouina-mav1856/,Appartement,320000.0,19 avril 2025,Tunis,la marsa,la marsa,2070,,,,,,,,,,Oui,,Oui,,,,,Oui
behya.tn,https://www.behya.tn/tunisie-annonces/appartement-s3-a-laouina-zav1853/,Appartement,345000.0,17 avril 2025,Tunis,la marsa,la marsa,2070,,,,,,,,Oui,,Oui,,Oui,,,,,Oui
behya.tn,https://www.behya.tn/tunisie-annonces/appartement-s3-a-la-soukra-mav1668-2/,Appartement,650000.0,14 avril 2025,Tunis,la marsa,la marsa,2070,,,,,,,,,Oui,,,Oui,,,,,Oui
behya.tn,https://www.behya.tn/tunisie-annonces/appartement-s3-a-ain-zaghouan-nord-zav0060/,Appartement,540000.0,14 avril 2025,Tunis,la marsa,la marsa,2070,,,,,,,,Oui,Oui,Oui,,Oui,,,,,Oui
behya.tn,https://www.behya.tn/tunisie-annonces/appartement-s3-a-ain-zaghouan-zav1851/,Appartement,520000.0,12 avril 2025,Tunis,ain zaghouan,ain zaghouan,1000,,,,,,,,Oui,Oui,Oui,,Oui,,,,,Oui
behya.tn,https://www.behya.tn/tunisie-annonces/appartement-s3-a-ain-zaghouan-la-nouvelle-soukra-mav1634/,Appartement,590000.0,11 avril 2025,Tunis,la marsa,la marsa,2070,,,,,,,,,Oui,Oui,,Oui,,,,,Oui
behya.tn,https://www.behya.tn/tunisie-annonces/appartement-s3-a-carthage-byrsa-mav1757/,Appartement,330000.0,11 avril 2025,Tunis,la marsa,la marsa,2070,,,,,,,,Oui,Oui,,,Oui,,,,,
behya.tn,https://www.behya.tn/tunisie-annonces/appartement-s1-vue-sur-mer-a-la-goulette-zav1845/,Appartement,380000.0,9 avril 2025,Tunis,la marsa,la marsa,2070,,,Oui,,,,,,Oui,Oui,,Oui,,,,,Oui
behya.tn,https://www.behya.tn/tunisie-annonces/appartement-s3-a-ain-zaghouan-zav1663/,Appartement,320000.0,9 avril 2025,Tunis,la marsa,la marsa,2070,,,,,,,,Oui,,,Oui,Oui,Oui,RDC,,,Oui
behya.tn,https://www.behya.tn/tunisie-annonces/appartement-s3-hst-6/,Appartement,3600.0,9 avril 2025,Ben Arous,ezzahra,ezzahra,2034,,,,,Haut,,,,Oui,Oui,,Oui,,,Oui,,Oui
behya.tn,https://www.behya.tn/tunisie-annonces/appartement-s2-hst-2/,Appartement,280.0,4 mars 2025,Ben Arous,ezzahra,ezzahra,2034,,,,,Haut,,,Oui,Oui,Oui,,Oui,,3,,,Oui
behya.tn,https://www.behya.tn/tunisie-annonces/appartement-s1-6/,Appartement,280.0,4 mars 2025,Nabeul,Mrezga,Mrezga,8000,,,,,Haut,,,Oui,Oui,Oui,,Oui,,,,,
behya.tn,https://www.behya.tn/tunisie-annonces/appartement-s1-5/,Appartement,2250000.0,27 février 2025,Nabeul,megrine coteaux,megrine coteaux,2013,,,,,Haut,,,Oui,Oui,Oui,,Oui,,,,,
behya.tn,https://www.behya.tn/tunisie-annonces/appartement-s3-2/,Appartement,2800000.0,24 février 2025,Ben Arous,megrine coteaux,megrine coteaux,2013,,,,,Haut,,,Oui,Oui,Oui,,Oui,,3,,,Oui
behya.tn,https://www.behya.tn/tunisie-annonces/appartement-s1-4/,Appartement,225.0,24 février 2025,Nabeul,megrine coteaux,megrine coteaux,2013,,,,,Haut,,,Oui,Oui,Oui,,Oui,,,,,
behya.tn,https://www.behya.tn/tunisie-annonces/appartement-s1-3/,Appartement,0.0,16 février 2025,Nabeul,Mrezga,Mrezga,8000,,,,,Haut,,,Oui,Oui,Oui,,Oui,,,,,
behya.tn,https://www.behya.tn/tunisie-annonces/appartement-s1-a-ain-zaghouan-nord-mav1790/,Appartement,395000.0,23 décembre 2024,Tunis,ain zaghwene,ain zaghwene,1000,,,,,,,,,Oui,Oui,Oui,Oui,,,,,Oui
behya.tn,https://www.behya.tn/tunisie-annonces/appartement-s2-a-la-marsa-mav1540/,Appartement,395000.0,4 décembre 2024,Tunis,la marsa,la marsa,2070,,,,,,,,,Oui,,,Oui,,,,,Oui
behya.tn,https://www.behya.tn/tunisie-annonces/appartement-rd/,Appartement,0.0,1 décembre 2024,Bizerte,,,,,,,,,,,,,,,,,RDC,,,
behya.tn,https://www.behya.tn/tunisie-annonces/appartement-s3-aux-jardins-de-carthage-mav1772/,Appartement,890000.0,30 novembre 2024,Tunis,jardins de carthage,jardins de carthage,1000,,,,,,,,Oui,Oui,Oui,,Oui,Oui,,,,Oui
behya.tn,https://www.behya.tn/tunisie-annonces/appartement-s1-a-la-nouvelle-soukra-mav1783/,Appartement,277000.0,29 novembre 2024,Tunis,soukra,soukra,2010,,,,,,,,,,,,Oui,,RDC,,,Oui
behya.tn,https://www.behya.tn/tunisie-annonces/appartement-s1-a-la-soukra-mav1778-2/,Appartement,241000.0,29 novembre 2024,Ariana,la soukra,la soukra,ariana,,,,,,,,,,Oui,,Oui,,,,,Oui
behya.tn,https://www.behya.tn/tunisie-annonces/appartement-s1-aux-jardins-de-carthage-mav1735/,Appartement,345000.0,29 novembre 2024,Tunis,jardins de carthage,jardins de carthage,1000,,,,,,,,Oui,,,,Oui,Oui,RDC,,,Oui
behya.tn,https://www.behya.tn/tunisie-annonces/appartement-s1-a-la-soukra-mav1778/,Appartement,241000.0,28 novembre 2024,Ariana,la soukra,la soukra,ariana,,,,,,,,,,Oui,,Oui,,,,,Oui
behya.tn,https://www.behya.tn/tunisie-annonces/appartement-s3-a-la-nouvelle-soukra-mav1780/,Appartement,500000.0,28 novembre 2024,Ariana,ain zaghwene,ain zaghwene,1000,,,,,,,,,Oui,,,Oui,,,,,Oui
behya.tn,https://www.behya.tn/tunisie-annonces/appartement-s3-hst-2/,Appartement,280000.0,27 novembre 2024,Ben Arous,megrine coteaux,megrine coteaux,2013,,,,,Haut,,,Oui,Oui,Oui,,Oui,,3,,,Oui
behya.tn,https://www.behya.tn/tunisie-annonces/appartement-s-1-a-ain-zaghouan-mav1768/,Appartement,291000.0,26 novembre 2024,Tunis,ain zaghwene,ain zaghwene,1000,,,,,,,,Oui,,Oui,,Oui,,,,,Oui
behya.tn,https://www.behya.tn/tunisie-annonces/appartement-s2-a-ain-zaghouan-nord-zav1739/,Appartement,575000.0,26 novembre 2024,Tunis,ain zaghwene,ain zaghwene,1000,,,,,,,,Oui,Oui,Oui,,Oui,,,,,Oui
behya.tn,https://www.behya.tn/tunisie-annonces/appartement-s2-a-ain-zaghouan-mav1767/,Appartement,260000.0,26 novembre 2024,Tunis,ain zaghwene,ain zaghwene,1000,,,,,,,,,,Oui,,Oui,,,,,Oui
behya.tn,https://www.behya.tn/tunisie-annonces/appartement-s4-a-la-soukra-mav1393/,Appartement,430000.0,15 novembre 2024,Ariana,la soukra,la soukra,ariana,,,,,,,,Oui,Oui,Oui,,Oui,,,,,Oui
behya.tn,https://www.behya.tn/tunisie-annonces/duplex-s1-avec-terrasse-a-ain-zaghouan-nord-mav1520/,Appartement,345000.0,11 novembre 2024,Tunis,ain zaghwene nord,ain zaghwene nord,1000,,,,,,,,Oui,,,,Oui,,RDC,,,Oui
behya.tn,https://www.behya.tn/tunisie-annonces/duplex-s3-avec-jardin-a-la-marsa-zdv0068/,Appartement,1100000.0,11 novembre 2024,Tunis,la marsa,la marsa,2070,,,,,,,,,,Oui,,Oui,Oui,RDC,,,Oui
behya.tn,https://www.behya.tn/tunisie-annonces/appartement-s3-a-la-soukra-mav1668/,Appartement,650000.0,7 novembre 2024,Ariana,la soukra,la soukra,ariana,,,,,,,,,Oui,Oui,,Oui,,,,,Oui
behya.tn,https://www.behya.tn/tunisie-annonces/appartement-s3-a-la-soukra-mav1745-2/,Appartement,600000.0,7 novembre 2024,Ariana,LA SOUKRA,LA SOUKRA,ariana,,,,,,,,,Oui,Oui,Oui,Oui,,,,,Oui
behya.tn,https://www.behya.tn/tunisie-annonces/appartement-s2-avec-jardin-aux-jardins-de-carthage-mav1762/,Appartement,650000.0,5 novembre 2024,Tunis,carthage,carthage,2016,,,,,,,,Oui,,Oui,,Oui,Oui,RDC,,,Oui
behya.tn,https://www.behya.tn/tunisie-annonces/appartement-s3-avec-jardin-aux-jardins-de-carthage-mav1761/,Appartement,240000.0,5 novembre 2024,Tunis,jardins de carthage,jardins de carthage,1000,,,,,,,,Oui,,Oui,,Oui,Oui,RDC,,,Oui
behya.tn,https://www.behya.tn/tunisie-annonces/appartement-s3-a-ain-zaghouan-nord-mav1634/,Appartement,591000.0,1 novembre 2024,Tunis,lac1,lac1,1000,,,,,,,,,Oui,Oui,,Oui,,,,,Oui
behya.tn,https://www.behya.tn/tunisie-annonces/appartement-s2-a-ain-zaghouan-nord-mav1633/,Appartement,408000.0,1 novembre 2024,Tunis,ain zaghwene,ain zaghwene,1000,,,,,,,,,Oui,Oui,,Oui,,,,,Oui
behya.tn,https://www.behya.tn/tunisie-annonces/appartement-s1-a-la-soukra-mav1754/,Appartement,295000.0,1 novembre 2024,Ariana,la soukra,la soukra,ariana,,,,,,,,Oui,,Oui,,Oui,,,,,Oui
behya.tn,https://www.behya.tn/tunisie-annonces/penthouse-s4-avec-piscine-aux-jardins-de-carthage-zav1741/,Appartement,3000000.0,1 novembre 2024,Tunis,JARDINS DE CARTHAGE,JARDINS DE CARTHAGE,1000,,,,,,,,,,Oui,Oui,Oui,Oui,,,,Oui
behya.tn,https://www.behya.tn/tunisie-annonces/appartement-s3-a-la-goulette-zav1038/,Appartement,380000.0,29 octobre 2024,Tunis,la goulette,la goulette,2060,,,Oui,,,,,Oui,Oui,,,Oui,,,,,Oui
behya.tn,https://www.behya.tn/tunisie-annonces/appartement-s2-avec-jardin-a-ain-zaghouan-mav1749/,Appartement,440000.0,29 octobre 2024,Tunis,ain zaghwene,ain zaghwene,1000,,,,,,,,Oui,,Oui,,Oui,Oui,RDC,,,Oui
behya.tn,https://www.behya.tn/tunisie-annonces/appartement-s3-a-la-soukra-mav1745/,Appartement,600000.0,24 octobre 2024,Ariana,la soukra,la soukra,ariana,,,,,,,,,Oui,Oui,Oui,Oui,,,,,Oui
behya.tn,https://www.behya.tn/tunisie-annonces/appartement-s2-pres-de-la-mer-a-khair-eddine-mav1742/,Appartement,370000.0,24 octobre 2024,Tunis,la goulette,la goulette,2060,,,Oui,,,,,,Oui,,,Oui,,,,,Oui
behya.tn,https://www.behya.tn/tunisie-annonces/appartement-s3-a-la-soukra-mav1744/,Appartement,630000.0,24 octobre 2024,Tunis,la soukra,la soukra,ariana,,,,,,,,,Oui,Oui,Oui,Oui,,,,,Oui
behya.tn,https://www.behya.tn/tunisie-annonces/appartement-s2-avec-jardin-a-la-marsa-mav1639/,Appartement,240000.0,22 octobre 2024,Tunis,la marsa,la marsa,2070,,,,,,,,,,,,Oui,Oui,RDC,,,Oui
behya.tn,https://www.behya.tn/tunisie-annonces/des-appartements-s2-a-vendre-a-la-marsa-mav1731/,Appartement,450000.0,17 octobre 2024,Tunis,la marsa,la marsa,2070,,,,,,,,Oui,Oui,Oui,,Oui,,,Oui,,Oui
behya.tn,https://www.behya.tn/tunisie-annonces/appartement-s2-meuble-a-ain-zaghouan-el-wahat-mav1737/,Appartement,365000.0,17 octobre 2024,Tunis,ain zaghwen nord,ain zaghwen nord,1000,,,,,,,,,,Oui,,Oui,,,,,Oui
behya.tn,https://www.behya.tn/tunisie-annonces/appartement-s3-aux-jardins-de-carthage-mav1733/,Appartement,680000.0,17 octobre 2024,Tunis,JARDINS DE CARTHAGE,JARDINS DE CARTHAGE,1000,,,,,,,,Oui,Oui,Oui,,Oui,Oui,,,,Oui
behya.tn,https://www.behya.tn/tunisie-annonces/appartement-s2-a-ain-zaghouan-nord-zav1734/,Appartement,470000.0,12 octobre 2024,Tunis,ain zaghouan,ain zaghouan,1000,,,,,,,,Oui,Oui,Oui,,Oui,,,,,Oui
behya.tn,https://www.behya.tn/tunisie-annonces/appartement-s3-a-jardins-de-carthage-zav1266/,Appartement,1600000.0,11 octobre 2024,Ariana,jardins de carthage,jardins de carthage,1000,,,,,,,,,Oui,Oui,Oui,Oui,Oui,,,,Oui
behya.tn,https://www.behya.tn/tunisie-annonces/appartement-s3-a-la-soukra-zav1683-2/,Appartement,410000.0,9 octobre 2024,Ariana,la soukra,la soukra,ariana,,,,,,,,,Oui,,,Oui,,,,,Oui
behya.tn,https://www.behya.tn/tunisie-annonces/appartement-s3-a-la-soukra-mav1504/,Appartement,450000.0,9 octobre 2024,Ariana,la soukra,la soukra,ariana,,,,,,,,,Oui,Oui,,Oui,,RDC,,,Oui
behya.tn,https://www.behya.tn/tunisie-annonces/appartement-s2-a-ain-zaghouan-el-wahat-zav1525/,Appartement,245000.0,4 octobre 2024,Tunis,ain zaghwene,ain zaghwene,1000,,,,,,,,,Oui,,,Oui,,,,,
behya.tn,https://www.behya.tn/tunisie-annonces/appartement-s3-ain-zaghouan-el-wahat-mav1704/,Appartement,330000.0,2 octobre 2024,Tunis,ain zaghwene,ain zaghwene,1000,,,,,,,,Oui,Oui,,,Oui,,,,,Oui
behya.tn,https://www.behya.tn/tunisie-annonces/appartement-s1-a-ain-zaghouan-nord-zav1260-3/,Appartement,265000.0,2 octobre 2024,Tunis,ain zaghwen nord,ain zaghwen nord,1000,,,,,,,,,Oui,Oui,,Oui,,RDC,,,Oui
behya.tn,https://www.behya.tn/tunisie-annonces/appartement-s1-a-ain-zaghouan-el-wahat-mav1710/,Appartement,215000.0,2 octobre 2024,Tunis,ain zaghwene nord,ain zaghwene nord,1000,,,,,,,,,,,,Oui,,,,,
behya.tn,https://www.behya.tn/tunisie-annonces/appartement-s3-a-jardins-de-carthage-mav1444/,Appartement,450000.0,2 octobre 2024,Tunis,JARDINS DE CARTHAGE,JARDINS DE CARTHAGE,1000,,,,,,,,Oui,Oui,,,Oui,Oui,,,,Oui
behya.tn,https://www.behya.tn/tunisie-annonces/appartement-s3-aux-berges-du-lac-2-mav1716/,Appartement,900000.0,27 septembre 2024,Tunis,lac2,lac2,1000,,,,,,,,,Oui,Oui,,Oui,,,,,Oui
behya.tn,https://www.behya.tn/tunisie-annonces/appartement-s1-a-laouina-mav1718/,Appartement,240000.0,26 septembre 2024,Tunis,laouina,laouina,1000,,,,,,,,Oui,Oui,,,Oui,,,,,Oui
behya.tn,https://www.behya.tn/tunisie-annonces/appartement-s2-avec-jardin-a-la-marsa-mav1211/,Appartement,500000.0,25 septembre 2024,Tunis,la marsa,la marsa,2070,,,,,,,,,,,,Oui,Oui,RDC,,,Oui
behya.tn,https://www.behya.tn/tunisie-annonces/appartement-s4-a-ain-zaghouan-el-wahat-mav1646-2/,Appartement,390000.0,23 septembre 2024,Tunis,ain zaghwene nord,ain zaghwene nord,1000,,,,,,,,,Oui,Oui,,Oui,,,,,Oui
behya.tn,https://www.behya.tn/tunisie-annonces/appartement-s4-a-ain-zaghouan-el-wahat-mav1432/,Appartement,485000.0,23 septembre 2024,Tunis,ain zaghwene,ain zaghwene,1000,,,,,,,,Oui,,Oui,,Oui,,,,,Oui
behya.tn,https://www.behya.tn/tunisie-annonces/appartement-s1-aux-jardins-de-carthage-mav1475-2/,Appartement,350000.0,15 septembre 2024,Tunis,jardins carthage,jardins carthage,1000,,,,,,,,,,Oui,,Oui,Oui,,,,Oui
behya.tn,https://www.behya.tn/tunisie-annonces/appartement-s1-a-la-marsa-mav1709/,Appartement,595000.0,15 septembre 2024,Tunis,la marsa,la marsa,2070,,,,,,,,Oui,Oui,Oui,,Oui,,,,,Oui
behya.tn,https://www.behya.tn/tunisie-annonces/appartement-s3-a-ain-zaghouan-nord-mav1575-2/,Appartement,580000.0,10 septembre 2024,Tunis,ain zaghwene nord,ain zaghwene nord,1000,,,,,,,,,Oui,Oui,,Oui,,,,,Oui
behya.tn,https://www.behya.tn/tunisie-annonces/appartement-s2-a-ain-zaghouan-nord-mav1705/,Appartement,680000.0,5 septembre 2024,Tunis,ain zaghwene nord,ain zaghwene nord,1000,,,,,,,,,Oui,Oui,,Oui,,,,,Oui
behya.tn,https://www.behya.tn/tunisie-annonces/appartement-s2-a-la-marsa-mav1602-2/,Appartement,285000.0,5 septembre 2024,Tunis,la marsa,la marsa,2070,,,,,,,,Oui,Oui,Oui,,Oui,,,,,Oui
behya.tn,https://www.behya.tn/tunisie-annonces/appartement-s3-aux-jardins-de-carthage-mav1692-2/,Appartement,741000.0,3 septembre 2024,Tunis,jardins de crathage,jardins de crathage,1000,,,,,,,,Oui,Oui,,Oui,Oui,Oui,,,,Oui
behya.tn,https://www.behya.tn/tunisie-annonces/penthouse-s3-a-jardins-de-carthage-zav1201/,Appartement,1800000.0,24 août 2024,Tunis,jardins de carthage,jardins de carthage,1000,,,,,,,,,,Oui,Oui,Oui,Oui,3,,,Oui
behya.tn,https://www.behya.tn/tunisie-annonces/appartement-s3-a-ain-zaghouan-nord-mav1575/,Appartement,580000.0,24 août 2024,Tunis,ain zaghwene nord,ain zaghwene nord,1000,,,,,,,,,Oui,Oui,,Oui,,,,,Oui
behya.tn,https://www.behya.tn/tunisie-annonces/appartement-s2-aux-jardins-de-carthage-zav1695/,Appartement,465000.0,24 août 2024,Tunis,jardins de carthage,jardins de carthage,1000,,,,,,,,Oui,Oui,Oui,,Oui,Oui,,,,Oui
behya.tn,https://www.behya.tn/tunisie-annonces/appartement-s4-aux-berges-du-lac-1-mav1678/,Appartement,790000.0,24 août 2024,Tunis,lac1,lac1,1000,,,,,,,,Oui,Oui,Oui,,Oui,,,,,Oui
behya.tn,https://www.behya.tn/tunisie-annonces/appartement-s2-aux-jardins-de-carthage-zav1265-3/,Appartement,610000.0,24 août 2024,Tunis,jardins de carthage,jardins de carthage,1000,,,,,,,,Oui,Oui,Oui,,Oui,Oui,RDC,,,Oui
behya.tn,https://www.behya.tn/tunisie-annonces/penthouse-s3-avec-piscine-aux-berges-du-lac-2-mav1619/,Appartement,2000000.0,24 août 2024,Tunis,lac2,lac2,1000,,,,,,,,,,Oui,Oui,Oui,,,,,Oui
behya.tn,https://www.behya.tn/tunisie-annonces/appartement-s3-aux-berges-du-lac-1-zav1357/,Appartement,580000.0,24 août 2024,Tunis,lac1,lac1,1000,,,,,,,,,,Oui,,Oui,,,,,Oui
behya.tn,https://www.behya.tn/tunisie-annonces/appartement-s2-aux-berges-du-lac-1-zav1476/,Appartement,480000.0,24 août 2024,Tunis,lac1,lac1,1000,,,,,,,,,,Oui,,Oui,,,,,Oui
behya.tn,https://www.behya.tn/tunisie-annonces/appartement-s2-a-la-soukra-zav1699/,Appartement,450000.0,20 août 2024,Ariana,la soukra,la soukra,ariana,,,,,,,,Oui,Oui,Oui,,Oui,,,,,Oui
behya.tn,https://www.behya.tn/tunisie-annonces/appartement-s3-aux-berges-du-lac-2-mav1702/,Appartement,790000.0,20 août 2024,Tunis,lac2,lac2,1000,,,,,,,,Oui,,Oui,,Oui,,,,,Oui
behya.tn,https://www.behya.tn/tunisie-annonces/appartement-s3-avec-terrasse-a-la-marsa-mav1631/,Appartement,950000.0,20 août 2024,Tunis,la marsa,la marsa,2070,,,,,,,,Oui,,Oui,,Oui,,RDC,,,Oui
behya.tn,https://www.behya.tn/tunisie-annonces/appartement-s2-aux-jdc/,Appartement,465000.0,9 août 2024,Tunis,jardins de carthage,jardins de carthage,1000,,,,,,,,Oui,Oui,Oui,,Oui,Oui,,,,Oui
behya.tn,https://www.behya.tn/tunisie-annonces/appartement-s2-aux-berges-du-lac-2-zav1657/,Appartement,480000.0,6 août 2024,Tunis,lac2,lac2,1000,,,,,,,,,Oui,Oui,,Oui,,,,,Oui
behya.tn,https://www.behya.tn/tunisie-annonces/appartement-s1-a-ain-zaghouan-nord-zav1453/,Appartement,400000.0,28 juillet 2024,Tunis,ain zaghwene,ain zaghwene,1000,,,,,,,,,Oui,Oui,,Oui,,,,,Oui
behya.tn,https://www.behya.tn/tunisie-annonces/appartement-s1-aux-jardins-de-carthage-mav1481/,Appartement,310000.0,17 juillet 2024,Tunis,jardins de carthage,jardins de carthage,1000,,,,,,,,,,Oui,,Oui,Oui,,,,Oui
behya.tn,https://www.behya.tn/tunisie-annonces/appartement-s0-meuble-aux-jardins-de-carthage-mav1675/,Appartement,300000.0,17 juillet 2024,Tunis,jardins de carthage,jardins de carthage,1000,,,,,,,,Oui,,,Oui,Oui,Oui,,,,Oui
behya.tn,https://www.behya.tn/tunisie-annonces/appartement-s1-a-ain-zaghouan-nord-mav1592/,Appartement,210000.0,17 juillet 2024,Tunis,ain zaghwene nord,ain zaghwene nord,1000,,,,,,,,,Oui,,,Oui,,,,,Oui
behya.tn,https://www.behya.tn/tunisie-annonces/appartement-s1-a-ain-zaghouan-nord/,Appartement,285000.0,17 juillet 2024,Tunis,ain zaghwene,ain zaghwene,1000,,,,,,,,,Oui,Oui,,Oui,,,,,Oui
behya.tn,https://www.behya.tn/tunisie-annonces/appartement-s4-vue-sur-lac-aux-berges-du-lac-1-mal0786/,Appartement,5500.0,17 juillet 2024,Tunis,lac1,lac1,1000,,,,,,,,,Oui,Oui,,Oui,,,,,Oui
behya.tn,https://www.behya.tn/tunisie-annonces/duplex-s3-avec-jardin-a-la-marsa-mdv0153/,Appartement,675000.0,17 juillet 2024,Tunis,la marsa,la marsa,2070,,,,,,,,,Oui,,,Oui,Oui,RDC,,,Oui
behya.tn,https://www.behya.tn/tunisie-annonces/appartement-s2-aux-jardins-de-carthage/,Appartement,577000.0,15 juillet 2024,Tunis,jardins de carthage,jardins de carthage,1000,,,,,,,,,Oui,Oui,,Oui,Oui,,,,Oui
behya.tn,https://www.behya.tn/tunisie-annonces/appartement-s3-aux-jardins-de-carthage-zav1423/,Appartement,706500.0,15 juillet 2024,Tunis,jardins de carthage,jardins de carthage,1000,,,,,,,,,Oui,Oui,,Oui,Oui,,,,Oui
behya.tn,https://www.behya.tn/tunisie-annonces/appartement-s3-a-ain-zaghouan-nord-mav1623/,Appartement,500000.0,12 juillet 2024,Tunis,ain zaghwene nord,ain zaghwene nord,1000,,,,,,,,Oui,Oui,Oui,,Oui,,,,,Oui
behya.tn,https://www.behya.tn/tunisie-annonces/appartement-s2-a-ain-zaghouan-nord-mav1579-2/,Appartement,520000.0,12 juillet 2024,Tunis,ain zaghwene nord,ain zaghwene nord,1000,,,,,,,,,Oui,Oui,,Oui,,,,,Oui
behya.tn,https://www.behya.tn/tunisie-annonces/appartement-s2-a-ain-zaghouan-nord-mav1579/,Appartement,500000.0,12 juillet 2024,Tunis,ain zaghwene,ain zaghwene,1000,,,,,,,,,Oui,Oui,,Oui,,,,,Oui
behya.tn,https://www.behya.tn/tunisie-annonces/appartement-s3-aux-jardins-de-carthage-mav1210/,Appartement,930000.0,12 juillet 2024,Tunis,jardins de carthage,jardins de carthage,1000,,,,,,,,,Oui,Oui,,Oui,Oui,,,,Oui
behya.tn,https://www.behya.tn/tunisie-annonces/appartement-s2-aux-jardins-de-carthage-mav1411-2/,Appartement,435000.0,12 juillet 2024,Tunis,jardins de carthage,jardins de carthage,1000,,,,,,,,,,Oui,,Oui,Oui,,,,Oui
behya.tn,https://www.behya.tn/tunisie-annonces/appartement-s1-aux-jardins-de-carthage-mav1656-2/,Appartement,440000.0,12 juillet 2024,Tunis,jardins de carthage,jardins de carthage,1000,,,,,,,,Oui,,Oui,,Oui,Oui,,,,Oui
behya.tn,https://www.behya.tn/tunisie-annonces/appartement-s2-a-sidi-daoud-la-marsa-mav1531/,Appartement,600000.0,12 juillet 2024,Tunis,la marsa,la marsa,2070,,,,,,,,,,,,Oui,,,,,Oui
behya.tn,https://www.behya.tn/tunisie-annonces/appartement-s0-a-la-goulette-cote-mer-mav1179/,Appartement,105000.0,9 juillet 2024,Tunis,la goulette,la goulette,2060,,,Oui,,,,,,,,,Oui,,RDC,,,Oui
behya.tn,https://www.behya.tn/tunisie-annonces/appartement-s2-aux-berges-du-lac-1/,Appartement,900000.0,7 juillet 2024,Tunis,lac1,lac1,1000,,,,,,,,Oui,,Oui,,Oui,Oui,RDC,,,Oui
behya.tn,https://www.behya.tn/tunisie-annonces/duplex-s3-avec-jardin-a-la-marsa-mtrl0095/,Appartement,2000.0,7 juillet 2024,Tunis,la marsa,la marsa,2070,,,,,,,,,,,,Oui,Oui,RDC,,,Oui
behya.tn,https://www.behya.tn/tunisie-annonces/appartement-s3-a-la-marsa-mav1509/,Appartement,680000.0,5 juillet 2024,Tunis,la marsa,la marsa,2070,,,,,,,,,,Oui,,Oui,,,,,Oui
behya.tn,https://www.behya.tn/tunisie-annonces/appartement-s2-a-la-soukra-mav1482/,Appartement,380000.0,22 juin 2024,Ariana,la soukra,la soukra,ariana,,,,,,,,Oui,Oui,Oui,,Oui,,,,,Oui
behya.tn,https://www.behya.tn/tunisie-annonces/appartement-s3-a-ain-zaghouan-nord-zav1625/,Appartement,660000.0,15 juin 2024,Tunis,ain zaghwene,ain zaghwene,1000,,,,,,,,Oui,Oui,Oui,,Oui,,,,,Oui
behya.tn,https://www.behya.tn/tunisie-annonces/a-vendre-un-appartement-s1-au-lac-2/,Appartement,430000.0,12 juin 2024,Tunis,lac 2,lac 2,1000,,,,,,,,,Oui,Oui,,Oui,,2,Oui,,Oui
behya.tn,https://www.behya.tn/tunisie-annonces/appartement-s2-avec-jardin-a-ain-zaghouan-mav1543/,Appartement,460000.0,9 juin 2024,Tunis,ain zaghwene,ain zaghwene,1000,,,,,,,,,,Oui,,Oui,Oui,RDC,,,Oui
behya.tn,https://www.behya.tn/tunisie-annonces/appartement-s3-a-la-soukra-mav1672/,Appartement,600000.0,2 juin 2024,Ariana,la soukra,la soukra,ariana,,,,,,,,Oui,Oui,Oui,,Oui,,,,,Oui
behya.tn,https://www.behya.tn/tunisie-annonces/appartement-s3-vue-sur-lac-aux-berges-du-lac-2-zav1386/,Appartement,1170000.0,28 mai 2024,Tunis,lac2,lac2,1000,,,,,,,,Oui,,Oui,,Oui,,,,,Oui
behya.tn,https://www.behya.tn/tunisie-annonces/appartement-s3-a-la-soukra-mav1452/,Appartement,650000.0,28 mai 2024,Ariana,la soukra,la soukra,ariana,,,,,,,,,Oui,Oui,,Oui,,,,,Oui
behya.tn,https://www.behya.tn/tunisie-annonces/appartement-s4-aux-jardins-de-carthage-zav1536/,Appartement,550000.0,28 mai 2024,Tunis,jardins de carthage,jardins de carthage,1000,,,,,,,,,Oui,Oui,,Oui,Oui,,,,
behya.tn,https://www.behya.tn/tunisie-annonces/appartement-s2-aux-berges-du-lac-2-zav1385/,Appartement,840000.0,23 mai 2024,Tunis,lac2,lac2,1000,,,,,,,,Oui,Oui,Oui,,Oui,,,,,Oui
behya.tn,https://www.behya.tn/tunisie-annonces/appartement-s2-a-la-marsa-mav1660/,Appartement,320000.0,4 mai 2024,Tunis,la marsa,la marsa,2070,,,,,,,,,Oui,,,Oui,Oui,RDC,,,Oui
behya.tn,https://www.behya.tn/tunisie-annonces/appartement-s1-aux-jardins-de-carthage-mav1462/,Appartement,420000.0,24 avril 2024,Tunis,jardins de carthage,jardins de carthage,1000,,,,,,,,,,,,Oui,Oui,,,,Oui
behya.tn,https://www.behya.tn/tunisie-annonces/appartement-s2-aux-berges-du-lac-2zav1657/,Appartement,480000.0,24 avril 2024,Tunis,lac2,lac2,1000,,,,,,,,,Oui,Oui,,Oui,,,,,Oui
behya.tn,https://www.behya.tn/tunisie-annonces/appartement-s1-aux-jardins-de-carthage-mav1475/,Appartement,350000.0,23 avril 2024,Tunis,jardins de carthage,jardins de carthage,1000,,,,,,,,,,Oui,,Oui,Oui,,,,Oui
behya.tn,https://www.behya.tn/tunisie-annonces/appartement-s1-aux-jardins-de-carthage-zav1564/,Appartement,452000.0,23 avril 2024,Tunis,jardin de carthage,jardin de carthage,1000,,,,,,,,Oui,,Oui,,Oui,Oui,RDC,,,Oui
behya.tn,https://www.behya.tn/tunisie-annonces/appartement-s2-aux-jardins-de-carthage-zav1265-2/,Appartement,650000.0,23 avril 2024,Tunis,jardins de carthage,jardins de carthage,1000,,,,,,,,Oui,Oui,Oui,,Oui,Oui,RDC,,,Oui
behya.tn,https://www.behya.tn/tunisie-annonces/appartement-meuble-s1-a-les-berges-du-lac-1-mal0025/,Appartement,1500.0,23 avril 2024,Tunis,lac1,lac1,1000,,,,,,,,,,,,,,,,,Oui
behya.tn,https://www.behya.tn/tunisie-annonces/appartement-s2-aux-jardins-de-carthage-mav1411/,Appartement,420000.0,23 avril 2024,Tunis,jardin de carthage,jardin de carthage,1000,,,,,,,,,,Oui,,Oui,Oui,,,,Oui
behya.tn,https://www.behya.tn/tunisie-annonces/appartement-s2-aux-jardins-de-carthage-zav1265/,Appartement,650000.0,23 avril 2024,Tunis,jardin de carthage,jardin de carthage,1000,,,,,,,,Oui,Oui,Oui,,Oui,Oui,RDC,,,Oui
behya.tn,https://www.behya.tn/tunisie-annonces/luxueux-appartement-s2-directe-promoteur/,Appartement,550000.0,23 avril 2024,Tunis,les jardins de carthage,les jardins de carthage,1000,,,,,,,,Oui,,Oui,Oui,,Oui,,,,
behya.tn,https://www.behya.tn/tunisie-annonces/appartement-s3-avec-piscine-et-jardin-aux-jardins-de-carthage-zav1266/,Appartement,1150000.0,23 avril 2024,Tunis,jardins de carthage,jardins de carthage,1000,,,,,,,,,Oui,Oui,Oui,Oui,Oui,,,,Oui
behya.tn,https://www.behya.tn/tunisie-annonces/appartement-s2-aux-jardins-de-carthage-mav1652/,Appartement,720000.0,23 avril 2024,Tunis,JARDINS DE CARTHAGE,JARDINS DE CARTHAGE,1000,,,,,,,,Oui,Oui,Oui,,Oui,Oui,,,,Oui
behya.tn,https://www.behya.tn/tunisie-annonces/appartement-s1-aux-jardins-de-carthage-mav1656/,Appartement,440000.0,23 avril 2024,Tunis,jardin de carthage,jardin de carthage,1000,,,,,,,,Oui,,Oui,,Oui,Oui,,,,Oui
behya.tn,https://www.behya.tn/tunisie-annonces/appartement-s3-vue-sur-mer-a-la-goulette-mav1508/,Appartement,720000.0,18 avril 2024,Tunis,la goulette,la goulette,2060,,,Oui,,,,,,,Oui,,Oui,,,,,Oui
behya.tn,https://www.behya.tn/tunisie-annonces/duplex-s4-vue-sur-mer-a-la-goulette-mdv0122/,Appartement,700000.0,18 avril 2024,Tunis,la goulette,la goulette,2060,,,Oui,,,,,,Oui,,,Oui,,RDC,,,Oui
behya.tn,https://www.behya.tn/tunisie-annonces/duplex-s4-avec-jardin-a-ain-zaghouan-nord-mdv0117/,Appartement,485000.0,18 avril 2024,Tunis,ain zaghwene,ain zaghwene,1000,,,,,,,,,,,,Oui,Oui,RDC,,,Oui
behya.tn,https://www.behya.tn/tunisie-annonces/duplex-s3-a-ain-zaghouan-mdv0096/,Appartement,500000.0,18 avril 2024,Tunis,a la marsa,a la marsa,1000,,,,,,,,Oui,,,,Oui,,RDC,,,Oui
behya.tn,https://www.behya.tn/tunisie-annonces/triplex-s4-avec-piscine-a-la-marsa-mtrv0016/,Appartement,0.0,17 avril 2024,Tunis,la marsa,la marsa,2070,,,,,Haut,,,Oui,,,Oui,Oui,Oui,RDC,,,Oui
behya.tn,https://www.behya.tn/tunisie-annonces/triplex-s4-aux-berges-du-lac-2-mtrv0035/,Appartement,2650000.0,17 avril 2024,Tunis,lac2,lac2,1000,,,,,,,,,Oui,,,Oui,,RDC,,,Oui
behya.tn,https://www.behya.tn/tunisie-annonces/un-triplex-s6-a-gammarth-superieur-mtrv0007/,Appartement,800000.0,17 avril 2024,Tunis,gmmarth,gmmarth,1000,,,,,,,,,,,,Oui,Oui,RDC,,,Oui
behya.tn,https://www.behya.tn/tunisie-annonces/triplex-s4-a-la-soukra-mtrv0023/,Appartement,760000.0,17 avril 2024,Ariana,la soukra,la soukra,ariana,,,,,,,,,,Oui,,Oui,Oui,RDC,,,Oui
behya.tn,https://www.behya.tn/tunisie-annonces/triplex-s4-avec-jardin-a-la-soukra-ztrv0042/,Appartement,800000.0,17 avril 2024,Ariana,la soukra,la soukra,ariana,,,,,,,,Oui,Oui,,,Oui,Oui,RDC,,,Oui
behya.tn,https://www.behya.tn/tunisie-annonces/appartement-s1-a-ain-zaghouan-sud-mav1647/,Appartement,373250.0,12 avril 2024,Tunis,ain zaghwen,ain zaghwen,1000,,,,,,,,Oui,,Oui,,Oui,,,,,Oui
behya.tn,https://www.behya.tn/tunisie-annonces/appartement-s3-a-ain-zaghouan-sud-mav1649/,Appartement,985000.0,29 mars 2024,Tunis,ain zaghwen,ain zaghwen,1000,,,,,,,,Oui,Oui,,,Oui,,,,,Oui
behya.tn,https://www.behya.tn/tunisie-annonces/appartement-s2-a-ain-zaghouan-sud-mav1648/,Appartement,714000.0,29 mars 2024,Tunis,ain zaghwene sud,ain zaghwene sud,1000,,,,,,,,Oui,Oui,Oui,,Oui,,,,,Oui
behya.tn,https://www.behya.tn/tunisie-annonces/appartement-s4-a-ain-zaghouan-el-wahat-mav1646/,Appartement,400000.0,22 mars 2024,Tunis,ain zaghwen el wahete,ain zaghwen el wahete,1000,,,,,,,,,Oui,Oui,,Oui,,,,,Oui
behya.tn,https://www.behya.tn/tunisie-annonces/duplex-s2-avec-jardin-au-lac-2-mdv0076/,Appartement,650000.0,2 février 2024,Tunis,Les Berges Du Lac 2,Les Berges Du Lac 2,1000,,,,,,,,,,Oui,,Oui,Oui,,,,Oui
behya.tn,https://www.behya.tn/tunisie-annonces/triplex-s4-avec-jardin-mtrv0039/,Appartement,900000.0,2 février 2024,Tunis,La Marsa,La Marsa,2070,,,,,,,,,,,,Oui,Oui,RDC,,,Oui
behya.tn,https://www.behya.tn/tunisie-annonces/duplex-s5-avec-terrasse-et-piscine-a-la-soukra-mvv0343/,Appartement,1250000.0,25 janvier 2024,Ariana,La Soukra,La Soukra,ariana,,,,,,,,,Oui,,Oui,Oui,,RDC,,,Oui
behya.tn,https://www.behya.tn/tunisie-annonces/appartement-s2-avec-jardin-et-piscine-mav1554/,Appartement,2200000.0,20 janvier 2024,Tunis,La Marsa,La Marsa,2070,,,,,,,,,,Oui,Oui,Oui,Oui,RDC,,,Oui
behya.tn,https://www.behya.tn/tunisie-annonces/appartement-s1-a-la-marsa-mav1613/,Appartement,320000.0,10 janvier 2024,Tunis,La Marsa,La Marsa,2070,,,,,,,,,,Oui,,Oui,,,,,Oui
behya.tn,https://www.behya.tn/tunisie-annonces/appartement-s2-a-gammarth-mav1418/,Appartement,380000.0,9 janvier 2024,Tunis,Gammarth,Gammarth,1000,,,,,,,,Oui,Oui,Oui,,Oui,,,,,Oui
behya.tn,https://www.behya.tn/tunisie-annonces/triplex-s3-avec-jardin-et-piscine-a-la-marsa-ztrv0041/,Appartement,2300000.0,9 janvier 2024,Tunis,La Marsa,La Marsa,2070,,,,,,,,,,,Oui,Oui,Oui,RDC,,,Oui
behya.tn,https://www.behya.tn/tunisie-annonces/duplex-s3-avec-jardin-et-piscine-aux-berges-du-lac-2-mdv0121/,Appartement,1650000.0,9 janvier 2024,Tunis,Les Berges Du Lac 2,Les Berges Du Lac 2,1000,,,,,,,,,,Oui,Oui,Oui,Oui,RDC,,,Oui
behya.tn,https://www.behya.tn/tunisie-annonces/appartement-s4-avec-terrasse-aux-jardins-de-carthage-mav1610/,Appartement,1200000.0,9 janvier 2024,Tunis,Jardins De Carthage,Jardins De Carthage,1000,,,,,,,,,,Oui,,Oui,Oui,,,,Oui
behya.tn,https://www.behya.tn/tunisie-annonces/des-appartements-a-kerkouane/,Appartement,200000.0,8 janvier 2024,Nabeul,kerkoane,kerkoane,8000,,Bleu,,,,,,,,,,,,RDC,,,
behya.tn,https://www.behya.tn/tunisie-annonces/duplex-s3-avec-terrasse-a-la-marsa-zdv0100/,Appartement,550000.0,6 janvier 2024,Tunis,La Marsa,La Marsa,2070,,,,,,,,,,,,Oui,Oui,RDC,,,Oui
behya.tn,https://www.behya.tn/tunisie-annonces/appartement-s2-a-la-marsa-zav1591/,Appartement,530000.0,29 décembre 2023,Tunis,La Marsa,La Marsa,2070,,,,,,,,Oui,Oui,Oui,,Oui,,RDC,,,Oui
behya.tn,https://www.behya.tn/tunisie-annonces/appartement-s1-a-ain-zaghouan-nord-mav1580/,Appartement,275000.0,29 décembre 2023,Tunis,Ain Zaghouan Nord,Ain Zaghouan Nord,1000,,,,,,,,,Oui,Oui,,Oui,,,,,Oui
behya.tn,https://www.behya.tn/tunisie-annonces/appartement-s1-a-ain-zaghouan-mav1592/,Appartement,280000.0,29 décembre 2023,Tunis,Ain Zaghouan Nord,Ain Zaghouan Nord,1000,,,,,,,,,Oui,Oui,,Oui,,,,,Oui
behya.tn,https://www.behya.tn/tunisie-annonces/appartement-s4-a-ain-zaghouan-nord-mav1598/,Appartement,740000.0,29 décembre 2023,Tunis,Ain Zaghouan Nord,Ain Zaghouan Nord,1000,,,,,,,,Oui,Oui,Oui,,Oui,,,,,Oui
behya.tn,https://www.behya.tn/tunisie-annonces/appartement-meuble-s1-avec-jardin-a-la-marsa-mav1563/,Appartement,430000.0,29 décembre 2023,Tunis,La Marsa,La Marsa,2070,,,,,,,,,,,,Oui,Oui,RDC,,,Oui
behya.tn,https://www.behya.tn/tunisie-annonces/appartement-s2-a-la-marsa-mav1602/,Appartement,270000.0,29 décembre 2023,Tunis,La Marsa,La Marsa,2070,,,,,,,,Oui,Oui,Oui,,Oui,,,,,Oui
behya.tn,https://www.behya.tn/tunisie-annonces/appartement-s3-avec-jardin-a-gammarth-mav1600/,Appartement,1200000.0,29 décembre 2023,Tunis,Gammarth,Gammarth,1000,,,,,,,,,,Oui,,Oui,Oui,RDC,,,Oui
behya.tn,https://www.behya.tn/tunisie-annonces/duplex-s4-a-la-marsa-mdv0138/,Appartement,430000.0,28 décembre 2023,Tunis,La Marsa,La Marsa,2070,,,,,,,,,,,,,,RDC,,,
behya.tn,https://www.behya.tn/tunisie-annonces/appartement-s2-aux-jardins-de-carthage-mav1606/,Appartement,450000.0,28 décembre 2023,Tunis,Jardins De Carthage,Jardins De Carthage,1000,,,,,,,,,Oui,Oui,,Oui,Oui,,,,Oui
behya.tn,https://www.behya.tn/tunisie-annonces/appartement-s2-aux-jardins-de-carthage-zav1599/,Appartement,600000.0,26 décembre 2023,Tunis,Jardins De Carthage,Jardins De Carthage,1000,,,,,,,,,,Oui,,Oui,Oui,,,,Oui
behya.tn,https://www.behya.tn/tunisie-annonces/duplex-s3-avec-jardin-a-ain-zaghouan-mdv0137/,Appartement,550000.0,26 décembre 2023,Tunis,Ain Zaghouan,Ain Zaghouan,1000,,,,,,,,,,,,Oui,Oui,RDC,,,Oui
behya.tn,https://www.behya.tn/tunisie-annonces/un-appartement-s4-aux-berges-du-lac-mav1153/,Appartement,1200000.0,25 décembre 2023,Tunis,Les Berges Du Lac 2,Les Berges Du Lac 2,1000,,,,,,,,,,Oui,,Oui,,,,,Oui
behya.tn,https://www.behya.tn/tunisie-annonces/un-appartement-s2-a-ain-zaghouan-nord-mav1604/,Appartement,647500.0,23 décembre 2023,Tunis,ain zaghouan,ain zaghouan,1000,,,,,,,,Oui,,Oui,Oui,Oui,,,,,Oui
behya.tn,https://www.behya.tn/tunisie-annonces/un-appartement-s4-a-ain-zaghouan-nord-mav1598/,Appartement,740000.0,7 décembre 2023,Tunis,ain zaghouan nord,ain zaghouan nord,1000,,,,,,,,Oui,Oui,Oui,,Oui,,,,,Oui
behya.tn,https://www.behya.tn/tunisie-annonces/un-appartement-s1-a-ain-zaghouan-nord-mav1520/,Appartement,319000.0,6 décembre 2023,Tunis,ain zaghouan nord,ain zaghouan nord,1000,,,,,,,,Oui,,Oui,,Oui,,RDC,,,Oui
behya.tn,https://www.behya.tn/tunisie-annonces/un-appatement-s1-a-ain-zaghouan-nord-mav1592/,Appartement,280000.0,5 décembre 2023,Tunis,ain zaghouan nord,ain zaghouan nord,1000,,,,,,,,,Oui,Oui,,Oui,,,,,Oui
behya.tn,https://www.behya.tn/tunisie-annonces/apparemment-rue-du-sahel/,Appartement,180000.0,3 décembre 2023,Tunis,rue du sahel Montfleury,rue du sahel Montfleury,1000,,,,,,,,,Oui,,,,,,,,
behya.tn,https://www.behya.tn/tunisie-annonces/un-appartement-s1-a-ain-zaghouan-nord-mav1580/,Appartement,275000.0,25 novembre 2023,Tunis,ain zaghouan nord,ain zaghouan nord,1000,,,,,,,,,Oui,Oui,,Oui,,,,,Oui
behya.tn,https://www.behya.tn/tunisie-annonces/appartement-a-vendre-2/,Appartement,300000.0,16 novembre 2023,Nabeul,dar allouch,dar allouch,8000,,Bleu,Oui,,Haut,,,,,,,,,2,,,Oui
behya.tn,https://www.behya.tn/tunisie-annonces/appartement-avec-un-studio-a-vendre-2/,Appartement,320000.0,16 novembre 2023,Nabeul,dar allouch,dar allouch,8000,,Bleu,Oui,,,,,,,,,,,,,,Oui
behya.tn,https://www.behya.tn/tunisie-annonces/appartement-avec-un-studio-a-vendre/,Appartement,320.0,16 novembre 2023,Nabeul,dar allouch,dar allouch,8000,,,Oui,,,,,,,,,,,,,,Oui
behya.tn,https://www.behya.tn/tunisie-annonces/lancement-de-bousten-3-lexcellence-au-bord-de-la-plage-de-hammamet/,Appartement,260000.0,2 novembre 2023,Nabeul,Hammamet 8050 Nabeul,Hammamet 8050 Nabeul,8000,,,Oui,,Haut,,,,,,,,,,,,
behya.tn,https://www.behya.tn/tunisie-annonces/appartement-s1-a-ain-zaghouan-el-wahat-mav1547/,Appartement,210000.0,5 octobre 2023,Tunis,ain zaghouan el wahat,ain zaghouan el wahat,1000,,,,,,,,,,,,Oui,,,,,Oui
behya.tn,https://www.behya.tn/tunisie-annonces/avendrebenarousappartement/,Appartement,180000.0,5 octobre 2023,Ben Arous,Ben arous,Ben arous,2013,,,,,,,,Oui,Oui,Oui,,Oui,,,Oui,,Oui
behya.tn,https://www.behya.tn/tunisie-annonces/appartement-s1-a-ain-zaghouan-nord-mav1538/,Appartement,260000.0,5 octobre 2023,Tunis,ain zaghouan nord,ain zaghouan nord,1000,,,,,,,,,Oui,,,Oui,,,,,Oui
behya.tn,https://www.behya.tn/tunisie-annonces/appartement-s1-a-ain-zaghouan-zav1552/,Appartement,245000.0,5 octobre 2023,Tunis,ain zaghouan,ain zaghouan,1000,,,,,,,,Oui,Oui,Oui,,Oui,,RDC,,,Oui
behya.tn,https://www.behya.tn/tunisie-annonces/appartrement-s3-aux-berges-du-lac-2-zav1046/,Appartement,1400000.0,5 octobre 2023,Tunis,280,280,1000,,,,,,,,,Oui,Oui,,Oui,,,,,Oui
behya.tn,https://www.behya.tn/tunisie-annonces/avendrebenarousappartement-madinajadida/,Appartement,245000000.0,5 octobre 2023,Ben Arous,madina jadida,madina jadida,2013,,,,,Haut,,,Oui,Oui,,,Oui,,4,,,
behya.tn,https://www.behya.tn/tunisie-annonces/av-appartement-bien-meuble-a-hammamet-sud/,Appartement,140000.0,22 août 2023,Nabeul,Hammamet sud,Hammamet sud,8000,,,Oui,,,,,,,,,,,,,,
behya.tn,https://www.behya.tn/tunisie-annonces/bonne-occasion-s2-meuble-pas-loin-de-la-mer/,Appartement,90000.0,22 août 2023,Nabeul,Hammamet sud,Hammamet sud,8000,,,Oui,,,,,,,,,,,RDC,,,
behya.tn,https://www.behya.tn/tunisie-annonces/occasion-rare-appartement-meuble-av-a-hammamet-sud/,Appartement,100000.0,22 août 2023,Nabeul,Hammamet sud,Hammamet sud,8000,,,Oui,,,,,,,,,,,,,,
behya.tn,https://www.behya.tn/tunisie-annonces/vente-appartement-de-4-pieces-a-le-kram-ouest/,Appartement,150000.0,26 juillet 2023,Tunis,LE KRAM OUEST,LE KRAM OUEST,1000,,,,,,,,,Oui,,,,,,,,
behya.tn,https://www.behya.tn/tunisie-annonces/appartement-5/,Appartement,430.0,22 juin 2023,Nabeul,mrezga,mrezga,8000,,,,,,,,,,,,,,,,,
behya.tn,https://www.behya.tn/tunisie-annonces/appartement-4/,Appartement,35000.0,25 mai 2023,Tunis,Cité el Maaredh,Cité el Maaredh,1000,,,,,,,,,,,,,,,,,
behya.tn,https://www.behya.tn/tunisie-annonces/a-vendre-appartement-s3/,Appartement,160000.0,15 mai 2023,Ben Arous,Ezzahra,Ezzahra,2034,,,,,,,,,,,,,,3,Oui,,
behya.tn,https://www.behya.tn/tunisie-annonces/residence-la-perle-votre-oasis-de-luxe-a-sahloul-4-sousse/,Appartement,245000.0,25 avril 2023,Sousse,Sahloul 4,Sahloul 4,4000,,,,,Haut,,,,,,Oui,,Oui,,,,
behya.tn,https://www.behya.tn/tunisie-annonces/appartement-s3/,Appartement,620000.0,2 mars 2023,Tunis,Av. Khaled Ibn El Walid,Av. Khaled Ibn El Walid,1000,,,,,Haut,,,Oui,,Oui,,,,,,,
behya.tn,https://www.behya.tn/tunisie-annonces/appartement-3/,Appartement,25000.0,24 janvier 2023,Tunis,Cité el Maaredh,Cité el Maaredh,1000,,,,,,,,,,,,,,,,,
behya.tn,https://www.behya.tn/tunisie-annonces/a-vendre-un-appartement-s3-premier-main/,Appartement,0.0,20 janvier 2023,Ben Arous,Rades meliane,Rades meliane,2013,,,,,Haut,,,Oui,,Oui,,Oui,,,,,
behya.tn,https://www.behya.tn/tunisie-annonces/deux-appartement-voisin-a-rades-meliane/,Appartement,160000.0,19 janvier 2023,Ben Arous,Rades meliana,Rades meliana,2013,,,,,,,,,,,,,,,,,
behya.tn,https://www.behya.tn/tunisie-annonces/residence-costa-des-appartements-front-de-mer/,Appartement,375000.0,19 janvier 2023,Sousse,chott Meriem,chott Meriem,4000,,,Oui,,Haut,,,,,,,,,,,,
behya.tn,https://www.behya.tn/tunisie-annonces/des-appartements-de-reve-dans-la-residence-bousten-a-hammamet/,Appartement,390000.0,19 janvier 2023,Nabeul,Hammamet sud,Hammamet sud,8000,,,,,Haut,,,,,,,,,,,,
behya.tn,https://www.behya.tn/tunisie-annonces/a-vendre-bureau-a-montplaisir-tunis/,Appartement,0.0,19 janvier 2023,Tunis,,,,,,,,,,,,,,,,,,,,
behya.tn,https://www.behya.tn/tunisie-annonces/appartement-a-cite-ezzohour/,Appartement,85000.0,16 janvier 2023,Tunis,,,,,,,,,,,,,,,,,,,,
behya.tn,https://www.behya.tn/tunisie-annonces/appartement-102-m%c2%b2-a-cite-hedi-nouira-ariana/,Appartement,210000.0,14 novembre 2022,Ariana,cite hedi nouira ariana,cite hedi nouira ariana,2080,,,,,,,,,Oui,Oui,,Oui,Oui,,Oui,,
behya.tn,https://www.behya.tn/tunisie-annonces/deux-appartements-a-vendre-kelibia-jinen-el-mansoura/,Appartement,135000.0,10 novembre 2022,Nabeul,Kélibia,Kélibia,8090,,,Oui,,Haut,,,,,,,,,2,,,
behya.tn,https://www.behya.tn/tunisie-annonces/s1-a-vendre-jardins-de-carthage/,Appartement,330000.0,11 octobre 2022,Tunis,jardin de carthage,jardin de carthage,1000,,,,,Haut,,,Oui,,Oui,,Oui,Oui,,,,Oui
behya.tn,https://www.behya.tn/tunisie-annonces/proprietaire-vend-apt-s2-etat-neuf-ennasr2-3/,Appartement,1400.0,30 septembre 2022,Tunis,Jardin de L'AOUINA proche lac2,Jardin de L'AOUINA proche lac2,1000,,,,,Haut,,,,Oui,,,Oui,Oui,5,,,Oui
behya.tn,https://www.behya.tn/tunisie-annonces/appartement-a-soukra-a-vendre/,Appartement,290000000.0,23 septembre 2022,Ariana,La Soukra,La Soukra,ariana,,,,,Haut,,,,Oui,Oui,,Oui,Oui,,Oui,,
behya.tn,https://www.behya.tn/tunisie-annonces/proprietaire-vend-apt-s2-etat-neuf-ennasr2-2/,Appartement,330000.0,17 septembre 2022,Ariana,2 Avenue L' Ère Nouvelle Cité Ennasr2 Ariana Tunisie,2 Avenue L' Ère Nouvelle Cité Ennasr2 Ariana Tunisie,2080,,,,,,,,,Oui,Oui,,Oui,,1,Oui,,Oui
behya.tn,https://www.behya.tn/tunisie-annonces/appartement-s2-a-vendre-a-nabeul-51355351/,Appartement,95000.0,6 août 2022,Nabeul,Hammamet centre ville,Hammamet centre ville,8000,,,,,,,,,,,,,,,,,
behya.tn,https://www.behya.tn/tunisie-annonces/appartement-a-vendre-sur-plan/,Appartement,294.0,5 août 2022,Nabeul,AFH mrezga,AFH mrezga,8000,,,Oui,,Haut,,,,,,Oui,,Oui,,Oui,,
behya.tn,https://www.behya.tn/tunisie-annonces/appartement-2/,Appartement,146000.0,5 août 2022,Nabeul,Hammamet nord,Hammamet nord,8000,,,,,,,,,Oui,,,Oui,,,,,Oui
behya.tn,https://www.behya.tn/tunisie-annonces/deux-appartements-a-vendre-a-280-md-51355351/,Appartement,280000.0,4 août 2022,Nabeul,Hammamet centre ville,Hammamet centre ville,8000,,,,,Haut,,,,,,,,,RDC,,,
behya.tn,https://www.behya.tn/tunisie-annonces/un-joli-appartement-rdc-a-vendre-a-hammamet-nord-51355351/,Appartement,0.0,2 août 2022,Nabeul,Hammamet centre ville,Hammamet centre ville,8000,,,,,Haut,,,,,Oui,,,,RDC,,,
behya.tn,https://www.behya.tn/tunisie-annonces/deux-appartements-a-vendre-a-tazarka-51355351/,Appartement,280000.0,23 juillet 2022,Nabeul,Hammamet centre ville,Hammamet centre ville,8000,,,,,Haut,,,,,,,,,RDC,,,
behya.tn,https://www.behya.tn/tunisie-annonces/appartement-position-strategique/,Appartement,190000.0,23 juillet 2022,Ben Arous,Nouvelle Medina 3,Nouvelle Medina 3,2013,,,,,,,,,,Oui,Oui,Oui,,2,Oui,,
behya.tn,https://www.behya.tn/tunisie-annonces/vente-appartement/,Appartement,340000.0,20 juillet 2022,Ariana,EL MENZAH 4,EL MENZAH 4,2080,,,,,,,,,,Oui,,,,,,,
behya.tn,https://www.behya.tn/tunisie-annonces/s3-a-vendre-a-ennour-jaafar/,Appartement,170000.0,18 juillet 2022,Ariana,Résidence Sinda et Nour,Résidence Sinda et Nour,2080,,,,,,,,,,Oui,,Oui,Oui,,,,
behya.tn,https://www.behya.tn/tunisie-annonces/app-s3-residence-mabrouka/,Appartement,220000.0,14 juillet 2022,Ariana,app A4 cite mabrouka borj louzir,app A4 cite mabrouka borj louzir,2080,,,,,,,,,,Oui,,Oui,,,,,Oui
behya.tn,https://www.behya.tn/tunisie-annonces/appartement-s2-de-151-m%c2%b2-a-afh-mrezga-854a/,Appartement,1.0,11 juillet 2022,Nabeul,Cité ell Wafa,Cité ell Wafa,8000,,,,,,,,,Oui,,,,,,,,Oui
behya.tn,https://www.behya.tn/tunisie-annonces/appartement-s1-meuble-de-59-m%c2%b2-a-afh-mrezga-857a/,Appartement,1.0,6 juillet 2022,Nabeul,Cité ell Wafa,Cité ell Wafa,8000,,,,,,,,,Oui,Oui,Oui,Oui,,,,,Oui
behya.tn,https://www.behya.tn/tunisie-annonces/appartement-s1-de-49-m%c2%b2-a-afh-mrezga-856a/,Appartement,148500.0,6 juillet 2022,Nabeul,Cité ell Wafa,Cité ell Wafa,8000,,,,,,,,,,Oui,,,,RDC,,,Oui
behya.tn,https://www.behya.tn/tunisie-annonces/coquet-appartement-rdc-avec-jardin-a-hammamet-a-vendre/,Appartement,105000.0,1 juillet 2022,Nabeul,Hammamet centre ville,Hammamet centre ville,8000,,,,,,,,,,,,,Oui,RDC,,,
behya.tn,https://www.behya.tn/tunisie-annonces/des-appartements-s1-a-vendre-a-hammamet-51355351/,Appartement,175000.0,30 juin 2022,Nabeul,Hammamet centre ville,Hammamet centre ville,8000,,,,,Haut,,,,,,,,,,,,
behya.tn,https://www.behya.tn/tunisie-annonces/__trashed/,Appartement,0.0,26 juin 2022,Nabeul,Hammamet centre ville,Hammamet centre ville,8000,,,,,,,,,,Oui,,Oui,,1,,,
behya.tn,https://www.behya.tn/tunisie-annonces/appartement-a-vendre-a-la-zone-touristique-nabeul-51355351/,Appartement,165000.0,22 juin 2022,Nabeul,Hammamet centre ville,Hammamet centre ville,8000,,,,,,,,,,Oui,,,,,,,
behya.tn,https://www.behya.tn/tunisie-annonces/appartement-rdc-s2-a-vendre-a-afh-mrezga-a-260-md-51355351/,Appartement,260000.0,20 juin 2022,Nabeul,Hammamet centre ville,Hammamet centre ville,8000,,,,,Haut,,,Oui,Oui,Oui,Oui,,,RDC,,,
behya.tn,https://www.behya.tn/tunisie-annonces/un-appartement-s1-a-vendre-a-afh-mrezga-51355351/,Appartement,180000.0,20 juin 2022,Nabeul,Hammamet,Hammamet,8050,,,Oui,,,,,,,,,,,,,,
behya.tn,https://www.behya.tn/tunisie-annonces/appartement-a-vendre-a-kelibia-vue-sur-mer/,Appartement,160000.0,17 juin 2022,Nabeul,kélibia,kélibia,8090,,,Oui,,,,,,,,,,,,,,
behya.tn,https://www.behya.tn/tunisie-annonces/s2-en-rdc-avec-parking-prive/,Appartement,170000.0,17 juin 2022,Nabeul,kélibia,kélibia,8090,,,,,,,,,,Oui,,,,RDC,,,
behya.tn,https://www.behya.tn/tunisie-annonces/yasmine-hammamet-48/,Appartement,22000.0,17 juin 2022,Nabeul,MREZGA,MREZGA,8000,,,,,,,,,,Oui,Oui,,,,Oui,,
behya.tn,https://www.behya.tn/tunisie-annonces/appartement-a-vendre-vue-sur-mer-2/,Appartement,160000.0,17 juin 2022,Nabeul,kélibia,kélibia,8090,,,Oui,,,,,,,,,,,,,,
behya.tn,https://www.behya.tn/tunisie-annonces/appartement-formidable-pres-bsb/,Appartement,210000.0,16 juin 2022,Ben Arous,Nouvelle Medina 3,Nouvelle Medina 3,2013,,,,,,,,,,Oui,Oui,Oui,,2,Oui,,
behya.tn,https://www.behya.tn/tunisie-annonces/occasion-dun-appartement-a-la-plage-de-zahra/,Appartement,130000.0,1 juin 2022,Nabeul,kélébia,kélébia,8000,,Bleu,Oui,,Haut,,,,,Oui,,,,RDC,Oui,,
behya.tn,https://www.behya.tn/tunisie-annonces/vendre-un-appartement-a-la-plage-de-zahra/,Appartement,190000.0,30 mai 2022,Nabeul,kélébia,kélébia,8000,,,,,Haut,,,,,Oui,,,,,,,
behya.tn,https://www.behya.tn/tunisie-annonces/appartement-a-vendre-a-la-plage-de-zahra-2/,Appartement,250000.0,28 mai 2022,Nabeul,kélébia,kélébia,8000,,,,,,,,,,,,,,,,,
behya.tn,https://www.behya.tn/tunisie-annonces/appartement-a-vendre-a-la-plage-de-zahra/,Appartement,350000.0,25 mai 2022,Nabeul,kélébia,kélébia,8000,,,,,,,,,,,,,,,,,
behya.tn,https://www.behya.tn/tunisie-annonces/appartement-premiere-position/,Appartement,350000.0,23 mai 2022,Nabeul,nabeul,nabeul,8000,,,,,,,,,,,,,,,,,
behya.tn,https://www.behya.tn/tunisie-annonces/residence-haut-standing-a-sousse-chott-merien-pied-dans-l-eau/,Appartement,1.0,17 mai 2022,Sousse,sousse,sousse,4000,,,Oui,,Haut,,,,,,Oui,,Oui,,,,
behya.tn,https://www.behya.tn/tunisie-annonces/residence-a-hergla-82-appartements-de-haut-standing/,Appartement,186000.0,17 mai 2022,Sousse,hergla,hergla,4050,,,Oui,,Haut,,,,,,Oui,,,,,,
behya.tn,https://www.behya.tn/tunisie-annonces/appartements-neufs-a-vendre-a-mrezga/,Appartement,500000.0,12 mai 2022,Nabeul,HAMMAMET NORD,HAMMAMET NORD,8000,,,,,,,,,,,,,,,,,
behya.tn,https://www.behya.tn/tunisie-annonces/a-vendre-un-appartement-neuf/,Appartement,385000.0,7 mai 2022,Nabeul,Hammamet,Hammamet,8050,,,,,,,,,,,,Oui,,1,Oui,,Oui
behya.tn,https://www.behya.tn/tunisie-annonces/appartement-a-vendre-borj-louzir-ariana/,Appartement,95000.0,6 mai 2022,Ariana,Borj louzir cite de la santé Ariana,Borj louzir cite de la santé Ariana,2080,,,,,,,,,,Oui,,,,4,,,
behya.tn,https://www.behya.tn/tunisie-annonces/appartement-a-vendre/,Appartement,105000.0,26 avril 2022,Tunis,Rue 4228 Imm 8,Rue 4228 Imm 8,1000,,,,,,,,,Oui,,,,,,,,Oui
behya.tn,https://www.behya.tn/tunisie-annonces/appartement-s-2-a-vendre/,Appartement,185000.0,22 avril 2022,Nabeul,Korba,Korba,8070,,,,,,,,,,,,,,,,,
behya.tn,https://www.behya.tn/tunisie-annonces/coquet-appartement-a-vendre/,Appartement,140000.0,14 avril 2022,Ariana,Cité des professeurs,Cité des professeurs,2080,,,,,Haut,,,,Oui,Oui,,Oui,,2,,,
behya.tn,https://www.behya.tn/tunisie-annonces/achetez-votre-futur-logement-en-bord-de-mer-a-monastir-pour-profiter-de-lete/,Appartement,195000.0,2 avril 2022,Monastir,Zone Touristique-Dkhila,Zone Touristique-Dkhila,5000,,,Oui,,,,,,,Oui,Oui,,,,,,
behya.tn,https://www.behya.tn/tunisie-annonces/appartement-au-bord-de-la-plage-a-hammamet-centre/,Appartement,195000.0,24 mars 2022,Nabeul,Hammamet,Hammamet,8050,,,,,,,,Oui,Oui,,,Oui,Oui,RDC,,,Oui
behya.tn,https://www.behya.tn/tunisie-annonces/appartement-a-vendre-a-hammamet-centre-au-bord-de-la-plage/,Appartement,425000.0,1 mars 2022,Nabeul,Hammamet centre,Hammamet centre,8000,,,,,,,,,,Oui,,,,,,,
behya.tn,https://www.behya.tn/tunisie-annonces/wave-la-nouvelle-residence-tres-haut-standing-a-kelibia_la_blanche/,Appartement,428280.0,3 février 2022,Nabeul,kélébia,kélébia,8000,,,,,Haut,,,,,,Oui,Oui,Oui,,Oui,,Oui
behya.tn,https://www.behya.tn/tunisie-annonces/appartement-a-vendre-vue-sur-mer/,Appartement,260000.0,10 janvier 2022,Nabeul,kélébia,kélébia,8000,,,Oui,,,,,,,,,,Oui,,,,
behya.tn,https://www.behya.tn/tunisie-annonces/appartement-a536/,Appartement,320000.0,22 octobre 2021,Nabeul,Hammamet,Hammamet,8050,,,,,,,,,,,,Oui,,,,,
behya.tn,https://www.behya.tn/tunisie-annonces/appartement-a546/,Appartement,210000.0,22 octobre 2021,Nabeul,Hammamet,Hammamet,8050,,,,,,,,,,,,Oui,,,,,
behya.tn,https://www.behya.tn/tunisie-annonces/vente-3-appartements/,Appartement,210.0,20 octobre 2021,Manouba,cite nouvelle air,cite nouvelle air,2010,,,,,,,,,,,,,,,,,
behya.tn,https://www.behya.tn/tunisie-annonces/appartement-a-vendre-a-hammamet-nord-2/,Appartement,350000.0,15 septembre 2021,Nabeul,hammamet nord,hammamet nord,8000,,,,,,,,,,Oui,,,,3,Oui,,Oui
behya.tn,https://www.behya.tn/tunisie-annonces/appartement-a-vendre-a-hammamet-nord/,Appartement,140000.0,15 septembre 2021,Nabeul,hammamet nord,hammamet nord,8000,,,,,,,,,,,,,,2,,,
behya.tn,https://www.behya.tn/tunisie-annonces/des-nouveaux-appartements-a-lentree-de-kelibia/,Appartement,1500.0,27 août 2021,Nabeul,Kélibia,Kélibia,8090,,,,,,,,,,,,,,,,,
behya.tn,https://www.behya.tn/tunisie-annonces/appartement-a-tunis/,Appartement,120000.0,22 août 2021,Ben Arous,El Mourouj 2,El Mourouj 2,2013,,,,,,,,,,,,,,,,,
behya.tn,https://www.behya.tn/tunisie-annonces/nouvelle-construction-2021-des-appartements-a-el-mansoura/,Appartement,250000.0,19 août 2021,Nabeul,KELIBIA AL MANSOURA,KELIBIA AL MANSOURA,8000,,,Oui,,,,,,,,,,,,,,
behya.tn,https://www.behya.tn/tunisie-annonces/appartement-a-louer/,Appartement,600.0,11 août 2021,Ben Arous,Rades rue taieb limhiri,Rades rue taieb limhiri,2013,,,,,,,,,,,,,,,,,
behya.tn,https://www.behya.tn/tunisie-annonces/des-appartements-haute-standing-a-vendre/,Appartement,185000.0,11 août 2021,Nabeul,kélébia,kélébia,8000,,,,,Haut,,,,,,Oui,,,,,,
